Resuming from checkpoint: checkpoints/step_239000
  Resumed at step 239000

============================================================
  Unrealistic 187M — Training
  Parameters: 189,748,992
  Dtype: bfloat16
  Optimizer: AdamW (mlx)
  Micro-batch: 1 × 8 accum
  Effective batch: 8
  Memory: 534 MB
============================================================

step 239,000 | loss 0.4974 | lr 2.43e-04 | 0 tok/s | fwd_bwd 4899ms data 70ms clip 25ms optim 451ms step 5461ms mem 1493/2587MB
  [eval] step 239000 | val_loss 1.9423 | ppl 6.97
Checkpoint saved: checkpoints/step_239000
  [samples] wrote checkpoints/step_239000/samples.txt
step 239,010 | loss 2.5667 | lr 2.43e-04 | 777 tok/s | fwd_bwd 4746ms data 0ms clip 20ms optim 111ms step 4884ms mem 1493/3311MB
step 239,020 | loss 2.2603 | lr 2.43e-04 | 1666 tok/s | fwd_bwd 4748ms data 0ms clip 20ms optim 110ms step 4884ms mem 1493/3311MB
step 239,030 | loss 1.6824 | lr 2.43e-04 | 1663 tok/s | fwd_bwd 4760ms data 1ms clip 20ms optim 115ms step 4910ms mem 1493/3311MB
step 239,040 | loss 1.7280 | lr 2.43e-04 | 1635 tok/s | fwd_bwd 5001ms data 0ms clip 22ms optim 123ms step 5153ms mem 1493/3311MB
step 239,050 | loss 2.1184 | lr 2.43e-04 | 1523 tok/s | fwd_bwd 5361ms data 1ms clip 20ms optim 111ms step 5509ms mem 1493/3311MB
step 239,060 | loss 0.7247 | lr 2.43e-04 | 1329 tok/s | fwd_bwd 5903ms data 0ms clip 21ms optim 120ms step 6052ms mem 1493/3311MB
step 239,070 | loss 1.4653 | lr 2.43e-04 | 1236 tok/s | fwd_bwd 6192ms data 1ms clip 23ms optim 119ms step 6348ms mem 1493/3311MB
step 239,080 | loss 1.9124 | lr 2.43e-04 | 1288 tok/s | fwd_bwd 6196ms data 0ms clip 22ms optim 119ms step 6345ms mem 1493/3311MB
step 239,090 | loss 1.6478 | lr 2.43e-04 | 1305 tok/s | fwd_bwd 6092ms data 0ms clip 22ms optim 118ms step 6240ms mem 1493/3311MB
step 239,100 | loss 2.2446 | lr 2.43e-04 | 1310 tok/s | fwd_bwd 6062ms data 0ms clip 22ms optim 118ms step 6213ms mem 1493/3311MB
step 239,110 | loss 1.8672 | lr 2.43e-04 | 1308 tok/s | fwd_bwd 6046ms data 1ms clip 21ms optim 119ms step 6199ms mem 1493/3311MB
step 239,120 | loss 1.2552 | lr 2.43e-04 | 1303 tok/s | fwd_bwd 6174ms data 0ms clip 20ms optim 117ms step 6315ms mem 1493/3311MB
step 239,130 | loss 1.8323 | lr 2.43e-04 | 1289 tok/s | fwd_bwd 6223ms data 0ms clip 23ms optim 125ms step 6379ms mem 1493/3311MB
step 239,140 | loss 2.0075 | lr 2.43e-04 | 1268 tok/s | fwd_bwd 6346ms data 0ms clip 22ms optim 119ms step 6491ms mem 1493/3311MB
step 239,150 | loss 1.5856 | lr 2.43e-04 | 1270 tok/s | fwd_bwd 6251ms data 0ms clip 21ms optim 120ms step 6402ms mem 1493/3311MB
step 239,160 | loss 2.2170 | lr 2.43e-04 | 1246 tok/s | fwd_bwd 6501ms data 0ms clip 23ms optim 121ms step 6651ms mem 1493/3311MB
step 239,170 | loss 1.3122 | lr 2.43e-04 | 1222 tok/s | fwd_bwd 6617ms data 0ms clip 38ms optim 170ms step 6829ms mem 1493/3311MB
step 239,180 | loss 0.6411 | lr 2.43e-04 | 1258 tok/s | fwd_bwd 5962ms data 1ms clip 20ms optim 111ms step 6106ms mem 1493/3311MB
step 239,190 | loss 0.5385 | lr 2.43e-04 | 1327 tok/s | fwd_bwd 6002ms data 0ms clip 20ms optim 112ms step 6143ms mem 1493/3311MB
step 239,200 | loss 2.6803 | lr 2.43e-04 | 1339 tok/s | fwd_bwd 5887ms data 0ms clip 20ms optim 113ms step 6027ms mem 1493/3311MB
step 239,210 | loss 1.5034 | lr 2.43e-04 | 1281 tok/s | fwd_bwd 6086ms data 1ms clip 20ms optim 113ms step 6228ms mem 1448/3311MB
step 239,220 | loss 2.1816 | lr 2.43e-04 | 1320 tok/s | fwd_bwd 6030ms data 0ms clip 20ms optim 112ms step 6168ms mem 1493/3311MB
step 239,230 | loss 1.4291 | lr 2.43e-04 | 1325 tok/s | fwd_bwd 6000ms data 0ms clip 20ms optim 111ms step 6135ms mem 1452/3311MB
step 239,240 | loss 0.6980 | lr 2.43e-04 | 1323 tok/s | fwd_bwd 6073ms data 1ms clip 23ms optim 120ms step 6236ms mem 1493/3311MB
step 239,250 | loss 1.2729 | lr 2.43e-04 | 1328 tok/s | fwd_bwd 6049ms data 0ms clip 20ms optim 112ms step 6185ms mem 1493/3311MB
step 239,260 | loss 1.3786 | lr 2.43e-04 | 1325 tok/s | fwd_bwd 6031ms data 0ms clip 20ms optim 113ms step 6172ms mem 1493/3311MB
step 239,270 | loss 1.2147 | lr 2.43e-04 | 1323 tok/s | fwd_bwd 6027ms data 0ms clip 20ms optim 112ms step 6165ms mem 1452/3311MB
step 239,280 | loss 2.0155 | lr 2.43e-04 | 1322 tok/s | fwd_bwd 6056ms data 1ms clip 20ms optim 112ms step 6208ms mem 1493/3311MB
step 239,290 | loss 2.0981 | lr 2.43e-04 | 1322 tok/s | fwd_bwd 6064ms data 0ms clip 20ms optim 112ms step 6205ms mem 1493/3311MB
step 239,300 | loss 1.5719 | lr 2.43e-04 | 1320 tok/s | fwd_bwd 6094ms data 1ms clip 21ms optim 111ms step 6245ms mem 1493/3311MB
step 239,310 | loss 1.6386 | lr 2.43e-04 | 1297 tok/s | fwd_bwd 6091ms data 0ms clip 20ms optim 112ms step 6233ms mem 1493/3311MB
step 239,320 | loss 0.4127 | lr 2.43e-04 | 1312 tok/s | fwd_bwd 6128ms data 1ms clip 20ms optim 112ms step 6270ms mem 1493/3311MB
step 239,330 | loss 1.2350 | lr 2.43e-04 | 1305 tok/s | fwd_bwd 6141ms data 1ms clip 22ms optim 118ms step 6302ms mem 1493/3311MB
step 239,340 | loss 1.4391 | lr 2.43e-04 | 1313 tok/s | fwd_bwd 6114ms data 1ms clip 23ms optim 119ms step 6276ms mem 1493/3311MB
step 239,350 | loss 1.7626 | lr 2.43e-04 | 1322 tok/s | fwd_bwd 6065ms data 0ms clip 20ms optim 112ms step 6203ms mem 1451/3311MB
step 239,360 | loss 0.3313 | lr 2.43e-04 | 1317 tok/s | fwd_bwd 6060ms data 1ms clip 20ms optim 112ms step 6208ms mem 1452/3311MB
step 239,370 | loss 1.2139 | lr 2.43e-04 | 1317 tok/s | fwd_bwd 6069ms data 1ms clip 21ms optim 111ms step 6212ms mem 1493/3311MB
step 239,380 | loss 1.9420 | lr 2.43e-04 | 1319 tok/s | fwd_bwd 6026ms data 0ms clip 20ms optim 112ms step 6164ms mem 1452/3311MB
step 239,390 | loss 0.1023 | lr 2.43e-04 | 1314 tok/s | fwd_bwd 5957ms data 0ms clip 20ms optim 112ms step 6097ms mem 1493/3311MB
step 239,400 | loss 0.9919 | lr 2.43e-04 | 1314 tok/s | fwd_bwd 6115ms data 1ms clip 23ms optim 120ms step 6277ms mem 1493/3311MB
step 239,410 | loss 2.4299 | lr 2.43e-04 | 1315 tok/s | fwd_bwd 5991ms data 1ms clip 20ms optim 111ms step 6136ms mem 1452/3311MB
step 239,420 | loss 1.0402 | lr 2.43e-04 | 1314 tok/s | fwd_bwd 6060ms data 0ms clip 20ms optim 112ms step 6200ms mem 1493/3311MB
step 239,430 | loss 2.5022 | lr 2.43e-04 | 1313 tok/s | fwd_bwd 6078ms data 0ms clip 20ms optim 112ms step 6218ms mem 1493/3311MB
step 239,440 | loss 0.6447 | lr 2.43e-04 | 1317 tok/s | fwd_bwd 5990ms data 0ms clip 20ms optim 112ms step 6129ms mem 1493/3311MB
step 239,450 | loss 2.3234 | lr 2.43e-04 | 1322 tok/s | fwd_bwd 6059ms data 1ms clip 20ms optim 111ms step 6202ms mem 1493/3311MB
step 239,460 | loss 1.2819 | lr 2.43e-04 | 1320 tok/s | fwd_bwd 6058ms data 1ms clip 24ms optim 119ms step 6221ms mem 1493/3311MB
step 239,470 | loss 2.2826 | lr 2.43e-04 | 1323 tok/s | fwd_bwd 6008ms data 0ms clip 20ms optim 112ms step 6146ms mem 1493/3311MB
step 239,480 | loss 0.9527 | lr 2.43e-04 | 1325 tok/s | fwd_bwd 6000ms data 0ms clip 20ms optim 112ms step 6140ms mem 1452/3311MB
step 239,490 | loss 2.7076 | lr 2.43e-04 | 1327 tok/s | fwd_bwd 6071ms data 1ms clip 20ms optim 112ms step 6223ms mem 1493/3311MB
step 239,500 | loss 1.4274 | lr 2.43e-04 | 1329 tok/s | fwd_bwd 5988ms data 0ms clip 20ms optim 111ms step 6127ms mem 1493/3311MB
  [eval] step 239500 | val_loss 1.8217 | ppl 6.18
step 239,510 | loss 1.4855 | lr 2.43e-04 | 738 tok/s | fwd_bwd 6070ms data 0ms clip 21ms optim 111ms step 6209ms mem 1493/3311MB
step 239,520 | loss 0.8176 | lr 2.43e-04 | 1320 tok/s | fwd_bwd 6025ms data 0ms clip 20ms optim 111ms step 6168ms mem 1493/3311MB
step 239,530 | loss 1.7637 | lr 2.43e-04 | 1328 tok/s | fwd_bwd 5997ms data 1ms clip 20ms optim 112ms step 6139ms mem 1493/3311MB
step 239,540 | loss 1.5834 | lr 2.43e-04 | 1327 tok/s | fwd_bwd 5959ms data 0ms clip 20ms optim 111ms step 6098ms mem 1493/3311MB
step 239,550 | loss 1.2767 | lr 2.43e-04 | 1323 tok/s | fwd_bwd 6070ms data 0ms clip 20ms optim 112ms step 6208ms mem 1493/3311MB
step 239,560 | loss 1.6739 | lr 2.43e-04 | 1315 tok/s | fwd_bwd 6140ms data 1ms clip 20ms optim 111ms step 6289ms mem 1493/3311MB
Checkpoint saved: checkpoints/step_239567
  Pruning old checkpoint: checkpoints/step_238000
step 239,570 | loss 2.7056 | lr 2.43e-04 | 1242 tok/s | fwd_bwd 6219ms data 0ms clip 24ms optim 121ms step 6370ms mem 1489/3311MB
step 239,580 | loss 1.5312 | lr 2.43e-04 | 1280 tok/s | fwd_bwd 6109ms data 0ms clip 20ms optim 111ms step 6247ms mem 1493/3311MB
step 239,590 | loss 2.3914 | lr 2.43e-04 | 1316 tok/s | fwd_bwd 6035ms data 0ms clip 21ms optim 112ms step 6173ms mem 1493/3311MB
step 239,600 | loss 2.3679 | lr 2.43e-04 | 1322 tok/s | fwd_bwd 6024ms data 1ms clip 20ms optim 111ms step 6171ms mem 1493/3311MB
step 239,610 | loss 1.7456 | lr 2.43e-04 | 1316 tok/s | fwd_bwd 6078ms data 0ms clip 20ms optim 111ms step 6214ms mem 1493/3311MB
step 239,620 | loss 0.6102 | lr 2.43e-04 | 1314 tok/s | fwd_bwd 6057ms data 1ms clip 20ms optim 111ms step 6202ms mem 1493/3311MB
step 239,630 | loss 0.1990 | lr 2.43e-04 | 1316 tok/s | fwd_bwd 6062ms data 0ms clip 20ms optim 112ms step 6201ms mem 1493/3311MB
step 239,640 | loss 2.2588 | lr 2.43e-04 | 1316 tok/s | fwd_bwd 6072ms data 0ms clip 20ms optim 111ms step 6210ms mem 1493/3311MB
step 239,650 | loss 1.6944 | lr 2.43e-04 | 1317 tok/s | fwd_bwd 6107ms data 0ms clip 20ms optim 112ms step 6247ms mem 1493/3311MB
step 239,660 | loss 0.9570 | lr 2.43e-04 | 1311 tok/s | fwd_bwd 6091ms data 1ms clip 20ms optim 113ms step 6237ms mem 1493/3311MB
step 239,670 | loss 1.2553 | lr 2.43e-04 | 1315 tok/s | fwd_bwd 6029ms data 0ms clip 20ms optim 112ms step 6167ms mem 1493/3311MB
step 239,680 | loss 1.8100 | lr 2.43e-04 | 1315 tok/s | fwd_bwd 6071ms data 1ms clip 20ms optim 111ms step 6211ms mem 1493/3311MB
step 239,690 | loss 1.7477 | lr 2.43e-04 | 1314 tok/s | fwd_bwd 6088ms data 0ms clip 20ms optim 111ms step 6227ms mem 1493/3311MB
step 239,700 | loss 3.2458 | lr 2.43e-04 | 1311 tok/s | fwd_bwd 6096ms data 0ms clip 20ms optim 111ms step 6236ms mem 1493/3311MB
step 239,710 | loss 2.3864 | lr 2.43e-04 | 1311 tok/s | fwd_bwd 6120ms data 1ms clip 23ms optim 121ms step 6284ms mem 1493/3311MB
step 239,720 | loss 2.4788 | lr 2.43e-04 | 1315 tok/s | fwd_bwd 6068ms data 0ms clip 21ms optim 112ms step 6204ms mem 1493/3311MB
step 239,730 | loss 0.8791 | lr 2.43e-04 | 1315 tok/s | fwd_bwd 6045ms data 0ms clip 20ms optim 111ms step 6184ms mem 1493/3311MB
step 239,740 | loss 3.0250 | lr 2.43e-04 | 1316 tok/s | fwd_bwd 6061ms data 1ms clip 20ms optim 112ms step 6204ms mem 1452/3311MB
step 239,750 | loss 0.1563 | lr 2.43e-04 | 1313 tok/s | fwd_bwd 6067ms data 0ms clip 20ms optim 112ms step 6206ms mem 1493/3311MB
step 239,760 | loss 1.6526 | lr 2.43e-04 | 1313 tok/s | fwd_bwd 6079ms data 0ms clip 20ms optim 114ms step 6220ms mem 1493/3311MB
step 239,770 | loss 1.3628 | lr 2.43e-04 | 1313 tok/s | fwd_bwd 6036ms data 1ms clip 20ms optim 113ms step 6182ms mem 1493/3311MB
step 239,780 | loss 0.0543 | lr 2.43e-04 | 1316 tok/s | fwd_bwd 5991ms data 0ms clip 20ms optim 112ms step 6129ms mem 1493/3311MB
step 239,790 | loss 2.2491 | lr 2.43e-04 | 1316 tok/s | fwd_bwd 6066ms data 1ms clip 20ms optim 111ms step 6209ms mem 1493/3311MB
step 239,800 | loss 1.0409 | lr 2.43e-04 | 1312 tok/s | fwd_bwd 6091ms data 0ms clip 20ms optim 112ms step 6230ms mem 1493/3311MB
step 239,810 | loss 0.6547 | lr 2.43e-04 | 1309 tok/s | fwd_bwd 6096ms data 1ms clip 20ms optim 111ms step 6236ms mem 1493/3311MB
step 239,820 | loss 1.9877 | lr 2.43e-04 | 1310 tok/s | fwd_bwd 6136ms data 1ms clip 23ms optim 120ms step 6299ms mem 1493/3311MB
step 239,830 | loss 1.6454 | lr 2.43e-04 | 1309 tok/s | fwd_bwd 6169ms data 1ms clip 21ms optim 113ms step 6323ms mem 1493/3311MB
step 239,840 | loss 0.5631 | lr 2.43e-04 | 1311 tok/s | fwd_bwd 6083ms data 0ms clip 20ms optim 112ms step 6223ms mem 1493/3311MB
step 239,850 | loss 1.7840 | lr 2.43e-04 | 1309 tok/s | fwd_bwd 6129ms data 0ms clip 20ms optim 113ms step 6268ms mem 1493/3311MB
step 239,860 | loss 2.8359 | lr 2.43e-04 | 1311 tok/s | fwd_bwd 6074ms data 0ms clip 20ms optim 112ms step 6215ms mem 1493/3311MB
step 239,870 | loss 1.1591 | lr 2.43e-04 | 1310 tok/s | fwd_bwd 6022ms data 0ms clip 20ms optim 112ms step 6161ms mem 1493/3311MB
step 239,880 | loss 2.8515 | lr 2.43e-04 | 1309 tok/s | fwd_bwd 6089ms data 0ms clip 20ms optim 112ms step 6230ms mem 1493/3311MB
step 239,890 | loss 2.5659 | lr 2.43e-04 | 1308 tok/s | fwd_bwd 6093ms data 1ms clip 21ms optim 112ms step 6241ms mem 1493/3311MB
step 239,900 | loss 0.9940 | lr 2.43e-04 | 1312 tok/s | fwd_bwd 6068ms data 1ms clip 20ms optim 112ms step 6215ms mem 1493/3311MB
step 239,910 | loss 2.8582 | lr 2.43e-04 | 1315 tok/s | fwd_bwd 6060ms data 0ms clip 20ms optim 112ms step 6196ms mem 1493/3311MB
step 239,920 | loss 2.4340 | lr 2.43e-04 | 1318 tok/s | fwd_bwd 6039ms data 1ms clip 20ms optim 112ms step 6183ms mem 1493/3311MB
step 239,930 | loss 1.8404 | lr 2.43e-04 | 1320 tok/s | fwd_bwd 6040ms data 0ms clip 20ms optim 111ms step 6180ms mem 1493/3311MB
step 239,940 | loss 2.1992 | lr 2.43e-04 | 1325 tok/s | fwd_bwd 5993ms data 1ms clip 20ms optim 112ms step 6138ms mem 1493/3311MB
step 239,950 | loss 2.1568 | lr 2.43e-04 | 1326 tok/s | fwd_bwd 6015ms data 0ms clip 20ms optim 112ms step 6155ms mem 1493/3311MB
step 239,960 | loss 3.1924 | lr 2.43e-04 | 1325 tok/s | fwd_bwd 6025ms data 0ms clip 21ms optim 112ms step 6164ms mem 1493/3311MB
step 239,970 | loss 2.1501 | lr 2.43e-04 | 1325 tok/s | fwd_bwd 6027ms data 0ms clip 20ms optim 113ms step 6167ms mem 1493/3311MB
step 239,980 | loss 1.1516 | lr 2.43e-04 | 1326 tok/s | fwd_bwd 6010ms data 1ms clip 20ms optim 112ms step 6155ms mem 1493/3311MB
step 239,990 | loss 1.8310 | lr 2.43e-04 | 1325 tok/s | fwd_bwd 6009ms data 0ms clip 20ms optim 112ms step 6149ms mem 1493/3311MB
step 240,000 | loss 1.5691 | lr 2.43e-04 | 1324 tok/s | fwd_bwd 6024ms data 1ms clip 20ms optim 112ms step 6171ms mem 1493/3311MB
  [eval] step 240000 | val_loss 2.0358 | ppl 7.66
Checkpoint saved: checkpoints/step_240000
  [samples] wrote checkpoints/step_240000/samples.txt
  Pruning old checkpoint: checkpoints/step_238574
step 240,010 | loss 2.3582 | lr 2.43e-04 | 630 tok/s | fwd_bwd 6053ms data 0ms clip 20ms optim 111ms step 6191ms mem 1493/3311MB
step 240,020 | loss 3.1034 | lr 2.43e-04 | 1318 tok/s | fwd_bwd 6074ms data 0ms clip 20ms optim 112ms step 6212ms mem 1493/3311MB
step 240,030 | loss 3.7641 | lr 2.43e-04 | 1322 tok/s | fwd_bwd 6028ms data 1ms clip 20ms optim 112ms step 6174ms mem 1493/3311MB
step 240,040 | loss 0.8854 | lr 2.43e-04 | 1323 tok/s | fwd_bwd 6023ms data 0ms clip 20ms optim 112ms step 6163ms mem 1493/3311MB
step 240,050 | loss 3.2407 | lr 2.43e-04 | 1323 tok/s | fwd_bwd 6027ms data 0ms clip 20ms optim 111ms step 6165ms mem 1493/3311MB
step 240,060 | loss 0.4488 | lr 2.43e-04 | 1327 tok/s | fwd_bwd 6003ms data 0ms clip 20ms optim 111ms step 6141ms mem 1493/3311MB
step 240,070 | loss 1.0466 | lr 2.43e-04 | 1323 tok/s | fwd_bwd 6050ms data 0ms clip 20ms optim 113ms step 6189ms mem 1493/3311MB
step 240,080 | loss 2.8995 | lr 2.43e-04 | 1316 tok/s | fwd_bwd 6069ms data 0ms clip 20ms optim 112ms step 6206ms mem 1493/3311MB
step 240,090 | loss 1.5723 | lr 2.43e-04 | 1316 tok/s | fwd_bwd 5963ms data 0ms clip 20ms optim 112ms step 6102ms mem 1493/3311MB
step 240,100 | loss 1.1648 | lr 2.43e-04 | 1322 tok/s | fwd_bwd 6006ms data 1ms clip 20ms optim 112ms step 6150ms mem 1451/3311MB
step 240,110 | loss 3.2062 | lr 2.43e-04 | 1326 tok/s | fwd_bwd 5984ms data 0ms clip 20ms optim 112ms step 6125ms mem 1464/3311MB
step 240,120 | loss 2.3419 | lr 2.43e-04 | 1323 tok/s | fwd_bwd 6037ms data 0ms clip 20ms optim 111ms step 6174ms mem 1493/3311MB
step 240,130 | loss 1.0136 | lr 2.43e-04 | 1321 tok/s | fwd_bwd 6034ms data 0ms clip 20ms optim 111ms step 6171ms mem 1458/3311MB
Checkpoint saved: checkpoints/step_240135
  Pruning old checkpoint: checkpoints/step_239000
step 240,140 | loss 1.4477 | lr 2.43e-04 | 1302 tok/s | fwd_bwd 6100ms data 1ms clip 23ms optim 119ms step 6259ms mem 1493/3311MB
step 240,150 | loss 1.9573 | lr 2.43e-04 | 1319 tok/s | fwd_bwd 6043ms data 1ms clip 20ms optim 112ms step 6185ms mem 1452/3311MB
step 240,160 | loss 2.7155 | lr 2.43e-04 | 1320 tok/s | fwd_bwd 6067ms data 0ms clip 20ms optim 111ms step 6203ms mem 1493/3311MB
step 240,170 | loss 3.1936 | lr 2.43e-04 | 1312 tok/s | fwd_bwd 6124ms data 0ms clip 20ms optim 112ms step 6262ms mem 1493/3311MB
step 240,180 | loss 1.7639 | lr 2.43e-04 | 1310 tok/s | fwd_bwd 6031ms data 1ms clip 20ms optim 111ms step 6179ms mem 1452/3311MB
step 240,190 | loss 1.7492 | lr 2.43e-04 | 1307 tok/s | fwd_bwd 6086ms data 0ms clip 20ms optim 112ms step 6222ms mem 1493/3311MB
step 240,200 | loss 2.9167 | lr 2.43e-04 | 1309 tok/s | fwd_bwd 6107ms data 0ms clip 20ms optim 111ms step 6246ms mem 1493/3311MB
step 240,210 | loss 2.2867 | lr 2.43e-04 | 1309 tok/s | fwd_bwd 6093ms data 0ms clip 20ms optim 111ms step 6232ms mem 1493/3311MB
step 240,220 | loss 1.3609 | lr 2.43e-04 | 1311 tok/s | fwd_bwd 6103ms data 0ms clip 20ms optim 111ms step 6241ms mem 1493/3311MB
step 240,230 | loss 1.2379 | lr 2.43e-04 | 1309 tok/s | fwd_bwd 6083ms data 1ms clip 20ms optim 112ms step 6228ms mem 1493/3311MB
step 240,240 | loss 1.4211 | lr 2.43e-04 | 1314 tok/s | fwd_bwd 6073ms data 0ms clip 20ms optim 112ms step 6216ms mem 1493/3311MB
step 240,250 | loss 2.3640 | lr 2.43e-04 | 1313 tok/s | fwd_bwd 6095ms data 0ms clip 20ms optim 112ms step 6232ms mem 1493/3311MB
step 240,260 | loss 1.8539 | lr 2.43e-04 | 1313 tok/s | fwd_bwd 6086ms data 0ms clip 20ms optim 112ms step 6221ms mem 1493/3311MB
step 240,270 | loss 1.5318 | lr 2.43e-04 | 1308 tok/s | fwd_bwd 6107ms data 0ms clip 20ms optim 111ms step 6241ms mem 1493/3311MB
step 240,280 | loss 1.8980 | lr 2.43e-04 | 1306 tok/s | fwd_bwd 6120ms data 0ms clip 20ms optim 111ms step 6262ms mem 1493/3311MB
step 240,290 | loss 2.5155 | lr 2.43e-04 | 1308 tok/s | fwd_bwd 6093ms data 0ms clip 20ms optim 112ms step 6236ms mem 1493/3311MB
step 240,300 | loss 3.6172 | lr 2.43e-04 | 1311 tok/s | fwd_bwd 6098ms data 0ms clip 20ms optim 112ms step 6241ms mem 1493/3311MB
step 240,310 | loss 0.9375 | lr 2.43e-04 | 1310 tok/s | fwd_bwd 6091ms data 0ms clip 20ms optim 111ms step 6226ms mem 1493/3311MB
step 240,320 | loss 4.3080 | lr 2.43e-04 | 1313 tok/s | fwd_bwd 6085ms data 0ms clip 20ms optim 112ms step 6223ms mem 1451/3311MB
step 240,330 | loss 3.9126 | lr 2.43e-04 | 1309 tok/s | fwd_bwd 6100ms data 0ms clip 20ms optim 111ms step 6238ms mem 1452/3311MB
step 240,340 | loss 2.0947 | lr 2.43e-04 | 1307 tok/s | fwd_bwd 6106ms data 0ms clip 20ms optim 112ms step 6244ms mem 1493/3311MB
step 240,350 | loss 1.9187 | lr 2.43e-04 | 1310 tok/s | fwd_bwd 6006ms data 0ms clip 20ms optim 112ms step 6143ms mem 1493/3311MB
step 240,360 | loss 1.9680 | lr 2.43e-04 | 1308 tok/s | fwd_bwd 6090ms data 0ms clip 20ms optim 111ms step 6225ms mem 1470/3311MB
step 240,370 | loss 0.8735 | lr 2.43e-04 | 1312 tok/s | fwd_bwd 6070ms data 0ms clip 20ms optim 112ms step 6213ms mem 1493/3311MB
step 240,380 | loss 2.3020 | lr 2.43e-04 | 1317 tok/s | fwd_bwd 6050ms data 1ms clip 20ms optim 111ms step 6194ms mem 1493/3311MB
step 240,390 | loss 2.1326 | lr 2.43e-04 | 1316 tok/s | fwd_bwd 6080ms data 1ms clip 20ms optim 112ms step 6224ms mem 1493/3311MB
step 240,400 | loss 0.6616 | lr 2.43e-04 | 1316 tok/s | fwd_bwd 6085ms data 1ms clip 20ms optim 111ms step 6234ms mem 1493/3311MB
step 240,410 | loss 2.1894 | lr 2.43e-04 | 1323 tok/s | fwd_bwd 6030ms data 0ms clip 20ms optim 112ms step 6166ms mem 1493/3311MB
step 240,420 | loss 2.3313 | lr 2.43e-04 | 1318 tok/s | fwd_bwd 6084ms data 1ms clip 20ms optim 112ms step 6230ms mem 1452/3311MB
step 240,430 | loss 1.2062 | lr 2.43e-04 | 1317 tok/s | fwd_bwd 6056ms data 0ms clip 20ms optim 112ms step 6198ms mem 1493/3311MB
step 240,440 | loss 1.1942 | lr 2.43e-04 | 1321 tok/s | fwd_bwd 6037ms data 0ms clip 20ms optim 112ms step 6180ms mem 1493/3311MB
step 240,450 | loss 2.5804 | lr 2.43e-04 | 1319 tok/s | fwd_bwd 6058ms data 0ms clip 20ms optim 111ms step 6193ms mem 1452/3311MB
step 240,460 | loss 2.4809 | lr 2.43e-04 | 1315 tok/s | fwd_bwd 6052ms data 0ms clip 20ms optim 112ms step 6190ms mem 1493/3311MB
step 240,470 | loss 2.3722 | lr 2.43e-04 | 1318 tok/s | fwd_bwd 6048ms data 0ms clip 20ms optim 112ms step 6188ms mem 1452/3311MB
step 240,480 | loss 2.0649 | lr 2.43e-04 | 1319 tok/s | fwd_bwd 6046ms data 0ms clip 20ms optim 111ms step 6185ms mem 1452/3311MB
step 240,490 | loss 2.2736 | lr 2.43e-04 | 1320 tok/s | fwd_bwd 6049ms data 0ms clip 20ms optim 111ms step 6192ms mem 1452/3311MB
step 240,500 | loss 1.5998 | lr 2.42e-04 | 1318 tok/s | fwd_bwd 6053ms data 0ms clip 20ms optim 111ms step 6193ms mem 1493/3311MB
  [eval] step 240500 | val_loss 2.0154 | ppl 7.50
step 240,510 | loss 0.1571 | lr 2.42e-04 | 745 tok/s | fwd_bwd 6018ms data 0ms clip 20ms optim 111ms step 6158ms mem 1452/3311MB
step 240,520 | loss 0.0965 | lr 2.42e-04 | 1323 tok/s | fwd_bwd 6048ms data 1ms clip 20ms optim 111ms step 6193ms mem 1452/3311MB
step 240,530 | loss 0.1131 | lr 2.42e-04 | 1316 tok/s | fwd_bwd 6068ms data 0ms clip 20ms optim 112ms step 6204ms mem 1451/3311MB
step 240,540 | loss 0.1014 | lr 2.42e-04 | 1319 tok/s | fwd_bwd 6042ms data 0ms clip 20ms optim 112ms step 6182ms mem 1452/3311MB
step 240,550 | loss 3.8216 | lr 2.42e-04 | 1320 tok/s | fwd_bwd 6034ms data 1ms clip 20ms optim 111ms step 6178ms mem 1493/3311MB
step 240,560 | loss 1.1955 | lr 2.42e-04 | 1322 tok/s | fwd_bwd 6055ms data 0ms clip 20ms optim 111ms step 6195ms mem 1452/3311MB
step 240,570 | loss 1.9883 | lr 2.42e-04 | 1320 tok/s | fwd_bwd 5996ms data 0ms clip 20ms optim 113ms step 6136ms mem 1493/3311MB
step 240,580 | loss 0.3733 | lr 2.42e-04 | 1320 tok/s | fwd_bwd 5978ms data 0ms clip 20ms optim 112ms step 6119ms mem 1493/3311MB
step 240,590 | loss 2.6870 | lr 2.42e-04 | 1318 tok/s | fwd_bwd 6067ms data 0ms clip 21ms optim 113ms step 6210ms mem 1493/3311MB
step 240,600 | loss 0.5534 | lr 2.42e-04 | 1317 tok/s | fwd_bwd 6057ms data 0ms clip 20ms optim 112ms step 6200ms mem 1493/3311MB
step 240,610 | loss 4.0063 | lr 2.42e-04 | 1319 tok/s | fwd_bwd 6042ms data 1ms clip 20ms optim 111ms step 6187ms mem 1493/3311MB
step 240,620 | loss 0.2491 | lr 2.42e-04 | 1320 tok/s | fwd_bwd 6056ms data 1ms clip 20ms optim 112ms step 6203ms mem 1493/3311MB
step 240,630 | loss 1.0599 | lr 2.42e-04 | 1318 tok/s | fwd_bwd 5973ms data 0ms clip 20ms optim 111ms step 6113ms mem 1493/3311MB
step 240,640 | loss 1.5858 | lr 2.42e-04 | 1320 tok/s | fwd_bwd 6046ms data 0ms clip 20ms optim 111ms step 6182ms mem 1493/3311MB
step 240,650 | loss 1.3441 | lr 2.42e-04 | 1317 tok/s | fwd_bwd 6056ms data 1ms clip 20ms optim 112ms step 6203ms mem 1493/3311MB
step 240,660 | loss 2.1822 | lr 2.42e-04 | 1318 tok/s | fwd_bwd 6060ms data 0ms clip 20ms optim 111ms step 6198ms mem 1452/3311MB
step 240,670 | loss 3.0539 | lr 2.42e-04 | 1317 tok/s | fwd_bwd 6042ms data 0ms clip 20ms optim 112ms step 6184ms mem 1452/3311MB
step 240,680 | loss 0.0810 | lr 2.42e-04 | 1318 tok/s | fwd_bwd 6076ms data 1ms clip 20ms optim 112ms step 6225ms mem 1458/3311MB
step 240,690 | loss 0.2057 | lr 2.42e-04 | 1318 tok/s | fwd_bwd 6077ms data 1ms clip 23ms optim 119ms step 6240ms mem 1493/3311MB
step 240,700 | loss 0.1933 | lr 2.42e-04 | 1312 tok/s | fwd_bwd 6118ms data 1ms clip 20ms optim 112ms step 6264ms mem 1493/3311MB
Checkpoint saved: checkpoints/step_240706
  Pruning old checkpoint: checkpoints/step_239567
step 240,710 | loss 0.3615 | lr 2.42e-04 | 1292 tok/s | fwd_bwd 6112ms data 0ms clip 20ms optim 111ms step 6254ms mem 1452/3311MB
step 240,720 | loss 0.2703 | lr 2.42e-04 | 1303 tok/s | fwd_bwd 6198ms data 1ms clip 20ms optim 112ms step 6343ms mem 1451/3311MB
step 240,730 | loss 2.9518 | lr 2.42e-04 | 1304 tok/s | fwd_bwd 6135ms data 0ms clip 20ms optim 112ms step 6278ms mem 1493/3311MB
step 240,740 | loss 3.7027 | lr 2.42e-04 | 1304 tok/s | fwd_bwd 6143ms data 0ms clip 20ms optim 112ms step 6283ms mem 1493/3311MB
step 240,750 | loss 2.5052 | lr 2.42e-04 | 1307 tok/s | fwd_bwd 6107ms data 0ms clip 20ms optim 112ms step 6245ms mem 1451/3311MB
step 240,760 | loss 2.8962 | lr 2.42e-04 | 1305 tok/s | fwd_bwd 6137ms data 1ms clip 20ms optim 112ms step 6285ms mem 1452/3311MB
step 240,770 | loss 3.2864 | lr 2.42e-04 | 1303 tok/s | fwd_bwd 6148ms data 1ms clip 20ms optim 112ms step 6293ms mem 1493/3311MB
step 240,780 | loss 2.0253 | lr 2.42e-04 | 1301 tok/s | fwd_bwd 6121ms data 0ms clip 20ms optim 112ms step 6257ms mem 1493/3311MB
step 240,790 | loss 1.3806 | lr 2.42e-04 | 1304 tok/s | fwd_bwd 6127ms data 0ms clip 20ms optim 112ms step 6262ms mem 1452/3311MB
step 240,800 | loss 1.5789 | lr 2.42e-04 | 1305 tok/s | fwd_bwd 6127ms data 0ms clip 20ms optim 112ms step 6265ms mem 1493/3311MB
step 240,810 | loss 3.4920 | lr 2.42e-04 | 1304 tok/s | fwd_bwd 6129ms data 0ms clip 20ms optim 112ms step 6267ms mem 1493/3311MB
step 240,820 | loss 0.2108 | lr 2.42e-04 | 1301 tok/s | fwd_bwd 6151ms data 0ms clip 20ms optim 112ms step 6287ms mem 1493/3311MB
step 240,830 | loss 1.4350 | lr 2.42e-04 | 1272 tok/s | fwd_bwd 6180ms data 1ms clip 20ms optim 112ms step 6325ms mem 1493/3311MB
step 240,840 | loss 4.0191 | lr 2.42e-04 | 1293 tok/s | fwd_bwd 6147ms data 0ms clip 20ms optim 112ms step 6284ms mem 1493/3311MB
step 240,850 | loss 1.4116 | lr 2.42e-04 | 1309 tok/s | fwd_bwd 6076ms data 0ms clip 20ms optim 112ms step 6214ms mem 1452/3311MB
step 240,860 | loss 1.9917 | lr 2.42e-04 | 1319 tok/s | fwd_bwd 6033ms data 1ms clip 20ms optim 111ms step 6180ms mem 1452/3311MB
step 240,870 | loss 2.7282 | lr 2.42e-04 | 1326 tok/s | fwd_bwd 6070ms data 1ms clip 23ms optim 120ms step 6232ms mem 1493/3311MB
step 240,880 | loss 2.7818 | lr 2.42e-04 | 1332 tok/s | fwd_bwd 6005ms data 1ms clip 20ms optim 112ms step 6156ms mem 1493/3311MB
step 240,890 | loss 1.2108 | lr 2.42e-04 | 1336 tok/s | fwd_bwd 5882ms data 1ms clip 20ms optim 111ms step 6026ms mem 1493/3311MB
step 240,900 | loss 1.8485 | lr 2.42e-04 | 1337 tok/s | fwd_bwd 5980ms data 0ms clip 20ms optim 111ms step 6117ms mem 1493/3311MB
step 240,910 | loss 1.8177 | lr 2.42e-04 | 1334 tok/s | fwd_bwd 5995ms data 1ms clip 20ms optim 111ms step 6140ms mem 1493/3311MB
step 240,920 | loss 3.4699 | lr 2.42e-04 | 1342 tok/s | fwd_bwd 5953ms data 1ms clip 20ms optim 111ms step 6100ms mem 1452/3311MB
step 240,930 | loss 1.6152 | lr 2.42e-04 | 1342 tok/s | fwd_bwd 5952ms data 0ms clip 20ms optim 112ms step 6090ms mem 1493/3311MB
step 240,940 | loss 1.6648 | lr 2.42e-04 | 1339 tok/s | fwd_bwd 5982ms data 1ms clip 23ms optim 119ms step 6144ms mem 1493/3311MB
step 240,950 | loss 1.7237 | lr 2.42e-04 | 1344 tok/s | fwd_bwd 5944ms data 0ms clip 20ms optim 113ms step 6088ms mem 1451/3311MB
step 240,960 | loss 0.2374 | lr 2.42e-04 | 1341 tok/s | fwd_bwd 5997ms data 0ms clip 20ms optim 111ms step 6133ms mem 1493/3311MB
step 240,970 | loss 0.5818 | lr 2.42e-04 | 1346 tok/s | fwd_bwd 5927ms data 0ms clip 20ms optim 111ms step 6065ms mem 1493/3311MB
step 240,980 | loss 3.7943 | lr 2.42e-04 | 1347 tok/s | fwd_bwd 5921ms data 0ms clip 20ms optim 112ms step 6062ms mem 1493/3311MB
step 240,990 | loss 1.4179 | lr 2.42e-04 | 1347 tok/s | fwd_bwd 5921ms data 0ms clip 20ms optim 111ms step 6063ms mem 1493/3311MB
step 241,000 | loss 1.5724 | lr 2.42e-04 | 1347 tok/s | fwd_bwd 5923ms data 0ms clip 20ms optim 111ms step 6060ms mem 1493/3311MB
  [eval] step 241000 | val_loss 2.0998 | ppl 8.16
Checkpoint saved: checkpoints/step_241000
  [samples] wrote checkpoints/step_241000/samples.txt
  Pruning old checkpoint: checkpoints/step_240000
step 241,010 | loss 1.4630 | lr 2.42e-04 | 640 tok/s | fwd_bwd 5960ms data 0ms clip 20ms optim 111ms step 6095ms mem 1493/3311MB
step 241,020 | loss 0.9822 | lr 2.42e-04 | 1334 tok/s | fwd_bwd 6022ms data 1ms clip 20ms optim 111ms step 6173ms mem 1493/3311MB
step 241,030 | loss 1.6313 | lr 2.42e-04 | 1336 tok/s | fwd_bwd 5995ms data 0ms clip 20ms optim 112ms step 6135ms mem 1493/3311MB
step 241,040 | loss 2.3452 | lr 2.42e-04 | 1328 tok/s | fwd_bwd 6009ms data 0ms clip 20ms optim 111ms step 6149ms mem 1493/3311MB
step 241,050 | loss 2.6835 | lr 2.42e-04 | 1322 tok/s | fwd_bwd 6045ms data 0ms clip 20ms optim 111ms step 6186ms mem 1488/3311MB
step 241,060 | loss 2.8895 | lr 2.42e-04 | 1320 tok/s | fwd_bwd 6055ms data 0ms clip 20ms optim 111ms step 6193ms mem 1493/3311MB
step 241,070 | loss 1.6114 | lr 2.42e-04 | 1315 tok/s | fwd_bwd 6072ms data 0ms clip 20ms optim 112ms step 6210ms mem 1493/3311MB
step 241,080 | loss 1.2613 | lr 2.42e-04 | 1309 tok/s | fwd_bwd 6124ms data 1ms clip 20ms optim 112ms step 6269ms mem 1493/3311MB
step 241,090 | loss 2.1321 | lr 2.42e-04 | 1297 tok/s | fwd_bwd 6161ms data 1ms clip 20ms optim 111ms step 6309ms mem 1493/3311MB
step 241,100 | loss 3.5030 | lr 2.42e-04 | 1296 tok/s | fwd_bwd 6163ms data 0ms clip 20ms optim 111ms step 6303ms mem 1493/3311MB
step 241,110 | loss 1.4019 | lr 2.42e-04 | 1297 tok/s | fwd_bwd 6151ms data 1ms clip 20ms optim 112ms step 6294ms mem 1493/3311MB
step 241,120 | loss 0.9799 | lr 2.42e-04 | 1298 tok/s | fwd_bwd 6178ms data 0ms clip 20ms optim 111ms step 6315ms mem 1493/3311MB
step 241,130 | loss 0.5384 | lr 2.42e-04 | 1289 tok/s | fwd_bwd 6182ms data 0ms clip 20ms optim 111ms step 6322ms mem 1452/3311MB
step 241,140 | loss 1.9833 | lr 2.42e-04 | 1283 tok/s | fwd_bwd 6186ms data 0ms clip 20ms optim 111ms step 6321ms mem 1493/3311MB
step 241,150 | loss 1.2934 | lr 2.42e-04 | 1293 tok/s | fwd_bwd 6155ms data 0ms clip 20ms optim 112ms step 6292ms mem 1493/3311MB
step 241,160 | loss 0.2323 | lr 2.42e-04 | 1297 tok/s | fwd_bwd 6171ms data 0ms clip 20ms optim 112ms step 6314ms mem 1493/3311MB
step 241,170 | loss 2.7956 | lr 2.42e-04 | 1294 tok/s | fwd_bwd 6176ms data 0ms clip 20ms optim 111ms step 6314ms mem 1493/3311MB
step 241,180 | loss 1.9384 | lr 2.42e-04 | 1292 tok/s | fwd_bwd 6174ms data 0ms clip 20ms optim 111ms step 6313ms mem 1493/3311MB
step 241,190 | loss 1.4124 | lr 2.42e-04 | 1295 tok/s | fwd_bwd 6167ms data 0ms clip 20ms optim 111ms step 6302ms mem 1493/3311MB
step 241,200 | loss 0.9485 | lr 2.42e-04 | 1295 tok/s | fwd_bwd 6159ms data 0ms clip 20ms optim 111ms step 6303ms mem 1493/3311MB
step 241,210 | loss 1.6945 | lr 2.42e-04 | 1296 tok/s | fwd_bwd 6164ms data 0ms clip 20ms optim 112ms step 6300ms mem 1482/3311MB
step 241,220 | loss 1.3746 | lr 2.42e-04 | 1296 tok/s | fwd_bwd 6183ms data 1ms clip 20ms optim 112ms step 6325ms mem 1493/3311MB
step 241,230 | loss 4.1253 | lr 2.42e-04 | 1292 tok/s | fwd_bwd 6167ms data 1ms clip 20ms optim 111ms step 6310ms mem 1493/3311MB
step 241,240 | loss 1.2920 | lr 2.42e-04 | 1294 tok/s | fwd_bwd 6169ms data 0ms clip 20ms optim 112ms step 6308ms mem 1493/3311MB
step 241,250 | loss 1.3513 | lr 2.42e-04 | 1295 tok/s | fwd_bwd 6122ms data 0ms clip 20ms optim 111ms step 6258ms mem 1493/3311MB
step 241,260 | loss 1.4355 | lr 2.42e-04 | 1295 tok/s | fwd_bwd 6134ms data 1ms clip 20ms optim 111ms step 6280ms mem 1493/3311MB
step 241,270 | loss 2.0180 | lr 2.42e-04 | 1291 tok/s | fwd_bwd 6171ms data 1ms clip 20ms optim 112ms step 6317ms mem 1493/3311MB
Checkpoint saved: checkpoints/step_241272
  Pruning old checkpoint: checkpoints/step_240135
step 241,280 | loss 2.3673 | lr 2.42e-04 | 1282 tok/s | fwd_bwd 6185ms data 1ms clip 20ms optim 112ms step 6329ms mem 1452/3311MB
step 241,290 | loss 3.4027 | lr 2.42e-04 | 1294 tok/s | fwd_bwd 6165ms data 0ms clip 20ms optim 111ms step 6308ms mem 1452/3311MB
step 241,300 | loss 3.5619 | lr 2.42e-04 | 1290 tok/s | fwd_bwd 6271ms data 1ms clip 23ms optim 119ms step 6433ms mem 1493/3311MB
step 241,310 | loss 3.9482 | lr 2.42e-04 | 1294 tok/s | fwd_bwd 6184ms data 0ms clip 20ms optim 111ms step 6322ms mem 1493/3311MB
step 241,320 | loss 2.5145 | lr 2.42e-04 | 1293 tok/s | fwd_bwd 6090ms data 0ms clip 20ms optim 111ms step 6227ms mem 1493/3311MB
step 241,330 | loss 3.0712 | lr 2.42e-04 | 1296 tok/s | fwd_bwd 6136ms data 0ms clip 20ms optim 112ms step 6273ms mem 1493/3311MB
step 241,340 | loss 2.0716 | lr 2.42e-04 | 1297 tok/s | fwd_bwd 6150ms data 0ms clip 20ms optim 112ms step 6285ms mem 1452/3311MB
step 241,350 | loss 3.4746 | lr 2.42e-04 | 1298 tok/s | fwd_bwd 6165ms data 0ms clip 20ms optim 111ms step 6303ms mem 1452/3311MB
step 241,360 | loss 1.2928 | lr 2.42e-04 | 1293 tok/s | fwd_bwd 6200ms data 0ms clip 20ms optim 111ms step 6337ms mem 1493/3311MB
step 241,370 | loss 3.8697 | lr 2.42e-04 | 1290 tok/s | fwd_bwd 6196ms data 0ms clip 20ms optim 111ms step 6331ms mem 1493/3311MB
step 241,380 | loss 3.2861 | lr 2.42e-04 | 1288 tok/s | fwd_bwd 6197ms data 0ms clip 20ms optim 111ms step 6337ms mem 1493/3311MB
step 241,390 | loss 3.2804 | lr 2.42e-04 | 1289 tok/s | fwd_bwd 6209ms data 0ms clip 20ms optim 112ms step 6348ms mem 1493/3311MB
step 241,400 | loss 2.8456 | lr 2.42e-04 | 1288 tok/s | fwd_bwd 6217ms data 0ms clip 20ms optim 112ms step 6357ms mem 1452/3311MB
step 241,410 | loss 2.8500 | lr 2.42e-04 | 1287 tok/s | fwd_bwd 6199ms data 0ms clip 20ms optim 111ms step 6337ms mem 1493/3311MB
step 241,420 | loss 1.7200 | lr 2.42e-04 | 1290 tok/s | fwd_bwd 6189ms data 1ms clip 20ms optim 112ms step 6334ms mem 1493/3311MB
step 241,430 | loss 2.9993 | lr 2.42e-04 | 1287 tok/s | fwd_bwd 6170ms data 1ms clip 20ms optim 111ms step 6315ms mem 1493/3311MB
step 241,440 | loss 1.2601 | lr 2.42e-04 | 1291 tok/s | fwd_bwd 6182ms data 0ms clip 20ms optim 112ms step 6318ms mem 1493/3311MB
step 241,450 | loss 2.6138 | lr 2.42e-04 | 1288 tok/s | fwd_bwd 6175ms data 0ms clip 20ms optim 112ms step 6315ms mem 1493/3311MB
step 241,460 | loss 0.2182 | lr 2.42e-04 | 1287 tok/s | fwd_bwd 6208ms data 0ms clip 20ms optim 112ms step 6352ms mem 1493/3311MB
step 241,470 | loss 0.3488 | lr 2.42e-04 | 1288 tok/s | fwd_bwd 6205ms data 0ms clip 20ms optim 111ms step 6340ms mem 1493/3311MB
step 241,480 | loss 0.4549 | lr 2.42e-04 | 1287 tok/s | fwd_bwd 6185ms data 0ms clip 20ms optim 111ms step 6323ms mem 1493/3311MB
step 241,490 | loss 2.1373 | lr 2.42e-04 | 1290 tok/s | fwd_bwd 6226ms data 0ms clip 20ms optim 111ms step 6362ms mem 1493/3311MB
step 241,500 | loss 1.6186 | lr 2.42e-04 | 1294 tok/s | fwd_bwd 6176ms data 0ms clip 20ms optim 111ms step 6314ms mem 1493/3311MB
  [eval] step 241500 | val_loss 1.9159 | ppl 6.79
step 241,510 | loss 1.5113 | lr 2.42e-04 | 731 tok/s | fwd_bwd 6167ms data 0ms clip 20ms optim 112ms step 6307ms mem 1493/3311MB
step 241,520 | loss 0.7145 | lr 2.42e-04 | 1295 tok/s | fwd_bwd 6159ms data 0ms clip 20ms optim 112ms step 6298ms mem 1452/3311MB
step 241,530 | loss 2.6045 | lr 2.42e-04 | 1291 tok/s | fwd_bwd 6217ms data 1ms clip 20ms optim 112ms step 6367ms mem 1493/3311MB
step 241,540 | loss 2.1210 | lr 2.42e-04 | 1293 tok/s | fwd_bwd 6239ms data 0ms clip 20ms optim 112ms step 6380ms mem 1493/3311MB
step 241,550 | loss 0.5911 | lr 2.42e-04 | 1292 tok/s | fwd_bwd 6242ms data 1ms clip 23ms optim 119ms step 6404ms mem 1493/3311MB
step 241,560 | loss 2.6209 | lr 2.42e-04 | 1296 tok/s | fwd_bwd 6177ms data 0ms clip 20ms optim 112ms step 6315ms mem 1493/3311MB
step 241,570 | loss 2.3844 | lr 2.42e-04 | 1295 tok/s | fwd_bwd 6156ms data 0ms clip 20ms optim 112ms step 6295ms mem 1493/3311MB
step 241,580 | loss 1.2769 | lr 2.42e-04 | 1295 tok/s | fwd_bwd 6188ms data 1ms clip 20ms optim 111ms step 6334ms mem 1452/3311MB
step 241,590 | loss 1.4929 | lr 2.42e-04 | 1295 tok/s | fwd_bwd 6163ms data 0ms clip 20ms optim 111ms step 6303ms mem 1452/3311MB
step 241,600 | loss 1.0388 | lr 2.42e-04 | 1296 tok/s | fwd_bwd 6165ms data 1ms clip 20ms optim 112ms step 6309ms mem 1493/3311MB
step 241,610 | loss 0.9152 | lr 2.42e-04 | 1294 tok/s | fwd_bwd 6166ms data 0ms clip 20ms optim 112ms step 6306ms mem 1493/3311MB
step 241,620 | loss 1.2989 | lr 2.42e-04 | 1297 tok/s | fwd_bwd 6167ms data 0ms clip 20ms optim 111ms step 6305ms mem 1452/3311MB
step 241,630 | loss 1.9254 | lr 2.42e-04 | 1296 tok/s | fwd_bwd 6167ms data 0ms clip 20ms optim 112ms step 6304ms mem 1493/3311MB
step 241,640 | loss 0.1038 | lr 2.42e-04 | 1290 tok/s | fwd_bwd 6203ms data 0ms clip 20ms optim 112ms step 6340ms mem 1452/3311MB
step 241,650 | loss 0.1052 | lr 2.42e-04 | 1291 tok/s | fwd_bwd 6156ms data 0ms clip 20ms optim 112ms step 6296ms mem 1452/3311MB
step 241,660 | loss 0.1169 | lr 2.42e-04 | 1301 tok/s | fwd_bwd 6124ms data 0ms clip 20ms optim 112ms step 6262ms mem 1493/3311MB
step 241,670 | loss 0.0505 | lr 2.42e-04 | 1303 tok/s | fwd_bwd 6141ms data 0ms clip 20ms optim 111ms step 6278ms mem 1452/3311MB
step 241,680 | loss 0.8052 | lr 2.42e-04 | 1297 tok/s | fwd_bwd 6163ms data 0ms clip 20ms optim 112ms step 6304ms mem 1452/3311MB
step 241,690 | loss 1.7159 | lr 2.42e-04 | 1295 tok/s | fwd_bwd 6161ms data 0ms clip 20ms optim 111ms step 6297ms mem 1452/3311MB
step 241,700 | loss 2.5705 | lr 2.42e-04 | 1295 tok/s | fwd_bwd 6255ms data 1ms clip 23ms optim 120ms step 6417ms mem 1493/3311MB
step 241,710 | loss 2.2400 | lr 2.42e-04 | 1297 tok/s | fwd_bwd 6168ms data 0ms clip 20ms optim 112ms step 6307ms mem 1493/3311MB
step 241,720 | loss 1.6727 | lr 2.42e-04 | 1272 tok/s | fwd_bwd 6797ms data 1ms clip 24ms optim 120ms step 6954ms mem 1493/3311MB
step 241,730 | loss 2.0456 | lr 2.42e-04 | 1264 tok/s | fwd_bwd 6235ms data 0ms clip 20ms optim 112ms step 6372ms mem 1493/3311MB
step 241,740 | loss 2.0266 | lr 2.42e-04 | 1276 tok/s | fwd_bwd 6173ms data 1ms clip 23ms optim 122ms step 6337ms mem 1493/3311MB
step 241,750 | loss 2.7879 | lr 2.42e-04 | 1286 tok/s | fwd_bwd 6309ms data 1ms clip 23ms optim 120ms step 6472ms mem 1493/3311MB
step 241,760 | loss 0.9594 | lr 2.42e-04 | 1279 tok/s | fwd_bwd 6188ms data 0ms clip 20ms optim 112ms step 6331ms mem 1448/3311MB
step 241,770 | loss 0.7292 | lr 2.42e-04 | 1277 tok/s | fwd_bwd 6227ms data 0ms clip 21ms optim 113ms step 6369ms mem 1493/3311MB
step 241,780 | loss 1.4654 | lr 2.42e-04 | 1258 tok/s | fwd_bwd 6534ms data 0ms clip 20ms optim 112ms step 6676ms mem 1493/3311MB
step 241,790 | loss 0.9254 | lr 2.42e-04 | 1279 tok/s | fwd_bwd 6136ms data 0ms clip 20ms optim 112ms step 6276ms mem 1451/3311MB
step 241,800 | loss 3.4322 | lr 2.42e-04 | 1285 tok/s | fwd_bwd 6188ms data 1ms clip 20ms optim 111ms step 6340ms mem 1493/3311MB
step 241,810 | loss 1.1931 | lr 2.42e-04 | 1288 tok/s | fwd_bwd 6207ms data 0ms clip 20ms optim 112ms step 6345ms mem 1493/3311MB
step 241,820 | loss 3.3134 | lr 2.42e-04 | 1278 tok/s | fwd_bwd 6307ms data 1ms clip 23ms optim 121ms step 6469ms mem 1493/3311MB
step 241,830 | loss 1.7815 | lr 2.42e-04 | 1279 tok/s | fwd_bwd 6225ms data 1ms clip 20ms optim 112ms step 6370ms mem 1452/3311MB
Checkpoint saved: checkpoints/step_241831
  Pruning old checkpoint: checkpoints/step_240706
step 241,840 | loss 1.9530 | lr 2.42e-04 | 1267 tok/s | fwd_bwd 6254ms data 0ms clip 20ms optim 112ms step 6395ms mem 1493/3311MB
step 241,850 | loss 3.6452 | lr 2.42e-04 | 1280 tok/s | fwd_bwd 6241ms data 0ms clip 20ms optim 113ms step 6386ms mem 1493/3311MB
step 241,860 | loss 2.6703 | lr 2.42e-04 | 1278 tok/s | fwd_bwd 6262ms data 0ms clip 21ms optim 111ms step 6399ms mem 1493/3311MB
step 241,870 | loss 1.9899 | lr 2.42e-04 | 1283 tok/s | fwd_bwd 6214ms data 0ms clip 21ms optim 112ms step 6353ms mem 1493/3311MB
step 241,880 | loss 2.0123 | lr 2.42e-04 | 1279 tok/s | fwd_bwd 6312ms data 1ms clip 21ms optim 113ms step 6466ms mem 1493/3311MB
step 241,890 | loss 2.0574 | lr 2.42e-04 | 1283 tok/s | fwd_bwd 6227ms data 0ms clip 21ms optim 114ms step 6369ms mem 1493/3311MB
step 241,900 | loss 3.2456 | lr 2.42e-04 | 1279 tok/s | fwd_bwd 6221ms data 1ms clip 20ms optim 112ms step 6369ms mem 1493/3311MB
step 241,910 | loss 1.4117 | lr 2.42e-04 | 1250 tok/s | fwd_bwd 6283ms data 0ms clip 20ms optim 112ms step 6425ms mem 1493/3311MB
step 241,920 | loss 2.8584 | lr 2.42e-04 | 1274 tok/s | fwd_bwd 6264ms data 0ms clip 20ms optim 113ms step 6406ms mem 1493/3311MB
step 241,930 | loss 2.5293 | lr 2.42e-04 | 1279 tok/s | fwd_bwd 6218ms data 0ms clip 20ms optim 112ms step 6359ms mem 1493/3311MB
step 241,940 | loss 2.7564 | lr 2.42e-04 | 1281 tok/s | fwd_bwd 6195ms data 1ms clip 23ms optim 120ms step 6357ms mem 1493/3311MB
step 241,950 | loss 0.5535 | lr 2.42e-04 | 1291 tok/s | fwd_bwd 6192ms data 0ms clip 20ms optim 112ms step 6332ms mem 1493/3311MB
step 241,960 | loss 0.1189 | lr 2.42e-04 | 1292 tok/s | fwd_bwd 6061ms data 1ms clip 20ms optim 111ms step 6211ms mem 1493/3311MB
step 241,970 | loss 0.7312 | lr 2.42e-04 | 1304 tok/s | fwd_bwd 6096ms data 0ms clip 20ms optim 111ms step 6236ms mem 1493/3311MB
step 241,980 | loss 3.7171 | lr 2.42e-04 | 1313 tok/s | fwd_bwd 6055ms data 0ms clip 20ms optim 111ms step 6191ms mem 1493/3311MB
step 241,990 | loss 2.8536 | lr 2.42e-04 | 1317 tok/s | fwd_bwd 6050ms data 1ms clip 20ms optim 111ms step 6193ms mem 1493/3311MB
step 242,000 | loss 2.0063 | lr 2.42e-04 | 1320 tok/s | fwd_bwd 6029ms data 0ms clip 20ms optim 112ms step 6169ms mem 1493/3311MB
  [eval] step 242000 | val_loss 1.6300 | ppl 5.10
Checkpoint saved: checkpoints/step_242000
  [samples] wrote checkpoints/step_242000/samples.txt
  Pruning old checkpoint: checkpoints/step_241000
step 242,010 | loss 1.2248 | lr 2.42e-04 | 627 tok/s | fwd_bwd 6073ms data 1ms clip 20ms optim 111ms step 6224ms mem 1493/3311MB
step 242,020 | loss 2.9588 | lr 2.42e-04 | 1324 tok/s | fwd_bwd 6025ms data 0ms clip 20ms optim 112ms step 6165ms mem 1493/3311MB
step 242,030 | loss 1.5644 | lr 2.42e-04 | 1325 tok/s | fwd_bwd 6005ms data 0ms clip 20ms optim 111ms step 6143ms mem 1493/3311MB
step 242,040 | loss 2.0452 | lr 2.42e-04 | 1327 tok/s | fwd_bwd 6019ms data 0ms clip 20ms optim 112ms step 6158ms mem 1493/3311MB
step 242,050 | loss 1.8130 | lr 2.42e-04 | 1321 tok/s | fwd_bwd 6040ms data 1ms clip 20ms optim 112ms step 6186ms mem 1493/3311MB
step 242,060 | loss 2.2483 | lr 2.42e-04 | 1323 tok/s | fwd_bwd 6031ms data 0ms clip 20ms optim 112ms step 6171ms mem 1493/3311MB
step 242,070 | loss 3.6941 | lr 2.42e-04 | 1322 tok/s | fwd_bwd 6022ms data 0ms clip 20ms optim 112ms step 6163ms mem 1493/3311MB
step 242,080 | loss 1.6728 | lr 2.42e-04 | 1324 tok/s | fwd_bwd 5955ms data 0ms clip 20ms optim 111ms step 6095ms mem 1493/3311MB
step 242,090 | loss 3.6215 | lr 2.42e-04 | 1324 tok/s | fwd_bwd 6022ms data 0ms clip 20ms optim 111ms step 6162ms mem 1493/3311MB
step 242,100 | loss 1.6450 | lr 2.42e-04 | 1325 tok/s | fwd_bwd 5921ms data 1ms clip 20ms optim 112ms step 6066ms mem 1493/3311MB
step 242,110 | loss 2.9138 | lr 2.42e-04 | 1325 tok/s | fwd_bwd 6027ms data 0ms clip 20ms optim 112ms step 6165ms mem 1493/3311MB
step 242,120 | loss 0.7766 | lr 2.42e-04 | 1323 tok/s | fwd_bwd 6039ms data 0ms clip 20ms optim 111ms step 6177ms mem 1493/3311MB
step 242,130 | loss 2.3327 | lr 2.42e-04 | 1323 tok/s | fwd_bwd 6031ms data 1ms clip 20ms optim 112ms step 6175ms mem 1493/3311MB
step 242,140 | loss 2.1299 | lr 2.42e-04 | 1325 tok/s | fwd_bwd 6009ms data 0ms clip 20ms optim 112ms step 6145ms mem 1493/3311MB
step 242,150 | loss 1.9256 | lr 2.42e-04 | 1321 tok/s | fwd_bwd 5960ms data 0ms clip 20ms optim 111ms step 6097ms mem 1493/3311MB
step 242,160 | loss 2.0766 | lr 2.42e-04 | 1324 tok/s | fwd_bwd 6034ms data 0ms clip 20ms optim 112ms step 6169ms mem 1493/3311MB
step 242,170 | loss 3.0729 | lr 2.42e-04 | 1325 tok/s | fwd_bwd 6034ms data 1ms clip 20ms optim 111ms step 6183ms mem 1493/3311MB
step 242,180 | loss 2.9082 | lr 2.42e-04 | 1328 tok/s | fwd_bwd 6013ms data 1ms clip 20ms optim 112ms step 6154ms mem 1493/3311MB
step 242,190 | loss 2.5355 | lr 2.42e-04 | 1328 tok/s | fwd_bwd 5912ms data 1ms clip 20ms optim 111ms step 6057ms mem 1493/3311MB
step 242,200 | loss 1.8791 | lr 2.42e-04 | 1327 tok/s | fwd_bwd 6001ms data 0ms clip 20ms optim 111ms step 6139ms mem 1493/3311MB
step 242,210 | loss 3.6110 | lr 2.42e-04 | 1329 tok/s | fwd_bwd 5998ms data 1ms clip 20ms optim 112ms step 6140ms mem 1493/3311MB
step 242,220 | loss 2.0743 | lr 2.42e-04 | 1329 tok/s | fwd_bwd 6065ms data 1ms clip 20ms optim 111ms step 6216ms mem 1493/3311MB
step 242,230 | loss 3.8873 | lr 2.42e-04 | 1328 tok/s | fwd_bwd 6025ms data 0ms clip 20ms optim 112ms step 6163ms mem 1452/3311MB
step 242,240 | loss 1.3469 | lr 2.42e-04 | 1321 tok/s | fwd_bwd 6034ms data 0ms clip 20ms optim 111ms step 6171ms mem 1493/3311MB
step 242,250 | loss 1.8869 | lr 2.42e-04 | 1323 tok/s | fwd_bwd 6019ms data 1ms clip 20ms optim 111ms step 6163ms mem 1493/3311MB
step 242,260 | loss 1.7622 | lr 2.42e-04 | 1325 tok/s | fwd_bwd 6023ms data 0ms clip 20ms optim 111ms step 6163ms mem 1493/3311MB
step 242,270 | loss 1.4357 | lr 2.42e-04 | 1319 tok/s | fwd_bwd 6062ms data 1ms clip 20ms optim 111ms step 6210ms mem 1493/3311MB
step 242,280 | loss 1.1749 | lr 2.42e-04 | 1324 tok/s | fwd_bwd 6053ms data 1ms clip 20ms optim 115ms step 6209ms mem 1493/3311MB
step 242,290 | loss 1.4122 | lr 2.41e-04 | 1330 tok/s | fwd_bwd 5999ms data 0ms clip 20ms optim 111ms step 6139ms mem 1493/3311MB
step 242,300 | loss 1.3796 | lr 2.41e-04 | 1325 tok/s | fwd_bwd 6012ms data 1ms clip 20ms optim 112ms step 6156ms mem 1493/3311MB
step 242,310 | loss 1.5687 | lr 2.41e-04 | 1321 tok/s | fwd_bwd 6030ms data 1ms clip 20ms optim 112ms step 6177ms mem 1493/3311MB
step 242,320 | loss 0.4998 | lr 2.41e-04 | 1323 tok/s | fwd_bwd 6045ms data 0ms clip 20ms optim 111ms step 6182ms mem 1493/3311MB
step 242,330 | loss 2.5763 | lr 2.41e-04 | 1320 tok/s | fwd_bwd 6037ms data 1ms clip 20ms optim 111ms step 6182ms mem 1493/3311MB
step 242,340 | loss 3.8232 | lr 2.41e-04 | 1318 tok/s | fwd_bwd 6070ms data 0ms clip 20ms optim 111ms step 6205ms mem 1493/3311MB
step 242,350 | loss 1.3229 | lr 2.41e-04 | 1314 tok/s | fwd_bwd 6016ms data 0ms clip 20ms optim 111ms step 6158ms mem 1493/3311MB
step 242,360 | loss 1.0417 | lr 2.41e-04 | 1315 tok/s | fwd_bwd 6127ms data 1ms clip 23ms optim 121ms step 6292ms mem 1493/3311MB
step 242,370 | loss 1.1994 | lr 2.41e-04 | 1322 tok/s | fwd_bwd 6037ms data 1ms clip 20ms optim 112ms step 6180ms mem 1493/3311MB
step 242,380 | loss 1.3615 | lr 2.41e-04 | 1317 tok/s | fwd_bwd 6065ms data 0ms clip 20ms optim 111ms step 6203ms mem 1493/3311MB
step 242,390 | loss 1.8456 | lr 2.41e-04 | 1311 tok/s | fwd_bwd 6085ms data 1ms clip 20ms optim 111ms step 6229ms mem 1493/3311MB
Checkpoint saved: checkpoints/step_242397
  Pruning old checkpoint: checkpoints/step_241272
step 242,400 | loss 2.0487 | lr 2.41e-04 | 1298 tok/s | fwd_bwd 6079ms data 0ms clip 20ms optim 111ms step 6216ms mem 1452/3311MB
step 242,410 | loss 3.6607 | lr 2.41e-04 | 1310 tok/s | fwd_bwd 6090ms data 0ms clip 20ms optim 115ms step 6236ms mem 1493/3311MB
step 242,420 | loss 1.5622 | lr 2.41e-04 | 1319 tok/s | fwd_bwd 6052ms data 0ms clip 20ms optim 112ms step 6189ms mem 1493/3311MB
step 242,430 | loss 2.2140 | lr 2.41e-04 | 1322 tok/s | fwd_bwd 6072ms data 1ms clip 24ms optim 121ms step 6236ms mem 1493/3311MB
step 242,440 | loss 2.7804 | lr 2.41e-04 | 1328 tok/s | fwd_bwd 6016ms data 0ms clip 20ms optim 112ms step 6156ms mem 1493/3311MB
step 242,450 | loss 2.1572 | lr 2.41e-04 | 1327 tok/s | fwd_bwd 5933ms data 0ms clip 20ms optim 112ms step 6074ms mem 1452/3311MB
step 242,460 | loss 2.3450 | lr 2.41e-04 | 1329 tok/s | fwd_bwd 5934ms data 0ms clip 20ms optim 111ms step 6071ms mem 1493/3311MB
step 242,470 | loss 4.0414 | lr 2.41e-04 | 1326 tok/s | fwd_bwd 6012ms data 1ms clip 20ms optim 112ms step 6160ms mem 1493/3311MB
step 242,480 | loss 2.4059 | lr 2.41e-04 | 1322 tok/s | fwd_bwd 6089ms data 1ms clip 20ms optim 112ms step 6238ms mem 1493/3311MB
step 242,490 | loss 2.0095 | lr 2.41e-04 | 1327 tok/s | fwd_bwd 6034ms data 1ms clip 20ms optim 112ms step 6179ms mem 1493/3311MB
step 242,500 | loss 1.3930 | lr 2.41e-04 | 1325 tok/s | fwd_bwd 6018ms data 0ms clip 20ms optim 111ms step 6157ms mem 1493/3311MB
  [eval] step 242500 | val_loss 1.5895 | ppl 4.90
step 242,510 | loss 2.1007 | lr 2.41e-04 | 746 tok/s | fwd_bwd 6051ms data 1ms clip 24ms optim 121ms step 6215ms mem 1493/3311MB
step 242,520 | loss 2.9629 | lr 2.41e-04 | 1325 tok/s | fwd_bwd 5991ms data 0ms clip 20ms optim 112ms step 6129ms mem 1493/3311MB
step 242,530 | loss 1.5132 | lr 2.41e-04 | 1321 tok/s | fwd_bwd 6012ms data 0ms clip 20ms optim 112ms step 6152ms mem 1493/3311MB
step 242,540 | loss 3.4472 | lr 2.41e-04 | 1321 tok/s | fwd_bwd 6030ms data 1ms clip 20ms optim 112ms step 6174ms mem 1493/3311MB
step 242,550 | loss 2.9392 | lr 2.41e-04 | 1321 tok/s | fwd_bwd 6013ms data 0ms clip 20ms optim 112ms step 6152ms mem 1493/3311MB
step 242,560 | loss 2.0487 | lr 2.41e-04 | 1323 tok/s | fwd_bwd 6041ms data 0ms clip 20ms optim 111ms step 6179ms mem 1493/3311MB
step 242,570 | loss 3.7959 | lr 2.41e-04 | 1321 tok/s | fwd_bwd 6037ms data 1ms clip 20ms optim 111ms step 6182ms mem 1493/3311MB
step 242,580 | loss 3.5639 | lr 2.41e-04 | 1323 tok/s | fwd_bwd 6021ms data 0ms clip 20ms optim 111ms step 6156ms mem 1493/3311MB
step 242,590 | loss 1.2903 | lr 2.41e-04 | 1325 tok/s | fwd_bwd 6009ms data 1ms clip 20ms optim 111ms step 6154ms mem 1493/3311MB
step 242,600 | loss 0.4619 | lr 2.41e-04 | 1322 tok/s | fwd_bwd 6037ms data 0ms clip 20ms optim 111ms step 6177ms mem 1493/3311MB
step 242,610 | loss 1.2044 | lr 2.41e-04 | 1320 tok/s | fwd_bwd 6039ms data 0ms clip 20ms optim 112ms step 6178ms mem 1493/3311MB
step 242,620 | loss 3.8611 | lr 2.41e-04 | 1323 tok/s | fwd_bwd 6016ms data 0ms clip 20ms optim 111ms step 6154ms mem 1493/3311MB
step 242,630 | loss 2.8376 | lr 2.41e-04 | 1327 tok/s | fwd_bwd 6010ms data 1ms clip 20ms optim 111ms step 6152ms mem 1493/3311MB
step 242,640 | loss 3.0300 | lr 2.41e-04 | 1325 tok/s | fwd_bwd 6017ms data 1ms clip 20ms optim 111ms step 6159ms mem 1493/3311MB
step 242,650 | loss 1.2109 | lr 2.41e-04 | 1325 tok/s | fwd_bwd 6015ms data 0ms clip 20ms optim 112ms step 6153ms mem 1452/3311MB
step 242,660 | loss 2.6761 | lr 2.41e-04 | 1328 tok/s | fwd_bwd 6012ms data 0ms clip 20ms optim 111ms step 6150ms mem 1452/3311MB
step 242,670 | loss 3.5985 | lr 2.41e-04 | 1325 tok/s | fwd_bwd 6131ms data 0ms clip 22ms optim 114ms step 6274ms mem 1493/3311MB
step 242,680 | loss 1.3928 | lr 2.41e-04 | 1323 tok/s | fwd_bwd 6022ms data 0ms clip 20ms optim 112ms step 6162ms mem 1493/3311MB
step 242,690 | loss 1.2575 | lr 2.41e-04 | 1327 tok/s | fwd_bwd 6004ms data 0ms clip 20ms optim 111ms step 6140ms mem 1452/3311MB
step 242,700 | loss 1.3592 | lr 2.41e-04 | 1328 tok/s | fwd_bwd 6009ms data 0ms clip 20ms optim 111ms step 6149ms mem 1493/3311MB
step 242,710 | loss 1.2630 | lr 2.41e-04 | 1325 tok/s | fwd_bwd 6017ms data 0ms clip 20ms optim 111ms step 6160ms mem 1493/3311MB
step 242,720 | loss 2.1589 | lr 2.41e-04 | 1321 tok/s | fwd_bwd 6110ms data 0ms clip 21ms optim 115ms step 6256ms mem 1493/3311MB
step 242,730 | loss 1.9805 | lr 2.41e-04 | 1323 tok/s | fwd_bwd 6019ms data 0ms clip 20ms optim 112ms step 6157ms mem 1493/3311MB
step 242,740 | loss 1.9644 | lr 2.41e-04 | 1327 tok/s | fwd_bwd 5998ms data 0ms clip 20ms optim 111ms step 6140ms mem 1493/3311MB
step 242,750 | loss 3.8611 | lr 2.41e-04 | 1332 tok/s | fwd_bwd 5969ms data 0ms clip 20ms optim 111ms step 6106ms mem 1493/3311MB
step 242,760 | loss 3.1710 | lr 2.41e-04 | 1337 tok/s | fwd_bwd 5947ms data 1ms clip 20ms optim 111ms step 6089ms mem 1493/3311MB
step 242,770 | loss 2.3503 | lr 2.41e-04 | 1338 tok/s | fwd_bwd 6026ms data 1ms clip 24ms optim 120ms step 6190ms mem 1493/3311MB
step 242,780 | loss 3.0358 | lr 2.41e-04 | 1313 tok/s | fwd_bwd 6339ms data 1ms clip 22ms optim 120ms step 6489ms mem 1493/3311MB
step 242,790 | loss 1.5015 | lr 2.41e-04 | 1318 tok/s | fwd_bwd 5981ms data 0ms clip 20ms optim 112ms step 6118ms mem 1493/3311MB
step 242,800 | loss 3.0064 | lr 2.41e-04 | 1320 tok/s | fwd_bwd 6043ms data 1ms clip 24ms optim 121ms step 6208ms mem 1452/3311MB
step 242,810 | loss 1.0109 | lr 2.41e-04 | 1319 tok/s | fwd_bwd 5984ms data 0ms clip 20ms optim 112ms step 6124ms mem 1493/3311MB
step 242,820 | loss 2.1860 | lr 2.41e-04 | 1310 tok/s | fwd_bwd 6110ms data 0ms clip 20ms optim 112ms step 6251ms mem 1493/3311MB
step 242,830 | loss 1.5633 | lr 2.41e-04 | 1306 tok/s | fwd_bwd 6091ms data 0ms clip 20ms optim 112ms step 6231ms mem 1493/3311MB
step 242,840 | loss 2.3073 | lr 2.41e-04 | 1302 tok/s | fwd_bwd 6139ms data 1ms clip 20ms optim 112ms step 6280ms mem 1493/3311MB
step 242,850 | loss 1.6800 | lr 2.41e-04 | 1298 tok/s | fwd_bwd 6137ms data 0ms clip 20ms optim 112ms step 6273ms mem 1493/3311MB
step 242,860 | loss 2.5062 | lr 2.41e-04 | 1295 tok/s | fwd_bwd 6135ms data 0ms clip 20ms optim 112ms step 6276ms mem 1493/3311MB
step 242,870 | loss 3.6811 | lr 2.41e-04 | 1298 tok/s | fwd_bwd 6158ms data 0ms clip 20ms optim 112ms step 6294ms mem 1452/3311MB
step 242,880 | loss 3.4955 | lr 2.41e-04 | 1294 tok/s | fwd_bwd 6194ms data 1ms clip 20ms optim 111ms step 6343ms mem 1493/3311MB
step 242,890 | loss 2.2779 | lr 2.41e-04 | 1277 tok/s | fwd_bwd 6913ms data 1ms clip 26ms optim 133ms step 7083ms mem 1493/3311MB
step 242,900 | loss 2.2026 | lr 2.41e-04 | 1238 tok/s | fwd_bwd 6322ms data 1ms clip 23ms optim 119ms step 6485ms mem 1493/3311MB
step 242,910 | loss 1.2536 | lr 2.41e-04 | 1286 tok/s | fwd_bwd 6167ms data 0ms clip 20ms optim 111ms step 6307ms mem 1493/3311MB
step 242,920 | loss 3.7071 | lr 2.41e-04 | 1296 tok/s | fwd_bwd 6146ms data 0ms clip 20ms optim 112ms step 6284ms mem 1493/3311MB
step 242,930 | loss 3.7510 | lr 2.41e-04 | 1288 tok/s | fwd_bwd 6170ms data 1ms clip 24ms optim 120ms step 6333ms mem 1476/3311MB
step 242,940 | loss 3.2518 | lr 2.41e-04 | 1290 tok/s | fwd_bwd 6127ms data 1ms clip 20ms optim 111ms step 6277ms mem 1493/3311MB
step 242,950 | loss 3.6364 | lr 2.41e-04 | 1291 tok/s | fwd_bwd 6196ms data 0ms clip 20ms optim 112ms step 6334ms mem 1493/3311MB
step 242,960 | loss 0.7030 | lr 2.41e-04 | 1286 tok/s | fwd_bwd 6204ms data 1ms clip 20ms optim 112ms step 6349ms mem 1492/3311MB
Checkpoint saved: checkpoints/step_242967
  Pruning old checkpoint: checkpoints/step_241831
step 242,970 | loss 1.6666 | lr 2.41e-04 | 1271 tok/s | fwd_bwd 6120ms data 0ms clip 20ms optim 115ms step 6259ms mem 1493/3311MB
step 242,980 | loss 1.9038 | lr 2.41e-04 | 1283 tok/s | fwd_bwd 6272ms data 0ms clip 20ms optim 112ms step 6413ms mem 1493/3311MB
step 242,990 | loss 1.7000 | lr 2.41e-04 | 1283 tok/s | fwd_bwd 6130ms data 0ms clip 20ms optim 111ms step 6268ms mem 1493/3311MB
step 243,000 | loss 1.5680 | lr 2.41e-04 | 1287 tok/s | fwd_bwd 6178ms data 0ms clip 20ms optim 112ms step 6319ms mem 1452/3311MB
  [eval] step 243000 | val_loss 1.9722 | ppl 7.19
Checkpoint saved: checkpoints/step_243000
  [samples] wrote checkpoints/step_243000/samples.txt
  Pruning old checkpoint: checkpoints/step_242000
step 243,010 | loss 1.4386 | lr 2.41e-04 | 608 tok/s | fwd_bwd 6220ms data 1ms clip 20ms optim 112ms step 6367ms mem 1493/3311MB
step 243,020 | loss 1.7889 | lr 2.41e-04 | 1287 tok/s | fwd_bwd 6209ms data 1ms clip 23ms optim 121ms step 6373ms mem 1493/3311MB
step 243,030 | loss 3.5016 | lr 2.41e-04 | 1206 tok/s | fwd_bwd 6914ms data 1ms clip 22ms optim 126ms step 7072ms mem 1493/3311MB
step 243,040 | loss 2.0821 | lr 2.41e-04 | 1255 tok/s | fwd_bwd 6281ms data 0ms clip 20ms optim 111ms step 6421ms mem 1452/3311MB
step 243,050 | loss 0.8819 | lr 2.41e-04 | 1276 tok/s | fwd_bwd 6226ms data 1ms clip 20ms optim 111ms step 6368ms mem 1493/3311MB
step 243,060 | loss 0.2354 | lr 2.41e-04 | 1285 tok/s | fwd_bwd 6275ms data 1ms clip 21ms optim 114ms step 6424ms mem 1452/3311MB
step 243,070 | loss 0.3458 | lr 2.41e-04 | 1298 tok/s | fwd_bwd 6208ms data 1ms clip 24ms optim 127ms step 6379ms mem 1493/3311MB
step 243,080 | loss 3.5672 | lr 2.41e-04 | 1307 tok/s | fwd_bwd 6071ms data 1ms clip 20ms optim 111ms step 6215ms mem 1493/3311MB
step 243,090 | loss 0.7891 | lr 2.41e-04 | 1314 tok/s | fwd_bwd 6066ms data 0ms clip 20ms optim 111ms step 6204ms mem 1493/3311MB
step 243,100 | loss 0.8076 | lr 2.41e-04 | 1313 tok/s | fwd_bwd 6084ms data 1ms clip 20ms optim 112ms step 6226ms mem 1493/3311MB
step 243,110 | loss 3.5199 | lr 2.41e-04 | 1315 tok/s | fwd_bwd 6106ms data 1ms clip 23ms optim 118ms step 6266ms mem 1493/3311MB
step 243,120 | loss 1.8919 | lr 2.41e-04 | 1317 tok/s | fwd_bwd 6086ms data 1ms clip 20ms optim 112ms step 6233ms mem 1493/3311MB
step 243,130 | loss 1.4412 | lr 2.41e-04 | 1311 tok/s | fwd_bwd 6109ms data 1ms clip 23ms optim 121ms step 6273ms mem 1451/3311MB
step 243,140 | loss 1.3555 | lr 2.41e-04 | 1315 tok/s | fwd_bwd 6121ms data 1ms clip 21ms optim 113ms step 6275ms mem 1493/3311MB
step 243,150 | loss 3.4481 | lr 2.41e-04 | 1323 tok/s | fwd_bwd 6001ms data 1ms clip 20ms optim 111ms step 6143ms mem 1493/3311MB
step 243,160 | loss 2.2165 | lr 2.41e-04 | 1321 tok/s | fwd_bwd 6040ms data 0ms clip 20ms optim 112ms step 6179ms mem 1493/3311MB
step 243,170 | loss 0.9048 | lr 2.41e-04 | 1318 tok/s | fwd_bwd 6060ms data 1ms clip 20ms optim 111ms step 6206ms mem 1493/3311MB
step 243,180 | loss 0.5052 | lr 2.41e-04 | 1320 tok/s | fwd_bwd 6109ms data 1ms clip 23ms optim 120ms step 6272ms mem 1493/3311MB
step 243,190 | loss 1.7659 | lr 2.41e-04 | 1324 tok/s | fwd_bwd 6079ms data 1ms clip 23ms optim 121ms step 6244ms mem 1493/3311MB
step 243,200 | loss 3.1997 | lr 2.41e-04 | 1323 tok/s | fwd_bwd 6039ms data 0ms clip 20ms optim 112ms step 6177ms mem 1493/3311MB
step 243,210 | loss 2.2401 | lr 2.41e-04 | 1323 tok/s | fwd_bwd 6083ms data 1ms clip 23ms optim 120ms step 6246ms mem 1493/3311MB
step 243,220 | loss 4.2375 | lr 2.41e-04 | 1327 tok/s | fwd_bwd 6031ms data 1ms clip 20ms optim 111ms step 6178ms mem 1493/3311MB
step 243,230 | loss 3.6745 | lr 2.41e-04 | 1324 tok/s | fwd_bwd 6017ms data 0ms clip 20ms optim 111ms step 6157ms mem 1493/3311MB
step 243,240 | loss 2.1227 | lr 2.41e-04 | 1318 tok/s | fwd_bwd 6033ms data 1ms clip 20ms optim 111ms step 6179ms mem 1451/3311MB
step 243,250 | loss 3.4294 | lr 2.41e-04 | 1324 tok/s | fwd_bwd 6007ms data 0ms clip 20ms optim 111ms step 6144ms mem 1493/3311MB
step 243,260 | loss 0.7471 | lr 2.41e-04 | 1321 tok/s | fwd_bwd 6028ms data 0ms clip 20ms optim 111ms step 6168ms mem 1493/3311MB
step 243,270 | loss 2.5270 | lr 2.41e-04 | 1325 tok/s | fwd_bwd 5918ms data 1ms clip 20ms optim 112ms step 6061ms mem 1493/3311MB
step 243,280 | loss 3.2356 | lr 2.41e-04 | 1328 tok/s | fwd_bwd 6000ms data 0ms clip 20ms optim 111ms step 6135ms mem 1493/3311MB
step 243,290 | loss 2.0545 | lr 2.41e-04 | 1327 tok/s | fwd_bwd 6014ms data 0ms clip 20ms optim 112ms step 6155ms mem 1493/3311MB
step 243,300 | loss 1.5673 | lr 2.41e-04 | 1324 tok/s | fwd_bwd 6006ms data 1ms clip 20ms optim 111ms step 6153ms mem 1493/3311MB
step 243,310 | loss 2.8326 | lr 2.41e-04 | 1331 tok/s | fwd_bwd 5981ms data 1ms clip 20ms optim 111ms step 6124ms mem 1493/3311MB
step 243,320 | loss 1.7730 | lr 2.41e-04 | 1331 tok/s | fwd_bwd 5994ms data 0ms clip 20ms optim 111ms step 6132ms mem 1493/3311MB
step 243,330 | loss 1.5053 | lr 2.41e-04 | 1330 tok/s | fwd_bwd 6004ms data 0ms clip 20ms optim 112ms step 6147ms mem 1493/3311MB
step 243,340 | loss 3.1792 | lr 2.41e-04 | 1327 tok/s | fwd_bwd 6079ms data 1ms clip 20ms optim 111ms step 6229ms mem 1493/3311MB
step 243,350 | loss 1.1673 | lr 2.41e-04 | 1332 tok/s | fwd_bwd 5994ms data 0ms clip 20ms optim 111ms step 6132ms mem 1493/3311MB
step 243,360 | loss 3.7679 | lr 2.41e-04 | 1329 tok/s | fwd_bwd 6016ms data 1ms clip 20ms optim 111ms step 6159ms mem 1493/3311MB
step 243,370 | loss 1.5750 | lr 2.41e-04 | 1329 tok/s | fwd_bwd 6007ms data 0ms clip 20ms optim 112ms step 6145ms mem 1490/3311MB
step 243,380 | loss 3.9102 | lr 2.41e-04 | 1328 tok/s | fwd_bwd 5984ms data 0ms clip 20ms optim 112ms step 6124ms mem 1493/3311MB
step 243,390 | loss 1.3248 | lr 2.41e-04 | 1321 tok/s | fwd_bwd 6120ms data 1ms clip 22ms optim 121ms step 6284ms mem 1493/3311MB
step 243,400 | loss 1.6629 | lr 2.41e-04 | 1322 tok/s | fwd_bwd 6035ms data 1ms clip 20ms optim 112ms step 6182ms mem 1492/3311MB
step 243,410 | loss 2.8681 | lr 2.41e-04 | 1319 tok/s | fwd_bwd 6051ms data 0ms clip 20ms optim 113ms step 6188ms mem 1493/3311MB
step 243,420 | loss 3.6704 | lr 2.41e-04 | 1323 tok/s | fwd_bwd 6040ms data 1ms clip 20ms optim 112ms step 6185ms mem 1493/3311MB
step 243,430 | loss 1.9152 | lr 2.41e-04 | 1323 tok/s | fwd_bwd 5951ms data 1ms clip 20ms optim 112ms step 6095ms mem 1493/3311MB
step 243,440 | loss 2.1971 | lr 2.41e-04 | 1324 tok/s | fwd_bwd 5948ms data 1ms clip 20ms optim 112ms step 6097ms mem 1493/3311MB
step 243,450 | loss 0.8958 | lr 2.41e-04 | 1328 tok/s | fwd_bwd 5987ms data 0ms clip 20ms optim 111ms step 6127ms mem 1493/3311MB
step 243,460 | loss 2.7680 | lr 2.41e-04 | 1262 tok/s | fwd_bwd 5998ms data 1ms clip 20ms optim 111ms step 6144ms mem 1452/3311MB
step 243,470 | loss 3.5047 | lr 2.41e-04 | 1309 tok/s | fwd_bwd 6016ms data 1ms clip 20ms optim 112ms step 6159ms mem 1493/3311MB
step 243,480 | loss 1.1445 | lr 2.41e-04 | 1308 tok/s | fwd_bwd 6145ms data 1ms clip 23ms optim 119ms step 6305ms mem 1493/3311MB
step 243,490 | loss 2.8453 | lr 2.41e-04 | 1314 tok/s | fwd_bwd 6072ms data 1ms clip 20ms optim 112ms step 6217ms mem 1451/3311MB
step 243,500 | loss 4.0192 | lr 2.41e-04 | 1312 tok/s | fwd_bwd 5999ms data 0ms clip 20ms optim 111ms step 6140ms mem 1493/3311MB
  [eval] step 243500 | val_loss 1.9723 | ppl 7.19
step 243,510 | loss 2.6543 | lr 2.41e-04 | 741 tok/s | fwd_bwd 6054ms data 0ms clip 20ms optim 112ms step 6197ms mem 1493/3311MB
step 243,520 | loss 1.8590 | lr 2.41e-04 | 1306 tok/s | fwd_bwd 6157ms data 1ms clip 23ms optim 121ms step 6321ms mem 1451/3311MB
Checkpoint saved: checkpoints/step_243525
  Pruning old checkpoint: checkpoints/step_242397
step 243,530 | loss 3.1930 | lr 2.41e-04 | 1293 tok/s | fwd_bwd 6163ms data 1ms clip 21ms optim 113ms step 6317ms mem 1493/3311MB
step 243,540 | loss 2.2458 | lr 2.41e-04 | 1316 tok/s | fwd_bwd 6082ms data 0ms clip 20ms optim 111ms step 6223ms mem 1493/3311MB
step 243,550 | loss 3.2314 | lr 2.41e-04 | 1319 tok/s | fwd_bwd 6033ms data 0ms clip 20ms optim 111ms step 6170ms mem 1493/3311MB
step 243,560 | loss 2.9542 | lr 2.41e-04 | 1325 tok/s | fwd_bwd 6023ms data 0ms clip 20ms optim 111ms step 6161ms mem 1452/3311MB
step 243,570 | loss 2.4839 | lr 2.41e-04 | 1320 tok/s | fwd_bwd 6099ms data 1ms clip 23ms optim 119ms step 6260ms mem 1493/3311MB
step 243,580 | loss 3.6330 | lr 2.41e-04 | 1325 tok/s | fwd_bwd 6043ms data 0ms clip 20ms optim 112ms step 6180ms mem 1493/3311MB
step 243,590 | loss 3.3216 | lr 2.41e-04 | 1325 tok/s | fwd_bwd 5970ms data 0ms clip 20ms optim 112ms step 6110ms mem 1493/3311MB
step 243,600 | loss 2.9726 | lr 2.41e-04 | 1329 tok/s | fwd_bwd 6008ms data 0ms clip 20ms optim 112ms step 6150ms mem 1493/3311MB
step 243,610 | loss 1.9305 | lr 2.41e-04 | 1331 tok/s | fwd_bwd 5976ms data 0ms clip 20ms optim 112ms step 6119ms mem 1493/3311MB
step 243,620 | loss 3.1027 | lr 2.41e-04 | 1331 tok/s | fwd_bwd 5995ms data 0ms clip 20ms optim 112ms step 6135ms mem 1452/3311MB
step 243,630 | loss 3.3920 | lr 2.41e-04 | 1328 tok/s | fwd_bwd 6049ms data 1ms clip 20ms optim 111ms step 6198ms mem 1493/3311MB
step 243,640 | loss 1.1412 | lr 2.41e-04 | 1330 tok/s | fwd_bwd 6022ms data 0ms clip 20ms optim 112ms step 6159ms mem 1493/3311MB
step 243,650 | loss 1.8459 | lr 2.41e-04 | 1324 tok/s | fwd_bwd 6041ms data 0ms clip 20ms optim 112ms step 6177ms mem 1452/3311MB
step 243,660 | loss 0.3729 | lr 2.41e-04 | 1321 tok/s | fwd_bwd 6033ms data 0ms clip 20ms optim 111ms step 6170ms mem 1493/3311MB
step 243,670 | loss 0.7546 | lr 2.41e-04 | 1324 tok/s | fwd_bwd 6037ms data 0ms clip 20ms optim 112ms step 6177ms mem 1493/3311MB
step 243,680 | loss 3.7392 | lr 2.41e-04 | 1320 tok/s | fwd_bwd 6075ms data 0ms clip 20ms optim 111ms step 6214ms mem 1493/3311MB
step 243,690 | loss 0.3315 | lr 2.41e-04 | 1316 tok/s | fwd_bwd 6075ms data 0ms clip 20ms optim 112ms step 6212ms mem 1493/3311MB
step 243,700 | loss 0.2483 | lr 2.41e-04 | 1320 tok/s | fwd_bwd 6025ms data 0ms clip 20ms optim 111ms step 6160ms mem 1493/3311MB
step 243,710 | loss 1.8934 | lr 2.41e-04 | 1326 tok/s | fwd_bwd 6016ms data 0ms clip 20ms optim 112ms step 6153ms mem 1493/3311MB
step 243,720 | loss 3.2118 | lr 2.41e-04 | 1328 tok/s | fwd_bwd 6023ms data 0ms clip 20ms optim 112ms step 6162ms mem 1452/3311MB
step 243,730 | loss 2.6143 | lr 2.41e-04 | 1325 tok/s | fwd_bwd 6027ms data 0ms clip 20ms optim 111ms step 6169ms mem 1452/3311MB
step 243,740 | loss 3.5096 | lr 2.41e-04 | 1323 tok/s | fwd_bwd 6037ms data 0ms clip 20ms optim 111ms step 6179ms mem 1493/3311MB
step 243,750 | loss 3.4255 | lr 2.41e-04 | 1318 tok/s | fwd_bwd 6050ms data 0ms clip 20ms optim 111ms step 6193ms mem 1493/3311MB
step 243,760 | loss 1.6417 | lr 2.41e-04 | 1319 tok/s | fwd_bwd 6069ms data 0ms clip 20ms optim 112ms step 6209ms mem 1493/3311MB
step 243,770 | loss 1.9066 | lr 2.41e-04 | 1317 tok/s | fwd_bwd 6071ms data 0ms clip 20ms optim 111ms step 6208ms mem 1452/3311MB
step 243,780 | loss 1.1262 | lr 2.41e-04 | 1321 tok/s | fwd_bwd 6036ms data 0ms clip 20ms optim 111ms step 6175ms mem 1452/3311MB
step 243,790 | loss 4.5265 | lr 2.41e-04 | 1207 tok/s | fwd_bwd 6084ms data 0ms clip 20ms optim 112ms step 6225ms mem 1493/3311MB
step 243,800 | loss 4.3529 | lr 2.41e-04 | 1299 tok/s | fwd_bwd 5998ms data 1ms clip 21ms optim 111ms step 6143ms mem 1493/3311MB
step 243,810 | loss 2.4671 | lr 2.41e-04 | 1313 tok/s | fwd_bwd 6046ms data 1ms clip 20ms optim 111ms step 6191ms mem 1493/3311MB
step 243,820 | loss 1.7538 | lr 2.41e-04 | 1327 tok/s | fwd_bwd 5990ms data 0ms clip 20ms optim 111ms step 6127ms mem 1493/3311MB
step 243,830 | loss 2.9294 | lr 2.41e-04 | 1333 tok/s | fwd_bwd 5887ms data 0ms clip 20ms optim 111ms step 6026ms mem 1493/3311MB
step 243,840 | loss 1.7429 | lr 2.41e-04 | 1333 tok/s | fwd_bwd 5967ms data 0ms clip 20ms optim 112ms step 6103ms mem 1493/3311MB
step 243,850 | loss 2.8448 | lr 2.41e-04 | 1335 tok/s | fwd_bwd 5927ms data 1ms clip 20ms optim 112ms step 6073ms mem 1493/3311MB
step 243,860 | loss 3.3848 | lr 2.41e-04 | 1340 tok/s | fwd_bwd 5836ms data 0ms clip 20ms optim 111ms step 5978ms mem 1493/3311MB
step 243,870 | loss 3.5328 | lr 2.41e-04 | 1344 tok/s | fwd_bwd 5949ms data 0ms clip 20ms optim 112ms step 6089ms mem 1493/3311MB
step 243,880 | loss 3.4476 | lr 2.41e-04 | 1343 tok/s | fwd_bwd 5930ms data 0ms clip 20ms optim 112ms step 6066ms mem 1492/3311MB
step 243,890 | loss 3.1777 | lr 2.41e-04 | 1345 tok/s | fwd_bwd 5918ms data 0ms clip 20ms optim 112ms step 6056ms mem 1493/3311MB
step 243,900 | loss 2.1961 | lr 2.41e-04 | 1349 tok/s | fwd_bwd 5906ms data 1ms clip 20ms optim 113ms step 6055ms mem 1493/3311MB
step 243,910 | loss 2.9039 | lr 2.41e-04 | 1348 tok/s | fwd_bwd 5914ms data 0ms clip 20ms optim 111ms step 6056ms mem 1493/3311MB
step 243,920 | loss 2.8244 | lr 2.41e-04 | 1347 tok/s | fwd_bwd 5924ms data 0ms clip 20ms optim 112ms step 6066ms mem 1493/3311MB
step 243,930 | loss 3.0787 | lr 2.41e-04 | 1353 tok/s | fwd_bwd 5783ms data 1ms clip 20ms optim 111ms step 5925ms mem 1452/3311MB
step 243,940 | loss 1.4521 | lr 2.41e-04 | 1357 tok/s | fwd_bwd 5875ms data 0ms clip 20ms optim 112ms step 6017ms mem 1493/3311MB
step 243,950 | loss 2.1210 | lr 2.41e-04 | 1351 tok/s | fwd_bwd 5920ms data 0ms clip 20ms optim 111ms step 6059ms mem 1452/3311MB
step 243,960 | loss 2.7301 | lr 2.41e-04 | 1345 tok/s | fwd_bwd 5922ms data 0ms clip 20ms optim 111ms step 6062ms mem 1493/3311MB
step 243,970 | loss 2.6280 | lr 2.40e-04 | 1342 tok/s | fwd_bwd 5920ms data 1ms clip 20ms optim 111ms step 6064ms mem 1452/3311MB
step 243,980 | loss 1.8460 | lr 2.40e-04 | 1345 tok/s | fwd_bwd 5932ms data 1ms clip 20ms optim 111ms step 6077ms mem 1493/3311MB
step 243,990 | loss 2.4677 | lr 2.40e-04 | 1340 tok/s | fwd_bwd 5980ms data 0ms clip 20ms optim 112ms step 6118ms mem 1452/3311MB
step 244,000 | loss 2.2324 | lr 2.40e-04 | 1334 tok/s | fwd_bwd 6018ms data 1ms clip 20ms optim 111ms step 6167ms mem 1493/3311MB
  [eval] step 244000 | val_loss 1.8943 | ppl 6.65
Checkpoint saved: checkpoints/step_244000
  [samples] wrote checkpoints/step_244000/samples.txt
  Pruning old checkpoint: checkpoints/step_242967
step 244,010 | loss 1.2203 | lr 2.40e-04 | 635 tok/s | fwd_bwd 5957ms data 0ms clip 20ms optim 111ms step 6097ms mem 1493/3311MB
step 244,020 | loss 1.9580 | lr 2.40e-04 | 1343 tok/s | fwd_bwd 5911ms data 0ms clip 20ms optim 111ms step 6050ms mem 1493/3311MB
step 244,030 | loss 1.6420 | lr 2.40e-04 | 1341 tok/s | fwd_bwd 6007ms data 1ms clip 20ms optim 112ms step 6157ms mem 1493/3311MB
step 244,040 | loss 1.9235 | lr 2.40e-04 | 1342 tok/s | fwd_bwd 5939ms data 0ms clip 20ms optim 112ms step 6081ms mem 1493/3311MB
step 244,050 | loss 1.5438 | lr 2.40e-04 | 1340 tok/s | fwd_bwd 5964ms data 0ms clip 20ms optim 113ms step 6105ms mem 1493/3311MB
step 244,060 | loss 2.0005 | lr 2.40e-04 | 1337 tok/s | fwd_bwd 5959ms data 1ms clip 20ms optim 111ms step 6103ms mem 1493/3311MB
step 244,070 | loss 3.3881 | lr 2.40e-04 | 1339 tok/s | fwd_bwd 5975ms data 0ms clip 20ms optim 112ms step 6113ms mem 1493/3311MB
step 244,080 | loss 2.3078 | lr 2.40e-04 | 1335 tok/s | fwd_bwd 5994ms data 0ms clip 20ms optim 112ms step 6135ms mem 1493/3311MB
step 244,090 | loss 1.9153 | lr 2.40e-04 | 1325 tok/s | fwd_bwd 6023ms data 0ms clip 20ms optim 112ms step 6164ms mem 1493/3311MB
Checkpoint saved: checkpoints/step_244099
  Pruning old checkpoint: checkpoints/step_243000
step 244,100 | loss 2.9351 | lr 2.40e-04 | 1316 tok/s | fwd_bwd 5750ms data 1ms clip 21ms optim 113ms step 5898ms mem 1493/3311MB
step 244,110 | loss 1.7191 | lr 2.40e-04 | 1337 tok/s | fwd_bwd 6002ms data 1ms clip 23ms optim 125ms step 6170ms mem 1493/3311MB
step 244,120 | loss 1.2775 | lr 2.40e-04 | 1348 tok/s | fwd_bwd 5947ms data 0ms clip 20ms optim 113ms step 6084ms mem 1493/3311MB
step 244,130 | loss 0.4730 | lr 2.40e-04 | 1341 tok/s | fwd_bwd 5959ms data 0ms clip 20ms optim 112ms step 6100ms mem 1493/3311MB
step 244,140 | loss 3.7742 | lr 2.40e-04 | 1334 tok/s | fwd_bwd 6037ms data 1ms clip 22ms optim 118ms step 6196ms mem 1493/3311MB
step 244,150 | loss 2.5332 | lr 2.40e-04 | 1334 tok/s | fwd_bwd 5995ms data 1ms clip 20ms optim 112ms step 6138ms mem 1493/3311MB
step 244,160 | loss 2.2879 | lr 2.40e-04 | 1330 tok/s | fwd_bwd 5980ms data 0ms clip 20ms optim 112ms step 6116ms mem 1493/3311MB
step 244,170 | loss 1.8498 | lr 2.40e-04 | 1327 tok/s | fwd_bwd 6002ms data 0ms clip 20ms optim 111ms step 6140ms mem 1493/3311MB
step 244,180 | loss 1.7450 | lr 2.40e-04 | 1324 tok/s | fwd_bwd 6026ms data 1ms clip 20ms optim 111ms step 6167ms mem 1493/3311MB
step 244,190 | loss 2.1152 | lr 2.40e-04 | 1326 tok/s | fwd_bwd 5978ms data 0ms clip 20ms optim 111ms step 6115ms mem 1493/3311MB
step 244,200 | loss 2.3284 | lr 2.40e-04 | 1324 tok/s | fwd_bwd 6022ms data 0ms clip 20ms optim 111ms step 6160ms mem 1493/3311MB
step 244,210 | loss 3.7179 | lr 2.40e-04 | 1193 tok/s | fwd_bwd 7580ms data 1ms clip 21ms optim 121ms step 7731ms mem 1448/3311MB
step 244,220 | loss 3.4316 | lr 2.40e-04 | 1199 tok/s | fwd_bwd 6448ms data 0ms clip 20ms optim 112ms step 6585ms mem 1448/3311MB
step 244,230 | loss 3.8398 | lr 2.40e-04 | 1282 tok/s | fwd_bwd 6139ms data 1ms clip 20ms optim 111ms step 6285ms mem 1448/3311MB
step 244,240 | loss 3.2472 | lr 2.40e-04 | 1318 tok/s | fwd_bwd 6016ms data 0ms clip 20ms optim 111ms step 6158ms mem 1448/3311MB
step 244,250 | loss 1.1945 | lr 2.40e-04 | 1329 tok/s | fwd_bwd 5990ms data 1ms clip 20ms optim 111ms step 6132ms mem 1448/3311MB
step 244,260 | loss 2.0005 | lr 2.40e-04 | 1332 tok/s | fwd_bwd 6001ms data 1ms clip 20ms optim 111ms step 6145ms mem 1448/3311MB
step 244,270 | loss 3.5556 | lr 2.40e-04 | 1330 tok/s | fwd_bwd 6001ms data 1ms clip 20ms optim 111ms step 6145ms mem 1448/3311MB
step 244,280 | loss 1.8212 | lr 2.40e-04 | 1331 tok/s | fwd_bwd 5966ms data 0ms clip 20ms optim 111ms step 6101ms mem 1448/3311MB
step 244,290 | loss 0.8980 | lr 2.40e-04 | 1334 tok/s | fwd_bwd 5981ms data 0ms clip 20ms optim 112ms step 6123ms mem 1448/3311MB
step 244,300 | loss 0.1544 | lr 2.40e-04 | 1330 tok/s | fwd_bwd 6008ms data 0ms clip 20ms optim 111ms step 6146ms mem 1448/3311MB
step 244,310 | loss 0.1959 | lr 2.40e-04 | 1328 tok/s | fwd_bwd 6025ms data 1ms clip 20ms optim 113ms step 6176ms mem 1448/3311MB
step 244,320 | loss 3.2695 | lr 2.40e-04 | 1331 tok/s | fwd_bwd 6062ms data 1ms clip 23ms optim 120ms step 6222ms mem 1448/3311MB
step 244,330 | loss 2.1822 | lr 2.40e-04 | 1334 tok/s | fwd_bwd 5910ms data 0ms clip 20ms optim 112ms step 6048ms mem 1448/3311MB
step 244,340 | loss 1.7651 | lr 2.40e-04 | 1330 tok/s | fwd_bwd 6013ms data 0ms clip 20ms optim 112ms step 6156ms mem 1448/3311MB
step 244,350 | loss 1.8281 | lr 2.40e-04 | 1328 tok/s | fwd_bwd 5931ms data 0ms clip 20ms optim 111ms step 6070ms mem 1448/3311MB
step 244,360 | loss 2.0392 | lr 2.40e-04 | 1333 tok/s | fwd_bwd 5906ms data 1ms clip 20ms optim 111ms step 6052ms mem 1448/3311MB
step 244,370 | loss 0.2866 | lr 2.40e-04 | 1331 tok/s | fwd_bwd 5989ms data 0ms clip 20ms optim 111ms step 6125ms mem 1448/3311MB
step 244,380 | loss 2.8163 | lr 2.40e-04 | 1331 tok/s | fwd_bwd 5989ms data 0ms clip 20ms optim 111ms step 6127ms mem 1448/3311MB
step 244,390 | loss 0.8971 | lr 2.40e-04 | 1334 tok/s | fwd_bwd 5984ms data 0ms clip 20ms optim 111ms step 6123ms mem 1448/3311MB
step 244,400 | loss 0.6671 | lr 2.40e-04 | 1340 tok/s | fwd_bwd 5914ms data 0ms clip 20ms optim 112ms step 6056ms mem 1448/3311MB
step 244,410 | loss 1.1081 | lr 2.40e-04 | 1307 tok/s | fwd_bwd 6055ms data 1ms clip 20ms optim 112ms step 6199ms mem 1448/3311MB
step 244,420 | loss 3.4438 | lr 2.40e-04 | 1320 tok/s | fwd_bwd 6021ms data 0ms clip 20ms optim 112ms step 6162ms mem 1448/3311MB
step 244,430 | loss 2.7636 | lr 2.40e-04 | 1330 tok/s | fwd_bwd 5890ms data 1ms clip 20ms optim 111ms step 6036ms mem 1448/3311MB
step 244,440 | loss 2.7963 | lr 2.40e-04 | 1333 tok/s | fwd_bwd 5969ms data 0ms clip 20ms optim 111ms step 6111ms mem 1448/3311MB
step 244,450 | loss 0.3180 | lr 2.40e-04 | 1339 tok/s | fwd_bwd 5984ms data 1ms clip 20ms optim 111ms step 6132ms mem 1448/3311MB
step 244,460 | loss 0.6997 | lr 2.40e-04 | 1327 tok/s | fwd_bwd 5983ms data 0ms clip 20ms optim 112ms step 6124ms mem 1448/3311MB
step 244,470 | loss 0.4455 | lr 2.40e-04 | 1329 tok/s | fwd_bwd 5998ms data 0ms clip 20ms optim 111ms step 6135ms mem 1448/3311MB
step 244,480 | loss 1.3017 | lr 2.40e-04 | 1333 tok/s | fwd_bwd 5884ms data 1ms clip 20ms optim 111ms step 6028ms mem 1448/3311MB
step 244,490 | loss 1.1105 | lr 2.40e-04 | 1333 tok/s | fwd_bwd 6008ms data 1ms clip 23ms optim 119ms step 6170ms mem 1448/3311MB
step 244,500 | loss 2.4885 | lr 2.40e-04 | 1340 tok/s | fwd_bwd 5959ms data 0ms clip 20ms optim 111ms step 6096ms mem 1448/3311MB
  [eval] step 244500 | val_loss 2.0402 | ppl 7.69
step 244,510 | loss 2.8738 | lr 2.40e-04 | 755 tok/s | fwd_bwd 5955ms data 0ms clip 20ms optim 112ms step 6096ms mem 1493/3311MB
step 244,520 | loss 3.7803 | lr 2.40e-04 | 1339 tok/s | fwd_bwd 5948ms data 1ms clip 20ms optim 112ms step 6095ms mem 1493/3311MB
step 244,530 | loss 3.2710 | lr 2.40e-04 | 1342 tok/s | fwd_bwd 5922ms data 0ms clip 20ms optim 112ms step 6062ms mem 1493/3311MB
step 244,540 | loss 2.2611 | lr 2.40e-04 | 1339 tok/s | fwd_bwd 5925ms data 0ms clip 20ms optim 111ms step 6064ms mem 1493/3311MB
step 244,550 | loss 1.8111 | lr 2.40e-04 | 1338 tok/s | fwd_bwd 5972ms data 0ms clip 20ms optim 112ms step 6107ms mem 1452/3311MB
step 244,560 | loss 2.3471 | lr 2.40e-04 | 1336 tok/s | fwd_bwd 5987ms data 1ms clip 23ms optim 119ms step 6150ms mem 1493/3311MB
step 244,570 | loss 3.0344 | lr 2.40e-04 | 1340 tok/s | fwd_bwd 5972ms data 0ms clip 20ms optim 111ms step 6106ms mem 1493/3311MB
step 244,580 | loss 1.1649 | lr 2.40e-04 | 1337 tok/s | fwd_bwd 5962ms data 1ms clip 20ms optim 112ms step 6107ms mem 1452/3311MB
step 244,590 | loss 3.2076 | lr 2.40e-04 | 1341 tok/s | fwd_bwd 5878ms data 0ms clip 20ms optim 111ms step 6015ms mem 1493/3311MB
step 244,600 | loss 0.6204 | lr 2.40e-04 | 1337 tok/s | fwd_bwd 5905ms data 1ms clip 20ms optim 112ms step 6046ms mem 1493/3311MB
step 244,610 | loss 3.6920 | lr 2.40e-04 | 1337 tok/s | fwd_bwd 5966ms data 0ms clip 20ms optim 112ms step 6109ms mem 1452/3311MB
step 244,620 | loss 2.8979 | lr 2.40e-04 | 1342 tok/s | fwd_bwd 5937ms data 0ms clip 20ms optim 111ms step 6077ms mem 1493/3311MB
step 244,630 | loss 4.2625 | lr 2.40e-04 | 1342 tok/s | fwd_bwd 5951ms data 0ms clip 20ms optim 111ms step 6090ms mem 1493/3311MB
step 244,640 | loss 1.8612 | lr 2.40e-04 | 1342 tok/s | fwd_bwd 5864ms data 0ms clip 20ms optim 111ms step 6007ms mem 1493/3311MB
step 244,650 | loss 1.9104 | lr 2.40e-04 | 1345 tok/s | fwd_bwd 5924ms data 1ms clip 20ms optim 111ms step 6070ms mem 1493/3311MB
step 244,660 | loss 2.3293 | lr 2.40e-04 | 1348 tok/s | fwd_bwd 5927ms data 1ms clip 20ms optim 111ms step 6074ms mem 1452/3311MB
step 244,670 | loss 0.4825 | lr 2.40e-04 | 1340 tok/s | fwd_bwd 5923ms data 0ms clip 20ms optim 111ms step 6063ms mem 1493/3311MB
Checkpoint saved: checkpoints/step_244675
  Pruning old checkpoint: checkpoints/step_243525
step 244,680 | loss 3.0347 | lr 2.40e-04 | 1327 tok/s | fwd_bwd 5951ms data 1ms clip 20ms optim 112ms step 6096ms mem 1493/3311MB
step 244,690 | loss 1.9866 | lr 2.40e-04 | 1340 tok/s | fwd_bwd 6003ms data 1ms clip 23ms optim 119ms step 6165ms mem 1493/3311MB
step 244,700 | loss 3.5026 | lr 2.40e-04 | 1342 tok/s | fwd_bwd 5951ms data 0ms clip 20ms optim 111ms step 6093ms mem 1492/3311MB
step 244,710 | loss 3.2599 | lr 2.40e-04 | 1343 tok/s | fwd_bwd 5951ms data 0ms clip 20ms optim 111ms step 6094ms mem 1493/3311MB
step 244,720 | loss 3.9374 | lr 2.40e-04 | 1343 tok/s | fwd_bwd 5934ms data 0ms clip 20ms optim 111ms step 6079ms mem 1493/3311MB
step 244,730 | loss 3.8493 | lr 2.40e-04 | 1340 tok/s | fwd_bwd 5985ms data 0ms clip 20ms optim 111ms step 6125ms mem 1493/3311MB
step 244,740 | loss 2.9794 | lr 2.40e-04 | 1343 tok/s | fwd_bwd 5927ms data 0ms clip 20ms optim 111ms step 6063ms mem 1493/3311MB
step 244,750 | loss 3.2367 | lr 2.40e-04 | 1342 tok/s | fwd_bwd 5987ms data 1ms clip 20ms optim 112ms step 6138ms mem 1493/3311MB
step 244,760 | loss 0.7707 | lr 2.40e-04 | 1350 tok/s | fwd_bwd 5932ms data 0ms clip 20ms optim 112ms step 6067ms mem 1451/3311MB
step 244,770 | loss 1.4596 | lr 2.40e-04 | 1344 tok/s | fwd_bwd 5927ms data 0ms clip 20ms optim 112ms step 6069ms mem 1493/3311MB
step 244,780 | loss 2.0685 | lr 2.40e-04 | 1342 tok/s | fwd_bwd 5965ms data 0ms clip 20ms optim 112ms step 6108ms mem 1493/3311MB
step 244,790 | loss 2.5464 | lr 2.40e-04 | 1338 tok/s | fwd_bwd 6009ms data 1ms clip 23ms optim 119ms step 6170ms mem 1493/3311MB
step 244,800 | loss 1.8976 | lr 2.40e-04 | 1344 tok/s | fwd_bwd 5953ms data 0ms clip 20ms optim 111ms step 6088ms mem 1493/3311MB
step 244,810 | loss 0.3506 | lr 2.40e-04 | 1338 tok/s | fwd_bwd 5974ms data 0ms clip 20ms optim 111ms step 6109ms mem 1493/3311MB
step 244,820 | loss 1.2945 | lr 2.40e-04 | 1338 tok/s | fwd_bwd 5969ms data 0ms clip 20ms optim 111ms step 6109ms mem 1493/3311MB
step 244,830 | loss 2.9907 | lr 2.40e-04 | 1337 tok/s | fwd_bwd 5970ms data 1ms clip 20ms optim 111ms step 6113ms mem 1493/3311MB
step 244,840 | loss 3.6716 | lr 2.40e-04 | 1312 tok/s | fwd_bwd 6376ms data 1ms clip 24ms optim 121ms step 6531ms mem 1493/3311MB
step 244,850 | loss 1.3022 | lr 2.40e-04 | 1334 tok/s | fwd_bwd 5950ms data 0ms clip 20ms optim 111ms step 6091ms mem 1493/3311MB
step 244,860 | loss 0.9399 | lr 2.40e-04 | 1340 tok/s | fwd_bwd 5946ms data 0ms clip 20ms optim 111ms step 6086ms mem 1493/3311MB
step 244,870 | loss 2.0073 | lr 2.40e-04 | 1342 tok/s | fwd_bwd 5934ms data 0ms clip 20ms optim 111ms step 6076ms mem 1493/3311MB
step 244,880 | loss 1.5804 | lr 2.40e-04 | 1341 tok/s | fwd_bwd 5956ms data 0ms clip 20ms optim 111ms step 6095ms mem 1493/3311MB
step 244,890 | loss 4.0718 | lr 2.40e-04 | 1342 tok/s | fwd_bwd 5890ms data 0ms clip 20ms optim 111ms step 6025ms mem 1493/3311MB
step 244,900 | loss 1.9458 | lr 2.40e-04 | 1336 tok/s | fwd_bwd 5952ms data 1ms clip 20ms optim 112ms step 6099ms mem 1493/3311MB
step 244,910 | loss 3.2376 | lr 2.40e-04 | 1337 tok/s | fwd_bwd 5981ms data 0ms clip 20ms optim 111ms step 6119ms mem 1451/3311MB
step 244,920 | loss 1.0338 | lr 2.40e-04 | 1336 tok/s | fwd_bwd 5947ms data 1ms clip 23ms optim 120ms step 6109ms mem 1493/3311MB
step 244,930 | loss 1.0918 | lr 2.40e-04 | 1337 tok/s | fwd_bwd 5981ms data 0ms clip 20ms optim 111ms step 6118ms mem 1493/3311MB
step 244,940 | loss 2.0926 | lr 2.40e-04 | 1334 tok/s | fwd_bwd 5981ms data 1ms clip 20ms optim 111ms step 6123ms mem 1493/3311MB
step 244,950 | loss 1.5697 | lr 2.40e-04 | 1335 tok/s | fwd_bwd 5961ms data 0ms clip 20ms optim 111ms step 6104ms mem 1493/3311MB
step 244,960 | loss 2.0664 | lr 2.40e-04 | 1340 tok/s | fwd_bwd 5959ms data 0ms clip 21ms optim 112ms step 6100ms mem 1452/3311MB
step 244,970 | loss 2.6677 | lr 2.40e-04 | 1343 tok/s | fwd_bwd 5930ms data 1ms clip 20ms optim 111ms step 6074ms mem 1493/3311MB
step 244,980 | loss 3.4773 | lr 2.40e-04 | 1344 tok/s | fwd_bwd 5953ms data 1ms clip 20ms optim 111ms step 6099ms mem 1493/3311MB
step 244,990 | loss 3.6415 | lr 2.40e-04 | 1341 tok/s | fwd_bwd 5968ms data 0ms clip 20ms optim 111ms step 6110ms mem 1493/3311MB
step 245,000 | loss 3.0313 | lr 2.40e-04 | 1331 tok/s | fwd_bwd 6003ms data 0ms clip 20ms optim 111ms step 6141ms mem 1493/3311MB
  [eval] step 245000 | val_loss 1.9804 | ppl 7.25
Checkpoint saved: checkpoints/step_245000
  [samples] wrote checkpoints/step_245000/samples.txt
  Pruning old checkpoint: checkpoints/step_244000
step 245,010 | loss 1.6801 | lr 2.40e-04 | 636 tok/s | fwd_bwd 5972ms data 0ms clip 20ms optim 112ms step 6110ms mem 1493/3311MB
step 245,020 | loss 3.7038 | lr 2.40e-04 | 1341 tok/s | fwd_bwd 5950ms data 1ms clip 20ms optim 111ms step 6099ms mem 1493/3311MB
step 245,030 | loss 3.9993 | lr 2.40e-04 | 1342 tok/s | fwd_bwd 5930ms data 0ms clip 20ms optim 111ms step 6067ms mem 1493/3311MB
step 245,040 | loss 3.3982 | lr 2.40e-04 | 1341 tok/s | fwd_bwd 5867ms data 0ms clip 20ms optim 112ms step 6008ms mem 1452/3311MB
step 245,050 | loss 0.9870 | lr 2.40e-04 | 1340 tok/s | fwd_bwd 5962ms data 0ms clip 20ms optim 111ms step 6100ms mem 1452/3311MB
step 245,060 | loss 3.5825 | lr 2.40e-04 | 1341 tok/s | fwd_bwd 5947ms data 0ms clip 20ms optim 111ms step 6082ms mem 1493/3311MB
step 245,070 | loss 3.6862 | lr 2.40e-04 | 1343 tok/s | fwd_bwd 5941ms data 0ms clip 20ms optim 111ms step 6078ms mem 1452/3311MB
step 245,080 | loss 3.0536 | lr 2.40e-04 | 1343 tok/s | fwd_bwd 5995ms data 1ms clip 23ms optim 119ms step 6157ms mem 1493/3311MB
step 245,090 | loss 2.0660 | lr 2.40e-04 | 1348 tok/s | fwd_bwd 5927ms data 0ms clip 20ms optim 112ms step 6070ms mem 1493/3311MB
step 245,100 | loss 3.3707 | lr 2.40e-04 | 1344 tok/s | fwd_bwd 5942ms data 0ms clip 20ms optim 111ms step 6081ms mem 1493/3311MB
step 245,110 | loss 1.8028 | lr 2.40e-04 | 1342 tok/s | fwd_bwd 5934ms data 0ms clip 20ms optim 111ms step 6069ms mem 1493/3311MB
step 245,120 | loss 1.4547 | lr 2.40e-04 | 1345 tok/s | fwd_bwd 5952ms data 1ms clip 20ms optim 112ms step 6096ms mem 1493/3311MB
step 245,130 | loss 1.6315 | lr 2.40e-04 | 1343 tok/s | fwd_bwd 5936ms data 1ms clip 20ms optim 111ms step 6080ms mem 1493/3311MB
step 245,140 | loss 0.2371 | lr 2.40e-04 | 1340 tok/s | fwd_bwd 5895ms data 1ms clip 23ms optim 120ms step 6058ms mem 1493/3311MB
step 245,150 | loss 3.4831 | lr 2.40e-04 | 1344 tok/s | fwd_bwd 5948ms data 0ms clip 20ms optim 111ms step 6083ms mem 1451/3311MB
step 245,160 | loss 2.2154 | lr 2.40e-04 | 1341 tok/s | fwd_bwd 5953ms data 0ms clip 20ms optim 112ms step 6091ms mem 1493/3311MB
step 245,170 | loss 0.2584 | lr 2.40e-04 | 1342 tok/s | fwd_bwd 5975ms data 1ms clip 20ms optim 112ms step 6124ms mem 1493/3311MB
step 245,180 | loss 3.4084 | lr 2.40e-04 | 1342 tok/s | fwd_bwd 5942ms data 1ms clip 20ms optim 112ms step 6091ms mem 1493/3311MB
step 245,190 | loss 0.9063 | lr 2.40e-04 | 1348 tok/s | fwd_bwd 5916ms data 0ms clip 20ms optim 111ms step 6058ms mem 1493/3311MB
step 245,200 | loss 2.4917 | lr 2.40e-04 | 1343 tok/s | fwd_bwd 5928ms data 0ms clip 20ms optim 111ms step 6067ms mem 1493/3311MB
step 245,210 | loss 3.2308 | lr 2.40e-04 | 1347 tok/s | fwd_bwd 5912ms data 0ms clip 20ms optim 111ms step 6051ms mem 1493/3311MB
step 245,220 | loss 2.3702 | lr 2.40e-04 | 1346 tok/s | fwd_bwd 5905ms data 0ms clip 20ms optim 112ms step 6042ms mem 1493/3311MB
step 245,230 | loss 3.2697 | lr 2.40e-04 | 1347 tok/s | fwd_bwd 5932ms data 0ms clip 20ms optim 111ms step 6072ms mem 1493/3311MB
step 245,240 | loss 2.1150 | lr 2.40e-04 | 1344 tok/s | fwd_bwd 5948ms data 0ms clip 20ms optim 111ms step 6088ms mem 1493/3311MB
step 245,250 | loss 0.3517 | lr 2.40e-04 | 1338 tok/s | fwd_bwd 5952ms data 0ms clip 20ms optim 112ms step 6093ms mem 1493/3311MB
Checkpoint saved: checkpoints/step_245254
  Pruning old checkpoint: checkpoints/step_244099
step 245,260 | loss 2.2051 | lr 2.40e-04 | 1325 tok/s | fwd_bwd 6028ms data 1ms clip 23ms optim 120ms step 6189ms mem 1493/3311MB
step 245,270 | loss 2.8693 | lr 2.40e-04 | 1338 tok/s | fwd_bwd 5970ms data 1ms clip 20ms optim 112ms step 6113ms mem 1493/3311MB
step 245,280 | loss 1.5838 | lr 2.40e-04 | 1331 tok/s | fwd_bwd 6052ms data 1ms clip 23ms optim 121ms step 6215ms mem 1493/3311MB
step 245,290 | loss 0.1840 | lr 2.40e-04 | 1312 tok/s | fwd_bwd 6514ms data 1ms clip 20ms optim 112ms step 6657ms mem 1448/3311MB
step 245,300 | loss 0.1420 | lr 2.40e-04 | 1323 tok/s | fwd_bwd 6060ms data 0ms clip 20ms optim 113ms step 6200ms mem 1452/3311MB
step 245,310 | loss 0.0587 | lr 2.40e-04 | 1327 tok/s | fwd_bwd 5991ms data 1ms clip 20ms optim 112ms step 6133ms mem 1452/3311MB
step 245,320 | loss 3.5943 | lr 2.40e-04 | 1326 tok/s | fwd_bwd 6081ms data 1ms clip 23ms optim 120ms step 6244ms mem 1493/3311MB
step 245,330 | loss 2.7944 | lr 2.40e-04 | 1324 tok/s | fwd_bwd 6056ms data 1ms clip 20ms optim 111ms step 6204ms mem 1493/3311MB
step 245,340 | loss 1.7139 | lr 2.40e-04 | 1320 tok/s | fwd_bwd 6039ms data 0ms clip 20ms optim 111ms step 6176ms mem 1493/3311MB
step 245,350 | loss 3.6065 | lr 2.40e-04 | 1322 tok/s | fwd_bwd 6019ms data 1ms clip 20ms optim 111ms step 6161ms mem 1493/3311MB
step 245,360 | loss 1.1097 | lr 2.40e-04 | 1318 tok/s | fwd_bwd 6028ms data 0ms clip 20ms optim 112ms step 6166ms mem 1493/3311MB
step 245,370 | loss 0.7622 | lr 2.40e-04 | 1320 tok/s | fwd_bwd 6047ms data 1ms clip 20ms optim 114ms step 6192ms mem 1493/3311MB
step 245,380 | loss 3.0824 | lr 2.40e-04 | 1314 tok/s | fwd_bwd 6087ms data 1ms clip 20ms optim 112ms step 6234ms mem 1493/3311MB
step 245,390 | loss 1.7649 | lr 2.40e-04 | 1313 tok/s | fwd_bwd 6078ms data 0ms clip 20ms optim 111ms step 6218ms mem 1493/3311MB
step 245,400 | loss 1.5874 | lr 2.40e-04 | 1309 tok/s | fwd_bwd 6023ms data 1ms clip 20ms optim 111ms step 6172ms mem 1493/3311MB
step 245,410 | loss 3.0417 | lr 2.40e-04 | 1309 tok/s | fwd_bwd 6108ms data 0ms clip 20ms optim 111ms step 6249ms mem 1493/3311MB
step 245,420 | loss 2.9256 | lr 2.40e-04 | 1292 tok/s | fwd_bwd 6086ms data 1ms clip 20ms optim 112ms step 6229ms mem 1493/3311MB
step 245,430 | loss 3.1350 | lr 2.40e-04 | 1312 tok/s | fwd_bwd 6029ms data 1ms clip 23ms optim 121ms step 6191ms mem 1482/3311MB
step 245,440 | loss 1.3673 | lr 2.40e-04 | 1318 tok/s | fwd_bwd 5945ms data 1ms clip 20ms optim 111ms step 6092ms mem 1476/3311MB
step 245,450 | loss 1.3815 | lr 2.40e-04 | 1316 tok/s | fwd_bwd 5975ms data 1ms clip 20ms optim 111ms step 6117ms mem 1493/3311MB
step 245,460 | loss 0.3075 | lr 2.40e-04 | 1312 tok/s | fwd_bwd 6103ms data 1ms clip 20ms optim 112ms step 6251ms mem 1452/3311MB
step 245,470 | loss 2.3902 | lr 2.40e-04 | 1312 tok/s | fwd_bwd 5987ms data 0ms clip 20ms optim 113ms step 6128ms mem 1493/3311MB
step 245,480 | loss 0.3609 | lr 2.40e-04 | 1308 tok/s | fwd_bwd 6034ms data 0ms clip 20ms optim 111ms step 6175ms mem 1493/3311MB
step 245,490 | loss 0.4864 | lr 2.40e-04 | 1310 tok/s | fwd_bwd 6068ms data 0ms clip 20ms optim 111ms step 6209ms mem 1452/3311MB
step 245,500 | loss 0.5532 | lr 2.40e-04 | 1318 tok/s | fwd_bwd 6053ms data 0ms clip 20ms optim 111ms step 6197ms mem 1493/3311MB
  [eval] step 245500 | val_loss 1.8574 | ppl 6.41
step 245,510 | loss 2.8494 | lr 2.40e-04 | 745 tok/s | fwd_bwd 6093ms data 1ms clip 23ms optim 120ms step 6257ms mem 1493/3311MB
step 245,520 | loss 2.0579 | lr 2.40e-04 | 1320 tok/s | fwd_bwd 6071ms data 0ms clip 20ms optim 111ms step 6209ms mem 1488/3311MB
step 245,530 | loss 3.5756 | lr 2.40e-04 | 1291 tok/s | fwd_bwd 6001ms data 1ms clip 20ms optim 112ms step 6149ms mem 1493/3311MB
step 245,540 | loss 0.9053 | lr 2.40e-04 | 1314 tok/s | fwd_bwd 6054ms data 0ms clip 20ms optim 111ms step 6194ms mem 1493/3311MB
step 245,550 | loss 2.1589 | lr 2.40e-04 | 1315 tok/s | fwd_bwd 6046ms data 1ms clip 22ms optim 121ms step 6209ms mem 1493/3311MB
step 245,560 | loss 2.1558 | lr 2.40e-04 | 1310 tok/s | fwd_bwd 6087ms data 1ms clip 22ms optim 120ms step 6249ms mem 1493/3311MB
step 245,570 | loss 2.7085 | lr 2.39e-04 | 1320 tok/s | fwd_bwd 6066ms data 0ms clip 20ms optim 111ms step 6206ms mem 1493/3311MB
step 245,580 | loss 1.9660 | lr 2.39e-04 | 1312 tok/s | fwd_bwd 6092ms data 0ms clip 20ms optim 111ms step 6234ms mem 1493/3311MB
step 245,590 | loss 1.1173 | lr 2.39e-04 | 1310 tok/s | fwd_bwd 6103ms data 0ms clip 20ms optim 111ms step 6246ms mem 1493/3311MB
step 245,600 | loss 3.3409 | lr 2.39e-04 | 1308 tok/s | fwd_bwd 6115ms data 1ms clip 20ms optim 111ms step 6263ms mem 1493/3311MB
step 245,610 | loss 1.8308 | lr 2.39e-04 | 1307 tok/s | fwd_bwd 6096ms data 0ms clip 20ms optim 111ms step 6231ms mem 1493/3311MB
step 245,620 | loss 2.4056 | lr 2.39e-04 | 1305 tok/s | fwd_bwd 6137ms data 1ms clip 20ms optim 111ms step 6286ms mem 1482/3311MB
step 245,630 | loss 3.7421 | lr 2.39e-04 | 1305 tok/s | fwd_bwd 6138ms data 1ms clip 20ms optim 112ms step 6282ms mem 1493/3311MB
step 245,640 | loss 1.9464 | lr 2.39e-04 | 1303 tok/s | fwd_bwd 6114ms data 1ms clip 20ms optim 111ms step 6257ms mem 1493/3311MB
step 245,650 | loss 1.5804 | lr 2.39e-04 | 1305 tok/s | fwd_bwd 6103ms data 0ms clip 20ms optim 112ms step 6238ms mem 1493/3311MB
step 245,660 | loss 2.2036 | lr 2.39e-04 | 1302 tok/s | fwd_bwd 6181ms data 1ms clip 20ms optim 113ms step 6332ms mem 1493/3311MB
step 245,670 | loss 3.6625 | lr 2.39e-04 | 1302 tok/s | fwd_bwd 6133ms data 0ms clip 20ms optim 112ms step 6275ms mem 1493/3311MB
step 245,680 | loss 2.7977 | lr 2.39e-04 | 1301 tok/s | fwd_bwd 6140ms data 0ms clip 20ms optim 112ms step 6278ms mem 1493/3311MB
step 245,690 | loss 4.3116 | lr 2.39e-04 | 1302 tok/s | fwd_bwd 6112ms data 0ms clip 20ms optim 111ms step 6252ms mem 1493/3311MB
step 245,700 | loss 1.7975 | lr 2.39e-04 | 1300 tok/s | fwd_bwd 6058ms data 1ms clip 20ms optim 112ms step 6205ms mem 1493/3311MB
step 245,710 | loss 0.8552 | lr 2.39e-04 | 1301 tok/s | fwd_bwd 6149ms data 0ms clip 20ms optim 111ms step 6287ms mem 1493/3311MB
step 245,720 | loss 0.9521 | lr 2.39e-04 | 1300 tok/s | fwd_bwd 6128ms data 0ms clip 20ms optim 112ms step 6263ms mem 1493/3311MB
step 245,730 | loss 1.6666 | lr 2.39e-04 | 1300 tok/s | fwd_bwd 6133ms data 0ms clip 20ms optim 111ms step 6273ms mem 1493/3311MB
step 245,740 | loss 2.0378 | lr 2.39e-04 | 1300 tok/s | fwd_bwd 6192ms data 1ms clip 23ms optim 120ms step 6355ms mem 1493/3311MB
step 245,750 | loss 3.3083 | lr 2.39e-04 | 1301 tok/s | fwd_bwd 6136ms data 1ms clip 20ms optim 111ms step 6281ms mem 1493/3311MB
step 245,760 | loss 0.8975 | lr 2.39e-04 | 1299 tok/s | fwd_bwd 6141ms data 0ms clip 20ms optim 111ms step 6278ms mem 1490/3311MB
step 245,770 | loss 2.5265 | lr 2.39e-04 | 1299 tok/s | fwd_bwd 6162ms data 0ms clip 20ms optim 112ms step 6303ms mem 1493/3311MB
step 245,780 | loss 3.2797 | lr 2.39e-04 | 1300 tok/s | fwd_bwd 6134ms data 0ms clip 20ms optim 112ms step 6272ms mem 1493/3311MB
step 245,790 | loss 3.9558 | lr 2.39e-04 | 1301 tok/s | fwd_bwd 6073ms data 1ms clip 20ms optim 111ms step 6215ms mem 1493/3311MB
step 245,800 | loss 1.6416 | lr 2.39e-04 | 1297 tok/s | fwd_bwd 6197ms data 1ms clip 20ms optim 112ms step 6347ms mem 1493/3311MB
step 245,810 | loss 4.0070 | lr 2.39e-04 | 1304 tok/s | fwd_bwd 6116ms data 1ms clip 20ms optim 111ms step 6260ms mem 1493/3311MB
step 245,820 | loss 2.7966 | lr 2.39e-04 | 1302 tok/s | fwd_bwd 6107ms data 0ms clip 20ms optim 111ms step 6250ms mem 1452/3311MB
Checkpoint saved: checkpoints/step_245823
  Pruning old checkpoint: checkpoints/step_244675
step 245,830 | loss 3.1788 | lr 2.39e-04 | 1292 tok/s | fwd_bwd 6129ms data 1ms clip 24ms optim 120ms step 6292ms mem 1493/3311MB
step 245,840 | loss 1.9030 | lr 2.39e-04 | 1310 tok/s | fwd_bwd 6106ms data 1ms clip 20ms optim 111ms step 6254ms mem 1493/3311MB
step 245,850 | loss 2.8084 | lr 2.39e-04 | 1298 tok/s | fwd_bwd 6499ms data 0ms clip 21ms optim 115ms step 6643ms mem 1493/3311MB
step 245,860 | loss 1.7119 | lr 2.39e-04 | 1286 tok/s | fwd_bwd 6232ms data 0ms clip 20ms optim 113ms step 6375ms mem 1493/3311MB
step 245,870 | loss 2.0718 | lr 2.39e-04 | 1262 tok/s | fwd_bwd 6278ms data 0ms clip 21ms optim 115ms step 6423ms mem 1493/3311MB
step 245,880 | loss 3.2551 | lr 2.39e-04 | 1266 tok/s | fwd_bwd 6252ms data 0ms clip 20ms optim 111ms step 6390ms mem 1493/3311MB
step 245,890 | loss 0.8549 | lr 2.39e-04 | 1302 tok/s | fwd_bwd 6154ms data 1ms clip 20ms optim 111ms step 6305ms mem 1493/3311MB
step 245,900 | loss 3.2059 | lr 2.39e-04 | 1320 tok/s | fwd_bwd 6029ms data 0ms clip 20ms optim 111ms step 6166ms mem 1493/3311MB
step 245,910 | loss 2.9185 | lr 2.39e-04 | 1322 tok/s | fwd_bwd 6026ms data 1ms clip 20ms optim 111ms step 6172ms mem 1493/3311MB
step 245,920 | loss 3.2088 | lr 2.39e-04 | 1322 tok/s | fwd_bwd 6022ms data 1ms clip 20ms optim 111ms step 6167ms mem 1493/3311MB
step 245,930 | loss 2.1915 | lr 2.39e-04 | 1316 tok/s | fwd_bwd 6089ms data 1ms clip 23ms optim 121ms step 6252ms mem 1493/3311MB
step 245,940 | loss 1.4245 | lr 2.39e-04 | 1311 tok/s | fwd_bwd 6005ms data 0ms clip 20ms optim 111ms step 6145ms mem 1493/3311MB
step 245,950 | loss 4.0243 | lr 2.39e-04 | 1314 tok/s | fwd_bwd 6063ms data 0ms clip 20ms optim 111ms step 6198ms mem 1493/3311MB
step 245,960 | loss 3.4063 | lr 2.39e-04 | 1314 tok/s | fwd_bwd 6080ms data 0ms clip 20ms optim 111ms step 6220ms mem 1493/3311MB
step 245,970 | loss 1.0483 | lr 2.39e-04 | 1315 tok/s | fwd_bwd 6072ms data 1ms clip 20ms optim 111ms step 6215ms mem 1493/3311MB
step 245,980 | loss 3.2362 | lr 2.39e-04 | 1314 tok/s | fwd_bwd 6063ms data 0ms clip 20ms optim 111ms step 6202ms mem 1493/3311MB
step 245,990 | loss 1.1342 | lr 2.39e-04 | 1316 tok/s | fwd_bwd 5967ms data 0ms clip 20ms optim 112ms step 6108ms mem 1493/3311MB
step 246,000 | loss 2.2533 | lr 2.39e-04 | 1315 tok/s | fwd_bwd 5984ms data 0ms clip 20ms optim 112ms step 6121ms mem 1493/3311MB
  [eval] step 246000 | val_loss 1.7249 | ppl 5.61
Checkpoint saved: checkpoints/step_246000
  [samples] wrote checkpoints/step_246000/samples.txt
  Pruning old checkpoint: checkpoints/step_245000
step 246,010 | loss 2.6046 | lr 2.39e-04 | 625 tok/s | fwd_bwd 6058ms data 0ms clip 20ms optim 111ms step 6197ms mem 1489/3311MB
step 246,020 | loss 1.7864 | lr 2.39e-04 | 1318 tok/s | fwd_bwd 6043ms data 1ms clip 20ms optim 111ms step 6188ms mem 1493/3311MB
step 246,030 | loss 2.8371 | lr 2.39e-04 | 1316 tok/s | fwd_bwd 5976ms data 1ms clip 20ms optim 111ms step 6120ms mem 1493/3311MB
step 246,040 | loss 1.8751 | lr 2.39e-04 | 1321 tok/s | fwd_bwd 6048ms data 0ms clip 20ms optim 111ms step 6185ms mem 1493/3311MB
step 246,050 | loss 0.0904 | lr 2.39e-04 | 1320 tok/s | fwd_bwd 6044ms data 0ms clip 20ms optim 112ms step 6185ms mem 1493/3311MB
step 246,060 | loss 0.1294 | lr 2.39e-04 | 1318 tok/s | fwd_bwd 6059ms data 0ms clip 20ms optim 113ms step 6202ms mem 1493/3311MB
step 246,070 | loss 3.5958 | lr 2.39e-04 | 1292 tok/s | fwd_bwd 6079ms data 0ms clip 20ms optim 112ms step 6219ms mem 1452/3311MB
step 246,080 | loss 2.1506 | lr 2.39e-04 | 1317 tok/s | fwd_bwd 5929ms data 1ms clip 20ms optim 111ms step 6073ms mem 1493/3311MB
step 246,090 | loss 0.5035 | lr 2.39e-04 | 1303 tok/s | fwd_bwd 6630ms data 0ms clip 20ms optim 112ms step 6769ms mem 1451/3311MB
step 246,100 | loss 3.2449 | lr 2.39e-04 | 1318 tok/s | fwd_bwd 5938ms data 1ms clip 20ms optim 111ms step 6080ms mem 1493/3311MB
step 246,110 | loss 2.9115 | lr 2.39e-04 | 1322 tok/s | fwd_bwd 6023ms data 0ms clip 20ms optim 111ms step 6163ms mem 1493/3311MB
step 246,120 | loss 1.6689 | lr 2.39e-04 | 1322 tok/s | fwd_bwd 5940ms data 1ms clip 20ms optim 111ms step 6087ms mem 1493/3311MB
step 246,130 | loss 3.1462 | lr 2.39e-04 | 1305 tok/s | fwd_bwd 6119ms data 1ms clip 23ms optim 120ms step 6281ms mem 1493/3311MB
step 246,140 | loss 1.4445 | lr 2.39e-04 | 1329 tok/s | fwd_bwd 5882ms data 1ms clip 20ms optim 111ms step 6026ms mem 1493/3311MB
step 246,150 | loss 0.3633 | lr 2.39e-04 | 1338 tok/s | fwd_bwd 5969ms data 0ms clip 20ms optim 111ms step 6109ms mem 1493/3311MB
step 246,160 | loss 3.5423 | lr 2.39e-04 | 1322 tok/s | fwd_bwd 5921ms data 1ms clip 20ms optim 111ms step 6068ms mem 1493/3311MB
step 246,170 | loss 1.2960 | lr 2.39e-04 | 1328 tok/s | fwd_bwd 6104ms data 1ms clip 22ms optim 121ms step 6266ms mem 1493/3311MB
step 246,180 | loss 1.5377 | lr 2.39e-04 | 1333 tok/s | fwd_bwd 5998ms data 1ms clip 20ms optim 112ms step 6146ms mem 1493/3311MB
step 246,190 | loss 3.5085 | lr 2.39e-04 | 1332 tok/s | fwd_bwd 5998ms data 0ms clip 20ms optim 112ms step 6135ms mem 1452/3311MB
step 246,200 | loss 3.5310 | lr 2.39e-04 | 1335 tok/s | fwd_bwd 5992ms data 1ms clip 20ms optim 111ms step 6135ms mem 1493/3311MB
step 246,210 | loss 0.6060 | lr 2.39e-04 | 1336 tok/s | fwd_bwd 5956ms data 0ms clip 20ms optim 112ms step 6093ms mem 1493/3311MB
step 246,220 | loss 3.4709 | lr 2.39e-04 | 1345 tok/s | fwd_bwd 5946ms data 0ms clip 20ms optim 111ms step 6088ms mem 1452/3311MB
step 246,230 | loss 2.3441 | lr 2.39e-04 | 1316 tok/s | fwd_bwd 5997ms data 1ms clip 20ms optim 111ms step 6144ms mem 1493/3311MB
step 246,240 | loss 2.0166 | lr 2.39e-04 | 1331 tok/s | fwd_bwd 5941ms data 1ms clip 23ms optim 121ms step 6106ms mem 1493/3311MB
step 246,250 | loss 3.2817 | lr 2.39e-04 | 1333 tok/s | fwd_bwd 5990ms data 0ms clip 20ms optim 111ms step 6126ms mem 1493/3311MB
step 246,260 | loss 0.7151 | lr 2.39e-04 | 1332 tok/s | fwd_bwd 5981ms data 0ms clip 20ms optim 111ms step 6123ms mem 1493/3311MB
step 246,270 | loss 1.2073 | lr 2.39e-04 | 1333 tok/s | fwd_bwd 5977ms data 0ms clip 20ms optim 111ms step 6116ms mem 1493/3311MB
step 246,280 | loss 2.0619 | lr 2.39e-04 | 1311 tok/s | fwd_bwd 6020ms data 0ms clip 20ms optim 112ms step 6160ms mem 1493/3311MB
step 246,290 | loss 3.0156 | lr 2.39e-04 | 1328 tok/s | fwd_bwd 5996ms data 0ms clip 20ms optim 112ms step 6134ms mem 1493/3311MB
step 246,300 | loss 3.3544 | lr 2.39e-04 | 1332 tok/s | fwd_bwd 5889ms data 1ms clip 20ms optim 111ms step 6032ms mem 1493/3311MB
step 246,310 | loss 4.2400 | lr 2.39e-04 | 1334 tok/s | fwd_bwd 6012ms data 0ms clip 20ms optim 112ms step 6152ms mem 1493/3311MB
step 246,320 | loss 2.8828 | lr 2.39e-04 | 1332 tok/s | fwd_bwd 5895ms data 0ms clip 20ms optim 111ms step 6032ms mem 1493/3311MB
step 246,330 | loss 0.4299 | lr 2.39e-04 | 1333 tok/s | fwd_bwd 5977ms data 1ms clip 20ms optim 111ms step 6124ms mem 1452/3311MB
step 246,340 | loss 2.6571 | lr 2.39e-04 | 1333 tok/s | fwd_bwd 5979ms data 0ms clip 20ms optim 112ms step 6122ms mem 1493/3311MB
step 246,350 | loss 3.5278 | lr 2.39e-04 | 1334 tok/s | fwd_bwd 5981ms data 0ms clip 20ms optim 112ms step 6117ms mem 1493/3311MB
step 246,360 | loss 1.9242 | lr 2.39e-04 | 1334 tok/s | fwd_bwd 5965ms data 1ms clip 20ms optim 111ms step 6116ms mem 1493/3311MB
step 246,370 | loss 0.9109 | lr 2.39e-04 | 1339 tok/s | fwd_bwd 5970ms data 1ms clip 20ms optim 111ms step 6120ms mem 1493/3311MB
step 246,380 | loss 1.5727 | lr 2.39e-04 | 1331 tok/s | fwd_bwd 5993ms data 0ms clip 20ms optim 112ms step 6132ms mem 1493/3311MB
step 246,390 | loss 0.8544 | lr 2.39e-04 | 1325 tok/s | fwd_bwd 5976ms data 1ms clip 20ms optim 112ms step 6121ms mem 1493/3311MB
Checkpoint saved: checkpoints/step_246392
  Pruning old checkpoint: checkpoints/step_245254
step 246,400 | loss 3.5882 | lr 2.39e-04 | 1315 tok/s | fwd_bwd 6037ms data 0ms clip 20ms optim 112ms step 6178ms mem 1452/3311MB
step 246,410 | loss 2.0626 | lr 2.39e-04 | 1332 tok/s | fwd_bwd 6000ms data 1ms clip 20ms optim 112ms step 6147ms mem 1493/3311MB
step 246,420 | loss 1.5575 | lr 2.39e-04 | 1334 tok/s | fwd_bwd 5994ms data 0ms clip 20ms optim 112ms step 6133ms mem 1452/3311MB
step 246,430 | loss 1.7114 | lr 2.39e-04 | 1332 tok/s | fwd_bwd 5992ms data 1ms clip 20ms optim 112ms step 6136ms mem 1493/3311MB
step 246,440 | loss 1.2868 | lr 2.39e-04 | 1327 tok/s | fwd_bwd 5921ms data 1ms clip 20ms optim 111ms step 6067ms mem 1493/3311MB
step 246,450 | loss 1.2078 | lr 2.39e-04 | 1322 tok/s | fwd_bwd 6075ms data 1ms clip 23ms optim 121ms step 6235ms mem 1493/3311MB
step 246,460 | loss 0.7980 | lr 2.39e-04 | 1293 tok/s | fwd_bwd 5943ms data 1ms clip 20ms optim 111ms step 6093ms mem 1493/3311MB
step 246,470 | loss 2.3336 | lr 2.39e-04 | 1290 tok/s | fwd_bwd 6037ms data 1ms clip 20ms optim 111ms step 6179ms mem 1493/3311MB
step 246,480 | loss 3.3854 | lr 2.39e-04 | 1326 tok/s | fwd_bwd 5949ms data 0ms clip 20ms optim 111ms step 6086ms mem 1493/3311MB
step 246,490 | loss 0.5781 | lr 2.39e-04 | 1332 tok/s | fwd_bwd 6013ms data 1ms clip 23ms optim 121ms step 6176ms mem 1493/3311MB
step 246,500 | loss 3.7718 | lr 2.39e-04 | 1332 tok/s | fwd_bwd 6013ms data 1ms clip 20ms optim 111ms step 6164ms mem 1493/3311MB
  [eval] step 246500 | val_loss 1.6323 | ppl 5.12
step 246,510 | loss 3.4371 | lr 2.39e-04 | 751 tok/s | fwd_bwd 5952ms data 0ms clip 20ms optim 111ms step 6089ms mem 1493/3311MB
step 246,520 | loss 1.5106 | lr 2.39e-04 | 1334 tok/s | fwd_bwd 5887ms data 0ms clip 20ms optim 112ms step 6030ms mem 1493/3311MB
step 246,530 | loss 1.9293 | lr 2.39e-04 | 1333 tok/s | fwd_bwd 6042ms data 1ms clip 24ms optim 121ms step 6204ms mem 1493/3311MB
step 246,540 | loss 2.5043 | lr 2.39e-04 | 1337 tok/s | fwd_bwd 5956ms data 0ms clip 20ms optim 111ms step 6093ms mem 1493/3311MB
step 246,550 | loss 3.7235 | lr 2.39e-04 | 1331 tok/s | fwd_bwd 5972ms data 0ms clip 20ms optim 111ms step 6114ms mem 1493/3311MB
step 246,560 | loss 1.8227 | lr 2.39e-04 | 1336 tok/s | fwd_bwd 5942ms data 0ms clip 20ms optim 111ms step 6077ms mem 1493/3311MB
step 246,570 | loss 2.5356 | lr 2.39e-04 | 1335 tok/s | fwd_bwd 6005ms data 0ms clip 20ms optim 112ms step 6147ms mem 1493/3311MB
step 246,580 | loss 3.4823 | lr 2.39e-04 | 1333 tok/s | fwd_bwd 5894ms data 0ms clip 20ms optim 112ms step 6035ms mem 1493/3311MB
Checkpoint saved: checkpoints/step_246583
  Pruning old checkpoint: checkpoints/step_245823

Training complete at step 246583.
