Resuming from checkpoint: checkpoints/step_124511
  Resumed at step 124511

============================================================
  Unrealistic 187M — Training
  Parameters: 189,748,992
  Dtype: bfloat16
  Optimizer: AdamW (mlx)
  Micro-batch: 1 × 8 accum
  Effective batch: 8
  Memory: 535 MB
============================================================

step 124,520 | loss 4.0945 | lr 9.00e-06 | 1178 tok/s | fwd_bwd 6133ms data 0ms clip 22ms optim 115ms step 6275ms mem 1448/3311MB
step 124,530 | loss 4.5146 | lr 1.90e-05 | 1098 tok/s | fwd_bwd 7023ms data 1ms clip 21ms optim 117ms step 7169ms mem 1493/3311MB
step 124,540 | loss 3.7334 | lr 2.90e-05 | 1272 tok/s | fwd_bwd 6112ms data 1ms clip 20ms optim 110ms step 6261ms mem 1493/3311MB
step 124,550 | loss 3.4109 | lr 3.90e-05 | 1274 tok/s | fwd_bwd 6454ms data 0ms clip 20ms optim 111ms step 6589ms mem 1493/3311MB
step 124,560 | loss 3.9995 | lr 4.90e-05 | 1303 tok/s | fwd_bwd 6085ms data 1ms clip 20ms optim 111ms step 6227ms mem 1493/3311MB
step 124,570 | loss 3.9681 | lr 5.90e-05 | 1311 tok/s | fwd_bwd 6136ms data 1ms clip 23ms optim 119ms step 6299ms mem 1482/3311MB
step 124,580 | loss 3.8076 | lr 6.90e-05 | 1319 tok/s | fwd_bwd 6119ms data 1ms clip 20ms optim 111ms step 6269ms mem 1493/3311MB
step 124,590 | loss 2.7488 | lr 7.90e-05 | 1319 tok/s | fwd_bwd 6132ms data 1ms clip 21ms optim 113ms step 6285ms mem 1493/3311MB
step 124,600 | loss 3.1404 | lr 8.90e-05 | 1326 tok/s | fwd_bwd 6021ms data 1ms clip 20ms optim 111ms step 6162ms mem 1452/3311MB
step 124,610 | loss 3.3367 | lr 9.90e-05 | 1327 tok/s | fwd_bwd 6012ms data 0ms clip 20ms optim 112ms step 6153ms mem 1493/3311MB
step 124,620 | loss 3.3567 | lr 1.09e-04 | 1326 tok/s | fwd_bwd 6004ms data 1ms clip 20ms optim 111ms step 6152ms mem 1493/3311MB
step 124,630 | loss 3.9612 | lr 1.19e-04 | 1322 tok/s | fwd_bwd 6015ms data 0ms clip 20ms optim 111ms step 6155ms mem 1493/3311MB
step 124,640 | loss 3.8831 | lr 1.29e-04 | 1329 tok/s | fwd_bwd 6004ms data 0ms clip 20ms optim 111ms step 6141ms mem 1493/3311MB
step 124,650 | loss 4.2129 | lr 1.39e-04 | 1328 tok/s | fwd_bwd 6007ms data 1ms clip 20ms optim 111ms step 6150ms mem 1451/3311MB
step 124,660 | loss 4.8092 | lr 1.49e-04 | 1327 tok/s | fwd_bwd 6007ms data 1ms clip 20ms optim 111ms step 6155ms mem 1451/3311MB
step 124,670 | loss 2.6248 | lr 1.59e-04 | 1328 tok/s | fwd_bwd 5996ms data 0ms clip 20ms optim 111ms step 6134ms mem 1451/3311MB
step 124,680 | loss 3.9375 | lr 1.69e-04 | 1323 tok/s | fwd_bwd 6122ms data 1ms clip 22ms optim 118ms step 6281ms mem 1490/3311MB
step 124,690 | loss 4.0288 | lr 1.79e-04 | 1323 tok/s | fwd_bwd 6038ms data 1ms clip 20ms optim 111ms step 6186ms mem 1493/3311MB
step 124,700 | loss 3.9827 | lr 1.89e-04 | 1323 tok/s | fwd_bwd 6028ms data 0ms clip 20ms optim 111ms step 6166ms mem 1493/3311MB
step 124,710 | loss 4.0508 | lr 1.99e-04 | 1323 tok/s | fwd_bwd 6073ms data 1ms clip 23ms optim 119ms step 6236ms mem 1493/3311MB
step 124,720 | loss 2.4715 | lr 2.09e-04 | 1323 tok/s | fwd_bwd 6043ms data 0ms clip 20ms optim 111ms step 6178ms mem 1493/3311MB
step 124,730 | loss 3.7481 | lr 2.19e-04 | 1320 tok/s | fwd_bwd 6062ms data 0ms clip 20ms optim 111ms step 6202ms mem 1493/3311MB
step 124,740 | loss 4.6829 | lr 2.29e-04 | 1318 tok/s | fwd_bwd 6046ms data 0ms clip 20ms optim 111ms step 6184ms mem 1493/3311MB
step 124,750 | loss 4.0114 | lr 2.39e-04 | 1324 tok/s | fwd_bwd 6041ms data 1ms clip 20ms optim 111ms step 6188ms mem 1452/3311MB
step 124,760 | loss 3.2461 | lr 2.49e-04 | 1324 tok/s | fwd_bwd 6019ms data 0ms clip 20ms optim 111ms step 6155ms mem 1493/3311MB
step 124,770 | loss 4.2179 | lr 2.59e-04 | 1322 tok/s | fwd_bwd 6053ms data 0ms clip 20ms optim 111ms step 6190ms mem 1493/3311MB
step 124,780 | loss 2.7350 | lr 2.69e-04 | 1318 tok/s | fwd_bwd 6074ms data 0ms clip 20ms optim 111ms step 6215ms mem 1493/3311MB
step 124,790 | loss 4.4051 | lr 2.79e-04 | 1318 tok/s | fwd_bwd 6058ms data 1ms clip 20ms optim 112ms step 6205ms mem 1493/3311MB
step 124,800 | loss 4.9097 | lr 2.89e-04 | 1317 tok/s | fwd_bwd 6066ms data 1ms clip 20ms optim 111ms step 6210ms mem 1493/3311MB
step 124,810 | loss 3.4157 | lr 2.99e-04 | 1318 tok/s | fwd_bwd 6048ms data 0ms clip 20ms optim 111ms step 6188ms mem 1493/3311MB
step 124,820 | loss 3.5315 | lr 3.00e-04 | 1320 tok/s | fwd_bwd 6038ms data 0ms clip 20ms optim 111ms step 6178ms mem 1493/3311MB
step 124,830 | loss 3.0447 | lr 3.00e-04 | 1317 tok/s | fwd_bwd 6065ms data 0ms clip 20ms optim 112ms step 6204ms mem 1493/3311MB
step 124,840 | loss 3.4213 | lr 3.00e-04 | 1321 tok/s | fwd_bwd 6032ms data 1ms clip 20ms optim 111ms step 6176ms mem 1493/3311MB
step 124,850 | loss 2.7592 | lr 3.00e-04 | 1323 tok/s | fwd_bwd 6030ms data 0ms clip 20ms optim 111ms step 6170ms mem 1493/3311MB
step 124,860 | loss 3.6826 | lr 3.00e-04 | 1323 tok/s | fwd_bwd 6032ms data 0ms clip 20ms optim 111ms step 6170ms mem 1493/3311MB
step 124,870 | loss 3.8453 | lr 3.00e-04 | 1316 tok/s | fwd_bwd 6055ms data 0ms clip 20ms optim 111ms step 6197ms mem 1493/3311MB
step 124,880 | loss 3.5901 | lr 3.00e-04 | 1318 tok/s | fwd_bwd 6096ms data 1ms clip 23ms optim 119ms step 6258ms mem 1492/3311MB
step 124,890 | loss 4.2658 | lr 3.00e-04 | 1325 tok/s | fwd_bwd 6076ms data 1ms clip 23ms optim 119ms step 6240ms mem 1493/3311MB
step 124,900 | loss 3.9070 | lr 3.00e-04 | 1329 tok/s | fwd_bwd 6000ms data 1ms clip 20ms optim 110ms step 6142ms mem 1451/3311MB
step 124,910 | loss 3.2182 | lr 3.00e-04 | 1330 tok/s | fwd_bwd 5999ms data 0ms clip 20ms optim 111ms step 6133ms mem 1493/3311MB
step 124,920 | loss 3.4030 | lr 3.00e-04 | 1312 tok/s | fwd_bwd 6089ms data 0ms clip 20ms optim 112ms step 6227ms mem 1493/3311MB
step 124,930 | loss 3.8658 | lr 3.00e-04 | 1314 tok/s | fwd_bwd 5955ms data 1ms clip 20ms optim 111ms step 6101ms mem 1493/3311MB
step 124,940 | loss 3.5843 | lr 3.00e-04 | 1326 tok/s | fwd_bwd 5996ms data 0ms clip 20ms optim 111ms step 6136ms mem 1451/3311MB
step 124,950 | loss 2.5507 | lr 3.00e-04 | 1331 tok/s | fwd_bwd 6010ms data 1ms clip 20ms optim 111ms step 6157ms mem 1493/3311MB
step 124,960 | loss 4.4188 | lr 3.00e-04 | 1330 tok/s | fwd_bwd 6038ms data 0ms clip 20ms optim 112ms step 6174ms mem 1493/3311MB
step 124,970 | loss 3.5432 | lr 3.00e-04 | 1325 tok/s | fwd_bwd 6029ms data 1ms clip 20ms optim 111ms step 6177ms mem 1493/3311MB
step 124,980 | loss 3.7646 | lr 3.00e-04 | 1323 tok/s | fwd_bwd 6040ms data 0ms clip 20ms optim 111ms step 6179ms mem 1493/3311MB
step 124,990 | loss 2.2820 | lr 3.00e-04 | 1325 tok/s | fwd_bwd 6026ms data 1ms clip 20ms optim 112ms step 6172ms mem 1493/3311MB
step 125,000 | loss 3.3427 | lr 3.00e-04 | 1320 tok/s | fwd_bwd 6017ms data 0ms clip 20ms optim 111ms step 6154ms mem 1451/3311MB
  [eval] step 125000 | val_loss 3.7349 | ppl 41.88
Checkpoint saved: checkpoints/step_125000
  [samples] wrote checkpoints/step_125000/samples.txt
  Pruning old checkpoint: checkpoints/step_124000
step 125,010 | loss 4.2856 | lr 3.00e-04 | 162 tok/s | fwd_bwd 6207ms data 1ms clip 23ms optim 120ms step 6369ms mem 1448/3928MB
Checkpoint saved: checkpoints/step_125017
  Pruning old checkpoint: checkpoints/step_124324
step 125,020 | loss 5.1712 | lr 3.00e-04 | 1278 tok/s | fwd_bwd 6129ms data 0ms clip 20ms optim 111ms step 6269ms mem 1448/3928MB
step 125,030 | loss 3.2443 | lr 3.00e-04 | 1309 tok/s | fwd_bwd 6088ms data 0ms clip 20ms optim 111ms step 6227ms mem 1448/3928MB
step 125,040 | loss 2.3278 | lr 3.00e-04 | 1313 tok/s | fwd_bwd 6089ms data 0ms clip 20ms optim 111ms step 6231ms mem 1448/3928MB
step 125,050 | loss 3.3591 | lr 3.00e-04 | 1292 tok/s | fwd_bwd 6347ms data 1ms clip 20ms optim 111ms step 6496ms mem 1448/3928MB
step 125,060 | loss 4.3840 | lr 3.00e-04 | 1296 tok/s | fwd_bwd 6137ms data 1ms clip 20ms optim 111ms step 6281ms mem 1448/3928MB
step 125,070 | loss 3.9080 | lr 3.00e-04 | 1309 tok/s | fwd_bwd 6087ms data 0ms clip 20ms optim 111ms step 6222ms mem 1448/3928MB
step 125,080 | loss 2.7799 | lr 3.00e-04 | 1315 tok/s | fwd_bwd 6066ms data 0ms clip 20ms optim 111ms step 6203ms mem 1448/3928MB
step 125,090 | loss 2.3229 | lr 3.00e-04 | 1318 tok/s | fwd_bwd 5967ms data 0ms clip 20ms optim 111ms step 6107ms mem 1448/3928MB
step 125,100 | loss 3.4847 | lr 3.00e-04 | 1316 tok/s | fwd_bwd 6075ms data 0ms clip 20ms optim 111ms step 6215ms mem 1448/3928MB
step 125,110 | loss 3.5071 | lr 3.00e-04 | 1304 tok/s | fwd_bwd 6116ms data 0ms clip 20ms optim 111ms step 6259ms mem 1448/3928MB
step 125,120 | loss 2.7524 | lr 3.00e-04 | 1302 tok/s | fwd_bwd 6151ms data 0ms clip 20ms optim 112ms step 6294ms mem 1448/3928MB
step 125,130 | loss 1.7654 | lr 3.00e-04 | 1295 tok/s | fwd_bwd 6167ms data 0ms clip 20ms optim 111ms step 6306ms mem 1448/3928MB
step 125,140 | loss 1.7787 | lr 3.00e-04 | 1286 tok/s | fwd_bwd 6224ms data 0ms clip 20ms optim 111ms step 6361ms mem 1448/3928MB
step 125,150 | loss 3.6128 | lr 3.00e-04 | 1284 tok/s | fwd_bwd 6227ms data 0ms clip 20ms optim 111ms step 6366ms mem 1448/3928MB
step 125,160 | loss 3.5519 | lr 3.00e-04 | 1276 tok/s | fwd_bwd 6448ms data 0ms clip 20ms optim 112ms step 6586ms mem 1448/3928MB
step 125,170 | loss 4.3088 | lr 3.00e-04 | 1279 tok/s | fwd_bwd 6262ms data 1ms clip 20ms optim 112ms step 6406ms mem 1448/3928MB
step 125,180 | loss 3.2409 | lr 3.00e-04 | 1278 tok/s | fwd_bwd 6209ms data 1ms clip 20ms optim 111ms step 6356ms mem 1448/3928MB
step 125,190 | loss 3.2256 | lr 3.00e-04 | 1275 tok/s | fwd_bwd 6285ms data 1ms clip 20ms optim 111ms step 6432ms mem 1448/3928MB
step 125,200 | loss 4.4534 | lr 3.00e-04 | 1273 tok/s | fwd_bwd 6270ms data 1ms clip 20ms optim 111ms step 6415ms mem 1448/3928MB
step 125,210 | loss 4.1775 | lr 3.00e-04 | 1265 tok/s | fwd_bwd 6558ms data 0ms clip 20ms optim 112ms step 6696ms mem 1448/3928MB
step 125,220 | loss 3.8637 | lr 3.00e-04 | 1269 tok/s | fwd_bwd 6319ms data 0ms clip 21ms optim 111ms step 6462ms mem 1448/3928MB
step 125,230 | loss 3.6085 | lr 3.00e-04 | 1262 tok/s | fwd_bwd 6350ms data 1ms clip 21ms optim 113ms step 6504ms mem 1448/3928MB
step 125,240 | loss 3.3323 | lr 3.00e-04 | 1094 tok/s | fwd_bwd 7643ms data 0ms clip 23ms optim 122ms step 7791ms mem 1493/3928MB
step 125,250 | loss 2.3703 | lr 3.00e-04 | 1169 tok/s | fwd_bwd 7463ms data 1ms clip 20ms optim 112ms step 7604ms mem 1493/3928MB
step 125,260 | loss 2.5837 | lr 3.00e-04 | 1216 tok/s | fwd_bwd 6683ms data 1ms clip 23ms optim 117ms step 6838ms mem 1493/3928MB
step 125,270 | loss 3.2713 | lr 3.00e-04 | 1102 tok/s | fwd_bwd 7207ms data 1ms clip 24ms optim 121ms step 7365ms mem 1452/3928MB
step 125,280 | loss 3.6419 | lr 3.00e-04 | 1236 tok/s | fwd_bwd 6308ms data 0ms clip 20ms optim 111ms step 6447ms mem 1451/3928MB
step 125,290 | loss 4.1054 | lr 3.00e-04 | 1251 tok/s | fwd_bwd 6345ms data 0ms clip 20ms optim 111ms step 6480ms mem 1493/3928MB
step 125,300 | loss 4.0401 | lr 3.00e-04 | 1256 tok/s | fwd_bwd 6341ms data 0ms clip 20ms optim 112ms step 6477ms mem 1493/3928MB
step 125,310 | loss 3.2574 | lr 3.00e-04 | 1250 tok/s | fwd_bwd 6357ms data 0ms clip 20ms optim 113ms step 6493ms mem 1451/3928MB
step 125,320 | loss 2.9984 | lr 3.00e-04 | 1253 tok/s | fwd_bwd 6374ms data 1ms clip 20ms optim 112ms step 6525ms mem 1493/3928MB
step 125,330 | loss 2.8879 | lr 3.00e-04 | 1246 tok/s | fwd_bwd 6356ms data 0ms clip 20ms optim 112ms step 6492ms mem 1493/3928MB
step 125,340 | loss 3.3095 | lr 3.00e-04 | 1250 tok/s | fwd_bwd 6397ms data 1ms clip 21ms optim 112ms step 6544ms mem 1452/3928MB
step 125,350 | loss 3.4116 | lr 3.00e-04 | 1255 tok/s | fwd_bwd 6383ms data 0ms clip 20ms optim 112ms step 6525ms mem 1493/3928MB
step 125,360 | loss 4.3114 | lr 3.00e-04 | 1251 tok/s | fwd_bwd 6367ms data 0ms clip 20ms optim 115ms step 6510ms mem 1493/3928MB
step 125,370 | loss 3.6357 | lr 3.00e-04 | 1254 tok/s | fwd_bwd 6381ms data 0ms clip 20ms optim 112ms step 6523ms mem 1451/3928MB
step 125,380 | loss 3.4347 | lr 3.00e-04 | 1252 tok/s | fwd_bwd 6366ms data 0ms clip 20ms optim 111ms step 6508ms mem 1452/3928MB
step 125,390 | loss 4.1223 | lr 3.00e-04 | 1256 tok/s | fwd_bwd 6364ms data 1ms clip 20ms optim 112ms step 6512ms mem 1493/3928MB
step 125,400 | loss 3.4584 | lr 3.00e-04 | 1260 tok/s | fwd_bwd 6341ms data 0ms clip 20ms optim 113ms step 6482ms mem 1493/3928MB
step 125,410 | loss 3.3436 | lr 3.00e-04 | 1250 tok/s | fwd_bwd 6413ms data 1ms clip 20ms optim 111ms step 6563ms mem 1493/3928MB
step 125,420 | loss 2.9108 | lr 3.00e-04 | 1263 tok/s | fwd_bwd 6341ms data 0ms clip 20ms optim 111ms step 6479ms mem 1493/3928MB
step 125,430 | loss 2.6695 | lr 3.00e-04 | 1264 tok/s | fwd_bwd 6185ms data 0ms clip 20ms optim 115ms step 6325ms mem 1452/3928MB
step 125,440 | loss 2.7674 | lr 3.00e-04 | 1265 tok/s | fwd_bwd 6325ms data 0ms clip 20ms optim 113ms step 6465ms mem 1493/3928MB
step 125,450 | loss 3.0468 | lr 3.00e-04 | 1264 tok/s | fwd_bwd 6309ms data 0ms clip 20ms optim 111ms step 6444ms mem 1493/3928MB
step 125,460 | loss 2.2204 | lr 3.00e-04 | 1250 tok/s | fwd_bwd 6367ms data 0ms clip 23ms optim 112ms step 6507ms mem 1493/3928MB
step 125,470 | loss 3.6207 | lr 3.00e-04 | 1250 tok/s | fwd_bwd 6370ms data 0ms clip 20ms optim 112ms step 6512ms mem 1493/3928MB
step 125,480 | loss 3.1422 | lr 3.00e-04 | 1260 tok/s | fwd_bwd 6322ms data 0ms clip 20ms optim 111ms step 6459ms mem 1493/3928MB
step 125,490 | loss 3.2725 | lr 3.00e-04 | 1260 tok/s | fwd_bwd 6324ms data 0ms clip 20ms optim 112ms step 6462ms mem 1493/3928MB
step 125,500 | loss 2.2214 | lr 3.00e-04 | 1261 tok/s | fwd_bwd 6328ms data 0ms clip 20ms optim 111ms step 6465ms mem 1493/3928MB
  [eval] step 125500 | val_loss 3.6152 | ppl 37.16
step 125,510 | loss 2.9075 | lr 3.00e-04 | 177 tok/s | fwd_bwd 6227ms data 0ms clip 23ms optim 121ms step 6378ms mem 1488/3928MB
Checkpoint saved: checkpoints/step_125510
  Pruning old checkpoint: checkpoints/step_124511
step 125,520 | loss 2.6747 | lr 3.00e-04 | 1014 tok/s | fwd_bwd 6777ms data 1ms clip 23ms optim 127ms step 6945ms mem 1493/3928MB
step 125,530 | loss 3.4085 | lr 3.00e-04 | 1244 tok/s | fwd_bwd 6304ms data 1ms clip 21ms optim 114ms step 6458ms mem 1489/3928MB
step 125,540 | loss 3.1190 | lr 3.00e-04 | 1278 tok/s | fwd_bwd 6209ms data 1ms clip 20ms optim 112ms step 6352ms mem 1493/3928MB
step 125,550 | loss 2.6907 | lr 3.00e-04 | 1289 tok/s | fwd_bwd 6199ms data 1ms clip 20ms optim 116ms step 6351ms mem 1493/3928MB
step 125,560 | loss 3.7580 | lr 3.00e-04 | 1283 tok/s | fwd_bwd 6186ms data 1ms clip 20ms optim 113ms step 6330ms mem 1493/3928MB
step 125,570 | loss 4.0396 | lr 3.00e-04 | 1290 tok/s | fwd_bwd 6179ms data 0ms clip 20ms optim 112ms step 6317ms mem 1493/3928MB
step 125,580 | loss 3.2643 | lr 3.00e-04 | 1289 tok/s | fwd_bwd 6172ms data 1ms clip 20ms optim 115ms step 6318ms mem 1493/3928MB
step 125,590 | loss 4.5450 | lr 3.00e-04 | 1295 tok/s | fwd_bwd 6149ms data 0ms clip 20ms optim 112ms step 6285ms mem 1493/3928MB
step 125,600 | loss 3.5148 | lr 3.00e-04 | 1290 tok/s | fwd_bwd 6056ms data 1ms clip 20ms optim 111ms step 6201ms mem 1493/3928MB
step 125,610 | loss 3.9422 | lr 3.00e-04 | 1286 tok/s | fwd_bwd 6226ms data 1ms clip 20ms optim 111ms step 6377ms mem 1493/3928MB
step 125,620 | loss 2.8756 | lr 3.00e-04 | 1296 tok/s | fwd_bwd 6148ms data 1ms clip 20ms optim 111ms step 6291ms mem 1493/3928MB
step 125,630 | loss 2.4050 | lr 3.00e-04 | 1302 tok/s | fwd_bwd 6119ms data 0ms clip 20ms optim 111ms step 6257ms mem 1493/3928MB
step 125,640 | loss 2.5178 | lr 3.00e-04 | 1301 tok/s | fwd_bwd 6242ms data 1ms clip 20ms optim 112ms step 6393ms mem 1493/3928MB
step 125,650 | loss 3.5962 | lr 3.00e-04 | 1301 tok/s | fwd_bwd 6157ms data 1ms clip 20ms optim 112ms step 6298ms mem 1493/3928MB
step 125,660 | loss 3.2039 | lr 3.00e-04 | 1290 tok/s | fwd_bwd 6161ms data 0ms clip 20ms optim 113ms step 6298ms mem 1493/3928MB
step 125,670 | loss 2.2126 | lr 3.00e-04 | 1289 tok/s | fwd_bwd 6157ms data 0ms clip 20ms optim 113ms step 6296ms mem 1493/3928MB
step 125,680 | loss 3.8029 | lr 3.00e-04 | 1293 tok/s | fwd_bwd 6177ms data 0ms clip 20ms optim 112ms step 6316ms mem 1493/3928MB
step 125,690 | loss 4.1422 | lr 3.00e-04 | 1293 tok/s | fwd_bwd 6169ms data 0ms clip 20ms optim 111ms step 6306ms mem 1493/3928MB
step 125,700 | loss 3.5626 | lr 3.00e-04 | 1293 tok/s | fwd_bwd 6174ms data 1ms clip 20ms optim 112ms step 6315ms mem 1493/3928MB
step 125,710 | loss 4.3178 | lr 3.00e-04 | 1286 tok/s | fwd_bwd 6176ms data 0ms clip 20ms optim 111ms step 6316ms mem 1452/3928MB
step 125,720 | loss 3.0253 | lr 3.00e-04 | 1287 tok/s | fwd_bwd 6256ms data 1ms clip 20ms optim 113ms step 6407ms mem 1493/3928MB
step 125,730 | loss 2.4790 | lr 3.00e-04 | 1283 tok/s | fwd_bwd 6226ms data 0ms clip 20ms optim 111ms step 6364ms mem 1493/3928MB
step 125,740 | loss 4.2677 | lr 3.00e-04 | 1275 tok/s | fwd_bwd 6252ms data 0ms clip 20ms optim 117ms step 6396ms mem 1493/3928MB
step 125,750 | loss 3.9998 | lr 3.00e-04 | 1267 tok/s | fwd_bwd 6287ms data 1ms clip 20ms optim 111ms step 6430ms mem 1493/3928MB
step 125,760 | loss 2.9374 | lr 3.00e-04 | 1257 tok/s | fwd_bwd 6585ms data 0ms clip 21ms optim 113ms step 6725ms mem 1493/3928MB
step 125,770 | loss 2.9457 | lr 3.00e-04 | 1227 tok/s | fwd_bwd 6411ms data 1ms clip 21ms optim 112ms step 6551ms mem 1493/3928MB
step 125,780 | loss 3.2161 | lr 3.00e-04 | 1260 tok/s | fwd_bwd 6222ms data 1ms clip 20ms optim 111ms step 6364ms mem 1493/3928MB
step 125,790 | loss 2.3908 | lr 3.00e-04 | 1266 tok/s | fwd_bwd 6270ms data 1ms clip 20ms optim 111ms step 6414ms mem 1493/3928MB
step 125,800 | loss 2.7973 | lr 3.00e-04 | 1270 tok/s | fwd_bwd 6310ms data 1ms clip 20ms optim 112ms step 6454ms mem 1493/3928MB
step 125,810 | loss 3.1349 | lr 3.00e-04 | 1260 tok/s | fwd_bwd 6409ms data 1ms clip 20ms optim 111ms step 6552ms mem 1493/3928MB
step 125,820 | loss 3.6041 | lr 3.00e-04 | 1219 tok/s | fwd_bwd 6271ms data 1ms clip 20ms optim 112ms step 6418ms mem 1493/3928MB
step 125,830 | loss 3.8121 | lr 3.00e-04 | 1163 tok/s | fwd_bwd 6622ms data 1ms clip 22ms optim 120ms step 6782ms mem 1493/3928MB
step 125,840 | loss 2.4434 | lr 3.00e-04 | 1097 tok/s | fwd_bwd 6609ms data 0ms clip 20ms optim 112ms step 6747ms mem 1493/3928MB
step 125,850 | loss 2.6055 | lr 3.00e-04 | 1125 tok/s | fwd_bwd 6542ms data 1ms clip 23ms optim 125ms step 6711ms mem 1476/3928MB
step 125,860 | loss 3.2582 | lr 3.00e-04 | 1238 tok/s | fwd_bwd 6372ms data 1ms clip 20ms optim 111ms step 6521ms mem 1452/3928MB
step 125,870 | loss 2.5354 | lr 3.00e-04 | 1171 tok/s | fwd_bwd 6633ms data 0ms clip 20ms optim 112ms step 6772ms mem 1493/3928MB
step 125,880 | loss 2.3009 | lr 3.00e-04 | 1090 tok/s | fwd_bwd 7609ms data 0ms clip 22ms optim 120ms step 7757ms mem 1493/3928MB
step 125,890 | loss 3.3482 | lr 3.00e-04 | 1082 tok/s | fwd_bwd 6631ms data 1ms clip 20ms optim 112ms step 6771ms mem 1448/3928MB
step 125,900 | loss 1.9802 | lr 3.00e-04 | 1206 tok/s | fwd_bwd 6721ms data 1ms clip 26ms optim 121ms step 6880ms mem 1448/3928MB
step 125,910 | loss 3.3404 | lr 3.00e-04 | 1150 tok/s | fwd_bwd 7483ms data 0ms clip 22ms optim 118ms step 7629ms mem 1448/3928MB
step 125,920 | loss 3.1609 | lr 3.00e-04 | 1105 tok/s | fwd_bwd 9569ms data 1ms clip 26ms optim 127ms step 9730ms mem 1448/3928MB
step 125,930 | loss 1.7287 | lr 3.00e-04 | 1102 tok/s | fwd_bwd 6862ms data 0ms clip 21ms optim 113ms step 7001ms mem 1493/3928MB
step 125,940 | loss 1.8362 | lr 3.00e-04 | 1176 tok/s | fwd_bwd 6640ms data 0ms clip 20ms optim 113ms step 6778ms mem 1493/3928MB
step 125,950 | loss 3.9409 | lr 3.00e-04 | 1175 tok/s | fwd_bwd 6659ms data 1ms clip 22ms optim 118ms step 6817ms mem 1493/3928MB
step 125,960 | loss 3.9966 | lr 3.00e-04 | 1119 tok/s | fwd_bwd 6644ms data 1ms clip 21ms optim 113ms step 6790ms mem 1493/3928MB
step 125,970 | loss 3.5154 | lr 3.00e-04 | 1225 tok/s | fwd_bwd 6470ms data 1ms clip 20ms optim 111ms step 6620ms mem 1493/3928MB
step 125,980 | loss 2.9422 | lr 3.00e-04 | 1252 tok/s | fwd_bwd 6432ms data 1ms clip 24ms optim 121ms step 6597ms mem 1493/3928MB
step 125,990 | loss 2.4593 | lr 3.00e-04 | 1259 tok/s | fwd_bwd 6361ms data 1ms clip 20ms optim 111ms step 6507ms mem 1493/3928MB
step 126,000 | loss 2.9024 | lr 3.00e-04 | 1246 tok/s | fwd_bwd 6334ms data 0ms clip 20ms optim 112ms step 6470ms mem 1493/3928MB
  [eval] step 126000 | val_loss 3.5899 | ppl 36.23
Checkpoint saved: checkpoints/step_126000
  [samples] wrote checkpoints/step_126000/samples.txt
  Pruning old checkpoint: checkpoints/step_125000
Checkpoint saved: checkpoints/step_126000
step 126,010 | loss 2.6678 | lr 3.00e-04 | 160 tok/s | fwd_bwd 6368ms data 0ms clip 20ms optim 111ms step 6503ms mem 1452/3928MB
step 126,020 | loss 1.9551 | lr 3.00e-04 | 1238 tok/s | fwd_bwd 6390ms data 0ms clip 20ms optim 111ms step 6527ms mem 1493/3928MB
step 126,030 | loss 2.8755 | lr 3.00e-04 | 1017 tok/s | fwd_bwd 9667ms data 1ms clip 56ms optim 252ms step 9980ms mem 1448/3928MB
step 126,040 | loss 4.1000 | lr 3.00e-04 | 1099 tok/s | fwd_bwd 7336ms data 1ms clip 23ms optim 121ms step 7491ms mem 1452/3928MB
step 126,050 | loss 3.1074 | lr 3.00e-04 | 1151 tok/s | fwd_bwd 7706ms data 0ms clip 22ms optim 120ms step 7853ms mem 1493/3928MB
step 126,060 | loss 3.2287 | lr 3.00e-04 | 1182 tok/s | fwd_bwd 6585ms data 1ms clip 24ms optim 120ms step 6748ms mem 1493/3928MB
step 126,070 | loss 1.1398 | lr 3.00e-04 | 1147 tok/s | fwd_bwd 7299ms data 0ms clip 21ms optim 112ms step 7436ms mem 1451/3928MB
step 126,080 | loss 4.0764 | lr 3.00e-04 | 1229 tok/s | fwd_bwd 6434ms data 1ms clip 20ms optim 112ms step 6581ms mem 1493/3928MB
step 126,090 | loss 3.2840 | lr 3.00e-04 | 1255 tok/s | fwd_bwd 6333ms data 1ms clip 20ms optim 112ms step 6477ms mem 1493/3928MB
step 126,100 | loss 2.7481 | lr 3.00e-04 | 1260 tok/s | fwd_bwd 6372ms data 1ms clip 20ms optim 112ms step 6523ms mem 1493/3928MB
step 126,110 | loss 2.8003 | lr 3.00e-04 | 1264 tok/s | fwd_bwd 6337ms data 0ms clip 20ms optim 112ms step 6477ms mem 1493/3928MB
step 126,120 | loss 3.2936 | lr 3.00e-04 | 1256 tok/s | fwd_bwd 6378ms data 1ms clip 20ms optim 112ms step 6525ms mem 1493/3928MB
step 126,130 | loss 3.9566 | lr 3.00e-04 | 1259 tok/s | fwd_bwd 6343ms data 0ms clip 20ms optim 112ms step 6484ms mem 1493/3928MB
step 126,140 | loss 4.4962 | lr 3.00e-04 | 1262 tok/s | fwd_bwd 6309ms data 0ms clip 20ms optim 111ms step 6447ms mem 1493/3928MB
step 126,150 | loss 1.9656 | lr 3.00e-04 | 1261 tok/s | fwd_bwd 6310ms data 1ms clip 20ms optim 111ms step 6452ms mem 1493/3928MB
step 126,160 | loss 4.1145 | lr 3.00e-04 | 1264 tok/s | fwd_bwd 6284ms data 1ms clip 20ms optim 111ms step 6425ms mem 1451/3928MB
step 126,170 | loss 4.5156 | lr 3.00e-04 | 1256 tok/s | fwd_bwd 6293ms data 0ms clip 20ms optim 111ms step 6432ms mem 1493/3928MB
step 126,180 | loss 2.5718 | lr 3.00e-04 | 1254 tok/s | fwd_bwd 6421ms data 1ms clip 23ms optim 117ms step 6582ms mem 1489/3928MB
step 126,190 | loss 3.4678 | lr 3.00e-04 | 1262 tok/s | fwd_bwd 6358ms data 1ms clip 20ms optim 111ms step 6508ms mem 1493/3928MB
step 126,200 | loss 1.9368 | lr 3.00e-04 | 1262 tok/s | fwd_bwd 6312ms data 1ms clip 23ms optim 120ms step 6476ms mem 1493/3928MB
step 126,210 | loss 2.5746 | lr 3.00e-04 | 1264 tok/s | fwd_bwd 6368ms data 1ms clip 21ms optim 114ms step 6523ms mem 1493/3928MB
step 126,220 | loss 3.1596 | lr 3.00e-04 | 1259 tok/s | fwd_bwd 6366ms data 1ms clip 23ms optim 120ms step 6530ms mem 1493/3928MB
step 126,230 | loss 2.0916 | lr 3.00e-04 | 1265 tok/s | fwd_bwd 6313ms data 0ms clip 20ms optim 112ms step 6451ms mem 1493/3928MB
step 126,240 | loss 2.0820 | lr 3.00e-04 | 1259 tok/s | fwd_bwd 6303ms data 0ms clip 20ms optim 112ms step 6441ms mem 1493/3928MB
step 126,250 | loss 2.7602 | lr 3.00e-04 | 1263 tok/s | fwd_bwd 6364ms data 1ms clip 20ms optim 112ms step 6513ms mem 1464/3928MB
step 126,260 | loss 4.0257 | lr 3.00e-04 | 1261 tok/s | fwd_bwd 6326ms data 0ms clip 20ms optim 112ms step 6465ms mem 1493/3928MB
step 126,270 | loss 2.3116 | lr 3.00e-04 | 1258 tok/s | fwd_bwd 6381ms data 0ms clip 20ms optim 112ms step 6523ms mem 1493/3928MB
step 126,280 | loss 3.7715 | lr 3.00e-04 | 1261 tok/s | fwd_bwd 6345ms data 0ms clip 20ms optim 111ms step 6484ms mem 1493/3928MB
step 126,290 | loss 3.3581 | lr 3.00e-04 | 1254 tok/s | fwd_bwd 6334ms data 0ms clip 20ms optim 112ms step 6475ms mem 1451/3928MB
step 126,300 | loss 4.1270 | lr 3.00e-04 | 1262 tok/s | fwd_bwd 6311ms data 1ms clip 20ms optim 112ms step 6454ms mem 1493/3928MB
step 126,310 | loss 3.7815 | lr 3.00e-04 | 1270 tok/s | fwd_bwd 6262ms data 1ms clip 24ms optim 120ms step 6427ms mem 1490/3928MB
step 126,320 | loss 3.6773 | lr 3.00e-04 | 1275 tok/s | fwd_bwd 6294ms data 1ms clip 20ms optim 112ms step 6436ms mem 1452/3928MB
step 126,330 | loss 3.2871 | lr 3.00e-04 | 1269 tok/s | fwd_bwd 6273ms data 0ms clip 20ms optim 112ms step 6415ms mem 1493/3928MB
step 126,340 | loss 2.1952 | lr 3.00e-04 | 1271 tok/s | fwd_bwd 6276ms data 0ms clip 20ms optim 112ms step 6415ms mem 1493/3928MB
step 126,350 | loss 2.5209 | lr 3.00e-04 | 1278 tok/s | fwd_bwd 6211ms data 0ms clip 20ms optim 112ms step 6350ms mem 1493/3928MB
step 126,360 | loss 2.3794 | lr 3.00e-04 | 1284 tok/s | fwd_bwd 6224ms data 1ms clip 20ms optim 112ms step 6370ms mem 1493/3928MB
step 126,370 | loss 4.0577 | lr 3.00e-04 | 1277 tok/s | fwd_bwd 6352ms data 0ms clip 20ms optim 111ms step 6489ms mem 1493/3928MB
step 126,380 | loss 2.9051 | lr 3.00e-04 | 1281 tok/s | fwd_bwd 6232ms data 0ms clip 20ms optim 111ms step 6372ms mem 1493/3928MB
step 126,390 | loss 4.0714 | lr 3.00e-04 | 1283 tok/s | fwd_bwd 6291ms data 1ms clip 21ms optim 113ms step 6443ms mem 1493/3928MB
step 126,400 | loss 3.8109 | lr 3.00e-04 | 1286 tok/s | fwd_bwd 6219ms data 0ms clip 20ms optim 112ms step 6360ms mem 1451/3928MB
step 126,410 | loss 4.1450 | lr 3.00e-04 | 1288 tok/s | fwd_bwd 6195ms data 0ms clip 20ms optim 111ms step 6332ms mem 1451/3928MB
step 126,420 | loss 2.2365 | lr 3.00e-04 | 1284 tok/s | fwd_bwd 6281ms data 0ms clip 20ms optim 113ms step 6421ms mem 1493/3928MB
step 126,430 | loss 3.4116 | lr 3.00e-04 | 1278 tok/s | fwd_bwd 6236ms data 0ms clip 20ms optim 111ms step 6371ms mem 1452/3928MB
step 126,440 | loss 1.7161 | lr 3.00e-04 | 1283 tok/s | fwd_bwd 6306ms data 1ms clip 20ms optim 112ms step 6459ms mem 1450/3928MB
step 126,450 | loss 3.4624 | lr 3.00e-04 | 1292 tok/s | fwd_bwd 6205ms data 0ms clip 20ms optim 111ms step 6343ms mem 1451/3928MB
step 126,460 | loss 3.5868 | lr 3.00e-04 | 1289 tok/s | fwd_bwd 6210ms data 0ms clip 20ms optim 112ms step 6353ms mem 1493/3928MB
step 126,470 | loss 3.5729 | lr 3.00e-04 | 1281 tok/s | fwd_bwd 6270ms data 1ms clip 20ms optim 111ms step 6410ms mem 1493/3928MB
step 126,480 | loss 2.0540 | lr 3.00e-04 | 1282 tok/s | fwd_bwd 6250ms data 1ms clip 20ms optim 111ms step 6400ms mem 1493/3928MB
step 126,490 | loss 3.5787 | lr 3.00e-04 | 1286 tok/s | fwd_bwd 6206ms data 1ms clip 20ms optim 112ms step 6349ms mem 1493/3928MB
step 126,500 | loss 3.5569 | lr 3.00e-04 | 1285 tok/s | fwd_bwd 6295ms data 1ms clip 23ms optim 120ms step 6458ms mem 1493/3928MB
  [eval] step 126500 | val_loss 3.4921 | ppl 32.85
Checkpoint saved: checkpoints/step_126500
  Pruning old checkpoint: checkpoints/step_125017
step 126,510 | loss 3.3694 | lr 3.00e-04 | 179 tok/s | fwd_bwd 6242ms data 0ms clip 20ms optim 111ms step 6384ms mem 1493/3928MB
step 126,520 | loss 3.6770 | lr 3.00e-04 | 1281 tok/s | fwd_bwd 6188ms data 0ms clip 20ms optim 115ms step 6329ms mem 1493/3928MB
step 126,530 | loss 1.9299 | lr 3.00e-04 | 1288 tok/s | fwd_bwd 6153ms data 1ms clip 24ms optim 121ms step 6319ms mem 1452/3928MB
step 126,540 | loss 2.7579 | lr 3.00e-04 | 1292 tok/s | fwd_bwd 6195ms data 0ms clip 20ms optim 111ms step 6332ms mem 1493/3928MB
step 126,550 | loss 2.7196 | lr 3.00e-04 | 1290 tok/s | fwd_bwd 6251ms data 1ms clip 20ms optim 111ms step 6403ms mem 1493/3928MB
step 126,560 | loss 3.1461 | lr 3.00e-04 | 1295 tok/s | fwd_bwd 6177ms data 0ms clip 20ms optim 112ms step 6316ms mem 1452/3928MB
step 126,570 | loss 1.8437 | lr 3.00e-04 | 1281 tok/s | fwd_bwd 6208ms data 0ms clip 20ms optim 112ms step 6346ms mem 1493/3928MB
step 126,580 | loss 4.1289 | lr 3.00e-04 | 981 tok/s | fwd_bwd 7251ms data 1ms clip 24ms optim 123ms step 7405ms mem 1482/3928MB
step 126,590 | loss 1.4847 | lr 3.00e-04 | 1245 tok/s | fwd_bwd 6314ms data 1ms clip 20ms optim 112ms step 6456ms mem 1493/3928MB
step 126,600 | loss 1.6048 | lr 3.00e-04 | 1272 tok/s | fwd_bwd 6252ms data 0ms clip 20ms optim 111ms step 6390ms mem 1493/3928MB
step 126,610 | loss 2.2230 | lr 3.00e-04 | 1285 tok/s | fwd_bwd 6234ms data 0ms clip 20ms optim 111ms step 6373ms mem 1493/3928MB
step 126,620 | loss 3.0003 | lr 3.00e-04 | 1284 tok/s | fwd_bwd 6182ms data 0ms clip 20ms optim 112ms step 6320ms mem 1493/3928MB
step 126,630 | loss 2.2473 | lr 3.00e-04 | 1289 tok/s | fwd_bwd 6195ms data 0ms clip 20ms optim 111ms step 6335ms mem 1493/3928MB
step 126,640 | loss 3.7860 | lr 3.00e-04 | 1288 tok/s | fwd_bwd 6199ms data 1ms clip 20ms optim 111ms step 6342ms mem 1452/3928MB
step 126,650 | loss 2.2045 | lr 3.00e-04 | 1294 tok/s | fwd_bwd 6154ms data 0ms clip 20ms optim 112ms step 6292ms mem 1452/3928MB
step 126,660 | loss 3.5209 | lr 3.00e-04 | 1296 tok/s | fwd_bwd 6157ms data 0ms clip 20ms optim 111ms step 6295ms mem 1451/3928MB
step 126,670 | loss 1.3147 | lr 3.00e-04 | 1283 tok/s | fwd_bwd 6184ms data 1ms clip 23ms optim 120ms step 6348ms mem 1493/3928MB
step 126,680 | loss 1.6911 | lr 3.00e-04 | 1294 tok/s | fwd_bwd 6245ms data 1ms clip 23ms optim 120ms step 6409ms mem 1493/3928MB
step 126,690 | loss 3.0491 | lr 3.00e-04 | 1292 tok/s | fwd_bwd 6205ms data 1ms clip 20ms optim 111ms step 6355ms mem 1493/3928MB
step 126,700 | loss 4.1451 | lr 3.00e-04 | 1293 tok/s | fwd_bwd 6206ms data 1ms clip 20ms optim 111ms step 6355ms mem 1451/3928MB
step 126,710 | loss 3.6864 | lr 3.00e-04 | 1294 tok/s | fwd_bwd 6192ms data 0ms clip 20ms optim 112ms step 6331ms mem 1493/3928MB
step 126,720 | loss 4.4070 | lr 3.00e-04 | 1282 tok/s | fwd_bwd 6194ms data 0ms clip 20ms optim 112ms step 6335ms mem 1493/3928MB
step 126,730 | loss 3.8739 | lr 3.00e-04 | 1284 tok/s | fwd_bwd 6224ms data 0ms clip 20ms optim 111ms step 6361ms mem 1493/3928MB
step 126,740 | loss 3.9310 | lr 3.00e-04 | 1288 tok/s | fwd_bwd 6206ms data 0ms clip 20ms optim 112ms step 6348ms mem 1493/3928MB
step 126,750 | loss 4.0097 | lr 3.00e-04 | 1284 tok/s | fwd_bwd 6205ms data 0ms clip 20ms optim 111ms step 6343ms mem 1493/3928MB
step 126,760 | loss 2.1676 | lr 3.00e-04 | 1287 tok/s | fwd_bwd 6227ms data 1ms clip 20ms optim 112ms step 6370ms mem 1452/3928MB
step 126,770 | loss 2.6019 | lr 3.00e-04 | 1285 tok/s | fwd_bwd 6166ms data 1ms clip 20ms optim 112ms step 6311ms mem 1493/3928MB
step 126,780 | loss 3.7628 | lr 3.00e-04 | 1292 tok/s | fwd_bwd 6322ms data 1ms clip 20ms optim 112ms step 6466ms mem 1476/3928MB
step 126,790 | loss 3.5203 | lr 3.00e-04 | 1289 tok/s | fwd_bwd 6167ms data 0ms clip 20ms optim 112ms step 6306ms mem 1493/3928MB
step 126,800 | loss 3.8269 | lr 3.00e-04 | 1283 tok/s | fwd_bwd 6225ms data 1ms clip 24ms optim 121ms step 6379ms mem 1493/3928MB
step 126,810 | loss 3.5434 | lr 3.00e-04 | 1215 tok/s | fwd_bwd 6319ms data 1ms clip 20ms optim 112ms step 6460ms mem 1451/3928MB
step 126,820 | loss 2.8308 | lr 3.00e-04 | 1264 tok/s | fwd_bwd 6230ms data 0ms clip 20ms optim 111ms step 6369ms mem 1493/3928MB
step 126,830 | loss 2.7997 | lr 3.00e-04 | 1283 tok/s | fwd_bwd 6172ms data 1ms clip 20ms optim 112ms step 6320ms mem 1493/3928MB
step 126,840 | loss 2.7208 | lr 3.00e-04 | 1294 tok/s | fwd_bwd 6171ms data 0ms clip 20ms optim 111ms step 6312ms mem 1452/3928MB
step 126,850 | loss 4.0627 | lr 3.00e-04 | 1242 tok/s | fwd_bwd 6277ms data 1ms clip 23ms optim 120ms step 6440ms mem 1470/3928MB
step 126,860 | loss 3.4771 | lr 3.00e-04 | 1274 tok/s | fwd_bwd 6248ms data 1ms clip 20ms optim 112ms step 6393ms mem 1493/3928MB
step 126,870 | loss 4.1050 | lr 3.00e-04 | 1274 tok/s | fwd_bwd 6100ms data 1ms clip 20ms optim 111ms step 6245ms mem 1493/3928MB
step 126,880 | loss 3.4305 | lr 3.00e-04 | 1291 tok/s | fwd_bwd 6176ms data 0ms clip 20ms optim 111ms step 6318ms mem 1493/3928MB
step 126,890 | loss 4.4644 | lr 3.00e-04 | 1292 tok/s | fwd_bwd 6098ms data 1ms clip 20ms optim 111ms step 6241ms mem 1451/3928MB
step 126,900 | loss 3.9266 | lr 3.00e-04 | 1293 tok/s | fwd_bwd 6156ms data 0ms clip 20ms optim 111ms step 6294ms mem 1482/3928MB
step 126,910 | loss 3.2972 | lr 3.00e-04 | 1290 tok/s | fwd_bwd 6202ms data 0ms clip 20ms optim 112ms step 6343ms mem 1493/3928MB
step 126,920 | loss 4.2451 | lr 3.00e-04 | 1282 tok/s | fwd_bwd 6192ms data 1ms clip 20ms optim 112ms step 6334ms mem 1451/3928MB
step 126,930 | loss 2.6600 | lr 3.00e-04 | 1290 tok/s | fwd_bwd 6082ms data 0ms clip 20ms optim 112ms step 6218ms mem 1493/3928MB
step 126,940 | loss 2.0409 | lr 3.00e-04 | 1295 tok/s | fwd_bwd 6190ms data 1ms clip 23ms optim 120ms step 6355ms mem 1452/3928MB
step 126,950 | loss 4.0038 | lr 3.00e-04 | 1301 tok/s | fwd_bwd 6143ms data 0ms clip 20ms optim 111ms step 6279ms mem 1493/3928MB
step 126,960 | loss 3.5578 | lr 3.00e-04 | 1296 tok/s | fwd_bwd 6161ms data 1ms clip 20ms optim 112ms step 6313ms mem 1493/3928MB
step 126,970 | loss 3.4013 | lr 3.00e-04 | 1292 tok/s | fwd_bwd 6247ms data 1ms clip 20ms optim 111ms step 6387ms mem 1493/3928MB
step 126,980 | loss 3.1245 | lr 3.00e-04 | 1246 tok/s | fwd_bwd 6277ms data 1ms clip 20ms optim 111ms step 6427ms mem 1493/3928MB
step 126,990 | loss 3.1878 | lr 3.00e-04 | 1289 tok/s | fwd_bwd 6072ms data 1ms clip 20ms optim 111ms step 6213ms mem 1493/3928MB
step 127,000 | loss 3.7020 | lr 3.00e-04 | 1296 tok/s | fwd_bwd 6144ms data 0ms clip 20ms optim 111ms step 6282ms mem 1493/3928MB
  [eval] step 127000 | val_loss 3.4397 | ppl 31.18
Checkpoint saved: checkpoints/step_127000
  [samples] wrote checkpoints/step_127000/samples.txt
  Pruning old checkpoint: checkpoints/step_125510
Checkpoint saved: checkpoints/step_127000
step 127,010 | loss 3.0790 | lr 3.00e-04 | 166 tok/s | fwd_bwd 6240ms data 0ms clip 20ms optim 112ms step 6381ms mem 1493/3928MB
step 127,020 | loss 3.5052 | lr 3.00e-04 | 1292 tok/s | fwd_bwd 6144ms data 0ms clip 20ms optim 112ms step 6285ms mem 1493/3928MB
step 127,030 | loss 3.0172 | lr 3.00e-04 | 1306 tok/s | fwd_bwd 6118ms data 0ms clip 20ms optim 112ms step 6258ms mem 1493/3928MB
step 127,040 | loss 2.9401 | lr 3.00e-04 | 1302 tok/s | fwd_bwd 6145ms data 0ms clip 20ms optim 112ms step 6284ms mem 1452/3928MB
step 127,050 | loss 3.8443 | lr 3.00e-04 | 1286 tok/s | fwd_bwd 6684ms data 1ms clip 22ms optim 116ms step 6830ms mem 1493/3928MB
step 127,060 | loss 2.1186 | lr 3.00e-04 | 1000 tok/s | fwd_bwd 6296ms data 1ms clip 23ms optim 120ms step 6460ms mem 1448/3928MB
step 127,070 | loss 3.6717 | lr 3.00e-04 | 1293 tok/s | fwd_bwd 6150ms data 0ms clip 20ms optim 111ms step 6293ms mem 1448/3928MB
step 127,080 | loss 4.1961 | lr 3.00e-04 | 1299 tok/s | fwd_bwd 6151ms data 0ms clip 20ms optim 111ms step 6288ms mem 1448/3928MB
step 127,090 | loss 3.1976 | lr 3.00e-04 | 1298 tok/s | fwd_bwd 6153ms data 1ms clip 20ms optim 112ms step 6297ms mem 1448/3928MB
step 127,100 | loss 3.7387 | lr 3.00e-04 | 1296 tok/s | fwd_bwd 6201ms data 0ms clip 20ms optim 111ms step 6343ms mem 1448/3928MB
step 127,110 | loss 3.2593 | lr 3.00e-04 | 1289 tok/s | fwd_bwd 6213ms data 1ms clip 24ms optim 120ms step 6379ms mem 1448/3928MB
step 127,120 | loss 3.2384 | lr 3.00e-04 | 1300 tok/s | fwd_bwd 6139ms data 0ms clip 20ms optim 111ms step 6279ms mem 1448/3928MB
step 127,130 | loss 3.7617 | lr 3.00e-04 | 1295 tok/s | fwd_bwd 6063ms data 1ms clip 20ms optim 112ms step 6208ms mem 1448/3928MB
step 127,140 | loss 2.4941 | lr 3.00e-04 | 1297 tok/s | fwd_bwd 6112ms data 0ms clip 20ms optim 111ms step 6250ms mem 1448/3928MB
step 127,150 | loss 3.8742 | lr 3.00e-04 | 1301 tok/s | fwd_bwd 6126ms data 0ms clip 20ms optim 111ms step 6269ms mem 1448/3928MB
step 127,160 | loss 3.5206 | lr 3.00e-04 | 1150 tok/s | fwd_bwd 6510ms data 0ms clip 20ms optim 111ms step 6646ms mem 1493/3928MB
step 127,170 | loss 2.2686 | lr 3.00e-04 | 1139 tok/s | fwd_bwd 7405ms data 1ms clip 22ms optim 117ms step 7551ms mem 1493/3928MB
step 127,180 | loss 3.5555 | lr 3.00e-04 | 1196 tok/s | fwd_bwd 6378ms data 1ms clip 23ms optim 119ms step 6532ms mem 1493/3928MB
step 127,190 | loss 3.8971 | lr 3.00e-04 | 1286 tok/s | fwd_bwd 6198ms data 1ms clip 20ms optim 112ms step 6341ms mem 1452/3928MB
step 127,200 | loss 3.8221 | lr 3.00e-04 | 1302 tok/s | fwd_bwd 6117ms data 0ms clip 20ms optim 112ms step 6252ms mem 1493/3928MB
step 127,210 | loss 4.1534 | lr 3.00e-04 | 1296 tok/s | fwd_bwd 6140ms data 1ms clip 20ms optim 112ms step 6287ms mem 1493/3928MB
step 127,220 | loss 3.2989 | lr 3.00e-04 | 1300 tok/s | fwd_bwd 6143ms data 0ms clip 20ms optim 111ms step 6280ms mem 1493/3928MB
step 127,230 | loss 3.5924 | lr 3.00e-04 | 1298 tok/s | fwd_bwd 6149ms data 0ms clip 20ms optim 111ms step 6284ms mem 1451/3928MB
step 127,240 | loss 3.5623 | lr 3.00e-04 | 1298 tok/s | fwd_bwd 6142ms data 0ms clip 20ms optim 111ms step 6281ms mem 1493/3928MB
step 127,250 | loss 3.7834 | lr 3.00e-04 | 1292 tok/s | fwd_bwd 6164ms data 1ms clip 20ms optim 112ms step 6308ms mem 1452/3928MB
step 127,260 | loss 3.3130 | lr 3.00e-04 | 1290 tok/s | fwd_bwd 6180ms data 1ms clip 20ms optim 111ms step 6330ms mem 1451/3928MB
step 127,270 | loss 3.0603 | lr 3.00e-04 | 1300 tok/s | fwd_bwd 6126ms data 0ms clip 20ms optim 111ms step 6266ms mem 1452/3928MB
step 127,280 | loss 4.1984 | lr 3.00e-04 | 1296 tok/s | fwd_bwd 6130ms data 1ms clip 20ms optim 112ms step 6277ms mem 1451/3928MB
step 127,290 | loss 3.2614 | lr 3.00e-04 | 1310 tok/s | fwd_bwd 6084ms data 1ms clip 20ms optim 111ms step 6232ms mem 1493/3928MB
step 127,300 | loss 2.9450 | lr 3.00e-04 | 1313 tok/s | fwd_bwd 6084ms data 0ms clip 20ms optim 111ms step 6222ms mem 1451/3928MB
step 127,310 | loss 3.1642 | lr 3.00e-04 | 1314 tok/s | fwd_bwd 6066ms data 1ms clip 20ms optim 111ms step 6208ms mem 1458/3928MB
step 127,320 | loss 4.0914 | lr 3.00e-04 | 1305 tok/s | fwd_bwd 6153ms data 1ms clip 24ms optim 121ms step 6318ms mem 1476/3928MB
step 127,330 | loss 3.0400 | lr 3.00e-04 | 1315 tok/s | fwd_bwd 6079ms data 1ms clip 20ms optim 111ms step 6224ms mem 1493/3928MB
step 127,340 | loss 3.0010 | lr 3.00e-04 | 1314 tok/s | fwd_bwd 6091ms data 0ms clip 20ms optim 113ms step 6230ms mem 1493/3928MB
step 127,350 | loss 3.6813 | lr 3.00e-04 | 1313 tok/s | fwd_bwd 6083ms data 1ms clip 20ms optim 112ms step 6231ms mem 1451/3928MB
step 127,360 | loss 3.0924 | lr 3.00e-04 | 1311 tok/s | fwd_bwd 6091ms data 0ms clip 20ms optim 112ms step 6234ms mem 1493/3928MB
step 127,370 | loss 3.5465 | lr 3.00e-04 | 1303 tok/s | fwd_bwd 6111ms data 0ms clip 20ms optim 112ms step 6254ms mem 1493/3928MB
step 127,380 | loss 3.0801 | lr 3.00e-04 | 1304 tok/s | fwd_bwd 6132ms data 1ms clip 20ms optim 112ms step 6276ms mem 1452/3928MB
step 127,390 | loss 3.2462 | lr 3.00e-04 | 1303 tok/s | fwd_bwd 6140ms data 0ms clip 20ms optim 111ms step 6275ms mem 1451/3928MB
step 127,400 | loss 2.9449 | lr 3.00e-04 | 1297 tok/s | fwd_bwd 6221ms data 1ms clip 20ms optim 111ms step 6372ms mem 1493/3928MB
step 127,410 | loss 2.7210 | lr 3.00e-04 | 1294 tok/s | fwd_bwd 6189ms data 1ms clip 20ms optim 112ms step 6334ms mem 1452/3928MB
step 127,420 | loss 3.8292 | lr 3.00e-04 | 1271 tok/s | fwd_bwd 6303ms data 1ms clip 20ms optim 112ms step 6454ms mem 1493/3928MB
step 127,430 | loss 3.3423 | lr 3.00e-04 | 1270 tok/s | fwd_bwd 6282ms data 1ms clip 23ms optim 120ms step 6443ms mem 1493/3928MB
step 127,440 | loss 4.1773 | lr 3.00e-04 | 1125 tok/s | fwd_bwd 6466ms data 0ms clip 20ms optim 112ms step 6605ms mem 1451/3928MB
step 127,450 | loss 3.0613 | lr 3.00e-04 | 1214 tok/s | fwd_bwd 7384ms data 0ms clip 22ms optim 120ms step 7531ms mem 1482/3928MB
step 127,460 | loss 3.4604 | lr 3.00e-04 | 1171 tok/s | fwd_bwd 6501ms data 1ms clip 24ms optim 130ms step 6672ms mem 1493/3928MB
step 127,470 | loss 4.3544 | lr 3.00e-04 | 1265 tok/s | fwd_bwd 6481ms data 1ms clip 23ms optim 121ms step 6644ms mem 1493/3928MB
step 127,480 | loss 3.5828 | lr 3.00e-04 | 1286 tok/s | fwd_bwd 6196ms data 0ms clip 20ms optim 111ms step 6337ms mem 1493/3928MB
step 127,490 | loss 3.8385 | lr 3.00e-04 | 1250 tok/s | fwd_bwd 6435ms data 0ms clip 21ms optim 113ms step 6575ms mem 1493/3928MB
step 127,500 | loss 3.6625 | lr 3.00e-04 | 1251 tok/s | fwd_bwd 6314ms data 0ms clip 20ms optim 111ms step 6453ms mem 1448/3928MB
  [eval] step 127500 | val_loss 3.4536 | ppl 31.61
Checkpoint saved: checkpoints/step_127500
  Pruning old checkpoint: checkpoints/step_126000
step 127,510 | loss 3.6341 | lr 3.00e-04 | 161 tok/s | fwd_bwd 6485ms data 0ms clip 22ms optim 117ms step 6627ms mem 1493/3928MB
step 127,520 | loss 3.2930 | lr 3.00e-04 | 920 tok/s | fwd_bwd 10080ms data 0ms clip 25ms optim 123ms step 10233ms mem 1493/3928MB
step 127,530 | loss 3.4730 | lr 3.00e-04 | 1104 tok/s | fwd_bwd 7107ms data 0ms clip 21ms optim 121ms step 7253ms mem 1493/3928MB
step 127,540 | loss 4.2368 | lr 3.00e-04 | 1166 tok/s | fwd_bwd 6655ms data 0ms clip 20ms optim 118ms step 6797ms mem 1451/3928MB
step 127,550 | loss 3.5397 | lr 3.00e-04 | 1187 tok/s | fwd_bwd 6785ms data 0ms clip 21ms optim 119ms step 6929ms mem 1493/3928MB
step 127,560 | loss 3.2816 | lr 3.00e-04 | 1163 tok/s | fwd_bwd 6886ms data 0ms clip 22ms optim 124ms step 7036ms mem 1493/3928MB
Resuming from checkpoint: checkpoints/step_127500
  Resumed at step 127500

============================================================
  Unrealistic 187M — Training
  Parameters: 189,748,992
  Dtype: bfloat16
  Optimizer: AdamW (mlx)
  Micro-batch: 1 × 8 accum
  Effective batch: 8
  Memory: 541 MB
============================================================

step 127,500 | loss 2.9907 | lr 3.00e-04 | 0 tok/s | fwd_bwd 6625ms data 52ms clip 68ms optim 530ms step 7287ms mem 1476/2587MB
  [eval] step 127500 | val_loss 3.4381 | ppl 31.13
Resuming from checkpoint: checkpoints/step_127500
  Resumed at step 127500

============================================================
  Unrealistic 187M — Training
  Parameters: 189,748,992
  Dtype: bfloat16
  Optimizer: AdamW (mlx)
  Micro-batch: 1 × 8 accum
  Effective batch: 8
  Memory: 534 MB
============================================================

step 127,500 | loss 3.4760 | lr 3.00e-04 | 0 tok/s | fwd_bwd 4854ms data 23ms clip 23ms optim 500ms step 5416ms mem 1448/2587MB
Resuming from checkpoint: checkpoints/step_127500
  Resumed at step 127500

============================================================
  Unrealistic 187M — Training
  Parameters: 189,748,992
  Dtype: bfloat16
  Optimizer: AdamW (mlx)
  Micro-batch: 1 × 8 accum
  Effective batch: 8
  Memory: 534 MB
============================================================

step 127,500 | loss 3.5328 | lr 3.00e-04 | 0 tok/s | fwd_bwd 4852ms data 21ms clip 23ms optim 206ms step 5118ms mem 1493/2587MB
Resuming from checkpoint: checkpoints/step_127500
  Resumed at step 127500

============================================================
  Unrealistic 187M — Training
  Parameters: 189,748,992
  Dtype: bfloat16
  Optimizer: AdamW (mlx)
  Micro-batch: 1 × 8 accum
  Effective batch: 8
  Memory: 535 MB
============================================================

step 127,500 | loss 3.5724 | lr 3.00e-04 | 0 tok/s | fwd_bwd 5639ms data 14ms clip 23ms optim 210ms step 5903ms mem 1493/2587MB
Resuming from checkpoint: checkpoints/step_127500
  Resumed at step 127500

============================================================
  Unrealistic 187M — Training
  Parameters: 189,748,992
  Dtype: bfloat16
  Optimizer: AdamW (mlx)
  Micro-batch: 1 × 8 accum
  Effective batch: 8
  Memory: 536 MB
============================================================

step 127,500 | loss 3.7507 | lr 0.00e+00 | 0 tok/s | fwd_bwd 5658ms data 44ms clip 22ms optim 180ms step 5917ms mem 1493/2587MB
Resuming from checkpoint: checkpoints/step_127500
  Resumed at step 127500

============================================================
  Unrealistic 187M — Training
  Parameters: 189,748,992
  Dtype: bfloat16
  Optimizer: AdamW (mlx)
  Micro-batch: 1 × 8 accum
  Effective batch: 8
  Memory: 534 MB
============================================================

step 127,500 | loss 3.2948 | lr 3.00e-04 | 0 tok/s | fwd_bwd 4852ms data 71ms clip 22ms optim 376ms step 5332ms mem 1493/2587MB
Resuming from checkpoint: checkpoints/step_127500
  Resumed at step 127500

============================================================
  Unrealistic 187M — Training
  Parameters: 189,748,992
  Dtype: bfloat16
  Optimizer: AdamW (mlx)
  Micro-batch: 1 × 8 accum
  Effective batch: 8
  Memory: 534 MB
============================================================

step 127,500 | loss 3.6711 | lr 3.00e-04 | 0 tok/s | fwd_bwd 6313ms data 17ms clip 22ms optim 364ms step 6725ms mem 1493/2587MB
Resuming from checkpoint: /Users/sohamanand/Unrealistic/checkpoints/step_127500
  Resumed at step 127500

============================================================
  Unrealistic 187M — Training
  Parameters: 189,748,992
  Dtype: bfloat16
  Optimizer: AdamW (mlx)
  Micro-batch: 1 × 8 accum
  Effective batch: 8
  Memory: 534 MB
============================================================

step 127,500 | loss 3.7736 | lr 3.00e-04 | 0 tok/s | fwd_bwd 5170ms data 17ms clip 22ms optim 371ms step 5590ms mem 1493/2587MB
Checkpoint saved: /Users/sohamanand/Unrealistic/checkpoints/step_127504

Training complete at step 127504.
Resuming from checkpoint: /Users/sohamanand/Unrealistic/checkpoints/step_127504
  Resumed at step 127504

============================================================
  Unrealistic 187M — Training
  Parameters: 189,748,992
  Dtype: bfloat16
  Optimizer: AdamW (mlx)
  Micro-batch: 1 × 8 accum
  Effective batch: 8
  Memory: 536 MB
============================================================

Checkpoint saved: /Users/sohamanand/Unrealistic/checkpoints/step_127504

Training complete at step 127504.
Resuming from checkpoint: /Users/sohamanand/Unrealistic/checkpoints/step_127504
  Resumed at step 127504

============================================================
  Unrealistic 187M — Training
  Parameters: 189,748,992
  Dtype: bfloat16
  Optimizer: AdamW (mlx)
  Micro-batch: 1 × 8 accum
  Effective batch: 8
  Memory: 535 MB
============================================================

  [eval] step 127504 | val_loss 5.4764 | ppl 239.00
  [eval] step 127505 | val_loss 4.5606 | ppl 95.64
  [eval] step 127506 | val_loss 4.5702 | ppl 96.56
  [eval] step 127507 | val_loss 4.4577 | ppl 86.29
  [eval] step 127508 | val_loss 2.9421 | ppl 18.96
  [eval] step 127509 | val_loss 4.4024 | ppl 81.64
Checkpoint saved: /Users/sohamanand/Unrealistic/checkpoints/step_127509

Training complete at step 127509.
Resuming from checkpoint: /Users/sohamanand/Unrealistic/checkpoints/step_127509
  Resumed at step 127509

============================================================
  Unrealistic 187M — Training
  Parameters: 189,748,992
  Dtype: bfloat16
  Optimizer: AdamW (mlx)
  Micro-batch: 1 × 8 accum
  Effective batch: 8
  Memory: 536 MB
============================================================

  [eval] step 127509 | val_loss 4.5162 | ppl 91.49
step 127,510 | loss 4.7832 | lr 3.00e-04 | 89 tok/s | fwd_bwd 5965ms data 1ms clip 22ms optim 168ms step 6162ms mem 1448/3990MB
  [eval] step 127510 | val_loss 4.4516 | ppl 85.76
Resuming from checkpoint: /Users/sohamanand/Unrealistic/checkpoints/step_127509
  Resumed at step 127509

============================================================
  Unrealistic 187M — Training
  Parameters: 189,748,992
  Dtype: bfloat16
  Optimizer: AdamW (mlx)
  Micro-batch: 1 × 8 accum
  Effective batch: 8
  Memory: 534 MB
============================================================

  [eval] step 127511 | val_loss 4.5890 | ppl 98.39
Resuming from checkpoint: checkpoints/step_127500
  Resumed at step 127500

============================================================
  Unrealistic 187M — Training
  Parameters: 189,748,992
  Dtype: bfloat16
  Optimizer: AdamW (mlx)
  Micro-batch: 1 × 8 accum
  Effective batch: 8
  Memory: 534 MB
============================================================

step 127,500 | loss 3.8488 | lr 3.00e-04 | 0 tok/s | fwd_bwd 5999ms data 17ms clip 22ms optim 444ms step 6491ms mem 1493/2587MB
  [eval] step 127500 | val_loss 4.0958 | ppl 60.09
Resuming from checkpoint: checkpoints/step_127500
  Resumed at step 127500

============================================================
  Unrealistic 187M — Training
  Parameters: 189,748,992
  Dtype: bfloat16
  Optimizer: AdamW (mlx)
  Micro-batch: 1 × 8 accum
  Effective batch: 8
  Memory: 535 MB
============================================================

step 127,500 | loss 3.1094 | lr 3.00e-04 | 0 tok/s | fwd_bwd 7390ms data 14ms clip 25ms optim 350ms step 7788ms mem 1448/2587MB
step 127,510 | loss 4.8681 | lr 3.00e-04 | 1114 tok/s | fwd_bwd 7450ms data 0ms clip 24ms optim 123ms step 7602ms mem 1452/3311MB
step 127,520 | loss 4.8154 | lr 3.00e-04 | 1142 tok/s | fwd_bwd 6910ms data 0ms clip 26ms optim 129ms step 7072ms mem 1493/3311MB
step 127,530 | loss 4.4010 | lr 3.00e-04 | 1136 tok/s | fwd_bwd 6672ms data 0ms clip 20ms optim 120ms step 6817ms mem 1452/3311MB
step 127,540 | loss 3.4577 | lr 3.00e-04 | 1205 tok/s | fwd_bwd 6496ms data 0ms clip 23ms optim 116ms step 6641ms mem 1493/3311MB
step 127,550 | loss 4.1241 | lr 3.00e-04 | 1217 tok/s | fwd_bwd 6580ms data 0ms clip 23ms optim 120ms step 6732ms mem 1493/3311MB
step 127,560 | loss 4.7865 | lr 3.00e-04 | 1166 tok/s | fwd_bwd 6220ms data 0ms clip 20ms optim 111ms step 6358ms mem 1452/3311MB
step 127,570 | loss 5.2088 | lr 3.00e-04 | 1294 tok/s | fwd_bwd 6029ms data 1ms clip 20ms optim 111ms step 6177ms mem 1493/3311MB
step 127,580 | loss 5.0059 | lr 3.00e-04 | 1307 tok/s | fwd_bwd 6173ms data 1ms clip 20ms optim 111ms step 6322ms mem 1493/3311MB
step 127,590 | loss 2.9359 | lr 3.00e-04 | 1297 tok/s | fwd_bwd 6167ms data 0ms clip 20ms optim 110ms step 6308ms mem 1452/3311MB
step 127,600 | loss 3.9542 | lr 3.00e-04 | 1296 tok/s | fwd_bwd 6086ms data 0ms clip 20ms optim 110ms step 6228ms mem 1493/3311MB
step 127,610 | loss 4.3178 | lr 3.00e-04 | 1292 tok/s | fwd_bwd 6203ms data 0ms clip 20ms optim 111ms step 6343ms mem 1493/3311MB
step 127,620 | loss 3.3789 | lr 3.00e-04 | 1282 tok/s | fwd_bwd 6176ms data 0ms clip 20ms optim 111ms step 6316ms mem 1493/3311MB
step 127,630 | loss 4.5551 | lr 3.00e-04 | 1281 tok/s | fwd_bwd 6244ms data 1ms clip 20ms optim 111ms step 6387ms mem 1493/3311MB
step 127,640 | loss 4.1048 | lr 3.00e-04 | 1280 tok/s | fwd_bwd 6221ms data 1ms clip 23ms optim 120ms step 6385ms mem 1493/3311MB
step 127,650 | loss 4.4940 | lr 3.00e-04 | 1281 tok/s | fwd_bwd 6268ms data 1ms clip 20ms optim 111ms step 6416ms mem 1493/3311MB
step 127,660 | loss 4.5819 | lr 3.00e-04 | 1274 tok/s | fwd_bwd 6294ms data 0ms clip 20ms optim 111ms step 6437ms mem 1490/3311MB
step 127,670 | loss 3.1397 | lr 3.00e-04 | 1272 tok/s | fwd_bwd 6271ms data 1ms clip 24ms optim 124ms step 6441ms mem 1493/3311MB
step 127,680 | loss 4.5643 | lr 3.00e-04 | 1278 tok/s | fwd_bwd 6322ms data 1ms clip 21ms optim 112ms step 6476ms mem 1493/3311MB
step 127,690 | loss 4.1253 | lr 3.00e-04 | 1280 tok/s | fwd_bwd 6267ms data 0ms clip 20ms optim 111ms step 6407ms mem 1493/3311MB
step 127,700 | loss 4.4079 | lr 3.00e-04 | 1277 tok/s | fwd_bwd 6208ms data 0ms clip 20ms optim 111ms step 6349ms mem 1493/3311MB
step 127,710 | loss 2.2955 | lr 3.00e-04 | 1271 tok/s | fwd_bwd 6274ms data 0ms clip 20ms optim 111ms step 6412ms mem 1452/3311MB
step 127,720 | loss 3.9316 | lr 3.00e-04 | 1272 tok/s | fwd_bwd 6266ms data 7ms clip 20ms optim 111ms step 6417ms mem 1452/3311MB
step 127,730 | loss 4.3879 | lr 3.00e-04 | 1275 tok/s | fwd_bwd 6311ms data 0ms clip 20ms optim 111ms step 6449ms mem 1452/3311MB
step 127,740 | loss 2.4399 | lr 3.00e-04 | 1267 tok/s | fwd_bwd 6390ms data 1ms clip 24ms optim 119ms step 6554ms mem 1493/3311MB
step 127,750 | loss 4.3869 | lr 3.00e-04 | 1275 tok/s | fwd_bwd 6338ms data 1ms clip 22ms optim 118ms step 6499ms mem 1493/3311MB
step 127,760 | loss 3.5810 | lr 3.00e-04 | 1277 tok/s | fwd_bwd 6290ms data 1ms clip 20ms optim 111ms step 6437ms mem 1493/3311MB
step 127,770 | loss 3.8138 | lr 3.00e-04 | 1273 tok/s | fwd_bwd 6268ms data 0ms clip 20ms optim 111ms step 6409ms mem 1451/3311MB
step 127,780 | loss 3.7236 | lr 3.00e-04 | 1272 tok/s | fwd_bwd 6331ms data 1ms clip 23ms optim 119ms step 6493ms mem 1493/3311MB
step 127,790 | loss 2.9536 | lr 3.00e-04 | 1274 tok/s | fwd_bwd 6277ms data 0ms clip 20ms optim 112ms step 6417ms mem 1493/3311MB
step 127,800 | loss 4.0848 | lr 3.00e-04 | 1274 tok/s | fwd_bwd 6297ms data 0ms clip 20ms optim 111ms step 6439ms mem 1451/3311MB
step 127,810 | loss 2.8599 | lr 3.00e-04 | 1273 tok/s | fwd_bwd 6220ms data 1ms clip 21ms optim 111ms step 6368ms mem 1493/3311MB
step 127,820 | loss 3.6908 | lr 3.00e-04 | 1273 tok/s | fwd_bwd 6346ms data 1ms clip 20ms optim 111ms step 6499ms mem 1493/3311MB
step 127,830 | loss 1.5898 | lr 3.00e-04 | 1273 tok/s | fwd_bwd 6270ms data 0ms clip 20ms optim 111ms step 6405ms mem 1452/3311MB
step 127,840 | loss 3.5868 | lr 3.00e-04 | 1274 tok/s | fwd_bwd 6277ms data 0ms clip 20ms optim 111ms step 6419ms mem 1493/3311MB
step 127,850 | loss 3.7170 | lr 3.00e-04 | 1267 tok/s | fwd_bwd 6359ms data 1ms clip 20ms optim 111ms step 6505ms mem 1493/3311MB
step 127,860 | loss 3.5037 | lr 3.00e-04 | 1273 tok/s | fwd_bwd 6269ms data 0ms clip 20ms optim 111ms step 6407ms mem 1452/3311MB
step 127,870 | loss 3.1692 | lr 3.00e-04 | 1274 tok/s | fwd_bwd 6353ms data 1ms clip 23ms optim 119ms step 6513ms mem 1493/3311MB
step 127,880 | loss 3.8131 | lr 3.00e-04 | 1271 tok/s | fwd_bwd 6307ms data 0ms clip 20ms optim 111ms step 6445ms mem 1493/3311MB
step 127,890 | loss 4.7216 | lr 3.00e-04 | 1274 tok/s | fwd_bwd 6315ms data 0ms clip 20ms optim 111ms step 6453ms mem 1493/3311MB
step 127,900 | loss 2.1434 | lr 3.00e-04 | 1276 tok/s | fwd_bwd 6234ms data 1ms clip 20ms optim 111ms step 6380ms mem 1493/3311MB
step 127,910 | loss 3.2062 | lr 3.00e-04 | 1279 tok/s | fwd_bwd 6267ms data 0ms clip 20ms optim 111ms step 6405ms mem 1493/3311MB
step 127,920 | loss 3.9729 | lr 3.00e-04 | 1274 tok/s | fwd_bwd 6253ms data 0ms clip 20ms optim 111ms step 6390ms mem 1451/3311MB
step 127,930 | loss 4.0854 | lr 3.00e-04 | 1272 tok/s | fwd_bwd 6290ms data 1ms clip 20ms optim 111ms step 6435ms mem 1493/3311MB
step 127,940 | loss 3.4334 | lr 3.00e-04 | 1271 tok/s | fwd_bwd 6284ms data 0ms clip 20ms optim 111ms step 6424ms mem 1452/3311MB
step 127,950 | loss 3.9942 | lr 3.00e-04 | 1270 tok/s | fwd_bwd 6264ms data 0ms clip 20ms optim 111ms step 6407ms mem 1493/3311MB
step 127,960 | loss 2.3154 | lr 3.00e-04 | 1271 tok/s | fwd_bwd 6319ms data 0ms clip 20ms optim 111ms step 6458ms mem 1489/3311MB
step 127,970 | loss 3.3850 | lr 3.00e-04 | 1266 tok/s | fwd_bwd 6453ms data 1ms clip 21ms optim 111ms step 6605ms mem 1452/3311MB
step 127,980 | loss 4.1076 | lr 3.00e-04 | 1268 tok/s | fwd_bwd 6354ms data 1ms clip 20ms optim 112ms step 6500ms mem 1493/3311MB
step 127,990 | loss 3.4741 | lr 3.00e-04 | 1218 tok/s | fwd_bwd 6350ms data 1ms clip 20ms optim 111ms step 6497ms mem 1493/3311MB
step 128,000 | loss 3.0368 | lr 3.00e-04 | 1261 tok/s | fwd_bwd 6277ms data 0ms clip 20ms optim 111ms step 6417ms mem 1493/3311MB
Checkpoint saved: checkpoints/step_128000
  [samples] wrote checkpoints/step_128000/samples.txt
step 128,010 | loss 3.8207 | lr 3.00e-04 | 804 tok/s | fwd_bwd 6265ms data 0ms clip 20ms optim 111ms step 6404ms mem 1493/3311MB
step 128,020 | loss 2.3374 | lr 3.00e-04 | 1225 tok/s | fwd_bwd 7332ms data 1ms clip 21ms optim 118ms step 7477ms mem 1493/3311MB
step 128,030 | loss 3.4314 | lr 3.00e-04 | 1114 tok/s | fwd_bwd 6354ms data 1ms clip 20ms optim 111ms step 6496ms mem 1493/3311MB
step 128,040 | loss 3.2778 | lr 3.00e-04 | 1227 tok/s | fwd_bwd 7053ms data 0ms clip 23ms optim 121ms step 7202ms mem 1476/3311MB
Checkpoint saved: checkpoints/step_128045
step 128,050 | loss 3.0552 | lr 3.00e-04 | 1228 tok/s | fwd_bwd 6199ms data 0ms clip 20ms optim 110ms step 6336ms mem 1452/3311MB
step 128,060 | loss 3.9286 | lr 3.00e-04 | 1213 tok/s | fwd_bwd 6375ms data 1ms clip 20ms optim 111ms step 6519ms mem 1493/3311MB
step 128,070 | loss 3.8456 | lr 3.00e-04 | 1274 tok/s | fwd_bwd 6139ms data 1ms clip 20ms optim 111ms step 6285ms mem 1493/3311MB
step 128,080 | loss 3.2156 | lr 3.00e-04 | 1287 tok/s | fwd_bwd 6263ms data 1ms clip 21ms optim 113ms step 6415ms mem 1492/3311MB
step 128,090 | loss 3.9473 | lr 3.00e-04 | 799 tok/s | fwd_bwd 16473ms data 1ms clip 45ms optim 498ms step 17024ms mem 1493/3311MB
step 128,100 | loss 2.8606 | lr 3.00e-04 | 502 tok/s | fwd_bwd 15690ms data 1ms clip 48ms optim 361ms step 16109ms mem 1451/3311MB
step 128,110 | loss 3.1815 | lr 3.00e-04 | 572 tok/s | fwd_bwd 16586ms data 1ms clip 134ms optim 436ms step 17163ms mem 1493/3311MB
step 128,120 | loss 3.4037 | lr 3.00e-04 | 616 tok/s | fwd_bwd 15300ms data 1ms clip 144ms optim 385ms step 15838ms mem 1493/3311MB
step 128,130 | loss 3.9078 | lr 3.00e-04 | 562 tok/s | fwd_bwd 15413ms data 1ms clip 130ms optim 377ms step 15929ms mem 1448/3311MB
step 128,140 | loss 3.5205 | lr 3.00e-04 | 547 tok/s | fwd_bwd 13532ms data 1ms clip 89ms optim 409ms step 14037ms mem 1493/3311MB
step 128,150 | loss 2.9223 | lr 3.00e-04 | 560 tok/s | fwd_bwd 6913ms data 1ms clip 22ms optim 118ms step 7059ms mem 1493/3311MB
step 128,160 | loss 3.6534 | lr 3.00e-04 | 670 tok/s | fwd_bwd 15707ms data 1ms clip 68ms optim 387ms step 16169ms mem 1451/3311MB
step 128,170 | loss 3.3203 | lr 3.00e-04 | 554 tok/s | fwd_bwd 7171ms data 0ms clip 22ms optim 119ms step 7317ms mem 1493/3311MB
step 128,180 | loss 2.9207 | lr 3.00e-04 | 513 tok/s | fwd_bwd 17301ms data 1ms clip 51ms optim 438ms step 17800ms mem 1493/3311MB
step 128,190 | loss 2.3427 | lr 3.00e-04 | 626 tok/s | fwd_bwd 16304ms data 1ms clip 154ms optim 403ms step 16869ms mem 1493/3311MB
step 128,200 | loss 4.0312 | lr 3.00e-04 | 532 tok/s | fwd_bwd 15908ms data 1ms clip 137ms optim 483ms step 16536ms mem 1448/3311MB
step 128,210 | loss 1.9463 | lr 3.00e-04 | 587 tok/s | fwd_bwd 7520ms data 1ms clip 23ms optim 120ms step 7668ms mem 1493/3311MB
step 128,220 | loss 2.4427 | lr 3.00e-04 | 569 tok/s | fwd_bwd 13533ms data 1ms clip 111ms optim 338ms step 13989ms mem 1493/3311MB
step 128,230 | loss 4.2955 | lr 3.00e-04 | 698 tok/s | fwd_bwd 16096ms data 1ms clip 81ms optim 376ms step 16562ms mem 1493/3311MB
step 128,240 | loss 3.4473 | lr 3.00e-04 | 518 tok/s | fwd_bwd 15262ms data 1ms clip 52ms optim 356ms step 15679ms mem 1493/3311MB
step 128,250 | loss 3.2995 | lr 3.00e-04 | 654 tok/s | fwd_bwd 14040ms data 1ms clip 95ms optim 332ms step 14474ms mem 1493/3311MB
step 128,260 | loss 2.3691 | lr 3.00e-04 | 627 tok/s | fwd_bwd 14134ms data 1ms clip 97ms optim 358ms step 14595ms mem 1448/3311MB
step 128,270 | loss 1.9378 | lr 3.00e-04 | 625 tok/s | fwd_bwd 6658ms data 1ms clip 22ms optim 117ms step 6803ms mem 1493/3311MB
Resuming from checkpoint: checkpoints/step_128045
  Resumed at step 128045

============================================================
  Unrealistic 187M — Training
  Parameters: 189,748,992
  Dtype: bfloat16
  Optimizer: AdamW (mlx)
  Micro-batch: 1 × 8 accum
  Effective batch: 8
  Memory: 535 MB
============================================================

  [eval] step 128045 | val_loss 3.6212 | ppl 37.38
  [eval] step 128046 | val_loss 3.6942 | ppl 40.21
Resuming from checkpoint: checkpoints/step_128045
  Resumed at step 128045

============================================================
  Unrealistic 187M — Training
  Parameters: 189,748,992
  Dtype: bfloat16
  Optimizer: AdamW (mlx)
  Micro-batch: 1 × 8 accum
  Effective batch: 8
  Memory: 535 MB
============================================================

step 128,050 | loss 4.5508 | lr 3.00e-04 | 1012 tok/s | fwd_bwd 6970ms data 1ms clip 23ms optim 119ms step 7120ms mem 1493/3311MB
step 128,060 | loss 4.9352 | lr 3.00e-04 | 1190 tok/s | fwd_bwd 6323ms data 0ms clip 20ms optim 111ms step 6461ms mem 1448/3311MB
step 128,070 | loss 4.3243 | lr 3.00e-04 | 1269 tok/s | fwd_bwd 6272ms data 0ms clip 20ms optim 110ms step 6412ms mem 1493/3311MB
step 128,080 | loss 4.4810 | lr 3.00e-04 | 1273 tok/s | fwd_bwd 6337ms data 1ms clip 23ms optim 118ms step 6497ms mem 1493/3311MB
step 128,090 | loss 3.4810 | lr 3.00e-04 | 1279 tok/s | fwd_bwd 6253ms data 0ms clip 20ms optim 111ms step 6388ms mem 1493/3311MB
step 128,100 | loss 4.1405 | lr 3.00e-04 | 1248 tok/s | fwd_bwd 6292ms data 0ms clip 20ms optim 111ms step 6428ms mem 1493/3311MB
step 128,110 | loss 4.4906 | lr 3.00e-04 | 1268 tok/s | fwd_bwd 6287ms data 0ms clip 20ms optim 111ms step 6424ms mem 1493/3311MB
step 128,120 | loss 3.7086 | lr 3.00e-04 | 1272 tok/s | fwd_bwd 6261ms data 0ms clip 20ms optim 111ms step 6399ms mem 1493/3311MB
step 128,130 | loss 4.0206 | lr 3.00e-04 | 1249 tok/s | fwd_bwd 6563ms data 1ms clip 24ms optim 119ms step 6724ms mem 1452/3311MB
step 128,140 | loss 4.3560 | lr 3.00e-04 | 1266 tok/s | fwd_bwd 6388ms data 1ms clip 21ms optim 111ms step 6539ms mem 1493/3311MB
step 128,150 | loss 4.3212 | lr 3.00e-04 | 1281 tok/s | fwd_bwd 6223ms data 0ms clip 20ms optim 111ms step 6361ms mem 1493/3311MB
step 128,160 | loss 4.2949 | lr 3.00e-04 | 1279 tok/s | fwd_bwd 6265ms data 1ms clip 23ms optim 118ms step 6427ms mem 1493/3311MB
step 128,170 | loss 4.2060 | lr 3.00e-04 | 1289 tok/s | fwd_bwd 6188ms data 0ms clip 20ms optim 111ms step 6326ms mem 1493/3311MB
step 128,180 | loss 2.6279 | lr 3.00e-04 | 1286 tok/s | fwd_bwd 6220ms data 0ms clip 20ms optim 111ms step 6363ms mem 1451/3311MB
step 128,190 | loss 3.4596 | lr 3.00e-04 | 1287 tok/s | fwd_bwd 6221ms data 1ms clip 20ms optim 111ms step 6364ms mem 1493/3311MB
step 128,200 | loss 4.2889 | lr 3.00e-04 | 1287 tok/s | fwd_bwd 6109ms data 0ms clip 20ms optim 111ms step 6248ms mem 1452/3311MB
step 128,210 | loss 2.6565 | lr 3.00e-04 | 1288 tok/s | fwd_bwd 6296ms data 0ms clip 21ms optim 110ms step 6436ms mem 1493/3311MB
step 128,220 | loss 3.1638 | lr 3.00e-04 | 1277 tok/s | fwd_bwd 6233ms data 0ms clip 20ms optim 111ms step 6373ms mem 1493/3311MB
step 128,230 | loss 4.4675 | lr 3.00e-04 | 1288 tok/s | fwd_bwd 6155ms data 0ms clip 20ms optim 111ms step 6295ms mem 1493/3311MB
step 128,240 | loss 3.3071 | lr 3.00e-04 | 1292 tok/s | fwd_bwd 6183ms data 0ms clip 20ms optim 111ms step 6323ms mem 1493/3311MB
step 128,250 | loss 4.0219 | lr 3.00e-04 | 1289 tok/s | fwd_bwd 6251ms data 1ms clip 23ms optim 118ms step 6414ms mem 1452/3311MB
step 128,260 | loss 4.2413 | lr 3.00e-04 | 1290 tok/s | fwd_bwd 6191ms data 1ms clip 20ms optim 111ms step 6335ms mem 1452/3311MB
step 128,270 | loss 4.4289 | lr 3.00e-04 | 1289 tok/s | fwd_bwd 6195ms data 0ms clip 20ms optim 112ms step 6332ms mem 1493/3311MB
step 128,280 | loss 3.1813 | lr 3.00e-04 | 1282 tok/s | fwd_bwd 6194ms data 1ms clip 21ms optim 113ms step 6348ms mem 1451/3311MB
step 128,290 | loss 1.8230 | lr 3.00e-04 | 1288 tok/s | fwd_bwd 6203ms data 0ms clip 20ms optim 111ms step 6339ms mem 1493/3311MB
step 128,300 | loss 3.3348 | lr 3.00e-04 | 1282 tok/s | fwd_bwd 6294ms data 1ms clip 23ms optim 119ms step 6456ms mem 1493/3311MB
step 128,310 | loss 4.0132 | lr 3.00e-04 | 1282 tok/s | fwd_bwd 6334ms data 1ms clip 23ms optim 118ms step 6496ms mem 1482/3311MB
step 128,320 | loss 4.1269 | lr 3.00e-04 | 1284 tok/s | fwd_bwd 6238ms data 0ms clip 20ms optim 111ms step 6376ms mem 1493/3311MB
step 128,330 | loss 1.1363 | lr 3.00e-04 | 1283 tok/s | fwd_bwd 6121ms data 1ms clip 20ms optim 111ms step 6262ms mem 1493/3311MB
step 128,340 | loss 3.6316 | lr 3.00e-04 | 1286 tok/s | fwd_bwd 6229ms data 0ms clip 20ms optim 111ms step 6371ms mem 1493/3311MB
step 128,350 | loss 3.0424 | lr 3.00e-04 | 1277 tok/s | fwd_bwd 6339ms data 1ms clip 23ms optim 117ms step 6499ms mem 1493/3311MB
step 128,360 | loss 2.7453 | lr 3.00e-04 | 1280 tok/s | fwd_bwd 6240ms data 0ms clip 20ms optim 111ms step 6380ms mem 1452/3311MB
step 128,370 | loss 2.4988 | lr 3.00e-04 | 1277 tok/s | fwd_bwd 6263ms data 0ms clip 20ms optim 112ms step 6401ms mem 1493/3311MB
step 128,380 | loss 2.8913 | lr 3.00e-04 | 1275 tok/s | fwd_bwd 6251ms data 0ms clip 20ms optim 111ms step 6386ms mem 1493/3311MB
step 128,390 | loss 1.8811 | lr 3.00e-04 | 1278 tok/s | fwd_bwd 6265ms data 0ms clip 20ms optim 111ms step 6405ms mem 1448/3311MB
step 128,400 | loss 2.8215 | lr 3.00e-04 | 1275 tok/s | fwd_bwd 6264ms data 0ms clip 20ms optim 112ms step 6405ms mem 1493/3311MB
step 128,410 | loss 3.6581 | lr 3.00e-04 | 1274 tok/s | fwd_bwd 6281ms data 0ms clip 20ms optim 111ms step 6420ms mem 1451/3311MB
step 128,420 | loss 3.3347 | lr 3.00e-04 | 1277 tok/s | fwd_bwd 6240ms data 1ms clip 20ms optim 111ms step 6385ms mem 1493/3311MB
step 128,430 | loss 1.4337 | lr 3.00e-04 | 1281 tok/s | fwd_bwd 6234ms data 0ms clip 20ms optim 111ms step 6372ms mem 1493/3311MB
step 128,440 | loss 3.1132 | lr 3.00e-04 | 1274 tok/s | fwd_bwd 6318ms data 1ms clip 23ms optim 118ms step 6476ms mem 1470/3311MB
step 128,450 | loss 3.5244 | lr 3.00e-04 | 1278 tok/s | fwd_bwd 6255ms data 0ms clip 20ms optim 111ms step 6394ms mem 1493/3311MB
step 128,460 | loss 3.6481 | lr 3.00e-04 | 1272 tok/s | fwd_bwd 6360ms data 1ms clip 20ms optim 111ms step 6510ms mem 1493/3311MB
step 128,470 | loss 3.3550 | lr 3.00e-04 | 1268 tok/s | fwd_bwd 6351ms data 1ms clip 24ms optim 120ms step 6514ms mem 1493/3311MB
step 128,480 | loss 2.4281 | lr 3.00e-04 | 1275 tok/s | fwd_bwd 6159ms data 0ms clip 20ms optim 111ms step 6296ms mem 1493/3311MB
step 128,490 | loss 1.6815 | lr 3.00e-04 | 1278 tok/s | fwd_bwd 6208ms data 1ms clip 20ms optim 111ms step 6352ms mem 1493/3311MB
step 128,500 | loss 3.2098 | lr 3.00e-04 | 1279 tok/s | fwd_bwd 6269ms data 0ms clip 20ms optim 111ms step 6411ms mem 1493/3311MB
  [eval] step 128500 | val_loss 3.7400 | ppl 42.10
step 128,510 | loss 2.1697 | lr 3.00e-04 | 717 tok/s | fwd_bwd 6256ms data 0ms clip 20ms optim 111ms step 6391ms mem 1451/3311MB
step 128,520 | loss 3.4639 | lr 3.00e-04 | 1273 tok/s | fwd_bwd 6344ms data 1ms clip 20ms optim 111ms step 6492ms mem 1493/3311MB
step 128,530 | loss 3.0967 | lr 3.00e-04 | 1269 tok/s | fwd_bwd 6274ms data 0ms clip 20ms optim 111ms step 6414ms mem 1451/3311MB
step 128,540 | loss 3.6645 | lr 3.00e-04 | 1275 tok/s | fwd_bwd 6239ms data 0ms clip 20ms optim 111ms step 6378ms mem 1493/3311MB
step 128,550 | loss 2.9324 | lr 3.00e-04 | 1265 tok/s | fwd_bwd 6351ms data 0ms clip 20ms optim 112ms step 6490ms mem 1451/3311MB
step 128,560 | loss 2.9722 | lr 3.00e-04 | 1239 tok/s | fwd_bwd 6426ms data 0ms clip 20ms optim 112ms step 6567ms mem 1451/3311MB
step 128,570 | loss 3.1519 | lr 3.00e-04 | 1259 tok/s | fwd_bwd 6289ms data 0ms clip 20ms optim 111ms step 6430ms mem 1493/3311MB
step 128,580 | loss 3.5313 | lr 3.00e-04 | 1276 tok/s | fwd_bwd 6287ms data 1ms clip 20ms optim 111ms step 6436ms mem 1493/3311MB
step 128,590 | loss 2.7274 | lr 3.00e-04 | 1280 tok/s | fwd_bwd 6252ms data 0ms clip 20ms optim 111ms step 6389ms mem 1493/3311MB
Checkpoint saved: checkpoints/step_128597
  Pruning old checkpoint: checkpoints/step_127500
step 128,600 | loss 3.0328 | lr 3.00e-04 | 1267 tok/s | fwd_bwd 6250ms data 0ms clip 20ms optim 112ms step 6388ms mem 1493/3311MB
step 128,610 | loss 2.0723 | lr 3.00e-04 | 1277 tok/s | fwd_bwd 6235ms data 0ms clip 20ms optim 111ms step 6374ms mem 1493/3311MB
step 128,620 | loss 3.1980 | lr 3.00e-04 | 1277 tok/s | fwd_bwd 6225ms data 0ms clip 20ms optim 111ms step 6363ms mem 1493/3311MB
step 128,630 | loss 1.5031 | lr 3.00e-04 | 1279 tok/s | fwd_bwd 6249ms data 0ms clip 20ms optim 111ms step 6388ms mem 1451/3311MB
step 128,640 | loss 3.1635 | lr 3.00e-04 | 1281 tok/s | fwd_bwd 6274ms data 1ms clip 20ms optim 111ms step 6420ms mem 1493/3311MB
step 128,650 | loss 3.7246 | lr 3.00e-04 | 1278 tok/s | fwd_bwd 6188ms data 1ms clip 20ms optim 111ms step 6333ms mem 1452/3311MB
step 128,660 | loss 2.2481 | lr 3.00e-04 | 1274 tok/s | fwd_bwd 6305ms data 1ms clip 20ms optim 111ms step 6455ms mem 1493/3311MB
step 128,670 | loss 2.9602 | lr 3.00e-04 | 1277 tok/s | fwd_bwd 6128ms data 0ms clip 20ms optim 111ms step 6265ms mem 1493/3311MB
step 128,680 | loss 2.9697 | lr 3.00e-04 | 1253 tok/s | fwd_bwd 6304ms data 1ms clip 20ms optim 111ms step 6451ms mem 1493/3311MB
step 128,690 | loss 3.1928 | lr 3.00e-04 | 1271 tok/s | fwd_bwd 6293ms data 0ms clip 20ms optim 111ms step 6436ms mem 1493/3311MB
step 128,700 | loss 3.6511 | lr 3.00e-04 | 1276 tok/s | fwd_bwd 6239ms data 0ms clip 20ms optim 111ms step 6376ms mem 1451/3311MB
step 128,710 | loss 3.3489 | lr 3.00e-04 | 1278 tok/s | fwd_bwd 6265ms data 0ms clip 20ms optim 111ms step 6404ms mem 1451/3311MB
step 128,720 | loss 2.6041 | lr 3.00e-04 | 1277 tok/s | fwd_bwd 6251ms data 0ms clip 20ms optim 111ms step 6394ms mem 1493/3311MB
step 128,730 | loss 1.8364 | lr 3.00e-04 | 1281 tok/s | fwd_bwd 6255ms data 0ms clip 20ms optim 111ms step 6391ms mem 1448/3311MB
step 128,740 | loss 2.9456 | lr 3.00e-04 | 1278 tok/s | fwd_bwd 6245ms data 0ms clip 20ms optim 111ms step 6387ms mem 1452/3311MB
step 128,750 | loss 3.2695 | lr 3.00e-04 | 1278 tok/s | fwd_bwd 6280ms data 0ms clip 20ms optim 111ms step 6421ms mem 1493/3311MB
step 128,760 | loss 2.5831 | lr 3.00e-04 | 1278 tok/s | fwd_bwd 6240ms data 0ms clip 20ms optim 110ms step 6377ms mem 1493/3311MB
step 128,770 | loss 3.0894 | lr 3.00e-04 | 1280 tok/s | fwd_bwd 6243ms data 0ms clip 20ms optim 112ms step 6383ms mem 1452/3311MB
step 128,780 | loss 3.5293 | lr 3.00e-04 | 1278 tok/s | fwd_bwd 6259ms data 1ms clip 20ms optim 111ms step 6402ms mem 1493/3311MB
step 128,790 | loss 2.6721 | lr 3.00e-04 | 1278 tok/s | fwd_bwd 6240ms data 0ms clip 20ms optim 111ms step 6379ms mem 1493/3311MB
step 128,800 | loss 2.5537 | lr 3.00e-04 | 1277 tok/s | fwd_bwd 6265ms data 1ms clip 20ms optim 111ms step 6412ms mem 1493/3311MB
step 128,810 | loss 3.4927 | lr 3.00e-04 | 1280 tok/s | fwd_bwd 6239ms data 0ms clip 20ms optim 111ms step 6376ms mem 1493/3311MB
step 128,820 | loss 2.8002 | lr 3.00e-04 | 1280 tok/s | fwd_bwd 6246ms data 0ms clip 20ms optim 111ms step 6383ms mem 1493/3311MB
step 128,830 | loss 3.7285 | lr 3.00e-04 | 1278 tok/s | fwd_bwd 6261ms data 1ms clip 20ms optim 111ms step 6406ms mem 1493/3311MB
step 128,840 | loss 3.1934 | lr 3.00e-04 | 1276 tok/s | fwd_bwd 6262ms data 0ms clip 20ms optim 111ms step 6404ms mem 1493/3311MB
step 128,850 | loss 3.0934 | lr 3.00e-04 | 1276 tok/s | fwd_bwd 6251ms data 0ms clip 20ms optim 111ms step 6391ms mem 1493/3311MB
step 128,860 | loss 3.2273 | lr 3.00e-04 | 1283 tok/s | fwd_bwd 6226ms data 0ms clip 20ms optim 111ms step 6365ms mem 1493/3311MB
step 128,870 | loss 2.5564 | lr 3.00e-04 | 1281 tok/s | fwd_bwd 6250ms data 0ms clip 20ms optim 112ms step 6391ms mem 1493/3311MB
step 128,880 | loss 2.9451 | lr 3.00e-04 | 1279 tok/s | fwd_bwd 6244ms data 0ms clip 20ms optim 111ms step 6384ms mem 1493/3311MB
step 128,890 | loss 2.5088 | lr 3.00e-04 | 1277 tok/s | fwd_bwd 6448ms data 0ms clip 20ms optim 111ms step 6588ms mem 1493/3311MB
step 128,900 | loss 2.8093 | lr 3.00e-04 | 1276 tok/s | fwd_bwd 6246ms data 1ms clip 20ms optim 111ms step 6391ms mem 1493/3311MB
step 128,910 | loss 2.9857 | lr 3.00e-04 | 1281 tok/s | fwd_bwd 6265ms data 1ms clip 20ms optim 111ms step 6412ms mem 1493/3311MB
step 128,920 | loss 3.1033 | lr 3.00e-04 | 1285 tok/s | fwd_bwd 6223ms data 0ms clip 20ms optim 111ms step 6363ms mem 1493/3311MB
step 128,930 | loss 3.5067 | lr 3.00e-04 | 1281 tok/s | fwd_bwd 6228ms data 0ms clip 20ms optim 110ms step 6367ms mem 1493/3311MB
step 128,940 | loss 3.9412 | lr 3.00e-04 | 1283 tok/s | fwd_bwd 6216ms data 0ms clip 20ms optim 111ms step 6353ms mem 1493/3311MB
step 128,950 | loss 4.2715 | lr 3.00e-04 | 1280 tok/s | fwd_bwd 6230ms data 0ms clip 20ms optim 111ms step 6374ms mem 1493/3311MB
step 128,960 | loss 2.6442 | lr 3.00e-04 | 1288 tok/s | fwd_bwd 6210ms data 0ms clip 20ms optim 110ms step 6347ms mem 1451/3311MB
step 128,970 | loss 3.3175 | lr 3.00e-04 | 1284 tok/s | fwd_bwd 6228ms data 0ms clip 20ms optim 111ms step 6363ms mem 1493/3311MB
step 128,980 | loss 6.8297 | lr 3.00e-04 | 1285 tok/s | fwd_bwd 6231ms data 0ms clip 20ms optim 111ms step 6371ms mem 1452/3311MB
step 128,990 | loss 2.0466 | lr 3.00e-04 | 1279 tok/s | fwd_bwd 6293ms data 1ms clip 23ms optim 119ms step 6456ms mem 1493/3311MB
step 129,000 | loss 3.8841 | lr 3.00e-04 | 1281 tok/s | fwd_bwd 6331ms data 1ms clip 23ms optim 119ms step 6494ms mem 1493/3311MB
  [eval] step 129000 | val_loss 3.5787 | ppl 35.83
Checkpoint saved: checkpoints/step_129000
  [samples] wrote checkpoints/step_129000/samples.txt
  Pruning old checkpoint: checkpoints/step_128000
step 129,010 | loss 3.1466 | lr 3.00e-04 | 546 tok/s | fwd_bwd 6314ms data 0ms clip 20ms optim 111ms step 6455ms mem 1493/3311MB
step 129,020 | loss 4.3184 | lr 3.00e-04 | 1274 tok/s | fwd_bwd 6250ms data 0ms clip 20ms optim 111ms step 6385ms mem 1493/3311MB
step 129,030 | loss 3.5312 | lr 3.00e-04 | 1279 tok/s | fwd_bwd 6233ms data 0ms clip 20ms optim 111ms step 6371ms mem 1493/3311MB
step 129,040 | loss 3.5171 | lr 3.00e-04 | 1282 tok/s | fwd_bwd 6282ms data 1ms clip 20ms optim 111ms step 6431ms mem 1493/3311MB
step 129,050 | loss 4.1348 | lr 3.00e-04 | 1274 tok/s | fwd_bwd 6343ms data 1ms clip 23ms optim 119ms step 6505ms mem 1493/3311MB
step 129,060 | loss 3.2476 | lr 3.00e-04 | 1280 tok/s | fwd_bwd 6265ms data 1ms clip 20ms optim 112ms step 6412ms mem 1451/3311MB
step 129,070 | loss 3.9575 | lr 3.00e-04 | 1284 tok/s | fwd_bwd 6243ms data 0ms clip 20ms optim 110ms step 6383ms mem 1451/3311MB
step 129,080 | loss 2.9956 | lr 3.00e-04 | 1283 tok/s | fwd_bwd 6236ms data 0ms clip 20ms optim 111ms step 6373ms mem 1493/3311MB
step 129,090 | loss 4.0436 | lr 3.00e-04 | 1280 tok/s | fwd_bwd 6242ms data 0ms clip 20ms optim 110ms step 6381ms mem 1493/3311MB
step 129,100 | loss 4.2311 | lr 3.00e-04 | 1283 tok/s | fwd_bwd 6236ms data 0ms clip 20ms optim 111ms step 6380ms mem 1493/3311MB
step 129,110 | loss 1.8329 | lr 3.00e-04 | 1284 tok/s | fwd_bwd 6216ms data 0ms clip 20ms optim 111ms step 6352ms mem 1493/3311MB
step 129,120 | loss 2.3432 | lr 3.00e-04 | 1282 tok/s | fwd_bwd 6238ms data 0ms clip 20ms optim 111ms step 6380ms mem 1493/3311MB
step 129,130 | loss 4.1486 | lr 3.00e-04 | 1282 tok/s | fwd_bwd 6234ms data 0ms clip 20ms optim 111ms step 6374ms mem 1451/3311MB
step 129,140 | loss 3.3008 | lr 3.00e-04 | 1283 tok/s | fwd_bwd 6257ms data 0ms clip 20ms optim 111ms step 6397ms mem 1493/3311MB
Checkpoint saved: checkpoints/step_129146
  Pruning old checkpoint: checkpoints/step_128045
step 129,150 | loss 2.7473 | lr 3.00e-04 | 1270 tok/s | fwd_bwd 6251ms data 1ms clip 20ms optim 112ms step 6396ms mem 1452/3311MB
step 129,160 | loss 3.6657 | lr 3.00e-04 | 1272 tok/s | fwd_bwd 6277ms data 0ms clip 20ms optim 112ms step 6420ms mem 1493/3311MB
step 129,170 | loss 4.4095 | lr 3.00e-04 | 1279 tok/s | fwd_bwd 6219ms data 0ms clip 20ms optim 111ms step 6357ms mem 1493/3311MB
step 129,180 | loss 4.6774 | lr 3.00e-04 | 1278 tok/s | fwd_bwd 6237ms data 0ms clip 20ms optim 111ms step 6374ms mem 1493/3311MB
step 129,190 | loss 4.4557 | lr 3.00e-04 | 1279 tok/s | fwd_bwd 6219ms data 0ms clip 20ms optim 112ms step 6354ms mem 1493/3311MB
step 129,200 | loss 3.7224 | lr 3.00e-04 | 1285 tok/s | fwd_bwd 6200ms data 0ms clip 20ms optim 111ms step 6336ms mem 1448/3311MB
step 129,210 | loss 3.8896 | lr 3.00e-04 | 1291 tok/s | fwd_bwd 6179ms data 0ms clip 20ms optim 110ms step 6315ms mem 1452/3311MB
step 129,220 | loss 4.1779 | lr 3.00e-04 | 1285 tok/s | fwd_bwd 6167ms data 0ms clip 20ms optim 111ms step 6305ms mem 1493/3311MB
step 129,230 | loss 3.2087 | lr 3.00e-04 | 1299 tok/s | fwd_bwd 6162ms data 0ms clip 20ms optim 111ms step 6304ms mem 1493/3311MB
step 129,240 | loss 3.6686 | lr 3.00e-04 | 1299 tok/s | fwd_bwd 6139ms data 1ms clip 20ms optim 111ms step 6284ms mem 1493/3311MB
step 129,250 | loss 4.0965 | lr 3.00e-04 | 1303 tok/s | fwd_bwd 6128ms data 0ms clip 20ms optim 111ms step 6268ms mem 1451/3311MB
step 129,260 | loss 3.5927 | lr 3.00e-04 | 1303 tok/s | fwd_bwd 6110ms data 0ms clip 20ms optim 111ms step 6248ms mem 1493/3311MB
step 129,270 | loss 2.3620 | lr 3.00e-04 | 1300 tok/s | fwd_bwd 6154ms data 0ms clip 20ms optim 111ms step 6294ms mem 1493/3311MB
step 129,280 | loss 2.3192 | lr 3.00e-04 | 1305 tok/s | fwd_bwd 6119ms data 0ms clip 20ms optim 111ms step 6263ms mem 1493/3311MB
step 129,290 | loss 2.2036 | lr 3.00e-04 | 1309 tok/s | fwd_bwd 6182ms data 1ms clip 23ms optim 119ms step 6344ms mem 1476/3311MB
step 129,300 | loss 2.2266 | lr 3.00e-04 | 1311 tok/s | fwd_bwd 6092ms data 0ms clip 20ms optim 111ms step 6226ms mem 1448/3311MB
step 129,310 | loss 3.6615 | lr 3.00e-04 | 1311 tok/s | fwd_bwd 6094ms data 0ms clip 20ms optim 111ms step 6234ms mem 1451/3311MB
step 129,320 | loss 3.8401 | lr 3.00e-04 | 1311 tok/s | fwd_bwd 6071ms data 0ms clip 20ms optim 111ms step 6210ms mem 1451/3311MB
step 129,330 | loss 3.0447 | lr 3.00e-04 | 1316 tok/s | fwd_bwd 6066ms data 0ms clip 20ms optim 111ms step 6208ms mem 1451/3311MB
step 129,340 | loss 3.8732 | lr 3.00e-04 | 1312 tok/s | fwd_bwd 6096ms data 0ms clip 20ms optim 111ms step 6233ms mem 1482/3311MB
step 129,350 | loss 3.7427 | lr 3.00e-04 | 1310 tok/s | fwd_bwd 6098ms data 0ms clip 20ms optim 111ms step 6232ms mem 1493/3311MB
step 129,360 | loss 3.6231 | lr 3.00e-04 | 1311 tok/s | fwd_bwd 6095ms data 0ms clip 20ms optim 111ms step 6233ms mem 1493/3311MB
step 129,370 | loss 2.7913 | lr 3.00e-04 | 1313 tok/s | fwd_bwd 6085ms data 0ms clip 20ms optim 111ms step 6222ms mem 1451/3311MB
step 129,380 | loss 3.9660 | lr 3.00e-04 | 1309 tok/s | fwd_bwd 6111ms data 0ms clip 20ms optim 111ms step 6248ms mem 1493/3311MB
step 129,390 | loss 2.3263 | lr 3.00e-04 | 1305 tok/s | fwd_bwd 6117ms data 0ms clip 20ms optim 111ms step 6253ms mem 1493/3311MB
step 129,400 | loss 3.3256 | lr 3.00e-04 | 1305 tok/s | fwd_bwd 6135ms data 0ms clip 20ms optim 111ms step 6273ms mem 1493/3311MB
step 129,410 | loss 1.6408 | lr 3.00e-04 | 1299 tok/s | fwd_bwd 6134ms data 0ms clip 20ms optim 111ms step 6271ms mem 1451/3311MB
step 129,420 | loss 2.9476 | lr 3.00e-04 | 1301 tok/s | fwd_bwd 6182ms data 1ms clip 20ms optim 111ms step 6331ms mem 1451/3311MB
step 129,430 | loss 3.8335 | lr 3.00e-04 | 1299 tok/s | fwd_bwd 6136ms data 0ms clip 20ms optim 111ms step 6275ms mem 1493/3311MB
step 129,440 | loss 3.5065 | lr 3.00e-04 | 1302 tok/s | fwd_bwd 6126ms data 0ms clip 20ms optim 110ms step 6264ms mem 1493/3311MB
step 129,450 | loss 1.2784 | lr 3.00e-04 | 1309 tok/s | fwd_bwd 6109ms data 0ms clip 20ms optim 111ms step 6244ms mem 1493/3311MB
step 129,460 | loss 3.4260 | lr 3.00e-04 | 1306 tok/s | fwd_bwd 6130ms data 1ms clip 20ms optim 111ms step 6278ms mem 1493/3311MB
step 129,470 | loss 4.2782 | lr 3.00e-04 | 1307 tok/s | fwd_bwd 6097ms data 0ms clip 20ms optim 111ms step 6236ms mem 1493/3311MB
step 129,480 | loss 3.9388 | lr 3.00e-04 | 1305 tok/s | fwd_bwd 6128ms data 0ms clip 20ms optim 111ms step 6265ms mem 1493/3311MB
step 129,490 | loss 4.0848 | lr 3.00e-04 | 1300 tok/s | fwd_bwd 6228ms data 1ms clip 20ms optim 111ms step 6379ms mem 1452/3311MB
step 129,500 | loss 2.6143 | lr 3.00e-04 | 1281 tok/s | fwd_bwd 6459ms data 1ms clip 22ms optim 116ms step 6610ms mem 1489/3311MB
  [eval] step 129500 | val_loss 3.5080 | ppl 33.38
step 129,510 | loss 3.0036 | lr 3.00e-04 | 701 tok/s | fwd_bwd 6367ms data 1ms clip 24ms optim 121ms step 6524ms mem 1493/3311MB
step 129,520 | loss 3.8024 | lr 3.00e-04 | 1168 tok/s | fwd_bwd 6288ms data 0ms clip 21ms optim 114ms step 6429ms mem 1448/3311MB
step 129,530 | loss 2.5744 | lr 3.00e-04 | 1312 tok/s | fwd_bwd 5934ms data 1ms clip 21ms optim 112ms step 6081ms mem 1448/3311MB
step 129,540 | loss 3.1291 | lr 3.00e-04 | 1350 tok/s | fwd_bwd 5934ms data 0ms clip 21ms optim 114ms step 6074ms mem 1448/3311MB
step 129,550 | loss 3.8248 | lr 3.00e-04 | 1347 tok/s | fwd_bwd 5969ms data 1ms clip 20ms optim 113ms step 6115ms mem 1448/3311MB
step 129,560 | loss 2.8632 | lr 3.00e-04 | 1339 tok/s | fwd_bwd 5931ms data 0ms clip 21ms optim 114ms step 6074ms mem 1448/3311MB
step 129,570 | loss 3.0080 | lr 3.00e-04 | 1326 tok/s | fwd_bwd 6028ms data 0ms clip 21ms optim 113ms step 6165ms mem 1448/3311MB
step 129,580 | loss 1.9213 | lr 3.00e-04 | 1324 tok/s | fwd_bwd 6028ms data 0ms clip 20ms optim 113ms step 6168ms mem 1448/3311MB
step 129,590 | loss 1.6575 | lr 3.00e-04 | 1319 tok/s | fwd_bwd 6044ms data 0ms clip 21ms optim 113ms step 6183ms mem 1448/3311MB
step 129,600 | loss 3.7900 | lr 3.00e-04 | 1318 tok/s | fwd_bwd 6082ms data 1ms clip 21ms optim 113ms step 6230ms mem 1448/3311MB
step 129,610 | loss 2.8344 | lr 3.00e-04 | 1307 tok/s | fwd_bwd 6127ms data 0ms clip 22ms optim 113ms step 6269ms mem 1448/3311MB
step 129,620 | loss 2.2978 | lr 3.00e-04 | 1306 tok/s | fwd_bwd 6096ms data 0ms clip 21ms optim 113ms step 6237ms mem 1448/3311MB
step 129,630 | loss 2.2763 | lr 2.99e-04 | 1309 tok/s | fwd_bwd 6104ms data 0ms clip 21ms optim 114ms step 6243ms mem 1448/3311MB
step 129,640 | loss 3.5176 | lr 2.99e-04 | 1306 tok/s | fwd_bwd 6120ms data 1ms clip 21ms optim 114ms step 6267ms mem 1448/3311MB
step 129,650 | loss 3.9487 | lr 2.99e-04 | 1301 tok/s | fwd_bwd 6004ms data 0ms clip 22ms optim 114ms step 6146ms mem 1448/3311MB
step 129,660 | loss 3.3993 | lr 2.99e-04 | 1296 tok/s | fwd_bwd 6106ms data 1ms clip 21ms optim 113ms step 6253ms mem 1448/3311MB
step 129,670 | loss 3.2761 | lr 2.99e-04 | 1292 tok/s | fwd_bwd 6191ms data 0ms clip 21ms optim 113ms step 6329ms mem 1448/3311MB
step 129,680 | loss 3.9591 | lr 2.99e-04 | 1295 tok/s | fwd_bwd 6142ms data 0ms clip 21ms optim 114ms step 6287ms mem 1448/3311MB
step 129,690 | loss 2.5861 | lr 2.99e-04 | 1293 tok/s | fwd_bwd 6125ms data 0ms clip 21ms optim 114ms step 6270ms mem 1448/3311MB
step 129,700 | loss 3.3842 | lr 2.99e-04 | 1285 tok/s | fwd_bwd 6179ms data 0ms clip 22ms optim 114ms step 6321ms mem 1448/3311MB
step 129,710 | loss 2.0068 | lr 2.99e-04 | 1287 tok/s | fwd_bwd 6253ms data 0ms clip 20ms optim 114ms step 6390ms mem 1448/3311MB
Checkpoint saved: checkpoints/step_129710
  Pruning old checkpoint: checkpoints/step_128597
step 129,720 | loss 3.2439 | lr 2.99e-04 | 1275 tok/s | fwd_bwd 6201ms data 0ms clip 21ms optim 114ms step 6341ms mem 1448/3311MB
step 129,730 | loss 2.5428 | lr 2.99e-04 | 1282 tok/s | fwd_bwd 6124ms data 0ms clip 20ms optim 112ms step 6262ms mem 1448/3311MB
step 129,740 | loss 3.4035 | lr 2.99e-04 | 1279 tok/s | fwd_bwd 6284ms data 0ms clip 20ms optim 112ms step 6427ms mem 1448/3311MB
step 129,750 | loss 3.1578 | lr 2.99e-04 | 1262 tok/s | fwd_bwd 6195ms data 1ms clip 20ms optim 111ms step 6339ms mem 1448/3311MB
Resuming from checkpoint: checkpoints/step_129710
  Resumed at step 129710

============================================================
  Unrealistic 187M — Training
  Parameters: 189,748,992
  Dtype: bfloat16
  Optimizer: AdamW (mlx)
  Micro-batch: 1 × 8 accum
  Effective batch: 8
  Memory: 534 MB
============================================================

step 129,710 | loss 3.7192 | lr 2.99e-04 | 0 tok/s | fwd_bwd 4880ms data 71ms clip 24ms optim 393ms step 5379ms mem 1448/2587MB
step 129,720 | loss 3.5942 | lr 2.99e-04 | 1650 tok/s | fwd_bwd 4791ms data 1ms clip 21ms optim 114ms step 4939ms mem 1493/3311MB
step 129,730 | loss 3.3169 | lr 2.99e-04 | 1651 tok/s | fwd_bwd 4814ms data 1ms clip 22ms optim 118ms step 4964ms mem 1450/3311MB
step 129,740 | loss 2.9670 | lr 2.99e-04 | 1654 tok/s | fwd_bwd 4768ms data 1ms clip 20ms optim 112ms step 4919ms mem 1451/3311MB
step 129,750 | loss 3.3943 | lr 2.99e-04 | 1623 tok/s | fwd_bwd 5095ms data 1ms clip 20ms optim 111ms step 5242ms mem 1452/3311MB
step 129,760 | loss 2.3584 | lr 2.99e-04 | 1487 tok/s | fwd_bwd 5504ms data 1ms clip 20ms optim 111ms step 5649ms mem 1493/3311MB
step 129,770 | loss 3.6971 | lr 2.99e-04 | 1430 tok/s | fwd_bwd 5626ms data 1ms clip 23ms optim 120ms step 5790ms mem 1452/3311MB
step 129,780 | loss 3.3944 | lr 2.99e-04 | 1420 tok/s | fwd_bwd 5602ms data 1ms clip 20ms optim 111ms step 5752ms mem 1493/3311MB
step 129,790 | loss 2.3204 | lr 2.99e-04 | 1416 tok/s | fwd_bwd 5665ms data 1ms clip 20ms optim 112ms step 5815ms mem 1493/3311MB
step 129,800 | loss 3.1403 | lr 2.99e-04 | 1401 tok/s | fwd_bwd 5653ms data 1ms clip 22ms optim 121ms step 5818ms mem 1476/3311MB
step 129,810 | loss 3.4993 | lr 2.99e-04 | 1392 tok/s | fwd_bwd 5756ms data 1ms clip 20ms optim 111ms step 5903ms mem 1493/3311MB
step 129,820 | loss 3.2113 | lr 2.99e-04 | 1378 tok/s | fwd_bwd 5836ms data 0ms clip 20ms optim 111ms step 5973ms mem 1493/3311MB
step 129,830 | loss 3.1460 | lr 2.99e-04 | 1369 tok/s | fwd_bwd 5817ms data 1ms clip 20ms optim 112ms step 5963ms mem 1493/3311MB
step 129,840 | loss 2.7259 | lr 2.99e-04 | 1349 tok/s | fwd_bwd 5916ms data 0ms clip 20ms optim 111ms step 6055ms mem 1493/3311MB
step 129,850 | loss 3.5517 | lr 2.99e-04 | 1351 tok/s | fwd_bwd 5910ms data 0ms clip 20ms optim 111ms step 6049ms mem 1493/3311MB
step 129,860 | loss 3.0317 | lr 2.99e-04 | 1343 tok/s | fwd_bwd 5848ms data 1ms clip 20ms optim 111ms step 5993ms mem 1493/3311MB
step 129,870 | loss 3.6570 | lr 2.99e-04 | 1336 tok/s | fwd_bwd 6030ms data 1ms clip 23ms optim 119ms step 6193ms mem 1493/3311MB
step 129,880 | loss 3.7511 | lr 2.99e-04 | 1334 tok/s | fwd_bwd 6012ms data 0ms clip 21ms optim 112ms step 6151ms mem 1493/3311MB
step 129,890 | loss 3.0532 | lr 2.99e-04 | 1328 tok/s | fwd_bwd 5936ms data 0ms clip 20ms optim 112ms step 6073ms mem 1493/3311MB
step 129,900 | loss 3.2472 | lr 2.99e-04 | 1324 tok/s | fwd_bwd 6085ms data 1ms clip 23ms optim 119ms step 6249ms mem 1470/3311MB
step 129,910 | loss 3.0911 | lr 2.99e-04 | 1317 tok/s | fwd_bwd 6131ms data 1ms clip 20ms optim 111ms step 6278ms mem 1451/3311MB
step 129,920 | loss 3.6425 | lr 2.99e-04 | 1314 tok/s | fwd_bwd 6106ms data 1ms clip 23ms optim 120ms step 6271ms mem 1493/3311MB
step 129,930 | loss 3.4255 | lr 2.99e-04 | 1315 tok/s | fwd_bwd 6135ms data 1ms clip 21ms optim 113ms step 6289ms mem 1493/3311MB
step 129,940 | loss 3.6374 | lr 2.99e-04 | 1320 tok/s | fwd_bwd 6036ms data 1ms clip 20ms optim 111ms step 6184ms mem 1493/3311MB
step 129,950 | loss 3.8389 | lr 2.99e-04 | 1316 tok/s | fwd_bwd 6078ms data 0ms clip 20ms optim 111ms step 6214ms mem 1450/3311MB
step 129,960 | loss 2.3104 | lr 2.99e-04 | 1306 tok/s | fwd_bwd 6139ms data 1ms clip 20ms optim 112ms step 6292ms mem 1493/3311MB
step 129,970 | loss 3.0898 | lr 2.99e-04 | 1312 tok/s | fwd_bwd 6088ms data 0ms clip 20ms optim 112ms step 6228ms mem 1493/3311MB
step 129,980 | loss 3.3394 | lr 2.99e-04 | 1306 tok/s | fwd_bwd 5995ms data 0ms clip 20ms optim 111ms step 6136ms mem 1493/3311MB
step 129,990 | loss 2.9365 | lr 2.99e-04 | 1316 tok/s | fwd_bwd 6069ms data 0ms clip 20ms optim 111ms step 6207ms mem 1493/3311MB
step 130,000 | loss 2.8202 | lr 2.99e-04 | 1316 tok/s | fwd_bwd 5974ms data 1ms clip 20ms optim 111ms step 6117ms mem 1488/3311MB
  [eval] step 130000 | val_loss 3.5023 | ppl 33.19
Checkpoint saved: checkpoints/step_130000
  [samples] wrote checkpoints/step_130000/samples.txt
  Pruning old checkpoint: checkpoints/step_129000
step 130,010 | loss 3.0208 | lr 2.99e-04 | 562 tok/s | fwd_bwd 6064ms data 0ms clip 20ms optim 111ms step 6204ms mem 1493/3311MB
step 130,020 | loss 3.3949 | lr 2.99e-04 | 1312 tok/s | fwd_bwd 6058ms data 1ms clip 23ms optim 121ms step 6221ms mem 1493/3311MB
step 130,030 | loss 2.5808 | lr 2.99e-04 | 1314 tok/s | fwd_bwd 6057ms data 1ms clip 20ms optim 111ms step 6199ms mem 1493/3311MB
step 130,040 | loss 2.5344 | lr 2.99e-04 | 1308 tok/s | fwd_bwd 6192ms data 1ms clip 23ms optim 120ms step 6357ms mem 1448/3311MB
step 130,050 | loss 2.1206 | lr 2.99e-04 | 1314 tok/s | fwd_bwd 6150ms data 1ms clip 23ms optim 119ms step 6313ms mem 1452/3311MB
step 130,060 | loss 2.9964 | lr 2.99e-04 | 1311 tok/s | fwd_bwd 6126ms data 1ms clip 23ms optim 120ms step 6289ms mem 1493/3311MB
step 130,070 | loss 2.6236 | lr 2.99e-04 | 1317 tok/s | fwd_bwd 6049ms data 0ms clip 20ms optim 111ms step 6191ms mem 1493/3311MB
step 130,080 | loss 3.0709 | lr 2.99e-04 | 1316 tok/s | fwd_bwd 6067ms data 1ms clip 20ms optim 111ms step 6209ms mem 1482/3311MB
step 130,090 | loss 1.7230 | lr 2.99e-04 | 1311 tok/s | fwd_bwd 6097ms data 1ms clip 20ms optim 111ms step 6243ms mem 1493/3311MB
step 130,100 | loss 2.8364 | lr 2.99e-04 | 1309 tok/s | fwd_bwd 6151ms data 1ms clip 20ms optim 112ms step 6295ms mem 1493/3311MB
step 130,110 | loss 2.0417 | lr 2.99e-04 | 1307 tok/s | fwd_bwd 6088ms data 0ms clip 20ms optim 111ms step 6227ms mem 1493/3311MB
step 130,120 | loss 2.3039 | lr 2.99e-04 | 1311 tok/s | fwd_bwd 6019ms data 1ms clip 20ms optim 112ms step 6168ms mem 1493/3311MB
step 130,130 | loss 2.4702 | lr 2.99e-04 | 1312 tok/s | fwd_bwd 6075ms data 1ms clip 20ms optim 111ms step 6218ms mem 1493/3311MB
step 130,140 | loss 2.8906 | lr 2.99e-04 | 1305 tok/s | fwd_bwd 6140ms data 1ms clip 21ms optim 112ms step 6284ms mem 1493/3311MB
step 130,150 | loss 3.1831 | lr 2.99e-04 | 1306 tok/s | fwd_bwd 6115ms data 1ms clip 20ms optim 112ms step 6261ms mem 1452/3311MB
step 130,160 | loss 3.0939 | lr 2.99e-04 | 1306 tok/s | fwd_bwd 6118ms data 0ms clip 20ms optim 111ms step 6256ms mem 1493/3311MB
step 130,170 | loss 1.6691 | lr 2.99e-04 | 1303 tok/s | fwd_bwd 6153ms data 1ms clip 20ms optim 111ms step 6306ms mem 1493/3311MB
step 130,180 | loss 3.1633 | lr 2.99e-04 | 1306 tok/s | fwd_bwd 6151ms data 1ms clip 23ms optim 120ms step 6314ms mem 1452/3311MB
step 130,190 | loss 2.8399 | lr 2.99e-04 | 1305 tok/s | fwd_bwd 6112ms data 1ms clip 20ms optim 112ms step 6256ms mem 1452/3311MB
step 130,200 | loss 3.3133 | lr 2.99e-04 | 1301 tok/s | fwd_bwd 6046ms data 0ms clip 20ms optim 112ms step 6187ms mem 1493/3311MB
step 130,210 | loss 1.5797 | lr 2.99e-04 | 1304 tok/s | fwd_bwd 6099ms data 1ms clip 20ms optim 111ms step 6242ms mem 1493/3311MB
step 130,220 | loss 2.0174 | lr 2.99e-04 | 1308 tok/s | fwd_bwd 6088ms data 6ms clip 20ms optim 112ms step 6235ms mem 1493/3311MB
step 130,230 | loss 2.9317 | lr 2.99e-04 | 1303 tok/s | fwd_bwd 6071ms data 1ms clip 20ms optim 111ms step 6211ms mem 1451/3311MB
step 130,240 | loss 2.8115 | lr 2.99e-04 | 1304 tok/s | fwd_bwd 6096ms data 1ms clip 20ms optim 112ms step 6238ms mem 1493/3311MB
step 130,250 | loss 2.5197 | lr 2.99e-04 | 1300 tok/s | fwd_bwd 6143ms data 0ms clip 20ms optim 111ms step 6281ms mem 1493/3311MB
step 130,260 | loss 3.2161 | lr 2.99e-04 | 1301 tok/s | fwd_bwd 6086ms data 1ms clip 23ms optim 119ms step 6248ms mem 1493/3311MB
step 130,270 | loss 2.3396 | lr 2.99e-04 | 1304 tok/s | fwd_bwd 6108ms data 0ms clip 20ms optim 111ms step 6248ms mem 1493/3311MB
step 130,280 | loss 3.2974 | lr 2.99e-04 | 1306 tok/s | fwd_bwd 6123ms data 0ms clip 20ms optim 112ms step 6261ms mem 1493/3311MB
Checkpoint saved: checkpoints/step_130287
  Pruning old checkpoint: checkpoints/step_129146
step 130,290 | loss 2.7939 | lr 2.99e-04 | 1296 tok/s | fwd_bwd 6119ms data 0ms clip 20ms optim 111ms step 6258ms mem 1493/3311MB
step 130,300 | loss 2.5426 | lr 2.99e-04 | 1300 tok/s | fwd_bwd 6209ms data 1ms clip 23ms optim 119ms step 6369ms mem 1493/3311MB
step 130,310 | loss 2.2619 | lr 2.99e-04 | 1302 tok/s | fwd_bwd 6156ms data 1ms clip 23ms optim 119ms step 6317ms mem 1470/3311MB
step 130,320 | loss 2.5747 | lr 2.99e-04 | 1304 tok/s | fwd_bwd 6159ms data 1ms clip 23ms optim 120ms step 6320ms mem 1493/3311MB
step 130,330 | loss 1.1844 | lr 2.99e-04 | 1306 tok/s | fwd_bwd 6112ms data 0ms clip 20ms optim 112ms step 6253ms mem 1451/3311MB
step 130,340 | loss 2.0308 | lr 2.99e-04 | 1304 tok/s | fwd_bwd 6096ms data 0ms clip 20ms optim 111ms step 6235ms mem 1452/3311MB
step 130,350 | loss 2.5435 | lr 2.99e-04 | 1305 tok/s | fwd_bwd 6129ms data 0ms clip 20ms optim 112ms step 6268ms mem 1493/3311MB
step 130,360 | loss 2.8100 | lr 2.99e-04 | 1302 tok/s | fwd_bwd 6128ms data 1ms clip 20ms optim 111ms step 6273ms mem 1493/3311MB
step 130,370 | loss 2.1731 | lr 2.99e-04 | 1304 tok/s | fwd_bwd 6137ms data 0ms clip 20ms optim 111ms step 6277ms mem 1493/3311MB
step 130,380 | loss 3.0217 | lr 2.99e-04 | 1303 tok/s | fwd_bwd 6113ms data 0ms clip 20ms optim 112ms step 6251ms mem 1493/3311MB
step 130,390 | loss 1.5758 | lr 2.99e-04 | 1304 tok/s | fwd_bwd 6136ms data 1ms clip 20ms optim 111ms step 6282ms mem 1493/3311MB
step 130,400 | loss 1.8864 | lr 2.99e-04 | 1302 tok/s | fwd_bwd 6139ms data 1ms clip 20ms optim 111ms step 6281ms mem 1493/3311MB
step 130,410 | loss 2.1337 | lr 2.99e-04 | 1302 tok/s | fwd_bwd 6127ms data 0ms clip 20ms optim 112ms step 6263ms mem 1450/3311MB
step 130,420 | loss 2.7771 | lr 2.99e-04 | 1297 tok/s | fwd_bwd 6246ms data 0ms clip 20ms optim 112ms step 6386ms mem 1493/3311MB
step 130,430 | loss 2.7001 | lr 2.99e-04 | 1298 tok/s | fwd_bwd 6140ms data 0ms clip 20ms optim 111ms step 6280ms mem 1493/3311MB
step 130,440 | loss 2.6324 | lr 2.99e-04 | 1298 tok/s | fwd_bwd 6135ms data 0ms clip 20ms optim 111ms step 6278ms mem 1493/3311MB
step 130,450 | loss 2.7407 | lr 2.99e-04 | 1301 tok/s | fwd_bwd 6124ms data 0ms clip 20ms optim 112ms step 6264ms mem 1493/3311MB
step 130,460 | loss 2.3858 | lr 2.99e-04 | 1300 tok/s | fwd_bwd 6128ms data 0ms clip 20ms optim 112ms step 6269ms mem 1493/3311MB
step 130,470 | loss 1.6386 | lr 2.99e-04 | 1300 tok/s | fwd_bwd 6169ms data 0ms clip 20ms optim 112ms step 6305ms mem 1493/3311MB
step 130,480 | loss 3.3279 | lr 2.99e-04 | 1298 tok/s | fwd_bwd 6176ms data 0ms clip 20ms optim 112ms step 6313ms mem 1493/3311MB
step 130,490 | loss 2.0964 | lr 2.99e-04 | 1299 tok/s | fwd_bwd 6172ms data 0ms clip 20ms optim 111ms step 6313ms mem 1493/3311MB
step 130,500 | loss 2.7514 | lr 2.99e-04 | 1292 tok/s | fwd_bwd 6211ms data 1ms clip 20ms optim 111ms step 6356ms mem 1493/3311MB
  [eval] step 130500 | val_loss 3.5517 | ppl 34.87
step 130,510 | loss 2.6667 | lr 2.99e-04 | 730 tok/s | fwd_bwd 6143ms data 0ms clip 20ms optim 112ms step 6279ms mem 1493/3311MB
step 130,520 | loss 1.3839 | lr 2.99e-04 | 1297 tok/s | fwd_bwd 6180ms data 0ms clip 20ms optim 112ms step 6318ms mem 1493/3311MB
step 130,530 | loss 2.5098 | lr 2.99e-04 | 1297 tok/s | fwd_bwd 6156ms data 1ms clip 20ms optim 112ms step 6304ms mem 1490/3311MB
step 130,540 | loss 2.2474 | lr 2.99e-04 | 1299 tok/s | fwd_bwd 6126ms data 1ms clip 20ms optim 111ms step 6271ms mem 1493/3311MB
step 130,550 | loss 3.8046 | lr 2.99e-04 | 1300 tok/s | fwd_bwd 6148ms data 0ms clip 20ms optim 111ms step 6283ms mem 1493/3311MB
step 130,560 | loss 2.4606 | lr 2.99e-04 | 1298 tok/s | fwd_bwd 6153ms data 0ms clip 20ms optim 112ms step 6296ms mem 1493/3311MB
step 130,570 | loss 2.6387 | lr 2.99e-04 | 1296 tok/s | fwd_bwd 6114ms data 0ms clip 20ms optim 112ms step 6251ms mem 1451/3311MB
step 130,580 | loss 2.6211 | lr 2.99e-04 | 1297 tok/s | fwd_bwd 6155ms data 0ms clip 20ms optim 111ms step 6295ms mem 1452/3311MB
step 130,590 | loss 2.1322 | lr 2.99e-04 | 1293 tok/s | fwd_bwd 6170ms data 0ms clip 20ms optim 112ms step 6307ms mem 1448/3311MB
step 130,600 | loss 3.5411 | lr 2.99e-04 | 1295 tok/s | fwd_bwd 6170ms data 0ms clip 20ms optim 111ms step 6307ms mem 1493/3311MB
step 130,610 | loss 2.7620 | lr 2.99e-04 | 1297 tok/s | fwd_bwd 6168ms data 0ms clip 20ms optim 112ms step 6306ms mem 1451/3311MB
step 130,620 | loss 3.3936 | lr 2.99e-04 | 1296 tok/s | fwd_bwd 6167ms data 0ms clip 20ms optim 111ms step 6307ms mem 1493/3311MB
step 130,630 | loss 3.8464 | lr 2.99e-04 | 1296 tok/s | fwd_bwd 6162ms data 0ms clip 20ms optim 112ms step 6299ms mem 1451/3311MB
step 130,640 | loss 1.4311 | lr 2.99e-04 | 1301 tok/s | fwd_bwd 6098ms data 1ms clip 20ms optim 112ms step 6239ms mem 1493/3311MB
step 130,650 | loss 1.3723 | lr 2.99e-04 | 1296 tok/s | fwd_bwd 6152ms data 0ms clip 20ms optim 112ms step 6288ms mem 1493/3311MB
step 130,660 | loss 2.7163 | lr 2.99e-04 | 1294 tok/s | fwd_bwd 6165ms data 0ms clip 21ms optim 113ms step 6310ms mem 1470/3311MB
step 130,670 | loss 3.5721 | lr 2.99e-04 | 1295 tok/s | fwd_bwd 6215ms data 1ms clip 20ms optim 112ms step 6367ms mem 1452/3311MB
step 130,680 | loss 1.2691 | lr 2.99e-04 | 1299 tok/s | fwd_bwd 6180ms data 0ms clip 20ms optim 111ms step 6320ms mem 1452/3311MB
step 130,690 | loss 1.2082 | lr 2.99e-04 | 1295 tok/s | fwd_bwd 6114ms data 0ms clip 20ms optim 112ms step 6258ms mem 1493/3311MB
step 130,700 | loss 2.7249 | lr 2.99e-04 | 1294 tok/s | fwd_bwd 6163ms data 0ms clip 20ms optim 111ms step 6298ms mem 1493/3311MB
step 130,710 | loss 1.4293 | lr 2.99e-04 | 1294 tok/s | fwd_bwd 6182ms data 0ms clip 20ms optim 112ms step 6318ms mem 1493/3311MB
step 130,720 | loss 2.4710 | lr 2.99e-04 | 1296 tok/s | fwd_bwd 6158ms data 1ms clip 20ms optim 112ms step 6305ms mem 1493/3311MB
step 130,730 | loss 4.0001 | lr 2.99e-04 | 1300 tok/s | fwd_bwd 6154ms data 1ms clip 20ms optim 112ms step 6302ms mem 1493/3311MB
step 130,740 | loss 2.0746 | lr 2.99e-04 | 1300 tok/s | fwd_bwd 6151ms data 0ms clip 20ms optim 111ms step 6289ms mem 1493/3311MB
step 130,750 | loss 3.8356 | lr 2.99e-04 | 1302 tok/s | fwd_bwd 6142ms data 0ms clip 20ms optim 111ms step 6282ms mem 1493/3311MB
step 130,760 | loss 2.9100 | lr 2.99e-04 | 1300 tok/s | fwd_bwd 6163ms data 0ms clip 20ms optim 112ms step 6304ms mem 1493/3311MB
step 130,770 | loss 2.1902 | lr 2.99e-04 | 1305 tok/s | fwd_bwd 6115ms data 0ms clip 20ms optim 111ms step 6254ms mem 1450/3311MB
step 130,780 | loss 3.3681 | lr 2.99e-04 | 1309 tok/s | fwd_bwd 6106ms data 0ms clip 20ms optim 111ms step 6244ms mem 1449/3311MB
step 130,790 | loss 2.9361 | lr 2.99e-04 | 1307 tok/s | fwd_bwd 6126ms data 0ms clip 20ms optim 112ms step 6263ms mem 1451/3311MB
step 130,800 | loss 2.7184 | lr 2.99e-04 | 1305 tok/s | fwd_bwd 6105ms data 0ms clip 20ms optim 112ms step 6240ms mem 1493/3311MB
step 130,810 | loss 2.9703 | lr 2.99e-04 | 1305 tok/s | fwd_bwd 6159ms data 1ms clip 23ms optim 119ms step 6322ms mem 1488/3311MB
step 130,820 | loss 3.3808 | lr 2.99e-04 | 1306 tok/s | fwd_bwd 6115ms data 1ms clip 20ms optim 111ms step 6263ms mem 1451/3311MB
step 130,830 | loss 2.5157 | lr 2.99e-04 | 1305 tok/s | fwd_bwd 6118ms data 7ms clip 20ms optim 111ms step 6266ms mem 1452/3311MB
step 130,840 | loss 1.4688 | lr 2.99e-04 | 1305 tok/s | fwd_bwd 6126ms data 0ms clip 20ms optim 111ms step 6261ms mem 1452/3311MB
step 130,850 | loss 2.9595 | lr 2.99e-04 | 1300 tok/s | fwd_bwd 6167ms data 0ms clip 20ms optim 111ms step 6306ms mem 1451/3311MB
Checkpoint saved: checkpoints/step_130851
  Pruning old checkpoint: checkpoints/step_129710
step 130,860 | loss 3.3776 | lr 2.99e-04 | 1289 tok/s | fwd_bwd 6166ms data 0ms clip 20ms optim 111ms step 6306ms mem 1452/3311MB
step 130,870 | loss 2.1341 | lr 2.99e-04 | 1294 tok/s | fwd_bwd 6198ms data 1ms clip 20ms optim 112ms step 6345ms mem 1493/3311MB
step 130,880 | loss 3.7866 | lr 2.99e-04 | 1294 tok/s | fwd_bwd 6236ms data 1ms clip 23ms optim 119ms step 6400ms mem 1493/3311MB
step 130,890 | loss 3.3947 | lr 2.99e-04 | 1298 tok/s | fwd_bwd 6142ms data 0ms clip 20ms optim 111ms step 6278ms mem 1493/3311MB
step 130,900 | loss 2.9658 | lr 2.99e-04 | 1303 tok/s | fwd_bwd 6123ms data 1ms clip 20ms optim 111ms step 6266ms mem 1493/3311MB
step 130,910 | loss 3.6298 | lr 2.99e-04 | 1306 tok/s | fwd_bwd 6112ms data 0ms clip 20ms optim 112ms step 6247ms mem 1493/3311MB
step 130,920 | loss 2.0997 | lr 2.99e-04 | 1304 tok/s | fwd_bwd 6145ms data 0ms clip 20ms optim 111ms step 6286ms mem 1493/3311MB
step 130,930 | loss 2.5100 | lr 2.99e-04 | 1293 tok/s | fwd_bwd 6181ms data 0ms clip 20ms optim 112ms step 6319ms mem 1451/3311MB
step 130,940 | loss 2.7552 | lr 2.99e-04 | 1296 tok/s | fwd_bwd 6155ms data 0ms clip 20ms optim 111ms step 6297ms mem 1452/3311MB
step 130,950 | loss 2.4425 | lr 2.99e-04 | 1295 tok/s | fwd_bwd 6249ms data 1ms clip 20ms optim 111ms step 6397ms mem 1493/3311MB
step 130,960 | loss 1.7709 | lr 2.99e-04 | 1298 tok/s | fwd_bwd 6164ms data 1ms clip 20ms optim 111ms step 6311ms mem 1493/3311MB
step 130,970 | loss 2.8149 | lr 2.99e-04 | 1299 tok/s | fwd_bwd 6149ms data 0ms clip 20ms optim 111ms step 6291ms mem 1493/3311MB
step 130,980 | loss 3.5411 | lr 2.99e-04 | 1298 tok/s | fwd_bwd 6109ms data 0ms clip 20ms optim 111ms step 6246ms mem 1493/3311MB
step 130,990 | loss 3.0293 | lr 2.99e-04 | 1290 tok/s | fwd_bwd 6220ms data 0ms clip 20ms optim 112ms step 6364ms mem 1493/3311MB
step 131,000 | loss 3.9089 | lr 2.99e-04 | 1281 tok/s | fwd_bwd 6492ms data 0ms clip 20ms optim 112ms step 6630ms mem 1493/3311MB
  [eval] step 131000 | val_loss 3.5599 | ppl 35.16
Checkpoint saved: checkpoints/step_131000
  [samples] wrote checkpoints/step_131000/samples.txt
  Pruning old checkpoint: checkpoints/step_130000
step 131,010 | loss 2.2295 | lr 2.99e-04 | 556 tok/s | fwd_bwd 6168ms data 0ms clip 20ms optim 112ms step 6304ms mem 1493/3311MB
step 131,020 | loss 2.6059 | lr 2.99e-04 | 1294 tok/s | fwd_bwd 6170ms data 0ms clip 20ms optim 112ms step 6309ms mem 1493/3311MB
step 131,030 | loss 2.2758 | lr 2.99e-04 | 1295 tok/s | fwd_bwd 6171ms data 0ms clip 20ms optim 111ms step 6312ms mem 1493/3311MB
step 131,040 | loss 2.3452 | lr 2.99e-04 | 1296 tok/s | fwd_bwd 6166ms data 0ms clip 20ms optim 112ms step 6304ms mem 1489/3311MB
step 131,050 | loss 2.0001 | lr 2.99e-04 | 1293 tok/s | fwd_bwd 6118ms data 0ms clip 20ms optim 111ms step 6260ms mem 1493/3311MB
step 131,060 | loss 3.9237 | lr 2.99e-04 | 1295 tok/s | fwd_bwd 6130ms data 0ms clip 20ms optim 112ms step 6267ms mem 1493/3311MB
step 131,070 | loss 3.7159 | lr 2.99e-04 | 1294 tok/s | fwd_bwd 6188ms data 1ms clip 20ms optim 112ms step 6336ms mem 1493/3311MB
step 131,080 | loss 3.4646 | lr 2.99e-04 | 1296 tok/s | fwd_bwd 6143ms data 0ms clip 20ms optim 111ms step 6286ms mem 1493/3311MB
step 131,090 | loss 3.3896 | lr 2.99e-04 | 1300 tok/s | fwd_bwd 6147ms data 1ms clip 20ms optim 111ms step 6291ms mem 1493/3311MB
step 131,100 | loss 3.4522 | lr 2.99e-04 | 1300 tok/s | fwd_bwd 6174ms data 0ms clip 20ms optim 111ms step 6314ms mem 1452/3311MB
step 131,110 | loss 3.6819 | lr 2.99e-04 | 1296 tok/s | fwd_bwd 6154ms data 0ms clip 20ms optim 112ms step 6298ms mem 1493/3311MB
step 131,120 | loss 3.7662 | lr 2.99e-04 | 1293 tok/s | fwd_bwd 6140ms data 1ms clip 20ms optim 112ms step 6284ms mem 1493/3311MB
step 131,130 | loss 3.3053 | lr 2.99e-04 | 1299 tok/s | fwd_bwd 6129ms data 0ms clip 20ms optim 111ms step 6270ms mem 1493/3311MB
step 131,140 | loss 2.4233 | lr 2.99e-04 | 1305 tok/s | fwd_bwd 6108ms data 0ms clip 20ms optim 112ms step 6243ms mem 1451/3311MB
step 131,150 | loss 2.8806 | lr 2.99e-04 | 1302 tok/s | fwd_bwd 6107ms data 0ms clip 20ms optim 111ms step 6248ms mem 1493/3311MB
step 131,160 | loss 3.3986 | lr 2.99e-04 | 1309 tok/s | fwd_bwd 6088ms data 0ms clip 20ms optim 112ms step 6227ms mem 1493/3311MB
step 131,170 | loss 2.8980 | lr 2.99e-04 | 1307 tok/s | fwd_bwd 6119ms data 0ms clip 20ms optim 111ms step 6260ms mem 1493/3311MB
step 131,180 | loss 2.4443 | lr 2.99e-04 | 1304 tok/s | fwd_bwd 6127ms data 0ms clip 20ms optim 112ms step 6265ms mem 1493/3311MB
step 131,190 | loss 2.1963 | lr 2.99e-04 | 1305 tok/s | fwd_bwd 6108ms data 0ms clip 20ms optim 111ms step 6244ms mem 1452/3311MB
step 131,200 | loss 1.5640 | lr 2.99e-04 | 1307 tok/s | fwd_bwd 6110ms data 0ms clip 20ms optim 112ms step 6251ms mem 1493/3311MB
step 131,210 | loss 4.3570 | lr 2.99e-04 | 1306 tok/s | fwd_bwd 6113ms data 0ms clip 20ms optim 111ms step 6253ms mem 1493/3311MB
step 131,220 | loss 2.7790 | lr 2.99e-04 | 1305 tok/s | fwd_bwd 6120ms data 0ms clip 20ms optim 111ms step 6262ms mem 1452/3311MB
step 131,230 | loss 2.2069 | lr 2.99e-04 | 1304 tok/s | fwd_bwd 6123ms data 0ms clip 20ms optim 112ms step 6261ms mem 1464/3311MB
step 131,240 | loss 3.6459 | lr 2.99e-04 | 1302 tok/s | fwd_bwd 6131ms data 0ms clip 20ms optim 112ms step 6271ms mem 1493/3311MB
step 131,250 | loss 3.9115 | lr 2.99e-04 | 1305 tok/s | fwd_bwd 6110ms data 0ms clip 20ms optim 112ms step 6245ms mem 1493/3311MB
step 131,260 | loss 3.3711 | lr 2.99e-04 | 1300 tok/s | fwd_bwd 6148ms data 1ms clip 20ms optim 112ms step 6293ms mem 1493/3311MB
step 131,270 | loss 2.3369 | lr 2.99e-04 | 1300 tok/s | fwd_bwd 6130ms data 1ms clip 20ms optim 112ms step 6276ms mem 1493/3311MB
step 131,280 | loss 1.7319 | lr 2.99e-04 | 1304 tok/s | fwd_bwd 6117ms data 0ms clip 20ms optim 111ms step 6255ms mem 1493/3311MB
step 131,290 | loss 3.8740 | lr 2.99e-04 | 1300 tok/s | fwd_bwd 6125ms data 0ms clip 20ms optim 112ms step 6265ms mem 1493/3311MB
step 131,300 | loss 3.2969 | lr 2.99e-04 | 1300 tok/s | fwd_bwd 6094ms data 1ms clip 20ms optim 112ms step 6240ms mem 1493/3311MB
step 131,310 | loss 2.4785 | lr 2.99e-04 | 1304 tok/s | fwd_bwd 6129ms data 0ms clip 20ms optim 111ms step 6267ms mem 1493/3311MB
step 131,320 | loss 3.7749 | lr 2.99e-04 | 1302 tok/s | fwd_bwd 6148ms data 1ms clip 20ms optim 111ms step 6293ms mem 1493/3311MB
step 131,330 | loss 1.7640 | lr 2.99e-04 | 1300 tok/s | fwd_bwd 6152ms data 0ms clip 20ms optim 111ms step 6289ms mem 1493/3311MB
step 131,340 | loss 1.5126 | lr 2.99e-04 | 1299 tok/s | fwd_bwd 6143ms data 0ms clip 20ms optim 111ms step 6283ms mem 1452/3311MB
step 131,350 | loss 1.6126 | lr 2.99e-04 | 1300 tok/s | fwd_bwd 6134ms data 0ms clip 20ms optim 111ms step 6271ms mem 1493/3311MB
step 131,360 | loss 4.3703 | lr 2.99e-04 | 1298 tok/s | fwd_bwd 6186ms data 1ms clip 20ms optim 113ms step 6337ms mem 1493/3311MB
step 131,370 | loss 3.7184 | lr 2.99e-04 | 1299 tok/s | fwd_bwd 6158ms data 0ms clip 20ms optim 112ms step 6295ms mem 1493/3311MB
step 131,380 | loss 2.8541 | lr 2.99e-04 | 1299 tok/s | fwd_bwd 6144ms data 0ms clip 20ms optim 112ms step 6281ms mem 1452/3311MB
step 131,390 | loss 3.1000 | lr 2.99e-04 | 1297 tok/s | fwd_bwd 6175ms data 0ms clip 20ms optim 112ms step 6313ms mem 1470/3311MB
step 131,400 | loss 2.1968 | lr 2.99e-04 | 1291 tok/s | fwd_bwd 6194ms data 1ms clip 20ms optim 111ms step 6340ms mem 1493/3311MB
Checkpoint saved: checkpoints/step_131409
  Pruning old checkpoint: checkpoints/step_130287
step 131,410 | loss 3.2152 | lr 2.99e-04 | 1286 tok/s | fwd_bwd 5919ms data 1ms clip 20ms optim 111ms step 6066ms mem 1493/3311MB
step 131,420 | loss 3.5994 | lr 2.99e-04 | 1304 tok/s | fwd_bwd 6138ms data 0ms clip 20ms optim 111ms step 6273ms mem 1493/3311MB
step 131,430 | loss 3.6128 | lr 2.99e-04 | 1296 tok/s | fwd_bwd 6157ms data 0ms clip 20ms optim 111ms step 6291ms mem 1493/3311MB
step 131,440 | loss 3.6180 | lr 2.99e-04 | 1299 tok/s | fwd_bwd 6145ms data 8ms clip 20ms optim 112ms step 6297ms mem 1493/3311MB
step 131,450 | loss 2.1217 | lr 2.99e-04 | 1299 tok/s | fwd_bwd 6146ms data 0ms clip 20ms optim 112ms step 6284ms mem 1493/3311MB
step 131,460 | loss 2.1937 | lr 2.99e-04 | 1297 tok/s | fwd_bwd 6170ms data 0ms clip 20ms optim 111ms step 6312ms mem 1493/3311MB
step 131,470 | loss 2.8228 | lr 2.99e-04 | 1297 tok/s | fwd_bwd 6118ms data 0ms clip 20ms optim 112ms step 6256ms mem 1451/3311MB
step 131,480 | loss 2.4755 | lr 2.99e-04 | 1299 tok/s | fwd_bwd 6064ms data 0ms clip 20ms optim 112ms step 6202ms mem 1452/3311MB
step 131,490 | loss 3.8716 | lr 2.99e-04 | 1299 tok/s | fwd_bwd 6153ms data 1ms clip 20ms optim 112ms step 6296ms mem 1493/3311MB
step 131,500 | loss 4.5842 | lr 2.99e-04 | 1299 tok/s | fwd_bwd 6179ms data 0ms clip 20ms optim 111ms step 6316ms mem 1493/3311MB
  [eval] step 131500 | val_loss 3.4066 | ppl 30.16
step 131,510 | loss 3.5613 | lr 2.99e-04 | 732 tok/s | fwd_bwd 6153ms data 0ms clip 20ms optim 112ms step 6289ms mem 1450/3311MB
step 131,520 | loss 1.8339 | lr 2.99e-04 | 1294 tok/s | fwd_bwd 6227ms data 1ms clip 23ms optim 119ms step 6390ms mem 1493/3311MB
step 131,530 | loss 4.0297 | lr 2.99e-04 | 1297 tok/s | fwd_bwd 6187ms data 0ms clip 20ms optim 112ms step 6324ms mem 1451/3311MB
step 131,540 | loss 3.7191 | lr 2.99e-04 | 1289 tok/s | fwd_bwd 6189ms data 0ms clip 20ms optim 112ms step 6329ms mem 1493/3311MB
step 131,550 | loss 4.1152 | lr 2.99e-04 | 1291 tok/s | fwd_bwd 6194ms data 0ms clip 20ms optim 111ms step 6334ms mem 1493/3311MB
step 131,560 | loss 3.9317 | lr 2.99e-04 | 1293 tok/s | fwd_bwd 6157ms data 0ms clip 20ms optim 111ms step 6292ms mem 1493/3311MB
step 131,570 | loss 2.4083 | lr 2.99e-04 | 1292 tok/s | fwd_bwd 6181ms data 0ms clip 20ms optim 112ms step 6320ms mem 1493/3311MB
step 131,580 | loss 5.1861 | lr 2.99e-04 | 1290 tok/s | fwd_bwd 6197ms data 0ms clip 20ms optim 111ms step 6335ms mem 1470/3311MB
step 131,590 | loss 2.9087 | lr 2.99e-04 | 1287 tok/s | fwd_bwd 6237ms data 0ms clip 20ms optim 111ms step 6375ms mem 1493/3311MB
step 131,600 | loss 2.4683 | lr 2.99e-04 | 1284 tok/s | fwd_bwd 6224ms data 0ms clip 20ms optim 111ms step 6362ms mem 1451/3311MB
step 131,610 | loss 1.8954 | lr 2.99e-04 | 1286 tok/s | fwd_bwd 6206ms data 0ms clip 20ms optim 111ms step 6345ms mem 1493/3311MB
step 131,620 | loss 4.2088 | lr 2.99e-04 | 1289 tok/s | fwd_bwd 6216ms data 1ms clip 20ms optim 111ms step 6361ms mem 1493/3311MB
step 131,630 | loss 2.7313 | lr 2.99e-04 | 1286 tok/s | fwd_bwd 6254ms data 1ms clip 20ms optim 111ms step 6405ms mem 1493/3311MB
step 131,640 | loss 3.4968 | lr 2.99e-04 | 1283 tok/s | fwd_bwd 6212ms data 0ms clip 20ms optim 111ms step 6352ms mem 1448/3311MB
step 131,650 | loss 3.8057 | lr 2.99e-04 | 1281 tok/s | fwd_bwd 6334ms data 1ms clip 23ms optim 120ms step 6498ms mem 1493/3311MB
step 131,660 | loss 3.1657 | lr 2.99e-04 | 1284 tok/s | fwd_bwd 6220ms data 0ms clip 20ms optim 112ms step 6355ms mem 1493/3311MB
step 131,670 | loss 4.1381 | lr 2.99e-04 | 1281 tok/s | fwd_bwd 6263ms data 1ms clip 20ms optim 111ms step 6411ms mem 1493/3311MB
step 131,680 | loss 3.3713 | lr 2.99e-04 | 1282 tok/s | fwd_bwd 6229ms data 0ms clip 20ms optim 112ms step 6369ms mem 1451/3311MB
step 131,690 | loss 3.7928 | lr 2.99e-04 | 1283 tok/s | fwd_bwd 6234ms data 0ms clip 20ms optim 111ms step 6373ms mem 1493/3311MB
step 131,700 | loss 2.7842 | lr 2.99e-04 | 1282 tok/s | fwd_bwd 6239ms data 0ms clip 20ms optim 112ms step 6380ms mem 1493/3311MB
step 131,710 | loss 2.9240 | lr 2.99e-04 | 1281 tok/s | fwd_bwd 6239ms data 0ms clip 20ms optim 112ms step 6381ms mem 1493/3311MB
step 131,720 | loss 2.4419 | lr 2.99e-04 | 1281 tok/s | fwd_bwd 6239ms data 0ms clip 20ms optim 112ms step 6382ms mem 1493/3311MB
step 131,730 | loss 2.0520 | lr 2.99e-04 | 1274 tok/s | fwd_bwd 6254ms data 1ms clip 20ms optim 112ms step 6400ms mem 1450/3311MB
step 131,740 | loss 3.6922 | lr 2.99e-04 | 1283 tok/s | fwd_bwd 6222ms data 0ms clip 20ms optim 111ms step 6357ms mem 1452/3311MB
step 131,750 | loss 4.4259 | lr 2.99e-04 | 1280 tok/s | fwd_bwd 6284ms data 1ms clip 23ms optim 120ms step 6447ms mem 1476/3311MB
step 131,760 | loss 1.6813 | lr 2.99e-04 | 1281 tok/s | fwd_bwd 6252ms data 1ms clip 20ms optim 111ms step 6399ms mem 1452/3311MB
step 131,770 | loss 4.1439 | lr 2.99e-04 | 1282 tok/s | fwd_bwd 6253ms data 1ms clip 20ms optim 112ms step 6401ms mem 1451/3311MB
step 131,780 | loss 3.3243 | lr 2.99e-04 | 1280 tok/s | fwd_bwd 6158ms data 1ms clip 20ms optim 112ms step 6302ms mem 1493/3311MB
step 131,790 | loss 3.3650 | lr 2.99e-04 | 1284 tok/s | fwd_bwd 6222ms data 0ms clip 20ms optim 112ms step 6365ms mem 1493/3311MB
step 131,800 | loss 3.2225 | lr 2.99e-04 | 1282 tok/s | fwd_bwd 6264ms data 0ms clip 20ms optim 111ms step 6405ms mem 1493/3311MB
step 131,810 | loss 3.0543 | lr 2.99e-04 | 1280 tok/s | fwd_bwd 6259ms data 1ms clip 20ms optim 111ms step 6406ms mem 1493/3311MB
step 131,820 | loss 3.2420 | lr 2.99e-04 | 1279 tok/s | fwd_bwd 6243ms data 0ms clip 20ms optim 111ms step 6378ms mem 1452/3311MB
step 131,830 | loss 4.0595 | lr 2.99e-04 | 1280 tok/s | fwd_bwd 6243ms data 0ms clip 20ms optim 112ms step 6386ms mem 1493/3311MB
step 131,840 | loss 1.7467 | lr 2.99e-04 | 1283 tok/s | fwd_bwd 6229ms data 1ms clip 20ms optim 112ms step 6374ms mem 1448/3311MB
step 131,850 | loss 1.3838 | lr 2.99e-04 | 1288 tok/s | fwd_bwd 6185ms data 0ms clip 20ms optim 112ms step 6320ms mem 1448/3311MB
step 131,860 | loss 3.9861 | lr 2.99e-04 | 1290 tok/s | fwd_bwd 6204ms data 0ms clip 20ms optim 112ms step 6343ms mem 1493/3311MB
step 131,870 | loss 1.9217 | lr 2.99e-04 | 1286 tok/s | fwd_bwd 6209ms data 0ms clip 20ms optim 111ms step 6352ms mem 1493/3311MB
step 131,880 | loss 2.2201 | lr 2.99e-04 | 1285 tok/s | fwd_bwd 6201ms data 0ms clip 20ms optim 111ms step 6344ms mem 1493/3311MB
step 131,890 | loss 3.4220 | lr 2.99e-04 | 1288 tok/s | fwd_bwd 6207ms data 0ms clip 20ms optim 112ms step 6349ms mem 1448/3311MB
step 131,900 | loss 2.7380 | lr 2.99e-04 | 1286 tok/s | fwd_bwd 6236ms data 0ms clip 20ms optim 112ms step 6382ms mem 1493/3311MB
step 131,910 | loss 3.4310 | lr 2.99e-04 | 1284 tok/s | fwd_bwd 6236ms data 0ms clip 20ms optim 112ms step 6374ms mem 1493/3311MB
step 131,920 | loss 2.2363 | lr 2.99e-04 | 1281 tok/s | fwd_bwd 6237ms data 1ms clip 20ms optim 112ms step 6383ms mem 1493/3311MB
step 131,930 | loss 3.4346 | lr 2.99e-04 | 1280 tok/s | fwd_bwd 6131ms data 0ms clip 20ms optim 112ms step 6270ms mem 1493/3311MB
step 131,940 | loss 2.9242 | lr 2.99e-04 | 1284 tok/s | fwd_bwd 6223ms data 0ms clip 20ms optim 111ms step 6363ms mem 1451/3311MB
step 131,950 | loss 2.9391 | lr 2.99e-04 | 1285 tok/s | fwd_bwd 6209ms data 0ms clip 20ms optim 112ms step 6347ms mem 1493/3311MB
step 131,960 | loss 3.9065 | lr 2.99e-04 | 1285 tok/s | fwd_bwd 6239ms data 0ms clip 20ms optim 113ms step 6375ms mem 1493/3311MB
Checkpoint saved: checkpoints/step_131967
  Pruning old checkpoint: checkpoints/step_130851
step 131,970 | loss 3.0600 | lr 2.99e-04 | 1268 tok/s | fwd_bwd 6235ms data 0ms clip 20ms optim 111ms step 6371ms mem 1493/3311MB
step 131,980 | loss 3.5035 | lr 2.99e-04 | 1281 tok/s | fwd_bwd 6238ms data 0ms clip 20ms optim 112ms step 6382ms mem 1451/3311MB
step 131,990 | loss 3.1130 | lr 2.99e-04 | 1281 tok/s | fwd_bwd 6246ms data 0ms clip 20ms optim 112ms step 6384ms mem 1451/3311MB
step 132,000 | loss 2.2630 | lr 2.99e-04 | 1280 tok/s | fwd_bwd 6248ms data 0ms clip 20ms optim 111ms step 6386ms mem 1493/3311MB
  [eval] step 132000 | val_loss 3.4096 | ppl 30.25
Checkpoint saved: checkpoints/step_132000
  [samples] wrote checkpoints/step_132000/samples.txt
  Pruning old checkpoint: checkpoints/step_131000
step 132,010 | loss 4.0378 | lr 2.99e-04 | 546 tok/s | fwd_bwd 6239ms data 0ms clip 20ms optim 111ms step 6380ms mem 1493/3311MB
step 132,020 | loss 2.5269 | lr 2.99e-04 | 1280 tok/s | fwd_bwd 6226ms data 0ms clip 20ms optim 112ms step 6362ms mem 1493/3311MB
step 132,030 | loss 3.4765 | lr 2.99e-04 | 1286 tok/s | fwd_bwd 6206ms data 0ms clip 20ms optim 112ms step 6345ms mem 1493/3311MB
step 132,040 | loss 3.4071 | lr 2.99e-04 | 1286 tok/s | fwd_bwd 6252ms data 1ms clip 20ms optim 111ms step 6403ms mem 1493/3311MB
step 132,050 | loss 3.5294 | lr 2.99e-04 | 1287 tok/s | fwd_bwd 6213ms data 7ms clip 20ms optim 111ms step 6365ms mem 1452/3311MB
step 132,060 | loss 2.4748 | lr 2.99e-04 | 1287 tok/s | fwd_bwd 6190ms data 0ms clip 20ms optim 112ms step 6328ms mem 1451/3311MB
step 132,070 | loss 2.3227 | lr 2.99e-04 | 1286 tok/s | fwd_bwd 6204ms data 0ms clip 20ms optim 112ms step 6347ms mem 1470/3311MB
step 132,080 | loss 1.4566 | lr 2.99e-04 | 1285 tok/s | fwd_bwd 6227ms data 0ms clip 20ms optim 112ms step 6369ms mem 1493/3311MB
step 132,090 | loss 2.5151 | lr 2.99e-04 | 1284 tok/s | fwd_bwd 6203ms data 0ms clip 20ms optim 112ms step 6344ms mem 1493/3311MB
step 132,100 | loss 4.0620 | lr 2.99e-04 | 1287 tok/s | fwd_bwd 6189ms data 0ms clip 20ms optim 112ms step 6327ms mem 1476/3311MB
step 132,110 | loss 3.2422 | lr 2.99e-04 | 1290 tok/s | fwd_bwd 6191ms data 0ms clip 20ms optim 111ms step 6329ms mem 1451/3311MB
step 132,120 | loss 3.4781 | lr 2.99e-04 | 1282 tok/s | fwd_bwd 6207ms data 0ms clip 20ms optim 112ms step 6343ms mem 1451/3311MB
step 132,130 | loss 1.9159 | lr 2.99e-04 | 1285 tok/s | fwd_bwd 6195ms data 0ms clip 20ms optim 112ms step 6333ms mem 1493/3311MB
step 132,140 | loss 2.6251 | lr 2.99e-04 | 1292 tok/s | fwd_bwd 6174ms data 0ms clip 20ms optim 111ms step 6312ms mem 1493/3311MB
step 132,150 | loss 3.7403 | lr 2.99e-04 | 1295 tok/s | fwd_bwd 6165ms data 0ms clip 20ms optim 112ms step 6303ms mem 1493/3311MB
step 132,160 | loss 2.5385 | lr 2.99e-04 | 1294 tok/s | fwd_bwd 6190ms data 0ms clip 20ms optim 112ms step 6331ms mem 1489/3311MB
step 132,170 | loss 2.8890 | lr 2.99e-04 | 1291 tok/s | fwd_bwd 6181ms data 0ms clip 20ms optim 111ms step 6318ms mem 1493/3311MB
step 132,180 | loss 1.8816 | lr 2.99e-04 | 1291 tok/s | fwd_bwd 6192ms data 0ms clip 20ms optim 111ms step 6335ms mem 1493/3311MB
step 132,190 | loss 3.9330 | lr 2.99e-04 | 1293 tok/s | fwd_bwd 6181ms data 0ms clip 20ms optim 111ms step 6318ms mem 1493/3311MB
step 132,200 | loss 1.6984 | lr 2.99e-04 | 1295 tok/s | fwd_bwd 6173ms data 0ms clip 20ms optim 112ms step 6312ms mem 1493/3311MB
step 132,210 | loss 3.4478 | lr 2.99e-04 | 1293 tok/s | fwd_bwd 6181ms data 1ms clip 20ms optim 111ms step 6326ms mem 1493/3311MB
step 132,220 | loss 3.2565 | lr 2.99e-04 | 1287 tok/s | fwd_bwd 6179ms data 0ms clip 20ms optim 112ms step 6314ms mem 1452/3311MB
step 132,230 | loss 3.4962 | lr 2.99e-04 | 1289 tok/s | fwd_bwd 6260ms data 1ms clip 22ms optim 115ms step 6417ms mem 1482/3311MB
step 132,240 | loss 3.8364 | lr 2.99e-04 | 1293 tok/s | fwd_bwd 6183ms data 0ms clip 20ms optim 112ms step 6319ms mem 1451/3311MB
step 132,250 | loss 4.1770 | lr 2.99e-04 | 1291 tok/s | fwd_bwd 6176ms data 1ms clip 20ms optim 112ms step 6322ms mem 1493/3311MB
step 132,260 | loss 3.2970 | lr 2.99e-04 | 1288 tok/s | fwd_bwd 6203ms data 0ms clip 20ms optim 112ms step 6346ms mem 1448/3311MB
step 132,270 | loss 3.3359 | lr 2.99e-04 | 1289 tok/s | fwd_bwd 6196ms data 0ms clip 20ms optim 112ms step 6334ms mem 1451/3311MB
step 132,280 | loss 1.9349 | lr 2.99e-04 | 1290 tok/s | fwd_bwd 6170ms data 0ms clip 20ms optim 112ms step 6309ms mem 1493/3311MB
step 132,290 | loss 0.0185 | lr 2.99e-04 | 1283 tok/s | fwd_bwd 6211ms data 0ms clip 20ms optim 111ms step 6351ms mem 1493/3311MB
step 132,300 | loss 2.6949 | lr 2.99e-04 | 1288 tok/s | fwd_bwd 6209ms data 0ms clip 20ms optim 111ms step 6349ms mem 1493/3311MB
step 132,310 | loss 3.5488 | lr 2.99e-04 | 1285 tok/s | fwd_bwd 6222ms data 0ms clip 20ms optim 112ms step 6362ms mem 1493/3311MB
step 132,320 | loss 3.0774 | lr 2.99e-04 | 1283 tok/s | fwd_bwd 6236ms data 0ms clip 20ms optim 111ms step 6375ms mem 1493/3311MB
step 132,330 | loss 2.4059 | lr 2.99e-04 | 1281 tok/s | fwd_bwd 6242ms data 0ms clip 20ms optim 111ms step 6379ms mem 1452/3311MB
step 132,340 | loss 1.4567 | lr 2.99e-04 | 1279 tok/s | fwd_bwd 6239ms data 0ms clip 20ms optim 112ms step 6377ms mem 1451/3311MB
step 132,350 | loss 2.4160 | lr 2.99e-04 | 1280 tok/s | fwd_bwd 6241ms data 0ms clip 20ms optim 112ms step 6378ms mem 1450/3311MB
step 132,360 | loss 2.9872 | lr 2.99e-04 | 1279 tok/s | fwd_bwd 6240ms data 0ms clip 20ms optim 111ms step 6378ms mem 1493/3311MB
step 132,370 | loss 4.2214 | lr 2.99e-04 | 1275 tok/s | fwd_bwd 6261ms data 0ms clip 20ms optim 111ms step 6404ms mem 1451/3311MB
step 132,380 | loss 3.3329 | lr 2.99e-04 | 1278 tok/s | fwd_bwd 6280ms data 1ms clip 20ms optim 112ms step 6431ms mem 1452/3311MB
step 132,390 | loss 4.0533 | lr 2.99e-04 | 1279 tok/s | fwd_bwd 6252ms data 0ms clip 20ms optim 112ms step 6395ms mem 1493/3311MB
step 132,400 | loss 2.6414 | lr 2.99e-04 | 1269 tok/s | fwd_bwd 6304ms data 0ms clip 20ms optim 112ms step 6441ms mem 1493/3311MB
step 132,410 | loss 2.1759 | lr 2.99e-04 | 1262 tok/s | fwd_bwd 6308ms data 0ms clip 20ms optim 113ms step 6446ms mem 1493/3311MB
step 132,420 | loss 2.5476 | lr 2.99e-04 | 1273 tok/s | fwd_bwd 6243ms data 0ms clip 20ms optim 112ms step 6384ms mem 1493/3311MB
step 132,430 | loss 4.5706 | lr 2.99e-04 | 1287 tok/s | fwd_bwd 6192ms data 1ms clip 20ms optim 111ms step 6338ms mem 1493/3311MB
step 132,440 | loss 2.2284 | lr 2.99e-04 | 1298 tok/s | fwd_bwd 6145ms data 0ms clip 20ms optim 112ms step 6283ms mem 1451/3311MB
step 132,450 | loss 3.1570 | lr 2.99e-04 | 1304 tok/s | fwd_bwd 6096ms data 0ms clip 20ms optim 111ms step 6237ms mem 1493/3311MB
step 132,460 | loss 2.3284 | lr 2.99e-04 | 1308 tok/s | fwd_bwd 6112ms data 0ms clip 20ms optim 112ms step 6255ms mem 1448/3311MB
step 132,470 | loss 3.1667 | lr 2.99e-04 | 1309 tok/s | fwd_bwd 6108ms data 0ms clip 20ms optim 113ms step 6250ms mem 1493/3311MB
step 132,480 | loss 3.0897 | lr 2.99e-04 | 1312 tok/s | fwd_bwd 6070ms data 0ms clip 20ms optim 111ms step 6215ms mem 1493/3311MB
step 132,490 | loss 2.9066 | lr 2.99e-04 | 1321 tok/s | fwd_bwd 6055ms data 0ms clip 20ms optim 111ms step 6192ms mem 1493/3311MB
step 132,500 | loss 3.1284 | lr 2.99e-04 | 1323 tok/s | fwd_bwd 6037ms data 0ms clip 20ms optim 112ms step 6173ms mem 1451/3311MB
  [eval] step 132500 | val_loss 3.4752 | ppl 32.31
step 132,510 | loss 3.3666 | lr 2.99e-04 | 745 tok/s | fwd_bwd 6028ms data 0ms clip 20ms optim 111ms step 6163ms mem 1452/3311MB
Checkpoint saved: checkpoints/step_132513
  Pruning old checkpoint: checkpoints/step_131409
step 132,520 | loss 2.9592 | lr 2.99e-04 | 1312 tok/s | fwd_bwd 6027ms data 0ms clip 20ms optim 112ms step 6169ms mem 1493/3311MB
step 132,530 | loss 3.0175 | lr 2.99e-04 | 1324 tok/s | fwd_bwd 6027ms data 0ms clip 20ms optim 112ms step 6170ms mem 1493/3311MB
step 132,540 | loss 3.4865 | lr 2.99e-04 | 1325 tok/s | fwd_bwd 6023ms data 0ms clip 20ms optim 111ms step 6160ms mem 1493/3311MB
step 132,550 | loss 2.3888 | lr 2.99e-04 | 1325 tok/s | fwd_bwd 6028ms data 1ms clip 20ms optim 111ms step 6175ms mem 1493/3311MB
step 132,560 | loss 3.0732 | lr 2.99e-04 | 1325 tok/s | fwd_bwd 5991ms data 0ms clip 20ms optim 112ms step 6131ms mem 1493/3311MB
step 132,570 | loss 2.7381 | lr 2.99e-04 | 1325 tok/s | fwd_bwd 6062ms data 1ms clip 21ms optim 113ms step 6216ms mem 1493/3311MB
step 132,580 | loss 3.3383 | lr 2.99e-04 | 1329 tok/s | fwd_bwd 6028ms data 1ms clip 20ms optim 112ms step 6175ms mem 1493/3311MB
step 132,590 | loss 3.3733 | lr 2.99e-04 | 1320 tok/s | fwd_bwd 6079ms data 0ms clip 20ms optim 112ms step 6218ms mem 1493/3311MB
step 132,600 | loss 1.7342 | lr 2.99e-04 | 1310 tok/s | fwd_bwd 6107ms data 0ms clip 20ms optim 111ms step 6250ms mem 1451/3311MB
step 132,610 | loss 3.8564 | lr 2.99e-04 | 1299 tok/s | fwd_bwd 6505ms data 0ms clip 20ms optim 114ms step 6646ms mem 1493/3311MB
step 132,620 | loss 2.8492 | lr 2.99e-04 | 1297 tok/s | fwd_bwd 6148ms data 0ms clip 20ms optim 112ms step 6293ms mem 1451/3311MB
step 132,630 | loss 3.4461 | lr 2.99e-04 | 1299 tok/s | fwd_bwd 6152ms data 0ms clip 20ms optim 112ms step 6290ms mem 1452/3311MB
step 132,640 | loss 2.1403 | lr 2.99e-04 | 1298 tok/s | fwd_bwd 6148ms data 0ms clip 20ms optim 111ms step 6288ms mem 1493/3311MB
step 132,650 | loss 2.0013 | lr 2.99e-04 | 1297 tok/s | fwd_bwd 6158ms data 0ms clip 20ms optim 112ms step 6298ms mem 1450/3311MB
step 132,660 | loss 3.6432 | lr 2.99e-04 | 1298 tok/s | fwd_bwd 6157ms data 0ms clip 20ms optim 112ms step 6297ms mem 1493/3311MB
step 132,670 | loss 3.0274 | lr 2.99e-04 | 1297 tok/s | fwd_bwd 6165ms data 0ms clip 20ms optim 112ms step 6306ms mem 1493/3311MB
step 132,680 | loss 1.8962 | lr 2.99e-04 | 1296 tok/s | fwd_bwd 6166ms data 0ms clip 20ms optim 111ms step 6304ms mem 1493/3311MB
step 132,690 | loss 2.4849 | lr 2.99e-04 | 1287 tok/s | fwd_bwd 6197ms data 0ms clip 20ms optim 111ms step 6337ms mem 1451/3311MB
step 132,700 | loss 3.3080 | lr 2.99e-04 | 1292 tok/s | fwd_bwd 6180ms data 0ms clip 20ms optim 111ms step 6318ms mem 1493/3311MB
step 132,710 | loss 2.5610 | lr 2.99e-04 | 1297 tok/s | fwd_bwd 6163ms data 0ms clip 20ms optim 112ms step 6304ms mem 1451/3311MB
step 132,720 | loss 2.6413 | lr 2.99e-04 | 1296 tok/s | fwd_bwd 6120ms data 0ms clip 20ms optim 111ms step 6258ms mem 1452/3311MB
step 132,730 | loss 3.1197 | lr 2.99e-04 | 1294 tok/s | fwd_bwd 6183ms data 0ms clip 20ms optim 112ms step 6326ms mem 1452/3311MB
step 132,740 | loss 3.5510 | lr 2.99e-04 | 1293 tok/s | fwd_bwd 6179ms data 0ms clip 20ms optim 114ms step 6317ms mem 1493/3311MB
step 132,750 | loss 3.5666 | lr 2.99e-04 | 1293 tok/s | fwd_bwd 6171ms data 0ms clip 20ms optim 112ms step 6308ms mem 1493/3311MB
step 132,760 | loss 3.6333 | lr 2.99e-04 | 1296 tok/s | fwd_bwd 6165ms data 0ms clip 20ms optim 112ms step 6308ms mem 1493/3311MB
step 132,770 | loss 2.9403 | lr 2.99e-04 | 1296 tok/s | fwd_bwd 6181ms data 0ms clip 20ms optim 111ms step 6319ms mem 1451/3311MB
step 132,780 | loss 3.8657 | lr 2.99e-04 | 1293 tok/s | fwd_bwd 6170ms data 0ms clip 20ms optim 112ms step 6310ms mem 1493/3311MB
step 132,790 | loss 3.6800 | lr 2.99e-04 | 1296 tok/s | fwd_bwd 6163ms data 0ms clip 20ms optim 111ms step 6299ms mem 1493/3311MB
step 132,800 | loss 3.7410 | lr 2.99e-04 | 1294 tok/s | fwd_bwd 6160ms data 0ms clip 20ms optim 112ms step 6298ms mem 1451/3311MB
step 132,810 | loss 2.6598 | lr 2.99e-04 | 1294 tok/s | fwd_bwd 6170ms data 0ms clip 20ms optim 111ms step 6308ms mem 1451/3311MB
step 132,820 | loss 3.6745 | lr 2.99e-04 | 1291 tok/s | fwd_bwd 6280ms data 1ms clip 21ms optim 112ms step 6434ms mem 1493/3311MB
step 132,830 | loss 3.1988 | lr 2.99e-04 | 1293 tok/s | fwd_bwd 6183ms data 0ms clip 20ms optim 112ms step 6322ms mem 1493/3311MB
step 132,840 | loss 1.5823 | lr 2.99e-04 | 1295 tok/s | fwd_bwd 6182ms data 0ms clip 20ms optim 112ms step 6323ms mem 1493/3311MB
step 132,850 | loss 3.7880 | lr 2.99e-04 | 1292 tok/s | fwd_bwd 6167ms data 0ms clip 20ms optim 111ms step 6307ms mem 1493/3311MB
step 132,860 | loss 2.6840 | lr 2.99e-04 | 1293 tok/s | fwd_bwd 6188ms data 0ms clip 20ms optim 112ms step 6329ms mem 1451/3311MB
step 132,870 | loss 3.2314 | lr 2.99e-04 | 1293 tok/s | fwd_bwd 6172ms data 0ms clip 20ms optim 112ms step 6313ms mem 1493/3311MB
step 132,880 | loss 3.2178 | lr 2.99e-04 | 1291 tok/s | fwd_bwd 6185ms data 0ms clip 20ms optim 112ms step 6325ms mem 1493/3311MB
step 132,890 | loss 2.4394 | lr 2.99e-04 | 1293 tok/s | fwd_bwd 6182ms data 1ms clip 20ms optim 111ms step 6330ms mem 1449/3311MB
step 132,900 | loss 3.3296 | lr 2.99e-04 | 1298 tok/s | fwd_bwd 6167ms data 0ms clip 20ms optim 112ms step 6310ms mem 1493/3311MB
step 132,910 | loss 2.8729 | lr 2.99e-04 | 1294 tok/s | fwd_bwd 6176ms data 0ms clip 20ms optim 111ms step 6314ms mem 1493/3311MB
step 132,920 | loss 3.0734 | lr 2.99e-04 | 1294 tok/s | fwd_bwd 6163ms data 0ms clip 20ms optim 112ms step 6300ms mem 1451/3311MB
step 132,930 | loss 2.0427 | lr 2.99e-04 | 1294 tok/s | fwd_bwd 6192ms data 0ms clip 20ms optim 111ms step 6329ms mem 1493/3311MB
step 132,940 | loss 4.1332 | lr 2.99e-04 | 1295 tok/s | fwd_bwd 6161ms data 0ms clip 20ms optim 112ms step 6299ms mem 1493/3311MB
step 132,950 | loss 2.8635 | lr 2.99e-04 | 1299 tok/s | fwd_bwd 6143ms data 0ms clip 20ms optim 112ms step 6281ms mem 1451/3311MB
step 132,960 | loss 2.7275 | lr 2.99e-04 | 1292 tok/s | fwd_bwd 6411ms data 0ms clip 21ms optim 113ms step 6553ms mem 1493/3311MB
step 132,970 | loss 3.9417 | lr 2.99e-04 | 1294 tok/s | fwd_bwd 6158ms data 1ms clip 20ms optim 112ms step 6302ms mem 1493/3311MB
step 132,980 | loss 3.4300 | lr 2.99e-04 | 1295 tok/s | fwd_bwd 6165ms data 0ms clip 20ms optim 111ms step 6304ms mem 1493/3311MB
step 132,990 | loss 1.8510 | lr 2.99e-04 | 1294 tok/s | fwd_bwd 6069ms data 0ms clip 20ms optim 112ms step 6210ms mem 1493/3311MB
step 133,000 | loss 2.3200 | lr 2.99e-04 | 1303 tok/s | fwd_bwd 6111ms data 0ms clip 20ms optim 111ms step 6251ms mem 1493/3311MB
  [eval] step 133000 | val_loss 3.4863 | ppl 32.66
Checkpoint saved: checkpoints/step_133000
  [samples] wrote checkpoints/step_133000/samples.txt
  Pruning old checkpoint: checkpoints/step_131967
step 133,010 | loss 2.1979 | lr 2.99e-04 | 555 tok/s | fwd_bwd 6165ms data 0ms clip 20ms optim 111ms step 6308ms mem 1493/3311MB
step 133,020 | loss 2.6719 | lr 2.99e-04 | 1293 tok/s | fwd_bwd 6167ms data 0ms clip 20ms optim 111ms step 6304ms mem 1493/3311MB
step 133,030 | loss 3.7912 | lr 2.99e-04 | 1298 tok/s | fwd_bwd 6136ms data 0ms clip 20ms optim 111ms step 6276ms mem 1493/3311MB
step 133,040 | loss 3.5213 | lr 2.99e-04 | 1300 tok/s | fwd_bwd 6135ms data 0ms clip 20ms optim 111ms step 6273ms mem 1493/3311MB
step 133,050 | loss 4.1023 | lr 2.99e-04 | 1301 tok/s | fwd_bwd 6105ms data 0ms clip 20ms optim 111ms step 6245ms mem 1493/3311MB
step 133,060 | loss 3.9881 | lr 2.99e-04 | 1298 tok/s | fwd_bwd 6149ms data 0ms clip 20ms optim 112ms step 6289ms mem 1493/3311MB
step 133,070 | loss 3.0522 | lr 2.99e-04 | 1297 tok/s | fwd_bwd 6138ms data 0ms clip 20ms optim 111ms step 6279ms mem 1482/3311MB
Checkpoint saved: checkpoints/step_133071
  Pruning old checkpoint: checkpoints/step_132000
step 133,080 | loss 3.4413 | lr 2.99e-04 | 1293 tok/s | fwd_bwd 6126ms data 0ms clip 20ms optim 112ms step 6269ms mem 1449/3311MB
step 133,090 | loss 2.5009 | lr 2.99e-04 | 1301 tok/s | fwd_bwd 6124ms data 0ms clip 20ms optim 111ms step 6261ms mem 1493/3311MB
step 133,100 | loss 2.2560 | lr 2.99e-04 | 1304 tok/s | fwd_bwd 6095ms data 0ms clip 20ms optim 111ms step 6235ms mem 1451/3311MB
step 133,110 | loss 3.0981 | lr 2.99e-04 | 1311 tok/s | fwd_bwd 6120ms data 0ms clip 20ms optim 111ms step 6260ms mem 1493/3311MB
step 133,120 | loss 3.8905 | lr 2.99e-04 | 1304 tok/s | fwd_bwd 6132ms data 0ms clip 20ms optim 112ms step 6271ms mem 1493/3311MB
step 133,130 | loss 2.9178 | lr 2.99e-04 | 1300 tok/s | fwd_bwd 6155ms data 1ms clip 20ms optim 111ms step 6302ms mem 1493/3311MB
step 133,140 | loss 2.9810 | lr 2.99e-04 | 1299 tok/s | fwd_bwd 6149ms data 0ms clip 20ms optim 112ms step 6289ms mem 1449/3311MB
step 133,150 | loss 4.1425 | lr 2.99e-04 | 1298 tok/s | fwd_bwd 6147ms data 0ms clip 20ms optim 112ms step 6285ms mem 1493/3311MB
step 133,160 | loss 3.1494 | lr 2.98e-04 | 1298 tok/s | fwd_bwd 6188ms data 0ms clip 20ms optim 111ms step 6328ms mem 1451/3311MB
step 133,170 | loss 2.2246 | lr 2.98e-04 | 1296 tok/s | fwd_bwd 6155ms data 0ms clip 20ms optim 112ms step 6293ms mem 1493/3311MB
step 133,180 | loss 2.2853 | lr 2.98e-04 | 1299 tok/s | fwd_bwd 6148ms data 0ms clip 20ms optim 112ms step 6287ms mem 1451/3311MB
step 133,190 | loss 3.0531 | lr 2.98e-04 | 1301 tok/s | fwd_bwd 6148ms data 0ms clip 20ms optim 112ms step 6290ms mem 1493/3311MB
step 133,200 | loss 2.4002 | lr 2.98e-04 | 1298 tok/s | fwd_bwd 6061ms data 0ms clip 20ms optim 111ms step 6199ms mem 1493/3311MB
step 133,210 | loss 3.4612 | lr 2.98e-04 | 1298 tok/s | fwd_bwd 6158ms data 0ms clip 20ms optim 111ms step 6300ms mem 1493/3311MB
step 133,220 | loss 3.4598 | lr 2.98e-04 | 1300 tok/s | fwd_bwd 6186ms data 1ms clip 20ms optim 111ms step 6335ms mem 1452/3311MB
step 133,230 | loss 2.1811 | lr 2.98e-04 | 1300 tok/s | fwd_bwd 6125ms data 0ms clip 20ms optim 113ms step 6264ms mem 1493/3311MB
step 133,240 | loss 3.9914 | lr 2.98e-04 | 1299 tok/s | fwd_bwd 6233ms data 0ms clip 20ms optim 112ms step 6371ms mem 1493/3311MB
step 133,250 | loss 2.7159 | lr 2.98e-04 | 1296 tok/s | fwd_bwd 6083ms data 1ms clip 20ms optim 111ms step 6228ms mem 1493/3311MB
step 133,260 | loss 3.9581 | lr 2.98e-04 | 1298 tok/s | fwd_bwd 6133ms data 0ms clip 20ms optim 111ms step 6268ms mem 1493/3311MB
step 133,270 | loss 4.2847 | lr 2.98e-04 | 1301 tok/s | fwd_bwd 6134ms data 0ms clip 20ms optim 111ms step 6275ms mem 1493/3311MB
step 133,280 | loss 3.9596 | lr 2.98e-04 | 1304 tok/s | fwd_bwd 6134ms data 0ms clip 20ms optim 112ms step 6272ms mem 1448/3311MB
step 133,290 | loss 2.9521 | lr 2.98e-04 | 1299 tok/s | fwd_bwd 6136ms data 0ms clip 20ms optim 112ms step 6274ms mem 1493/3311MB
step 133,300 | loss 1.6541 | lr 2.98e-04 | 1303 tok/s | fwd_bwd 6135ms data 0ms clip 20ms optim 112ms step 6272ms mem 1451/3311MB
step 133,310 | loss 4.2216 | lr 2.98e-04 | 1302 tok/s | fwd_bwd 6142ms data 0ms clip 20ms optim 112ms step 6284ms mem 1451/3311MB
step 133,320 | loss 2.3463 | lr 2.98e-04 | 1294 tok/s | fwd_bwd 6157ms data 0ms clip 20ms optim 112ms step 6298ms mem 1448/3311MB
step 133,330 | loss 2.7816 | lr 2.98e-04 | 1297 tok/s | fwd_bwd 6165ms data 0ms clip 20ms optim 112ms step 6306ms mem 1493/3311MB
step 133,340 | loss 1.4334 | lr 2.98e-04 | 1299 tok/s | fwd_bwd 6153ms data 0ms clip 20ms optim 111ms step 6293ms mem 1493/3311MB
step 133,350 | loss 3.7600 | lr 2.98e-04 | 1299 tok/s | fwd_bwd 6143ms data 0ms clip 20ms optim 112ms step 6286ms mem 1493/3311MB
step 133,360 | loss 2.0525 | lr 2.98e-04 | 1302 tok/s | fwd_bwd 6139ms data 1ms clip 20ms optim 112ms step 6284ms mem 1451/3311MB
step 133,370 | loss 2.4343 | lr 2.98e-04 | 1302 tok/s | fwd_bwd 6150ms data 0ms clip 20ms optim 111ms step 6292ms mem 1451/3311MB
step 133,380 | loss 3.3490 | lr 2.98e-04 | 1300 tok/s | fwd_bwd 6160ms data 0ms clip 20ms optim 111ms step 6296ms mem 1470/3311MB
step 133,390 | loss 1.8373 | lr 2.98e-04 | 1297 tok/s | fwd_bwd 6231ms data 1ms clip 20ms optim 112ms step 6381ms mem 1493/3311MB
step 133,400 | loss 2.8225 | lr 2.98e-04 | 1302 tok/s | fwd_bwd 6155ms data 0ms clip 20ms optim 111ms step 6294ms mem 1493/3311MB
step 133,410 | loss 2.4755 | lr 2.98e-04 | 1304 tok/s | fwd_bwd 6115ms data 0ms clip 20ms optim 111ms step 6255ms mem 1493/3311MB
step 133,420 | loss 2.8380 | lr 2.98e-04 | 1304 tok/s | fwd_bwd 6042ms data 0ms clip 20ms optim 111ms step 6177ms mem 1493/3311MB
step 133,430 | loss 2.1088 | lr 2.98e-04 | 1302 tok/s | fwd_bwd 6137ms data 0ms clip 20ms optim 112ms step 6273ms mem 1493/3311MB
step 133,440 | loss 4.1629 | lr 2.98e-04 | 1301 tok/s | fwd_bwd 6149ms data 0ms clip 20ms optim 111ms step 6290ms mem 1451/3311MB
step 133,450 | loss 2.8137 | lr 2.98e-04 | 1303 tok/s | fwd_bwd 6137ms data 0ms clip 20ms optim 112ms step 6278ms mem 1493/3311MB
step 133,460 | loss 4.1198 | lr 2.98e-04 | 1303 tok/s | fwd_bwd 6129ms data 0ms clip 20ms optim 111ms step 6267ms mem 1493/3311MB
step 133,470 | loss 3.9974 | lr 2.98e-04 | 1300 tok/s | fwd_bwd 6155ms data 0ms clip 20ms optim 111ms step 6290ms mem 1493/3311MB
step 133,480 | loss 1.8049 | lr 2.98e-04 | 1296 tok/s | fwd_bwd 6217ms data 1ms clip 24ms optim 120ms step 6382ms mem 1493/3311MB
step 133,490 | loss 3.3004 | lr 2.98e-04 | 1299 tok/s | fwd_bwd 6150ms data 0ms clip 20ms optim 112ms step 6291ms mem 1493/3311MB
step 133,500 | loss 3.5617 | lr 2.98e-04 | 1299 tok/s | fwd_bwd 6163ms data 0ms clip 20ms optim 111ms step 6305ms mem 1493/3311MB
  [eval] step 133500 | val_loss 3.3743 | ppl 29.20
step 133,510 | loss 2.9470 | lr 2.98e-04 | 737 tok/s | fwd_bwd 6122ms data 0ms clip 23ms optim 113ms step 6264ms mem 1493/3311MB
step 133,520 | loss 2.1565 | lr 2.98e-04 | 1307 tok/s | fwd_bwd 6105ms data 0ms clip 20ms optim 112ms step 6243ms mem 1493/3311MB
step 133,530 | loss 2.2511 | lr 2.98e-04 | 1312 tok/s | fwd_bwd 6088ms data 0ms clip 20ms optim 111ms step 6228ms mem 1452/3311MB
step 133,540 | loss 3.3554 | lr 2.98e-04 | 1309 tok/s | fwd_bwd 6097ms data 0ms clip 20ms optim 112ms step 6238ms mem 1493/3311MB
step 133,550 | loss 3.4780 | lr 2.98e-04 | 1312 tok/s | fwd_bwd 6084ms data 0ms clip 20ms optim 111ms step 6229ms mem 1493/3311MB
step 133,560 | loss 3.6135 | lr 2.98e-04 | 1314 tok/s | fwd_bwd 6086ms data 0ms clip 20ms optim 111ms step 6229ms mem 1493/3311MB
step 133,570 | loss 1.9928 | lr 2.98e-04 | 1312 tok/s | fwd_bwd 6093ms data 0ms clip 20ms optim 112ms step 6233ms mem 1493/3311MB
step 133,580 | loss 3.2070 | lr 2.98e-04 | 1311 tok/s | fwd_bwd 6099ms data 0ms clip 20ms optim 111ms step 6241ms mem 1493/3311MB
step 133,590 | loss 2.7309 | lr 2.98e-04 | 1311 tok/s | fwd_bwd 6097ms data 0ms clip 20ms optim 112ms step 6239ms mem 1493/3311MB
step 133,600 | loss 3.0270 | lr 2.98e-04 | 1312 tok/s | fwd_bwd 6093ms data 0ms clip 20ms optim 112ms step 6234ms mem 1493/3311MB
step 133,610 | loss 3.7130 | lr 2.98e-04 | 1310 tok/s | fwd_bwd 6099ms data 0ms clip 20ms optim 112ms step 6242ms mem 1493/3311MB
step 133,620 | loss 2.6070 | lr 2.98e-04 | 1313 tok/s | fwd_bwd 6081ms data 0ms clip 20ms optim 112ms step 6217ms mem 1493/3311MB
step 133,630 | loss 3.2545 | lr 2.98e-04 | 1312 tok/s | fwd_bwd 6116ms data 1ms clip 20ms optim 112ms step 6263ms mem 1493/3311MB
Checkpoint saved: checkpoints/step_133636
  Pruning old checkpoint: checkpoints/step_132513
step 133,640 | loss 3.8111 | lr 2.98e-04 | 1298 tok/s | fwd_bwd 6109ms data 0ms clip 20ms optim 112ms step 6250ms mem 1493/3311MB
step 133,650 | loss 2.9913 | lr 2.98e-04 | 1306 tok/s | fwd_bwd 6115ms data 0ms clip 20ms optim 112ms step 6251ms mem 1493/3311MB
step 133,660 | loss 2.5663 | lr 2.98e-04 | 1306 tok/s | fwd_bwd 6116ms data 0ms clip 20ms optim 112ms step 6257ms mem 1493/3311MB
step 133,670 | loss 2.3065 | lr 2.98e-04 | 1306 tok/s | fwd_bwd 6129ms data 0ms clip 20ms optim 112ms step 6272ms mem 1493/3311MB
step 133,680 | loss 3.5713 | lr 2.98e-04 | 1304 tok/s | fwd_bwd 6131ms data 0ms clip 20ms optim 111ms step 6272ms mem 1493/3311MB
step 133,690 | loss 3.4169 | lr 2.98e-04 | 1305 tok/s | fwd_bwd 6117ms data 0ms clip 20ms optim 111ms step 6252ms mem 1493/3311MB
step 133,700 | loss 2.8711 | lr 2.98e-04 | 1303 tok/s | fwd_bwd 6200ms data 1ms clip 22ms optim 117ms step 6360ms mem 1493/3311MB
step 133,710 | loss 3.2812 | lr 2.98e-04 | 1308 tok/s | fwd_bwd 6111ms data 0ms clip 20ms optim 112ms step 6247ms mem 1493/3311MB
step 133,720 | loss 1.9124 | lr 2.98e-04 | 1308 tok/s | fwd_bwd 6110ms data 0ms clip 20ms optim 111ms step 6252ms mem 1452/3311MB
step 133,730 | loss 3.5578 | lr 2.98e-04 | 1306 tok/s | fwd_bwd 6121ms data 0ms clip 20ms optim 111ms step 6258ms mem 1493/3311MB
step 133,740 | loss 3.6500 | lr 2.98e-04 | 1305 tok/s | fwd_bwd 6030ms data 0ms clip 20ms optim 111ms step 6169ms mem 1452/3311MB
step 133,750 | loss 2.3477 | lr 2.98e-04 | 1307 tok/s | fwd_bwd 6119ms data 0ms clip 20ms optim 112ms step 6257ms mem 1493/3311MB
step 133,760 | loss 3.3777 | lr 2.98e-04 | 1307 tok/s | fwd_bwd 6107ms data 0ms clip 20ms optim 111ms step 6242ms mem 1493/3311MB
step 133,770 | loss 3.4138 | lr 2.98e-04 | 1308 tok/s | fwd_bwd 6114ms data 0ms clip 20ms optim 111ms step 6257ms mem 1451/3311MB
step 133,780 | loss 3.5055 | lr 2.98e-04 | 1304 tok/s | fwd_bwd 6165ms data 1ms clip 20ms optim 111ms step 6314ms mem 1493/3311MB
step 133,790 | loss 3.4632 | lr 2.98e-04 | 1305 tok/s | fwd_bwd 6141ms data 0ms clip 20ms optim 112ms step 6281ms mem 1493/3311MB
step 133,800 | loss 2.1587 | lr 2.98e-04 | 1297 tok/s | fwd_bwd 6172ms data 0ms clip 20ms optim 112ms step 6313ms mem 1493/3311MB
step 133,810 | loss 3.1897 | lr 2.98e-04 | 1288 tok/s | fwd_bwd 6212ms data 0ms clip 20ms optim 111ms step 6352ms mem 1493/3311MB
step 133,820 | loss 1.9679 | lr 2.98e-04 | 1291 tok/s | fwd_bwd 6176ms data 0ms clip 20ms optim 112ms step 6316ms mem 1451/3311MB
step 133,830 | loss 1.6819 | lr 2.98e-04 | 1296 tok/s | fwd_bwd 6146ms data 0ms clip 20ms optim 111ms step 6286ms mem 1493/3311MB
step 133,840 | loss 4.1860 | lr 2.98e-04 | 1296 tok/s | fwd_bwd 6162ms data 0ms clip 20ms optim 112ms step 6300ms mem 1452/3311MB
step 133,850 | loss 3.7096 | lr 2.98e-04 | 1295 tok/s | fwd_bwd 6177ms data 0ms clip 20ms optim 111ms step 6318ms mem 1451/3311MB
step 133,860 | loss 3.4651 | lr 2.98e-04 | 1297 tok/s | fwd_bwd 6167ms data 0ms clip 20ms optim 112ms step 6312ms mem 1449/3311MB
step 133,870 | loss 4.0026 | lr 2.98e-04 | 1296 tok/s | fwd_bwd 6160ms data 0ms clip 20ms optim 112ms step 6298ms mem 1493/3311MB
step 133,880 | loss 3.0406 | lr 2.98e-04 | 1296 tok/s | fwd_bwd 6168ms data 0ms clip 20ms optim 112ms step 6309ms mem 1493/3311MB
step 133,890 | loss 2.1924 | lr 2.98e-04 | 1298 tok/s | fwd_bwd 6155ms data 0ms clip 20ms optim 112ms step 6292ms mem 1451/3311MB
step 133,900 | loss 2.1334 | lr 2.98e-04 | 1298 tok/s | fwd_bwd 6175ms data 1ms clip 20ms optim 111ms step 6324ms mem 1493/3311MB
step 133,910 | loss 2.4982 | lr 2.98e-04 | 1292 tok/s | fwd_bwd 6218ms data 0ms clip 20ms optim 112ms step 6354ms mem 1451/3311MB
step 133,920 | loss 3.3354 | lr 2.98e-04 | 1282 tok/s | fwd_bwd 6188ms data 0ms clip 20ms optim 111ms step 6326ms mem 1493/3311MB
step 133,930 | loss 3.4224 | lr 2.98e-04 | 1295 tok/s | fwd_bwd 6153ms data 0ms clip 20ms optim 111ms step 6293ms mem 1493/3311MB
step 133,940 | loss 1.7706 | lr 2.98e-04 | 1299 tok/s | fwd_bwd 6152ms data 0ms clip 20ms optim 112ms step 6287ms mem 1493/3311MB
step 133,950 | loss 3.3377 | lr 2.98e-04 | 1297 tok/s | fwd_bwd 6150ms data 0ms clip 20ms optim 112ms step 6286ms mem 1451/3311MB
step 133,960 | loss 2.1214 | lr 2.98e-04 | 1298 tok/s | fwd_bwd 6167ms data 0ms clip 20ms optim 112ms step 6305ms mem 1452/3311MB
step 133,970 | loss 3.5343 | lr 2.98e-04 | 1297 tok/s | fwd_bwd 6135ms data 0ms clip 20ms optim 111ms step 6275ms mem 1452/3311MB
step 133,980 | loss 2.8481 | lr 2.98e-04 | 1297 tok/s | fwd_bwd 6175ms data 0ms clip 20ms optim 111ms step 6317ms mem 1493/3311MB
step 133,990 | loss 2.4022 | lr 2.98e-04 | 1299 tok/s | fwd_bwd 6155ms data 0ms clip 20ms optim 111ms step 6290ms mem 1493/3311MB
step 134,000 | loss 3.8366 | lr 2.98e-04 | 1297 tok/s | fwd_bwd 6149ms data 0ms clip 20ms optim 112ms step 6284ms mem 1451/3311MB
  [eval] step 134000 | val_loss 3.4123 | ppl 30.34
Checkpoint saved: checkpoints/step_134000
  [samples] wrote checkpoints/step_134000/samples.txt
  Pruning old checkpoint: checkpoints/step_133000
step 134,010 | loss 3.0120 | lr 2.98e-04 | 556 tok/s | fwd_bwd 6187ms data 1ms clip 20ms optim 112ms step 6333ms mem 1493/3311MB
step 134,020 | loss 1.5802 | lr 2.98e-04 | 1295 tok/s | fwd_bwd 6149ms data 0ms clip 20ms optim 111ms step 6284ms mem 1493/3311MB
step 134,030 | loss 2.6036 | lr 2.98e-04 | 1296 tok/s | fwd_bwd 6198ms data 1ms clip 20ms optim 111ms step 6348ms mem 1493/3311MB
step 134,040 | loss 2.9274 | lr 2.98e-04 | 1297 tok/s | fwd_bwd 6153ms data 0ms clip 20ms optim 112ms step 6295ms mem 1452/3311MB
step 134,050 | loss 3.5855 | lr 2.98e-04 | 1292 tok/s | fwd_bwd 6174ms data 0ms clip 20ms optim 112ms step 6312ms mem 1493/3311MB
step 134,060 | loss 2.9521 | lr 2.98e-04 | 1293 tok/s | fwd_bwd 6168ms data 0ms clip 20ms optim 112ms step 6306ms mem 1493/3311MB
step 134,070 | loss 3.9257 | lr 2.98e-04 | 1293 tok/s | fwd_bwd 6072ms data 1ms clip 20ms optim 111ms step 6220ms mem 1492/3311MB
step 134,080 | loss 1.9071 | lr 2.98e-04 | 1296 tok/s | fwd_bwd 6137ms data 0ms clip 20ms optim 111ms step 6272ms mem 1493/3311MB
step 134,090 | loss 3.4264 | lr 2.98e-04 | 1296 tok/s | fwd_bwd 6159ms data 0ms clip 20ms optim 111ms step 6299ms mem 1493/3311MB
step 134,100 | loss 3.1516 | lr 2.98e-04 | 1297 tok/s | fwd_bwd 6150ms data 1ms clip 20ms optim 111ms step 6295ms mem 1493/3311MB
step 134,110 | loss 4.0995 | lr 2.98e-04 | 1300 tok/s | fwd_bwd 6109ms data 0ms clip 20ms optim 112ms step 6247ms mem 1488/3311MB
step 134,120 | loss 3.7956 | lr 2.98e-04 | 1298 tok/s | fwd_bwd 6074ms data 1ms clip 20ms optim 112ms step 6218ms mem 1493/3311MB
step 134,130 | loss 2.9284 | lr 2.98e-04 | 1293 tok/s | fwd_bwd 6080ms data 1ms clip 20ms optim 112ms step 6226ms mem 1493/3311MB
step 134,140 | loss 3.7738 | lr 2.98e-04 | 1296 tok/s | fwd_bwd 6204ms data 1ms clip 20ms optim 111ms step 6353ms mem 1452/3311MB
step 134,150 | loss 2.1855 | lr 2.98e-04 | 1297 tok/s | fwd_bwd 6157ms data 0ms clip 20ms optim 111ms step 6295ms mem 1493/3311MB
step 134,160 | loss 2.4039 | lr 2.98e-04 | 1298 tok/s | fwd_bwd 6143ms data 0ms clip 20ms optim 111ms step 6283ms mem 1449/3311MB
step 134,170 | loss 3.4508 | lr 2.98e-04 | 1298 tok/s | fwd_bwd 6147ms data 0ms clip 20ms optim 112ms step 6286ms mem 1489/3311MB
step 134,180 | loss 2.4886 | lr 2.98e-04 | 1296 tok/s | fwd_bwd 6154ms data 0ms clip 20ms optim 112ms step 6290ms mem 1493/3311MB
step 134,190 | loss 2.7825 | lr 2.98e-04 | 1298 tok/s | fwd_bwd 6144ms data 0ms clip 20ms optim 111ms step 6280ms mem 1493/3311MB
Checkpoint saved: checkpoints/step_134194
  Pruning old checkpoint: checkpoints/step_133071
step 134,200 | loss 2.8843 | lr 2.98e-04 | 1287 tok/s | fwd_bwd 6164ms data 0ms clip 20ms optim 111ms step 6301ms mem 1451/3311MB
step 134,210 | loss 2.2647 | lr 2.98e-04 | 1295 tok/s | fwd_bwd 6160ms data 1ms clip 20ms optim 111ms step 6307ms mem 1493/3311MB
step 134,220 | loss 2.9675 | lr 2.98e-04 | 1298 tok/s | fwd_bwd 6147ms data 0ms clip 20ms optim 111ms step 6282ms mem 1451/3311MB
step 134,230 | loss 3.2817 | lr 2.98e-04 | 1298 tok/s | fwd_bwd 6152ms data 0ms clip 20ms optim 111ms step 6292ms mem 1493/3311MB
step 134,240 | loss 2.9791 | lr 2.98e-04 | 1299 tok/s | fwd_bwd 6158ms data 0ms clip 20ms optim 112ms step 6301ms mem 1493/3311MB
step 134,250 | loss 2.9258 | lr 2.98e-04 | 1293 tok/s | fwd_bwd 6189ms data 1ms clip 20ms optim 111ms step 6336ms mem 1493/3311MB
step 134,260 | loss 2.1572 | lr 2.98e-04 | 1296 tok/s | fwd_bwd 6157ms data 1ms clip 20ms optim 112ms step 6300ms mem 1493/3311MB
step 134,270 | loss 2.1241 | lr 2.98e-04 | 1298 tok/s | fwd_bwd 6071ms data 1ms clip 20ms optim 112ms step 6217ms mem 1493/3311MB
step 134,280 | loss 3.5753 | lr 2.98e-04 | 1299 tok/s | fwd_bwd 6164ms data 0ms clip 20ms optim 112ms step 6305ms mem 1451/3311MB
step 134,290 | loss 2.2331 | lr 2.98e-04 | 1296 tok/s | fwd_bwd 6120ms data 0ms clip 20ms optim 112ms step 6263ms mem 1493/3311MB
step 134,300 | loss 2.7163 | lr 2.98e-04 | 1296 tok/s | fwd_bwd 6159ms data 0ms clip 20ms optim 112ms step 6294ms mem 1493/3311MB
step 134,310 | loss 3.9126 | lr 2.98e-04 | 1294 tok/s | fwd_bwd 6177ms data 0ms clip 20ms optim 111ms step 6315ms mem 1493/3311MB
step 134,320 | loss 4.1816 | lr 2.98e-04 | 1294 tok/s | fwd_bwd 6176ms data 0ms clip 20ms optim 111ms step 6314ms mem 1493/3311MB
step 134,330 | loss 3.3258 | lr 2.98e-04 | 1295 tok/s | fwd_bwd 6170ms data 0ms clip 20ms optim 112ms step 6312ms mem 1451/3311MB
step 134,340 | loss 2.8950 | lr 2.98e-04 | 1297 tok/s | fwd_bwd 6171ms data 0ms clip 20ms optim 112ms step 6310ms mem 1448/3311MB
step 134,350 | loss 4.0747 | lr 2.98e-04 | 1297 tok/s | fwd_bwd 6115ms data 0ms clip 20ms optim 111ms step 6252ms mem 1493/3311MB
step 134,360 | loss 2.8273 | lr 2.98e-04 | 1296 tok/s | fwd_bwd 6190ms data 1ms clip 21ms optim 114ms step 6340ms mem 1493/3311MB
step 134,370 | loss 2.0807 | lr 2.98e-04 | 1289 tok/s | fwd_bwd 6189ms data 0ms clip 20ms optim 112ms step 6328ms mem 1493/3311MB
step 134,380 | loss 3.2661 | lr 2.98e-04 | 1248 tok/s | fwd_bwd 6581ms data 0ms clip 21ms optim 115ms step 6723ms mem 1493/3311MB
step 134,390 | loss 1.6459 | lr 2.98e-04 | 1002 tok/s | fwd_bwd 6989ms data 1ms clip 23ms optim 121ms step 7143ms mem 1493/3311MB
step 134,400 | loss 3.5302 | lr 2.98e-04 | 1197 tok/s | fwd_bwd 6652ms data 1ms clip 23ms optim 119ms step 6812ms mem 1493/3311MB
step 134,410 | loss 3.5977 | lr 2.98e-04 | 1292 tok/s | fwd_bwd 6188ms data 1ms clip 20ms optim 111ms step 6341ms mem 1493/3311MB
step 134,420 | loss 1.7925 | lr 2.98e-04 | 1308 tok/s | fwd_bwd 5979ms data 0ms clip 20ms optim 111ms step 6117ms mem 1450/3311MB
step 134,430 | loss 3.8732 | lr 2.98e-04 | 1310 tok/s | fwd_bwd 6011ms data 0ms clip 20ms optim 112ms step 6153ms mem 1493/3311MB
step 134,440 | loss 3.2564 | lr 2.98e-04 | 1307 tok/s | fwd_bwd 6155ms data 1ms clip 20ms optim 113ms step 6309ms mem 1493/3311MB
step 134,450 | loss 1.9721 | lr 2.98e-04 | 1309 tok/s | fwd_bwd 6085ms data 0ms clip 20ms optim 112ms step 6227ms mem 1493/3311MB
step 134,460 | loss 2.8865 | lr 2.98e-04 | 1304 tok/s | fwd_bwd 6114ms data 0ms clip 20ms optim 111ms step 6252ms mem 1493/3311MB
step 134,470 | loss 2.0475 | lr 2.98e-04 | 1306 tok/s | fwd_bwd 6088ms data 1ms clip 20ms optim 112ms step 6235ms mem 1493/3311MB
step 134,480 | loss 3.4801 | lr 2.98e-04 | 1310 tok/s | fwd_bwd 6088ms data 1ms clip 20ms optim 111ms step 6231ms mem 1493/3311MB
step 134,490 | loss 2.5011 | lr 2.98e-04 | 1306 tok/s | fwd_bwd 6121ms data 0ms clip 20ms optim 111ms step 6259ms mem 1493/3311MB
step 134,500 | loss 2.5736 | lr 2.98e-04 | 1308 tok/s | fwd_bwd 6084ms data 1ms clip 20ms optim 112ms step 6225ms mem 1493/3311MB
  [eval] step 134500 | val_loss 3.3500 | ppl 28.50
step 134,510 | loss 2.7606 | lr 2.98e-04 | 738 tok/s | fwd_bwd 6102ms data 0ms clip 20ms optim 112ms step 6244ms mem 1452/3311MB
step 134,520 | loss 2.8137 | lr 2.98e-04 | 1305 tok/s | fwd_bwd 6137ms data 1ms clip 20ms optim 111ms step 6287ms mem 1458/3311MB
step 134,530 | loss 2.5210 | lr 2.98e-04 | 1308 tok/s | fwd_bwd 6110ms data 0ms clip 20ms optim 111ms step 6248ms mem 1493/3311MB
step 134,540 | loss 3.1874 | lr 2.98e-04 | 1305 tok/s | fwd_bwd 6117ms data 0ms clip 20ms optim 113ms step 6254ms mem 1452/3311MB
step 134,550 | loss 3.7870 | lr 2.98e-04 | 1304 tok/s | fwd_bwd 6035ms data 1ms clip 20ms optim 112ms step 6181ms mem 1493/3311MB
step 134,560 | loss 3.9347 | lr 2.98e-04 | 1303 tok/s | fwd_bwd 6122ms data 0ms clip 20ms optim 111ms step 6259ms mem 1493/3311MB
step 134,570 | loss 3.4223 | lr 2.98e-04 | 1294 tok/s | fwd_bwd 6129ms data 0ms clip 20ms optim 111ms step 6264ms mem 1493/3311MB
step 134,580 | loss 3.6248 | lr 2.98e-04 | 1302 tok/s | fwd_bwd 6129ms data 0ms clip 20ms optim 111ms step 6269ms mem 1493/3311MB
step 134,590 | loss 2.5501 | lr 2.98e-04 | 1303 tok/s | fwd_bwd 6114ms data 0ms clip 20ms optim 111ms step 6251ms mem 1493/3311MB
step 134,600 | loss 2.8680 | lr 2.98e-04 | 1305 tok/s | fwd_bwd 6102ms data 0ms clip 20ms optim 111ms step 6242ms mem 1493/3311MB
step 134,610 | loss 4.0191 | lr 2.98e-04 | 1309 tok/s | fwd_bwd 6046ms data 1ms clip 23ms optim 119ms step 6209ms mem 1493/3311MB
step 134,620 | loss 2.7733 | lr 2.98e-04 | 1326 tok/s | fwd_bwd 6002ms data 0ms clip 20ms optim 112ms step 6141ms mem 1493/3311MB
step 134,630 | loss 3.1478 | lr 2.98e-04 | 1326 tok/s | fwd_bwd 6071ms data 1ms clip 23ms optim 119ms step 6234ms mem 1493/3311MB
step 134,640 | loss 3.8605 | lr 2.98e-04 | 1328 tok/s | fwd_bwd 6006ms data 0ms clip 20ms optim 112ms step 6148ms mem 1493/3311MB
step 134,650 | loss 3.5640 | lr 2.98e-04 | 1325 tok/s | fwd_bwd 6004ms data 0ms clip 20ms optim 111ms step 6142ms mem 1493/3311MB
step 134,660 | loss 3.7881 | lr 2.98e-04 | 1328 tok/s | fwd_bwd 5993ms data 0ms clip 20ms optim 112ms step 6129ms mem 1493/3311MB
step 134,670 | loss 2.9953 | lr 2.98e-04 | 1325 tok/s | fwd_bwd 6019ms data 0ms clip 20ms optim 111ms step 6154ms mem 1451/3311MB
step 134,680 | loss 3.1561 | lr 2.98e-04 | 1323 tok/s | fwd_bwd 6023ms data 0ms clip 20ms optim 111ms step 6163ms mem 1470/3311MB
step 134,690 | loss 3.4087 | lr 2.98e-04 | 1323 tok/s | fwd_bwd 6024ms data 1ms clip 20ms optim 112ms step 6172ms mem 1492/3311MB
step 134,700 | loss 1.9335 | lr 2.98e-04 | 1326 tok/s | fwd_bwd 6018ms data 1ms clip 20ms optim 111ms step 6162ms mem 1452/3311MB
step 134,710 | loss 3.0217 | lr 2.98e-04 | 1320 tok/s | fwd_bwd 6053ms data 0ms clip 20ms optim 112ms step 6191ms mem 1493/3311MB
step 134,720 | loss 0.4875 | lr 2.98e-04 | 1319 tok/s | fwd_bwd 5979ms data 0ms clip 20ms optim 112ms step 6121ms mem 1452/3311MB
step 134,730 | loss 2.9725 | lr 2.98e-04 | 1323 tok/s | fwd_bwd 6045ms data 0ms clip 20ms optim 112ms step 6184ms mem 1493/3311MB
step 134,740 | loss 3.5748 | lr 2.98e-04 | 1319 tok/s | fwd_bwd 6076ms data 1ms clip 20ms optim 112ms step 6226ms mem 1452/3311MB
step 134,750 | loss 3.7368 | lr 2.98e-04 | 1319 tok/s | fwd_bwd 6059ms data 1ms clip 20ms optim 111ms step 6205ms mem 1452/3311MB
Checkpoint saved: checkpoints/step_134757
  Pruning old checkpoint: checkpoints/step_133636
step 134,760 | loss 3.5010 | lr 2.98e-04 | 1311 tok/s | fwd_bwd 6058ms data 0ms clip 20ms optim 111ms step 6195ms mem 1493/3311MB
step 134,770 | loss 3.8536 | lr 2.98e-04 | 1323 tok/s | fwd_bwd 6020ms data 1ms clip 20ms optim 112ms step 6165ms mem 1493/3311MB
step 134,780 | loss 3.0630 | lr 2.98e-04 | 1328 tok/s | fwd_bwd 6029ms data 1ms clip 20ms optim 111ms step 6178ms mem 1493/3311MB
step 134,790 | loss 3.0298 | lr 2.98e-04 | 1332 tok/s | fwd_bwd 5939ms data 1ms clip 20ms optim 111ms step 6081ms mem 1493/3311MB
step 134,800 | loss 2.6325 | lr 2.98e-04 | 1333 tok/s | fwd_bwd 5980ms data 0ms clip 20ms optim 111ms step 6125ms mem 1493/3311MB
step 134,810 | loss 2.5094 | lr 2.98e-04 | 1331 tok/s | fwd_bwd 6054ms data 1ms clip 23ms optim 120ms step 6217ms mem 1493/3311MB
step 134,820 | loss 2.0954 | lr 2.98e-04 | 1334 tok/s | fwd_bwd 5979ms data 0ms clip 20ms optim 111ms step 6115ms mem 1451/3311MB
step 134,830 | loss 3.8461 | lr 2.98e-04 | 1334 tok/s | fwd_bwd 5963ms data 1ms clip 20ms optim 111ms step 6107ms mem 1451/3311MB
step 134,840 | loss 1.3687 | lr 2.98e-04 | 1335 tok/s | fwd_bwd 5898ms data 0ms clip 20ms optim 112ms step 6036ms mem 1451/3311MB
step 134,850 | loss 2.2991 | lr 2.98e-04 | 1336 tok/s | fwd_bwd 5981ms data 0ms clip 20ms optim 111ms step 6123ms mem 1451/3311MB
step 134,860 | loss 2.6176 | lr 2.98e-04 | 1335 tok/s | fwd_bwd 5906ms data 0ms clip 20ms optim 111ms step 6044ms mem 1493/3311MB
step 134,870 | loss 1.8190 | lr 2.98e-04 | 1333 tok/s | fwd_bwd 5904ms data 0ms clip 20ms optim 112ms step 6045ms mem 1493/3311MB
step 134,880 | loss 1.9867 | lr 2.98e-04 | 1334 tok/s | fwd_bwd 5888ms data 1ms clip 20ms optim 112ms step 6033ms mem 1448/3311MB
step 134,890 | loss 3.3559 | lr 2.98e-04 | 1335 tok/s | fwd_bwd 5996ms data 0ms clip 20ms optim 112ms step 6137ms mem 1451/3311MB
step 134,900 | loss 2.5954 | lr 2.98e-04 | 1330 tok/s | fwd_bwd 5985ms data 0ms clip 20ms optim 111ms step 6127ms mem 1493/3311MB
step 134,910 | loss 1.8443 | lr 2.98e-04 | 1331 tok/s | fwd_bwd 5980ms data 0ms clip 20ms optim 112ms step 6123ms mem 1448/3311MB
step 134,920 | loss 2.3700 | lr 2.98e-04 | 1333 tok/s | fwd_bwd 5994ms data 0ms clip 20ms optim 112ms step 6133ms mem 1451/3311MB
step 134,930 | loss 2.6288 | lr 2.98e-04 | 1326 tok/s | fwd_bwd 6027ms data 0ms clip 20ms optim 111ms step 6165ms mem 1493/3311MB
step 134,940 | loss 3.9832 | lr 2.98e-04 | 1320 tok/s | fwd_bwd 6048ms data 0ms clip 20ms optim 112ms step 6188ms mem 1493/3311MB
step 134,950 | loss 3.9174 | lr 2.98e-04 | 1319 tok/s | fwd_bwd 6064ms data 0ms clip 20ms optim 111ms step 6206ms mem 1493/3311MB
step 134,960 | loss 1.9295 | lr 2.98e-04 | 1319 tok/s | fwd_bwd 6023ms data 1ms clip 20ms optim 112ms step 6169ms mem 1493/3311MB
step 134,970 | loss 2.7721 | lr 2.98e-04 | 1322 tok/s | fwd_bwd 6029ms data 0ms clip 20ms optim 112ms step 6164ms mem 1493/3311MB
step 134,980 | loss 1.8954 | lr 2.98e-04 | 1325 tok/s | fwd_bwd 6033ms data 0ms clip 20ms optim 111ms step 6175ms mem 1451/3311MB
step 134,990 | loss 3.8572 | lr 2.98e-04 | 1325 tok/s | fwd_bwd 6038ms data 0ms clip 20ms optim 112ms step 6181ms mem 1452/3311MB
step 135,000 | loss 3.5264 | lr 2.98e-04 | 1325 tok/s | fwd_bwd 6005ms data 0ms clip 20ms optim 111ms step 6146ms mem 1493/3311MB
  [eval] step 135000 | val_loss 3.2693 | ppl 26.29
Checkpoint saved: checkpoints/step_135000
  [samples] wrote checkpoints/step_135000/samples.txt
  Pruning old checkpoint: checkpoints/step_134000
step 135,010 | loss 2.4363 | lr 2.98e-04 | 567 tok/s | fwd_bwd 6037ms data 0ms clip 20ms optim 112ms step 6177ms mem 1493/3311MB
step 135,020 | loss 3.3428 | lr 2.98e-04 | 1323 tok/s | fwd_bwd 6027ms data 0ms clip 20ms optim 111ms step 6167ms mem 1470/3311MB
step 135,030 | loss 2.3670 | lr 2.98e-04 | 1326 tok/s | fwd_bwd 6008ms data 1ms clip 20ms optim 111ms step 6155ms mem 1493/3311MB
step 135,040 | loss 3.9543 | lr 2.98e-04 | 1327 tok/s | fwd_bwd 6016ms data 1ms clip 20ms optim 111ms step 6164ms mem 1452/3311MB
step 135,050 | loss 3.2995 | lr 2.98e-04 | 1326 tok/s | fwd_bwd 6034ms data 0ms clip 20ms optim 112ms step 6173ms mem 1452/3311MB
step 135,060 | loss 2.5828 | lr 2.98e-04 | 1325 tok/s | fwd_bwd 6027ms data 0ms clip 20ms optim 111ms step 6166ms mem 1458/3311MB
step 135,070 | loss 4.5190 | lr 2.98e-04 | 1325 tok/s | fwd_bwd 6012ms data 0ms clip 20ms optim 111ms step 6152ms mem 1452/3311MB
step 135,080 | loss 3.5101 | lr 2.98e-04 | 1330 tok/s | fwd_bwd 5990ms data 1ms clip 20ms optim 111ms step 6133ms mem 1493/3311MB
step 135,090 | loss 2.9712 | lr 2.98e-04 | 1327 tok/s | fwd_bwd 6031ms data 0ms clip 20ms optim 112ms step 6169ms mem 1493/3311MB
step 135,100 | loss 3.0276 | lr 2.98e-04 | 1314 tok/s | fwd_bwd 6019ms data 1ms clip 20ms optim 111ms step 6166ms mem 1493/3311MB
step 135,110 | loss 2.7419 | lr 2.98e-04 | 1326 tok/s | fwd_bwd 6010ms data 0ms clip 20ms optim 111ms step 6146ms mem 1493/3311MB
step 135,120 | loss 2.8898 | lr 2.98e-04 | 1331 tok/s | fwd_bwd 5960ms data 0ms clip 20ms optim 111ms step 6101ms mem 1493/3311MB
step 135,130 | loss 2.9542 | lr 2.98e-04 | 1338 tok/s | fwd_bwd 5876ms data 0ms clip 20ms optim 111ms step 6015ms mem 1470/3311MB
step 135,140 | loss 1.8465 | lr 2.98e-04 | 1341 tok/s | fwd_bwd 5956ms data 0ms clip 20ms optim 111ms step 6091ms mem 1493/3311MB
step 135,150 | loss 2.3391 | lr 2.98e-04 | 1337 tok/s | fwd_bwd 5967ms data 0ms clip 20ms optim 112ms step 6105ms mem 1493/3311MB
step 135,160 | loss 3.7083 | lr 2.98e-04 | 1335 tok/s | fwd_bwd 5975ms data 0ms clip 20ms optim 111ms step 6113ms mem 1493/3311MB
step 135,170 | loss 2.9578 | lr 2.98e-04 | 1334 tok/s | fwd_bwd 5963ms data 0ms clip 20ms optim 111ms step 6101ms mem 1493/3311MB
step 135,180 | loss 3.0557 | lr 2.98e-04 | 1341 tok/s | fwd_bwd 5970ms data 0ms clip 20ms optim 111ms step 6109ms mem 1452/3311MB
step 135,190 | loss 2.8617 | lr 2.98e-04 | 1340 tok/s | fwd_bwd 5938ms data 0ms clip 20ms optim 111ms step 6077ms mem 1493/3311MB
step 135,200 | loss 3.4687 | lr 2.98e-04 | 1339 tok/s | fwd_bwd 5930ms data 1ms clip 20ms optim 111ms step 6074ms mem 1493/3311MB
step 135,210 | loss 2.1257 | lr 2.98e-04 | 1341 tok/s | fwd_bwd 5942ms data 1ms clip 20ms optim 111ms step 6089ms mem 1493/3311MB
step 135,220 | loss 2.8801 | lr 2.98e-04 | 1341 tok/s | fwd_bwd 5944ms data 0ms clip 20ms optim 111ms step 6083ms mem 1451/3311MB
step 135,230 | loss 3.3346 | lr 2.98e-04 | 1340 tok/s | fwd_bwd 5952ms data 0ms clip 20ms optim 111ms step 6088ms mem 1451/3311MB
step 135,240 | loss 3.3216 | lr 2.98e-04 | 1335 tok/s | fwd_bwd 6032ms data 1ms clip 23ms optim 120ms step 6195ms mem 1489/3311MB
step 135,250 | loss 2.6226 | lr 2.98e-04 | 1336 tok/s | fwd_bwd 5974ms data 0ms clip 20ms optim 111ms step 6116ms mem 1493/3311MB
step 135,260 | loss 1.2850 | lr 2.98e-04 | 1336 tok/s | fwd_bwd 5966ms data 0ms clip 20ms optim 111ms step 6103ms mem 1451/3311MB
step 135,270 | loss 1.3115 | lr 2.98e-04 | 1334 tok/s | fwd_bwd 5996ms data 1ms clip 20ms optim 111ms step 6142ms mem 1493/3311MB
step 135,280 | loss 2.5015 | lr 2.98e-04 | 1330 tok/s | fwd_bwd 6013ms data 0ms clip 20ms optim 111ms step 6153ms mem 1493/3311MB
step 135,290 | loss 3.6759 | lr 2.98e-04 | 1329 tok/s | fwd_bwd 6003ms data 0ms clip 20ms optim 111ms step 6142ms mem 1493/3311MB
step 135,300 | loss 3.4029 | lr 2.98e-04 | 1324 tok/s | fwd_bwd 6011ms data 0ms clip 20ms optim 111ms step 6148ms mem 1493/3311MB
step 135,310 | loss 2.0945 | lr 2.98e-04 | 1326 tok/s | fwd_bwd 6022ms data 0ms clip 20ms optim 111ms step 6162ms mem 1493/3311MB
step 135,320 | loss 1.4972 | lr 2.98e-04 | 1325 tok/s | fwd_bwd 6015ms data 0ms clip 20ms optim 113ms step 6159ms mem 1493/3311MB
Checkpoint saved: checkpoints/step_135328
  Pruning old checkpoint: checkpoints/step_134194
step 135,330 | loss 3.6804 | lr 2.98e-04 | 1244 tok/s | fwd_bwd 6181ms data 1ms clip 23ms optim 119ms step 6344ms mem 1493/3311MB
step 135,340 | loss 1.6914 | lr 2.98e-04 | 1303 tok/s | fwd_bwd 6105ms data 0ms clip 20ms optim 111ms step 6248ms mem 1493/3311MB
step 135,350 | loss 3.5274 | lr 2.98e-04 | 1317 tok/s | fwd_bwd 6039ms data 1ms clip 20ms optim 111ms step 6184ms mem 1493/3311MB
step 135,360 | loss 3.7734 | lr 2.98e-04 | 1325 tok/s | fwd_bwd 5936ms data 1ms clip 20ms optim 111ms step 6084ms mem 1451/3311MB
step 135,370 | loss 3.2246 | lr 2.98e-04 | 1334 tok/s | fwd_bwd 5962ms data 1ms clip 20ms optim 111ms step 6106ms mem 1451/3311MB
step 135,380 | loss 1.6933 | lr 2.98e-04 | 1344 tok/s | fwd_bwd 5932ms data 0ms clip 20ms optim 112ms step 6067ms mem 1451/3311MB
step 135,390 | loss 3.7014 | lr 2.98e-04 | 1350 tok/s | fwd_bwd 5861ms data 0ms clip 20ms optim 111ms step 6002ms mem 1451/3311MB
step 135,400 | loss 1.6967 | lr 2.98e-04 | 1355 tok/s | fwd_bwd 5869ms data 0ms clip 20ms optim 111ms step 6009ms mem 1493/3311MB
step 135,410 | loss 2.7643 | lr 2.98e-04 | 1346 tok/s | fwd_bwd 5894ms data 0ms clip 20ms optim 111ms step 6039ms mem 1493/3311MB
step 135,420 | loss 3.2913 | lr 2.98e-04 | 1343 tok/s | fwd_bwd 5915ms data 0ms clip 21ms optim 112ms step 6058ms mem 1493/3311MB
step 135,430 | loss 2.1327 | lr 2.98e-04 | 1339 tok/s | fwd_bwd 5946ms data 0ms clip 20ms optim 111ms step 6083ms mem 1493/3311MB
step 135,440 | loss 3.6314 | lr 2.98e-04 | 1343 tok/s | fwd_bwd 5993ms data 1ms clip 23ms optim 120ms step 6158ms mem 1492/3311MB
step 135,450 | loss 2.2575 | lr 2.98e-04 | 1348 tok/s | fwd_bwd 5932ms data 0ms clip 20ms optim 112ms step 6071ms mem 1493/3311MB
step 135,460 | loss 3.5633 | lr 2.98e-04 | 1348 tok/s | fwd_bwd 5919ms data 0ms clip 20ms optim 111ms step 6059ms mem 1493/3311MB
step 135,470 | loss 2.2122 | lr 2.98e-04 | 1340 tok/s | fwd_bwd 6099ms data 1ms clip 20ms optim 111ms step 6250ms mem 1493/3311MB
step 135,480 | loss 2.9992 | lr 2.98e-04 | 1342 tok/s | fwd_bwd 5940ms data 0ms clip 20ms optim 111ms step 6083ms mem 1493/3311MB
step 135,490 | loss 2.6851 | lr 2.98e-04 | 1348 tok/s | fwd_bwd 5912ms data 1ms clip 20ms optim 111ms step 6057ms mem 1493/3311MB
step 135,500 | loss 3.1809 | lr 2.98e-04 | 1348 tok/s | fwd_bwd 5945ms data 1ms clip 20ms optim 111ms step 6095ms mem 1452/3311MB
  [eval] step 135500 | val_loss 3.2754 | ppl 26.45
step 135,510 | loss 3.3270 | lr 2.98e-04 | 761 tok/s | fwd_bwd 5921ms data 0ms clip 20ms optim 111ms step 6061ms mem 1493/3311MB
step 135,520 | loss 2.3198 | lr 2.98e-04 | 1345 tok/s | fwd_bwd 5933ms data 0ms clip 20ms optim 111ms step 6073ms mem 1493/3311MB
step 135,530 | loss 2.7788 | lr 2.98e-04 | 1331 tok/s | fwd_bwd 5932ms data 0ms clip 20ms optim 111ms step 6075ms mem 1493/3311MB
step 135,540 | loss 2.4990 | lr 2.98e-04 | 1337 tok/s | fwd_bwd 5970ms data 0ms clip 20ms optim 111ms step 6104ms mem 1493/3311MB
step 135,550 | loss 4.0464 | lr 2.98e-04 | 1335 tok/s | fwd_bwd 5984ms data 0ms clip 20ms optim 111ms step 6119ms mem 1493/3311MB
step 135,560 | loss 2.4145 | lr 2.98e-04 | 1335 tok/s | fwd_bwd 5939ms data 0ms clip 20ms optim 111ms step 6082ms mem 1493/3311MB
step 135,570 | loss 2.4014 | lr 2.98e-04 | 1332 tok/s | fwd_bwd 5929ms data 1ms clip 23ms optim 119ms step 6091ms mem 1490/3311MB
step 135,580 | loss 2.3234 | lr 2.98e-04 | 1337 tok/s | fwd_bwd 5927ms data 1ms clip 20ms optim 112ms step 6076ms mem 1451/3311MB
step 135,590 | loss 3.0742 | lr 2.97e-04 | 1339 tok/s | fwd_bwd 5963ms data 0ms clip 20ms optim 111ms step 6100ms mem 1493/3311MB
step 135,600 | loss 2.1641 | lr 2.97e-04 | 1337 tok/s | fwd_bwd 5979ms data 0ms clip 20ms optim 112ms step 6119ms mem 1448/3311MB
step 135,610 | loss 1.0098 | lr 2.97e-04 | 1339 tok/s | fwd_bwd 5937ms data 1ms clip 20ms optim 111ms step 6082ms mem 1493/3311MB
step 135,620 | loss 1.8412 | lr 2.97e-04 | 1347 tok/s | fwd_bwd 5957ms data 1ms clip 20ms optim 111ms step 6103ms mem 1493/3311MB
step 135,630 | loss 3.8648 | lr 2.97e-04 | 1348 tok/s | fwd_bwd 5913ms data 0ms clip 20ms optim 111ms step 6057ms mem 1493/3311MB
step 135,640 | loss 3.0391 | lr 2.97e-04 | 1352 tok/s | fwd_bwd 5900ms data 1ms clip 20ms optim 111ms step 6044ms mem 1493/3311MB
step 135,650 | loss 3.6757 | lr 2.97e-04 | 1349 tok/s | fwd_bwd 5948ms data 0ms clip 20ms optim 111ms step 6085ms mem 1493/3311MB
step 135,660 | loss 3.3444 | lr 2.97e-04 | 1343 tok/s | fwd_bwd 5932ms data 0ms clip 20ms optim 112ms step 6070ms mem 1493/3311MB
step 135,670 | loss 2.3382 | lr 2.97e-04 | 1348 tok/s | fwd_bwd 5982ms data 0ms clip 20ms optim 111ms step 6118ms mem 1493/3311MB
step 135,680 | loss 1.5846 | lr 2.97e-04 | 1347 tok/s | fwd_bwd 5850ms data 1ms clip 20ms optim 112ms step 5996ms mem 1448/3311MB
step 135,690 | loss 2.2541 | lr 2.97e-04 | 1350 tok/s | fwd_bwd 5912ms data 0ms clip 20ms optim 111ms step 6047ms mem 1493/3311MB
step 135,700 | loss 2.3619 | lr 2.97e-04 | 1353 tok/s | fwd_bwd 5915ms data 0ms clip 20ms optim 111ms step 6052ms mem 1448/3311MB
step 135,710 | loss 3.4896 | lr 2.97e-04 | 1352 tok/s | fwd_bwd 5906ms data 0ms clip 20ms optim 111ms step 6041ms mem 1452/3311MB
step 135,720 | loss 2.9740 | lr 2.97e-04 | 1350 tok/s | fwd_bwd 5922ms data 0ms clip 20ms optim 111ms step 6064ms mem 1493/3311MB
step 135,730 | loss 3.5629 | lr 2.97e-04 | 1350 tok/s | fwd_bwd 5904ms data 1ms clip 20ms optim 111ms step 6049ms mem 1451/3311MB
step 135,740 | loss 1.4382 | lr 2.97e-04 | 1295 tok/s | fwd_bwd 7725ms data 0ms clip 26ms optim 133ms step 7891ms mem 1493/3311MB
step 135,750 | loss 3.9623 | lr 2.97e-04 | 1276 tok/s | fwd_bwd 6084ms data 1ms clip 20ms optim 111ms step 6231ms mem 1493/3311MB
step 135,760 | loss 2.8834 | lr 2.97e-04 | 1319 tok/s | fwd_bwd 6084ms data 1ms clip 23ms optim 118ms step 6245ms mem 1492/3311MB
step 135,770 | loss 2.4364 | lr 2.97e-04 | 1334 tok/s | fwd_bwd 5950ms data 1ms clip 23ms optim 120ms step 6113ms mem 1482/3311MB
step 135,780 | loss 3.4661 | lr 2.97e-04 | 1317 tok/s | fwd_bwd 6072ms data 1ms clip 20ms optim 111ms step 6221ms mem 1493/3311MB
step 135,790 | loss 1.6546 | lr 2.97e-04 | 1288 tok/s | fwd_bwd 6645ms data 0ms clip 22ms optim 122ms step 6795ms mem 1493/3311MB
step 135,800 | loss 3.5205 | lr 2.97e-04 | 1045 tok/s | fwd_bwd 7497ms data 0ms clip 21ms optim 112ms step 7634ms mem 1448/3311MB
step 135,810 | loss 2.8386 | lr 2.97e-04 | 1217 tok/s | fwd_bwd 6166ms data 0ms clip 20ms optim 112ms step 6302ms mem 1448/3311MB
step 135,820 | loss 1.3030 | lr 2.97e-04 | 1307 tok/s | fwd_bwd 5921ms data 0ms clip 20ms optim 112ms step 6062ms mem 1448/3311MB
step 135,830 | loss 2.4772 | lr 2.97e-04 | 1331 tok/s | fwd_bwd 5971ms data 1ms clip 20ms optim 111ms step 6119ms mem 1448/3311MB
step 135,840 | loss 2.8721 | lr 2.97e-04 | 1330 tok/s | fwd_bwd 5933ms data 0ms clip 20ms optim 111ms step 6068ms mem 1448/3311MB
step 135,850 | loss 3.0595 | lr 2.97e-04 | 1325 tok/s | fwd_bwd 5931ms data 1ms clip 20ms optim 111ms step 6077ms mem 1448/3311MB
step 135,860 | loss 3.8012 | lr 2.97e-04 | 1323 tok/s | fwd_bwd 6024ms data 1ms clip 20ms optim 111ms step 6169ms mem 1448/3311MB
step 135,870 | loss 2.9145 | lr 2.97e-04 | 1323 tok/s | fwd_bwd 6033ms data 1ms clip 20ms optim 111ms step 6178ms mem 1448/3311MB
step 135,880 | loss 1.8673 | lr 2.97e-04 | 1322 tok/s | fwd_bwd 6030ms data 0ms clip 20ms optim 111ms step 6170ms mem 1448/3311MB
step 135,890 | loss 2.6202 | lr 2.97e-04 | 1325 tok/s | fwd_bwd 6063ms data 1ms clip 24ms optim 120ms step 6228ms mem 1448/3311MB
step 135,900 | loss 1.6287 | lr 2.97e-04 | 1320 tok/s | fwd_bwd 6034ms data 1ms clip 20ms optim 111ms step 6187ms mem 1448/3311MB
Checkpoint saved: checkpoints/step_135903
  Pruning old checkpoint: checkpoints/step_134757
step 135,910 | loss 1.7229 | lr 2.97e-04 | 1315 tok/s | fwd_bwd 5939ms data 1ms clip 20ms optim 111ms step 6082ms mem 1448/3311MB
step 135,920 | loss 3.0018 | lr 2.97e-04 | 1324 tok/s | fwd_bwd 6016ms data 0ms clip 20ms optim 112ms step 6154ms mem 1448/3311MB
step 135,930 | loss 3.2136 | lr 2.97e-04 | 1327 tok/s | fwd_bwd 6014ms data 1ms clip 20ms optim 112ms step 6160ms mem 1448/3311MB
step 135,940 | loss 2.7372 | lr 2.97e-04 | 1303 tok/s | fwd_bwd 6515ms data 0ms clip 21ms optim 113ms step 6655ms mem 1448/3311MB
step 135,950 | loss 3.6658 | lr 2.97e-04 | 1152 tok/s | fwd_bwd 6465ms data 0ms clip 21ms optim 112ms step 6602ms mem 1493/3311MB
step 135,960 | loss 2.6470 | lr 2.97e-04 | 1276 tok/s | fwd_bwd 6135ms data 1ms clip 20ms optim 111ms step 6286ms mem 1452/3311MB
step 135,970 | loss 2.3650 | lr 2.97e-04 | 1317 tok/s | fwd_bwd 6020ms data 1ms clip 20ms optim 111ms step 6165ms mem 1493/3311MB
step 135,980 | loss 3.4241 | lr 2.97e-04 | 1321 tok/s | fwd_bwd 5929ms data 1ms clip 20ms optim 112ms step 6072ms mem 1493/3311MB
step 135,990 | loss 3.3238 | lr 2.97e-04 | 1246 tok/s | fwd_bwd 6206ms data 0ms clip 20ms optim 111ms step 6342ms mem 1493/3311MB
step 136,000 | loss 2.9135 | lr 2.97e-04 | 1290 tok/s | fwd_bwd 6144ms data 1ms clip 20ms optim 111ms step 6284ms mem 1493/3311MB
  [eval] step 136000 | val_loss 3.3051 | ppl 27.25
Checkpoint saved: checkpoints/step_136000
  [samples] wrote checkpoints/step_136000/samples.txt
  Pruning old checkpoint: checkpoints/step_135000
step 136,010 | loss 4.1821 | lr 2.97e-04 | 582 tok/s | fwd_bwd 6124ms data 1ms clip 20ms optim 112ms step 6268ms mem 1493/3311MB
step 136,020 | loss 3.5680 | lr 2.97e-04 | 1307 tok/s | fwd_bwd 6109ms data 0ms clip 20ms optim 112ms step 6250ms mem 1493/3311MB
step 136,030 | loss 1.4271 | lr 2.97e-04 | 1306 tok/s | fwd_bwd 6128ms data 0ms clip 20ms optim 111ms step 6266ms mem 1451/3311MB
step 136,040 | loss 2.1821 | lr 2.97e-04 | 1309 tok/s | fwd_bwd 6104ms data 1ms clip 20ms optim 111ms step 6251ms mem 1493/3311MB
step 136,050 | loss 2.7285 | lr 2.97e-04 | 1315 tok/s | fwd_bwd 6042ms data 0ms clip 20ms optim 111ms step 6182ms mem 1451/3311MB
step 136,060 | loss 3.2995 | lr 2.97e-04 | 1321 tok/s | fwd_bwd 6039ms data 0ms clip 20ms optim 112ms step 6179ms mem 1493/3311MB
step 136,070 | loss 3.7109 | lr 2.97e-04 | 1320 tok/s | fwd_bwd 6066ms data 0ms clip 20ms optim 112ms step 6206ms mem 1493/3311MB
step 136,080 | loss 3.4391 | lr 2.97e-04 | 1320 tok/s | fwd_bwd 6043ms data 0ms clip 20ms optim 111ms step 6178ms mem 1452/3311MB
step 136,090 | loss 2.6088 | lr 2.97e-04 | 1317 tok/s | fwd_bwd 6065ms data 0ms clip 20ms optim 112ms step 6208ms mem 1451/3311MB
step 136,100 | loss 3.4394 | lr 2.97e-04 | 1314 tok/s | fwd_bwd 5985ms data 0ms clip 20ms optim 111ms step 6120ms mem 1493/3311MB
step 136,110 | loss 3.2943 | lr 2.97e-04 | 1316 tok/s | fwd_bwd 6061ms data 0ms clip 20ms optim 112ms step 6202ms mem 1451/3311MB
step 136,120 | loss 2.6072 | lr 2.97e-04 | 1313 tok/s | fwd_bwd 6082ms data 1ms clip 23ms optim 120ms step 6245ms mem 1470/3311MB
step 136,130 | loss 3.1301 | lr 2.97e-04 | 1315 tok/s | fwd_bwd 6069ms data 0ms clip 20ms optim 111ms step 6209ms mem 1493/3311MB
step 136,140 | loss 3.2631 | lr 2.97e-04 | 1316 tok/s | fwd_bwd 6101ms data 1ms clip 20ms optim 113ms step 6254ms mem 1451/3311MB
step 136,150 | loss 3.4287 | lr 2.97e-04 | 1324 tok/s | fwd_bwd 5974ms data 1ms clip 20ms optim 111ms step 6117ms mem 1451/3311MB
step 136,160 | loss 2.3440 | lr 2.97e-04 | 1318 tok/s | fwd_bwd 6043ms data 1ms clip 20ms optim 112ms step 6189ms mem 1493/3311MB
step 136,170 | loss 3.0094 | lr 2.97e-04 | 1316 tok/s | fwd_bwd 6051ms data 0ms clip 20ms optim 111ms step 6194ms mem 1493/3311MB
step 136,180 | loss 2.1568 | lr 2.97e-04 | 1319 tok/s | fwd_bwd 6065ms data 0ms clip 20ms optim 111ms step 6199ms mem 1493/3311MB
step 136,190 | loss 1.5229 | lr 2.97e-04 | 1315 tok/s | fwd_bwd 6068ms data 1ms clip 20ms optim 112ms step 6216ms mem 1493/3311MB
step 136,200 | loss 3.9126 | lr 2.97e-04 | 1317 tok/s | fwd_bwd 6045ms data 1ms clip 20ms optim 112ms step 6190ms mem 1493/3311MB
step 136,210 | loss 3.7929 | lr 2.97e-04 | 1321 tok/s | fwd_bwd 5956ms data 1ms clip 20ms optim 111ms step 6102ms mem 1493/3311MB
step 136,220 | loss 3.2296 | lr 2.97e-04 | 1326 tok/s | fwd_bwd 6000ms data 0ms clip 20ms optim 112ms step 6143ms mem 1493/3311MB
step 136,230 | loss 3.1512 | lr 2.97e-04 | 1330 tok/s | fwd_bwd 6025ms data 0ms clip 21ms optim 112ms step 6164ms mem 1470/3311MB
step 136,240 | loss 3.3310 | lr 2.97e-04 | 1329 tok/s | fwd_bwd 6021ms data 1ms clip 20ms optim 111ms step 6168ms mem 1452/3311MB
step 136,250 | loss 3.9657 | lr 2.97e-04 | 1322 tok/s | fwd_bwd 6095ms data 1ms clip 23ms optim 119ms step 6256ms mem 1492/3311MB
step 136,260 | loss 2.5510 | lr 2.97e-04 | 1324 tok/s | fwd_bwd 6039ms data 1ms clip 20ms optim 111ms step 6182ms mem 1493/3311MB
step 136,270 | loss 2.0645 | lr 2.97e-04 | 1319 tok/s | fwd_bwd 5995ms data 0ms clip 20ms optim 112ms step 6135ms mem 1493/3311MB
step 136,280 | loss 2.7544 | lr 2.97e-04 | 1315 tok/s | fwd_bwd 6011ms data 1ms clip 20ms optim 111ms step 6161ms mem 1452/3311MB
step 136,290 | loss 2.1322 | lr 2.97e-04 | 1315 tok/s | fwd_bwd 6086ms data 1ms clip 20ms optim 112ms step 6229ms mem 1451/3311MB
step 136,300 | loss 2.3424 | lr 2.97e-04 | 1318 tok/s | fwd_bwd 6058ms data 0ms clip 20ms optim 112ms step 6196ms mem 1451/3311MB
step 136,310 | loss 2.8104 | lr 2.97e-04 | 1315 tok/s | fwd_bwd 6138ms data 1ms clip 23ms optim 119ms step 6302ms mem 1492/3311MB
step 136,320 | loss 3.5443 | lr 2.97e-04 | 1319 tok/s | fwd_bwd 6070ms data 1ms clip 20ms optim 112ms step 6216ms mem 1493/3311MB
step 136,330 | loss 3.8854 | lr 2.97e-04 | 1316 tok/s | fwd_bwd 6056ms data 0ms clip 20ms optim 111ms step 6191ms mem 1493/3311MB
step 136,340 | loss 3.8633 | lr 2.97e-04 | 1267 tok/s | fwd_bwd 6686ms data 0ms clip 36ms optim 169ms step 6897ms mem 1451/3311MB
step 136,350 | loss 2.0868 | lr 2.97e-04 | 1033 tok/s | fwd_bwd 6281ms data 1ms clip 23ms optim 120ms step 6442ms mem 1448/3311MB
step 136,360 | loss 2.0172 | lr 2.97e-04 | 1301 tok/s | fwd_bwd 6044ms data 1ms clip 20ms optim 111ms step 6186ms mem 1448/3311MB
step 136,370 | loss 3.9132 | lr 2.97e-04 | 1310 tok/s | fwd_bwd 6130ms data 1ms clip 23ms optim 119ms step 6293ms mem 1448/3311MB
step 136,380 | loss 2.9036 | lr 2.97e-04 | 1316 tok/s | fwd_bwd 6063ms data 1ms clip 20ms optim 112ms step 6208ms mem 1448/3311MB
step 136,390 | loss 2.5451 | lr 2.97e-04 | 1314 tok/s | fwd_bwd 6059ms data 1ms clip 20ms optim 112ms step 6205ms mem 1448/3311MB
step 136,400 | loss 3.2551 | lr 2.97e-04 | 1308 tok/s | fwd_bwd 6185ms data 1ms clip 23ms optim 120ms step 6349ms mem 1448/3311MB
step 136,410 | loss 1.9554 | lr 2.97e-04 | 1311 tok/s | fwd_bwd 6079ms data 1ms clip 20ms optim 111ms step 6226ms mem 1448/3311MB
step 136,420 | loss 2.8309 | lr 2.97e-04 | 1315 tok/s | fwd_bwd 6066ms data 0ms clip 20ms optim 111ms step 6205ms mem 1448/3311MB
step 136,430 | loss 4.1754 | lr 2.97e-04 | 1312 tok/s | fwd_bwd 6146ms data 1ms clip 20ms optim 111ms step 6299ms mem 1448/3311MB
step 136,440 | loss 1.9270 | lr 2.97e-04 | 1313 tok/s | fwd_bwd 6122ms data 1ms clip 23ms optim 120ms step 6285ms mem 1448/3311MB
step 136,450 | loss 2.0089 | lr 2.97e-04 | 1315 tok/s | fwd_bwd 6085ms data 0ms clip 20ms optim 112ms step 6221ms mem 1448/3311MB
step 136,460 | loss 3.3018 | lr 2.97e-04 | 1312 tok/s | fwd_bwd 6076ms data 0ms clip 20ms optim 111ms step 6212ms mem 1448/3311MB
Checkpoint saved: checkpoints/step_136464
  Pruning old checkpoint: checkpoints/step_135328
step 136,470 | loss 2.9572 | lr 2.97e-04 | 1301 tok/s | fwd_bwd 6088ms data 0ms clip 20ms optim 111ms step 6232ms mem 1448/3311MB
step 136,480 | loss 2.9142 | lr 2.97e-04 | 1314 tok/s | fwd_bwd 6077ms data 0ms clip 20ms optim 112ms step 6217ms mem 1448/3311MB
step 136,490 | loss 2.8082 | lr 2.97e-04 | 1314 tok/s | fwd_bwd 6080ms data 0ms clip 20ms optim 112ms step 6220ms mem 1448/3311MB
step 136,500 | loss 3.6336 | lr 2.97e-04 | 1313 tok/s | fwd_bwd 6068ms data 0ms clip 20ms optim 111ms step 6207ms mem 1448/3311MB
  [eval] step 136500 | val_loss 3.2604 | ppl 26.06
step 136,510 | loss 4.2979 | lr 2.97e-04 | 739 tok/s | fwd_bwd 6113ms data 1ms clip 20ms optim 111ms step 6266ms mem 1452/3311MB
step 136,520 | loss 2.1021 | lr 2.97e-04 | 1314 tok/s | fwd_bwd 6088ms data 1ms clip 20ms optim 112ms step 6238ms mem 1493/3311MB
step 136,530 | loss 2.5302 | lr 2.97e-04 | 1321 tok/s | fwd_bwd 6064ms data 1ms clip 20ms optim 112ms step 6214ms mem 1452/3311MB
step 136,540 | loss 1.0833 | lr 2.97e-04 | 1320 tok/s | fwd_bwd 6045ms data 0ms clip 20ms optim 112ms step 6187ms mem 1493/3311MB
step 136,550 | loss 3.3691 | lr 2.97e-04 | 1319 tok/s | fwd_bwd 6002ms data 1ms clip 20ms optim 111ms step 6150ms mem 1452/3311MB
step 136,560 | loss 2.5466 | lr 2.97e-04 | 1322 tok/s | fwd_bwd 6116ms data 1ms clip 23ms optim 119ms step 6279ms mem 1493/3311MB
step 136,570 | loss 3.8379 | lr 2.97e-04 | 1320 tok/s | fwd_bwd 5933ms data 0ms clip 20ms optim 111ms step 6074ms mem 1452/3311MB
step 136,580 | loss 3.0881 | lr 2.97e-04 | 1323 tok/s | fwd_bwd 6033ms data 0ms clip 20ms optim 112ms step 6173ms mem 1493/3311MB
step 136,590 | loss 3.2493 | lr 2.97e-04 | 1318 tok/s | fwd_bwd 6054ms data 0ms clip 20ms optim 111ms step 6193ms mem 1493/3311MB
step 136,600 | loss 3.8907 | lr 2.97e-04 | 1318 tok/s | fwd_bwd 6044ms data 0ms clip 20ms optim 111ms step 6180ms mem 1452/3311MB
step 136,610 | loss 3.8642 | lr 2.97e-04 | 1318 tok/s | fwd_bwd 6070ms data 0ms clip 20ms optim 112ms step 6211ms mem 1493/3311MB
step 136,620 | loss 3.4300 | lr 2.97e-04 | 1314 tok/s | fwd_bwd 6072ms data 0ms clip 20ms optim 112ms step 6213ms mem 1493/3311MB
step 136,630 | loss 2.6716 | lr 2.97e-04 | 1319 tok/s | fwd_bwd 6029ms data 1ms clip 20ms optim 112ms step 6177ms mem 1493/3311MB
step 136,640 | loss 2.6853 | lr 2.97e-04 | 1319 tok/s | fwd_bwd 5982ms data 0ms clip 20ms optim 112ms step 6122ms mem 1451/3311MB
step 136,650 | loss 3.4359 | lr 2.97e-04 | 1316 tok/s | fwd_bwd 6125ms data 1ms clip 23ms optim 120ms step 6288ms mem 1493/3311MB
step 136,660 | loss 2.7108 | lr 2.97e-04 | 1324 tok/s | fwd_bwd 6022ms data 0ms clip 20ms optim 112ms step 6162ms mem 1449/3311MB
step 136,670 | loss 3.1231 | lr 2.97e-04 | 1326 tok/s | fwd_bwd 6024ms data 0ms clip 20ms optim 112ms step 6160ms mem 1493/3311MB
step 136,680 | loss 3.9732 | lr 2.97e-04 | 1321 tok/s | fwd_bwd 6055ms data 0ms clip 20ms optim 112ms step 6194ms mem 1451/3311MB
step 136,690 | loss 3.5290 | lr 2.97e-04 | 1322 tok/s | fwd_bwd 6026ms data 0ms clip 20ms optim 112ms step 6167ms mem 1493/3311MB
step 136,700 | loss 2.7027 | lr 2.97e-04 | 1325 tok/s | fwd_bwd 6027ms data 0ms clip 20ms optim 112ms step 6170ms mem 1493/3311MB
step 136,710 | loss 3.7006 | lr 2.97e-04 | 1324 tok/s | fwd_bwd 6038ms data 1ms clip 20ms optim 111ms step 6183ms mem 1470/3311MB
step 136,720 | loss 2.7679 | lr 2.97e-04 | 1318 tok/s | fwd_bwd 5966ms data 0ms clip 20ms optim 112ms step 6102ms mem 1493/3311MB
step 136,730 | loss 3.3649 | lr 2.97e-04 | 1325 tok/s | fwd_bwd 6022ms data 0ms clip 20ms optim 111ms step 6160ms mem 1493/3311MB
step 136,740 | loss 4.2439 | lr 2.97e-04 | 1322 tok/s | fwd_bwd 6096ms data 1ms clip 20ms optim 111ms step 6247ms mem 1493/3311MB
step 136,750 | loss 3.2580 | lr 2.97e-04 | 1326 tok/s | fwd_bwd 6030ms data 0ms clip 20ms optim 111ms step 6166ms mem 1451/3311MB
step 136,760 | loss 3.4770 | lr 2.97e-04 | 1325 tok/s | fwd_bwd 6038ms data 0ms clip 20ms optim 111ms step 6181ms mem 1470/3311MB
step 136,770 | loss 3.4746 | lr 2.97e-04 | 1321 tok/s | fwd_bwd 6089ms data 1ms clip 23ms optim 119ms step 6252ms mem 1489/3311MB
step 136,780 | loss 3.6606 | lr 2.97e-04 | 1321 tok/s | fwd_bwd 6033ms data 1ms clip 23ms optim 119ms step 6195ms mem 1452/3311MB
step 136,790 | loss 3.1537 | lr 2.97e-04 | 1324 tok/s | fwd_bwd 6044ms data 0ms clip 20ms optim 111ms step 6187ms mem 1452/3311MB
step 136,800 | loss 2.8334 | lr 2.97e-04 | 1321 tok/s | fwd_bwd 6061ms data 0ms clip 20ms optim 112ms step 6204ms mem 1493/3311MB
step 136,810 | loss 3.2648 | lr 2.97e-04 | 1323 tok/s | fwd_bwd 6027ms data 0ms clip 20ms optim 112ms step 6167ms mem 1493/3311MB
step 136,820 | loss 3.0231 | lr 2.97e-04 | 1322 tok/s | fwd_bwd 6046ms data 1ms clip 20ms optim 112ms step 6190ms mem 1493/3311MB
step 136,830 | loss 2.8072 | lr 2.97e-04 | 1320 tok/s | fwd_bwd 6058ms data 1ms clip 20ms optim 112ms step 6205ms mem 1449/3311MB
step 136,840 | loss 3.3832 | lr 2.97e-04 | 1320 tok/s | fwd_bwd 6035ms data 0ms clip 20ms optim 111ms step 6178ms mem 1493/3311MB
step 136,850 | loss 3.7700 | lr 2.97e-04 | 1322 tok/s | fwd_bwd 6019ms data 1ms clip 20ms optim 111ms step 6163ms mem 1451/3311MB
step 136,860 | loss 3.6299 | lr 2.97e-04 | 1318 tok/s | fwd_bwd 6059ms data 0ms clip 20ms optim 112ms step 6198ms mem 1493/3311MB
step 136,870 | loss 4.1107 | lr 2.97e-04 | 1315 tok/s | fwd_bwd 6065ms data 1ms clip 20ms optim 111ms step 6211ms mem 1493/3311MB
step 136,880 | loss 3.9275 | lr 2.97e-04 | 1316 tok/s | fwd_bwd 6063ms data 0ms clip 20ms optim 112ms step 6205ms mem 1482/3311MB
step 136,890 | loss 2.3600 | lr 2.97e-04 | 1314 tok/s | fwd_bwd 5978ms data 1ms clip 20ms optim 111ms step 6121ms mem 1493/3311MB
step 136,900 | loss 2.9166 | lr 2.97e-04 | 1310 tok/s | fwd_bwd 6100ms data 0ms clip 20ms optim 111ms step 6236ms mem 1493/3311MB
step 136,910 | loss 3.4166 | lr 2.97e-04 | 1308 tok/s | fwd_bwd 6083ms data 0ms clip 20ms optim 112ms step 6221ms mem 1493/3311MB
step 136,920 | loss 3.2321 | lr 2.97e-04 | 1311 tok/s | fwd_bwd 6095ms data 0ms clip 20ms optim 112ms step 6236ms mem 1493/3311MB
step 136,930 | loss 3.5407 | lr 2.97e-04 | 1305 tok/s | fwd_bwd 6070ms data 0ms clip 20ms optim 111ms step 6212ms mem 1493/3311MB
step 136,940 | loss 2.7328 | lr 2.97e-04 | 1321 tok/s | fwd_bwd 6045ms data 0ms clip 20ms optim 112ms step 6187ms mem 1493/3311MB
step 136,950 | loss 4.1782 | lr 2.97e-04 | 1318 tok/s | fwd_bwd 6133ms data 1ms clip 23ms optim 120ms step 6297ms mem 1490/3311MB
step 136,960 | loss 2.9966 | lr 2.97e-04 | 1317 tok/s | fwd_bwd 6104ms data 1ms clip 20ms optim 111ms step 6253ms mem 1452/3311MB
step 136,970 | loss 2.6967 | lr 2.97e-04 | 1317 tok/s | fwd_bwd 6070ms data 0ms clip 20ms optim 112ms step 6208ms mem 1493/3311MB
step 136,980 | loss 2.8112 | lr 2.97e-04 | 1315 tok/s | fwd_bwd 6124ms data 1ms clip 23ms optim 121ms step 6289ms mem 1452/3311MB
step 136,990 | loss 3.1574 | lr 2.97e-04 | 1320 tok/s | fwd_bwd 6049ms data 0ms clip 20ms optim 112ms step 6188ms mem 1493/3311MB
step 137,000 | loss 3.4458 | lr 2.97e-04 | 1321 tok/s | fwd_bwd 6052ms data 0ms clip 20ms optim 112ms step 6187ms mem 1451/3311MB
  [eval] step 137000 | val_loss 3.3231 | ppl 27.75
Checkpoint saved: checkpoints/step_137000
  [samples] wrote checkpoints/step_137000/samples.txt
  Pruning old checkpoint: checkpoints/step_135903
step 137,010 | loss 3.5774 | lr 2.97e-04 | 559 tok/s | fwd_bwd 6092ms data 1ms clip 20ms optim 111ms step 6237ms mem 1452/3311MB
step 137,020 | loss 3.1725 | lr 2.97e-04 | 1314 tok/s | fwd_bwd 5958ms data 0ms clip 20ms optim 112ms step 6099ms mem 1493/3311MB
Checkpoint saved: checkpoints/step_137023
  Pruning old checkpoint: checkpoints/step_136000
step 137,030 | loss 2.8084 | lr 2.97e-04 | 1311 tok/s | fwd_bwd 6060ms data 0ms clip 20ms optim 112ms step 6198ms mem 1452/3311MB
step 137,040 | loss 2.8048 | lr 2.97e-04 | 1317 tok/s | fwd_bwd 6038ms data 1ms clip 20ms optim 111ms step 6182ms mem 1493/3311MB
step 137,050 | loss 3.6273 | lr 2.97e-04 | 1324 tok/s | fwd_bwd 6024ms data 0ms clip 20ms optim 112ms step 6162ms mem 1493/3311MB
step 137,060 | loss 3.9363 | lr 2.97e-04 | 1321 tok/s | fwd_bwd 6043ms data 1ms clip 20ms optim 111ms step 6188ms mem 1493/3311MB
step 137,070 | loss 3.3143 | lr 2.97e-04 | 1319 tok/s | fwd_bwd 6073ms data 0ms clip 20ms optim 111ms step 6211ms mem 1493/3311MB
step 137,080 | loss 3.6058 | lr 2.97e-04 | 1317 tok/s | fwd_bwd 6047ms data 0ms clip 20ms optim 112ms step 6190ms mem 1451/3311MB
step 137,090 | loss 2.9430 | lr 2.97e-04 | 1319 tok/s | fwd_bwd 6066ms data 0ms clip 20ms optim 112ms step 6205ms mem 1493/3311MB
step 137,100 | loss 3.3278 | lr 2.97e-04 | 1317 tok/s | fwd_bwd 6053ms data 0ms clip 20ms optim 111ms step 6191ms mem 1493/3311MB
step 137,110 | loss 3.1715 | lr 2.97e-04 | 1321 tok/s | fwd_bwd 6036ms data 0ms clip 20ms optim 111ms step 6171ms mem 1452/3311MB
step 137,120 | loss 2.8742 | lr 2.97e-04 | 1324 tok/s | fwd_bwd 6030ms data 0ms clip 20ms optim 112ms step 6173ms mem 1451/3311MB
step 137,130 | loss 3.1696 | lr 2.97e-04 | 1320 tok/s | fwd_bwd 6050ms data 0ms clip 20ms optim 112ms step 6186ms mem 1451/3311MB
step 137,140 | loss 3.6925 | lr 2.97e-04 | 1318 tok/s | fwd_bwd 6051ms data 0ms clip 20ms optim 111ms step 6191ms mem 1493/3311MB
step 137,150 | loss 3.7129 | lr 2.97e-04 | 1318 tok/s | fwd_bwd 6142ms data 1ms clip 23ms optim 119ms step 6304ms mem 1493/3311MB
step 137,160 | loss 3.9006 | lr 2.97e-04 | 1316 tok/s | fwd_bwd 5990ms data 0ms clip 20ms optim 112ms step 6131ms mem 1493/3311MB
step 137,170 | loss 2.8914 | lr 2.97e-04 | 1320 tok/s | fwd_bwd 6035ms data 0ms clip 20ms optim 111ms step 6172ms mem 1493/3311MB
step 137,180 | loss 3.5629 | lr 2.97e-04 | 1323 tok/s | fwd_bwd 6038ms data 0ms clip 20ms optim 112ms step 6174ms mem 1493/3311MB
step 137,190 | loss 4.0054 | lr 2.97e-04 | 1322 tok/s | fwd_bwd 6044ms data 0ms clip 20ms optim 112ms step 6182ms mem 1451/3311MB
step 137,200 | loss 3.0771 | lr 2.97e-04 | 1321 tok/s | fwd_bwd 6113ms data 1ms clip 23ms optim 120ms step 6275ms mem 1493/3311MB
step 137,210 | loss 3.1277 | lr 2.97e-04 | 1323 tok/s | fwd_bwd 6050ms data 0ms clip 20ms optim 112ms step 6189ms mem 1493/3311MB
step 137,220 | loss 3.0472 | lr 2.97e-04 | 1320 tok/s | fwd_bwd 6070ms data 1ms clip 20ms optim 112ms step 6219ms mem 1451/3311MB
step 137,230 | loss 3.6176 | lr 2.97e-04 | 1321 tok/s | fwd_bwd 6044ms data 1ms clip 20ms optim 112ms step 6196ms mem 1493/3311MB
step 137,240 | loss 3.1429 | lr 2.97e-04 | 1319 tok/s | fwd_bwd 6133ms data 1ms clip 23ms optim 119ms step 6295ms mem 1493/3311MB
step 137,250 | loss 3.5845 | lr 2.97e-04 | 1323 tok/s | fwd_bwd 6040ms data 0ms clip 20ms optim 112ms step 6178ms mem 1493/3311MB
step 137,260 | loss 2.4877 | lr 2.97e-04 | 1324 tok/s | fwd_bwd 6016ms data 1ms clip 20ms optim 112ms step 6161ms mem 1451/3311MB
step 137,270 | loss 3.2524 | lr 2.97e-04 | 1326 tok/s | fwd_bwd 6027ms data 0ms clip 20ms optim 111ms step 6169ms mem 1493/3311MB
step 137,280 | loss 3.2525 | lr 2.97e-04 | 1324 tok/s | fwd_bwd 6075ms data 1ms clip 20ms optim 111ms step 6226ms mem 1451/3311MB
step 137,290 | loss 2.8070 | lr 2.97e-04 | 1328 tok/s | fwd_bwd 6024ms data 0ms clip 20ms optim 111ms step 6164ms mem 1493/3311MB
step 137,300 | loss 3.4902 | lr 2.97e-04 | 1327 tok/s | fwd_bwd 6016ms data 0ms clip 20ms optim 112ms step 6155ms mem 1493/3311MB
step 137,310 | loss 3.5891 | lr 2.97e-04 | 1326 tok/s | fwd_bwd 6019ms data 0ms clip 20ms optim 111ms step 6159ms mem 1492/3311MB
step 137,320 | loss 4.1805 | lr 2.97e-04 | 1324 tok/s | fwd_bwd 6062ms data 1ms clip 23ms optim 119ms step 6223ms mem 1493/3311MB
step 137,330 | loss 3.4842 | lr 2.97e-04 | 1318 tok/s | fwd_bwd 6032ms data 0ms clip 20ms optim 112ms step 6175ms mem 1493/3311MB
step 137,340 | loss 3.1818 | lr 2.97e-04 | 1322 tok/s | fwd_bwd 6031ms data 0ms clip 20ms optim 113ms step 6172ms mem 1451/3311MB
step 137,350 | loss 3.3439 | lr 2.97e-04 | 1327 tok/s | fwd_bwd 6003ms data 0ms clip 20ms optim 112ms step 6139ms mem 1493/3311MB
step 137,360 | loss 3.4018 | lr 2.97e-04 | 1329 tok/s | fwd_bwd 6055ms data 1ms clip 23ms optim 119ms step 6218ms mem 1452/3311MB
step 137,370 | loss 2.9846 | lr 2.97e-04 | 1333 tok/s | fwd_bwd 5996ms data 0ms clip 20ms optim 112ms step 6134ms mem 1493/3311MB
step 137,380 | loss 3.3921 | lr 2.97e-04 | 1329 tok/s | fwd_bwd 6011ms data 0ms clip 20ms optim 112ms step 6153ms mem 1493/3311MB
step 137,390 | loss 4.1389 | lr 2.97e-04 | 1327 tok/s | fwd_bwd 6025ms data 0ms clip 20ms optim 112ms step 6163ms mem 1493/3311MB
step 137,400 | loss 4.2747 | lr 2.97e-04 | 1330 tok/s | fwd_bwd 5985ms data 1ms clip 21ms optim 112ms step 6130ms mem 1493/3311MB
step 137,410 | loss 2.3051 | lr 2.97e-04 | 1330 tok/s | fwd_bwd 6001ms data 0ms clip 20ms optim 111ms step 6139ms mem 1493/3311MB
step 137,420 | loss 3.2737 | lr 2.97e-04 | 1330 tok/s | fwd_bwd 6008ms data 0ms clip 20ms optim 111ms step 6143ms mem 1493/3311MB
step 137,430 | loss 1.7833 | lr 2.97e-04 | 1312 tok/s | fwd_bwd 5951ms data 0ms clip 20ms optim 111ms step 6089ms mem 1493/3311MB
step 137,440 | loss 4.0214 | lr 2.97e-04 | 1324 tok/s | fwd_bwd 6019ms data 0ms clip 20ms optim 112ms step 6159ms mem 1493/3311MB
step 137,450 | loss 3.6173 | lr 2.97e-04 | 1324 tok/s | fwd_bwd 6071ms data 0ms clip 20ms optim 111ms step 6210ms mem 1493/3311MB
step 137,460 | loss 3.9337 | lr 2.97e-04 | 1325 tok/s | fwd_bwd 6039ms data 0ms clip 20ms optim 112ms step 6179ms mem 1451/3311MB
step 137,470 | loss 3.5113 | lr 2.97e-04 | 1326 tok/s | fwd_bwd 5985ms data 0ms clip 20ms optim 112ms step 6130ms mem 1451/3311MB
step 137,480 | loss 3.1487 | lr 2.97e-04 | 1326 tok/s | fwd_bwd 6018ms data 0ms clip 20ms optim 111ms step 6155ms mem 1493/3311MB
step 137,490 | loss 2.7529 | lr 2.97e-04 | 1332 tok/s | fwd_bwd 5993ms data 0ms clip 20ms optim 112ms step 6130ms mem 1493/3311MB
step 137,500 | loss 4.2580 | lr 2.97e-04 | 1331 tok/s | fwd_bwd 5995ms data 0ms clip 20ms optim 112ms step 6139ms mem 1493/3311MB
  [eval] step 137500 | val_loss 3.1868 | ppl 24.21
step 137,510 | loss 3.3086 | lr 2.97e-04 | 751 tok/s | fwd_bwd 6006ms data 1ms clip 20ms optim 111ms step 6157ms mem 1493/3311MB
step 137,520 | loss 3.4581 | lr 2.97e-04 | 1336 tok/s | fwd_bwd 5989ms data 0ms clip 20ms optim 111ms step 6130ms mem 1452/3311MB
step 137,530 | loss 3.3212 | lr 2.97e-04 | 1332 tok/s | fwd_bwd 6007ms data 0ms clip 20ms optim 112ms step 6143ms mem 1451/3311MB
step 137,540 | loss 3.8935 | lr 2.97e-04 | 1335 tok/s | fwd_bwd 5988ms data 0ms clip 20ms optim 112ms step 6128ms mem 1493/3311MB
step 137,550 | loss 2.4155 | lr 2.97e-04 | 1331 tok/s | fwd_bwd 6012ms data 0ms clip 20ms optim 111ms step 6147ms mem 1493/3311MB
step 137,560 | loss 3.2982 | lr 2.97e-04 | 1328 tok/s | fwd_bwd 6040ms data 1ms clip 20ms optim 111ms step 6190ms mem 1493/3311MB
step 137,570 | loss 3.0864 | lr 2.97e-04 | 1329 tok/s | fwd_bwd 6018ms data 0ms clip 20ms optim 111ms step 6158ms mem 1451/3311MB
step 137,580 | loss 3.2273 | lr 2.96e-04 | 1327 tok/s | fwd_bwd 6023ms data 0ms clip 20ms optim 111ms step 6161ms mem 1493/3311MB
step 137,590 | loss 3.6601 | lr 2.96e-04 | 1327 tok/s | fwd_bwd 6007ms data 1ms clip 20ms optim 112ms step 6151ms mem 1493/3311MB
Checkpoint saved: checkpoints/step_137598
  Pruning old checkpoint: checkpoints/step_136464
step 137,600 | loss 3.1779 | lr 2.96e-04 | 1319 tok/s | fwd_bwd 6003ms data 1ms clip 20ms optim 111ms step 6148ms mem 1493/3311MB
step 137,610 | loss 3.1148 | lr 2.96e-04 | 1329 tok/s | fwd_bwd 6001ms data 0ms clip 20ms optim 111ms step 6139ms mem 1451/3311MB
step 137,620 | loss 3.8588 | lr 2.96e-04 | 1331 tok/s | fwd_bwd 5996ms data 0ms clip 20ms optim 112ms step 6134ms mem 1451/3311MB
step 137,630 | loss 2.1924 | lr 2.96e-04 | 1333 tok/s | fwd_bwd 5998ms data 1ms clip 20ms optim 112ms step 6144ms mem 1493/3311MB
step 137,640 | loss 3.1738 | lr 2.96e-04 | 1331 tok/s | fwd_bwd 6005ms data 0ms clip 20ms optim 112ms step 6146ms mem 1493/3311MB
step 137,650 | loss 3.0581 | lr 2.96e-04 | 1327 tok/s | fwd_bwd 6019ms data 1ms clip 20ms optim 111ms step 6164ms mem 1448/3311MB
step 137,660 | loss 3.8941 | lr 2.96e-04 | 1329 tok/s | fwd_bwd 6000ms data 0ms clip 20ms optim 112ms step 6143ms mem 1493/3311MB
step 137,670 | loss 3.5140 | lr 2.96e-04 | 1330 tok/s | fwd_bwd 5989ms data 0ms clip 20ms optim 112ms step 6125ms mem 1493/3311MB
step 137,680 | loss 4.2162 | lr 2.96e-04 | 1330 tok/s | fwd_bwd 6012ms data 0ms clip 20ms optim 112ms step 6147ms mem 1493/3311MB
step 137,690 | loss 2.3139 | lr 2.96e-04 | 1332 tok/s | fwd_bwd 5995ms data 0ms clip 20ms optim 112ms step 6130ms mem 1493/3311MB
step 137,700 | loss 2.8239 | lr 2.96e-04 | 1334 tok/s | fwd_bwd 5996ms data 0ms clip 20ms optim 111ms step 6133ms mem 1493/3311MB
step 137,710 | loss 3.1728 | lr 2.96e-04 | 1333 tok/s | fwd_bwd 5995ms data 0ms clip 20ms optim 111ms step 6133ms mem 1493/3311MB
step 137,720 | loss 3.4714 | lr 2.96e-04 | 1326 tok/s | fwd_bwd 6009ms data 0ms clip 20ms optim 112ms step 6145ms mem 1452/3311MB
step 137,730 | loss 3.1920 | lr 2.96e-04 | 1326 tok/s | fwd_bwd 6017ms data 0ms clip 20ms optim 111ms step 6155ms mem 1493/3311MB
step 137,740 | loss 3.3933 | lr 2.96e-04 | 1326 tok/s | fwd_bwd 6011ms data 0ms clip 20ms optim 112ms step 6154ms mem 1448/3311MB
step 137,750 | loss 3.4219 | lr 2.96e-04 | 1327 tok/s | fwd_bwd 6005ms data 1ms clip 20ms optim 112ms step 6151ms mem 1493/3311MB
step 137,760 | loss 3.5339 | lr 2.96e-04 | 1328 tok/s | fwd_bwd 6019ms data 0ms clip 20ms optim 112ms step 6157ms mem 1493/3311MB
step 137,770 | loss 3.7224 | lr 2.96e-04 | 1325 tok/s | fwd_bwd 6071ms data 0ms clip 20ms optim 111ms step 6211ms mem 1493/3311MB
step 137,780 | loss 3.5684 | lr 2.96e-04 | 1323 tok/s | fwd_bwd 6088ms data 1ms clip 23ms optim 119ms step 6250ms mem 1452/3311MB
step 137,790 | loss 3.0901 | lr 2.96e-04 | 1328 tok/s | fwd_bwd 6030ms data 0ms clip 20ms optim 111ms step 6170ms mem 1493/3311MB
step 137,800 | loss 2.8451 | lr 2.96e-04 | 1327 tok/s | fwd_bwd 6035ms data 0ms clip 20ms optim 111ms step 6172ms mem 1493/3311MB
step 137,810 | loss 0.8748 | lr 2.96e-04 | 1324 tok/s | fwd_bwd 6014ms data 0ms clip 20ms optim 111ms step 6149ms mem 1493/3311MB
step 137,820 | loss 2.9329 | lr 2.96e-04 | 1324 tok/s | fwd_bwd 6035ms data 0ms clip 20ms optim 112ms step 6170ms mem 1493/3311MB
step 137,830 | loss 3.1310 | lr 2.96e-04 | 1320 tok/s | fwd_bwd 6052ms data 0ms clip 20ms optim 111ms step 6196ms mem 1451/3311MB
step 137,840 | loss 2.9956 | lr 2.96e-04 | 1318 tok/s | fwd_bwd 6057ms data 0ms clip 20ms optim 111ms step 6194ms mem 1451/3311MB
step 137,850 | loss 3.6830 | lr 2.96e-04 | 1316 tok/s | fwd_bwd 6073ms data 1ms clip 20ms optim 112ms step 6220ms mem 1493/3311MB
step 137,860 | loss 3.0440 | lr 2.96e-04 | 1317 tok/s | fwd_bwd 6034ms data 0ms clip 20ms optim 111ms step 6177ms mem 1452/3311MB
step 137,870 | loss 2.7614 | lr 2.96e-04 | 1315 tok/s | fwd_bwd 6070ms data 0ms clip 20ms optim 112ms step 6209ms mem 1493/3311MB
step 137,880 | loss 2.7933 | lr 2.96e-04 | 1311 tok/s | fwd_bwd 6110ms data 0ms clip 20ms optim 112ms step 6251ms mem 1493/3311MB
step 137,890 | loss 3.5858 | lr 2.96e-04 | 1311 tok/s | fwd_bwd 6100ms data 0ms clip 20ms optim 112ms step 6241ms mem 1493/3311MB
step 137,900 | loss 3.2039 | lr 2.96e-04 | 1310 tok/s | fwd_bwd 6102ms data 0ms clip 20ms optim 112ms step 6241ms mem 1493/3311MB
step 137,910 | loss 3.3360 | lr 2.96e-04 | 1310 tok/s | fwd_bwd 6087ms data 0ms clip 20ms optim 112ms step 6228ms mem 1452/3311MB
step 137,920 | loss 2.8462 | lr 2.96e-04 | 1314 tok/s | fwd_bwd 6115ms data 1ms clip 20ms optim 111ms step 6264ms mem 1451/3311MB
step 137,930 | loss 3.1315 | lr 2.96e-04 | 1308 tok/s | fwd_bwd 6118ms data 0ms clip 20ms optim 112ms step 6257ms mem 1448/3311MB
step 137,940 | loss 2.0503 | lr 2.96e-04 | 1296 tok/s | fwd_bwd 6127ms data 0ms clip 20ms optim 111ms step 6263ms mem 1493/3311MB
step 137,950 | loss 3.0947 | lr 2.96e-04 | 1301 tok/s | fwd_bwd 6028ms data 0ms clip 20ms optim 112ms step 6167ms mem 1452/3311MB
step 137,960 | loss 3.3773 | lr 2.96e-04 | 1301 tok/s | fwd_bwd 6141ms data 0ms clip 20ms optim 111ms step 6279ms mem 1493/3311MB
step 137,970 | loss 3.5768 | lr 2.96e-04 | 1302 tok/s | fwd_bwd 6126ms data 1ms clip 20ms optim 112ms step 6270ms mem 1448/3311MB
step 137,980 | loss 4.0874 | lr 2.96e-04 | 1307 tok/s | fwd_bwd 6098ms data 1ms clip 20ms optim 112ms step 6243ms mem 1493/3311MB
step 137,990 | loss 3.2434 | lr 2.96e-04 | 1314 tok/s | fwd_bwd 6060ms data 0ms clip 20ms optim 111ms step 6195ms mem 1493/3311MB
step 138,000 | loss 1.8953 | lr 2.96e-04 | 1323 tok/s | fwd_bwd 5998ms data 0ms clip 20ms optim 112ms step 6142ms mem 1493/3311MB
  [eval] step 138000 | val_loss 3.2054 | ppl 24.67
Checkpoint saved: checkpoints/step_138000
  [samples] wrote checkpoints/step_138000/samples.txt
  Pruning old checkpoint: checkpoints/step_137000
step 138,010 | loss 3.4848 | lr 2.96e-04 | 570 tok/s | fwd_bwd 5943ms data 1ms clip 20ms optim 111ms step 6089ms mem 1493/3311MB
step 138,020 | loss 3.2067 | lr 2.96e-04 | 1347 tok/s | fwd_bwd 5922ms data 1ms clip 20ms optim 112ms step 6073ms mem 1493/3311MB
Resuming from checkpoint: checkpoints/step_138000
  Resumed at step 138000

============================================================
  Unrealistic 187M — Training
  Parameters: 189,748,992
  Dtype: bfloat16
  Optimizer: AdamW (mlx)
  Micro-batch: 1 × 8 accum
  Effective batch: 8
  Memory: 535 MB
============================================================

step 138,000 | loss 2.6263 | lr 2.96e-04 | 0 tok/s | fwd_bwd 4864ms data 68ms clip 24ms optim 459ms step 5428ms mem 1493/2587MB
  [eval] step 138000 | val_loss 3.2890 | ppl 26.82
Checkpoint saved: checkpoints/step_138000
  [samples] wrote checkpoints/step_138000/samples.txt
step 138,010 | loss 2.2908 | lr 2.96e-04 | 701 tok/s | fwd_bwd 4748ms data 0ms clip 20ms optim 111ms step 4887ms mem 1493/3311MB
step 138,020 | loss 3.2500 | lr 2.96e-04 | 1664 tok/s | fwd_bwd 4748ms data 0ms clip 20ms optim 111ms step 4884ms mem 1493/3311MB
step 138,030 | loss 2.0429 | lr 2.96e-04 | 1646 tok/s | fwd_bwd 4823ms data 1ms clip 20ms optim 111ms step 4962ms mem 1493/3311MB
step 138,040 | loss 2.8301 | lr 2.96e-04 | 1536 tok/s | fwd_bwd 5516ms data 1ms clip 22ms optim 117ms step 5666ms mem 1493/3311MB
step 138,050 | loss 3.5234 | lr 2.96e-04 | 1415 tok/s | fwd_bwd 5650ms data 1ms clip 20ms optim 112ms step 5795ms mem 1493/3311MB
step 138,060 | loss 1.9163 | lr 2.96e-04 | 1286 tok/s | fwd_bwd 6294ms data 1ms clip 22ms optim 125ms step 6454ms mem 1493/3311MB
step 138,070 | loss 2.3070 | lr 2.96e-04 | 1239 tok/s | fwd_bwd 6302ms data 0ms clip 21ms optim 121ms step 6450ms mem 1493/3311MB
step 138,080 | loss 1.6228 | lr 2.96e-04 | 1231 tok/s | fwd_bwd 6033ms data 1ms clip 24ms optim 120ms step 6197ms mem 1493/3311MB
step 138,090 | loss 1.7733 | lr 2.96e-04 | 1354 tok/s | fwd_bwd 5919ms data 0ms clip 21ms optim 112ms step 6056ms mem 1493/3311MB
step 138,100 | loss 2.9939 | lr 2.96e-04 | 1368 tok/s | fwd_bwd 5761ms data 1ms clip 20ms optim 112ms step 5912ms mem 1493/3311MB
step 138,110 | loss 2.7039 | lr 2.96e-04 | 1365 tok/s | fwd_bwd 5916ms data 1ms clip 20ms optim 111ms step 6063ms mem 1448/3311MB
step 138,120 | loss 2.5434 | lr 2.96e-04 | 1339 tok/s | fwd_bwd 5901ms data 1ms clip 20ms optim 112ms step 6044ms mem 1448/3311MB
step 138,130 | loss 3.2234 | lr 2.96e-04 | 1336 tok/s | fwd_bwd 5973ms data 0ms clip 20ms optim 112ms step 6111ms mem 1448/3311MB
step 138,140 | loss 2.7193 | lr 2.96e-04 | 1334 tok/s | fwd_bwd 5985ms data 1ms clip 20ms optim 112ms step 6130ms mem 1448/3311MB
step 138,150 | loss 2.2680 | lr 2.96e-04 | 1327 tok/s | fwd_bwd 6030ms data 0ms clip 20ms optim 112ms step 6168ms mem 1448/3311MB
step 138,160 | loss 1.4492 | lr 2.96e-04 | 1324 tok/s | fwd_bwd 5885ms data 0ms clip 20ms optim 112ms step 6025ms mem 1448/3311MB
step 138,170 | loss 1.5449 | lr 2.96e-04 | 1322 tok/s | fwd_bwd 6066ms data 1ms clip 20ms optim 112ms step 6207ms mem 1448/3311MB
step 138,180 | loss 2.0859 | lr 2.96e-04 | 1317 tok/s | fwd_bwd 6146ms data 1ms clip 21ms optim 111ms step 6297ms mem 1448/3311MB
step 138,190 | loss 1.3550 | lr 2.96e-04 | 1316 tok/s | fwd_bwd 6084ms data 1ms clip 20ms optim 112ms step 6234ms mem 1448/3311MB
step 138,200 | loss 1.8084 | lr 2.96e-04 | 1309 tok/s | fwd_bwd 5935ms data 0ms clip 20ms optim 113ms step 6076ms mem 1448/3311MB
step 138,210 | loss 2.9984 | lr 2.96e-04 | 1311 tok/s | fwd_bwd 6044ms data 1ms clip 20ms optim 113ms step 6188ms mem 1448/3311MB
step 138,220 | loss 3.2579 | lr 2.96e-04 | 1309 tok/s | fwd_bwd 6092ms data 1ms clip 20ms optim 114ms step 6237ms mem 1448/3311MB
step 138,230 | loss 2.6386 | lr 2.96e-04 | 1309 tok/s | fwd_bwd 6109ms data 0ms clip 20ms optim 112ms step 6247ms mem 1448/3311MB
step 138,240 | loss 2.0676 | lr 2.96e-04 | 1305 tok/s | fwd_bwd 5982ms data 0ms clip 20ms optim 112ms step 6123ms mem 1448/3311MB
step 138,250 | loss 2.3765 | lr 2.96e-04 | 1304 tok/s | fwd_bwd 6113ms data 0ms clip 20ms optim 112ms step 6253ms mem 1448/3311MB
step 138,260 | loss 2.5443 | lr 2.96e-04 | 1293 tok/s | fwd_bwd 6327ms data 1ms clip 20ms optim 111ms step 6469ms mem 1448/3311MB
step 138,270 | loss 1.6277 | lr 2.96e-04 | 1298 tok/s | fwd_bwd 6129ms data 1ms clip 20ms optim 112ms step 6274ms mem 1448/3311MB
step 138,280 | loss 3.0046 | lr 2.96e-04 | 1295 tok/s | fwd_bwd 6172ms data 0ms clip 20ms optim 113ms step 6314ms mem 1448/3311MB
step 138,290 | loss 3.2706 | lr 2.96e-04 | 1293 tok/s | fwd_bwd 6189ms data 0ms clip 20ms optim 112ms step 6331ms mem 1448/3311MB
step 138,300 | loss 1.2610 | lr 2.96e-04 | 1294 tok/s | fwd_bwd 6173ms data 0ms clip 20ms optim 111ms step 6311ms mem 1448/3311MB
step 138,310 | loss 2.0769 | lr 2.96e-04 | 1297 tok/s | fwd_bwd 6136ms data 0ms clip 20ms optim 113ms step 6275ms mem 1448/3311MB
step 138,320 | loss 3.0669 | lr 2.96e-04 | 1292 tok/s | fwd_bwd 6222ms data 1ms clip 20ms optim 112ms step 6371ms mem 1448/3311MB
step 138,330 | loss 2.7662 | lr 2.96e-04 | 1291 tok/s | fwd_bwd 6198ms data 0ms clip 20ms optim 112ms step 6341ms mem 1448/3311MB
step 138,340 | loss 2.1836 | lr 2.96e-04 | 1291 tok/s | fwd_bwd 6186ms data 1ms clip 24ms optim 120ms step 6351ms mem 1448/3311MB
step 138,350 | loss 3.1783 | lr 2.96e-04 | 1297 tok/s | fwd_bwd 6206ms data 0ms clip 20ms optim 113ms step 6345ms mem 1448/3311MB
step 138,360 | loss 2.5692 | lr 2.96e-04 | 1289 tok/s | fwd_bwd 6195ms data 0ms clip 20ms optim 112ms step 6336ms mem 1448/3311MB
step 138,370 | loss 2.9719 | lr 2.96e-04 | 1293 tok/s | fwd_bwd 6188ms data 0ms clip 20ms optim 112ms step 6327ms mem 1448/3311MB
step 138,380 | loss 2.9941 | lr 2.96e-04 | 1068 tok/s | fwd_bwd 7438ms data 1ms clip 21ms optim 115ms step 7581ms mem 1493/3311MB
step 138,390 | loss 4.2837 | lr 2.96e-04 | 1076 tok/s | fwd_bwd 7110ms data 0ms clip 21ms optim 112ms step 7249ms mem 1493/3311MB
step 138,400 | loss 2.5521 | lr 2.96e-04 | 1079 tok/s | fwd_bwd 7256ms data 0ms clip 21ms optim 112ms step 7394ms mem 1493/3311MB
step 138,410 | loss 3.9111 | lr 2.96e-04 | 1079 tok/s | fwd_bwd 7932ms data 1ms clip 21ms optim 112ms step 8072ms mem 1493/3311MB
step 138,420 | loss 2.1299 | lr 2.96e-04 | 1058 tok/s | fwd_bwd 7483ms data 0ms clip 21ms optim 116ms step 7626ms mem 1448/3311MB
step 138,430 | loss 3.2822 | lr 2.96e-04 | 1039 tok/s | fwd_bwd 8418ms data 1ms clip 23ms optim 125ms step 8572ms mem 1493/3311MB
step 138,440 | loss 2.5974 | lr 2.96e-04 | 1210 tok/s | fwd_bwd 6061ms data 1ms clip 20ms optim 111ms step 6204ms mem 1493/3311MB
step 138,450 | loss 3.2380 | lr 2.96e-04 | 1328 tok/s | fwd_bwd 5914ms data 0ms clip 20ms optim 111ms step 6055ms mem 1493/3311MB
step 138,460 | loss 2.2402 | lr 2.96e-04 | 1354 tok/s | fwd_bwd 5870ms data 0ms clip 20ms optim 111ms step 6009ms mem 1452/3311MB
step 138,470 | loss 3.0946 | lr 2.96e-04 | 1354 tok/s | fwd_bwd 5905ms data 1ms clip 20ms optim 111ms step 6052ms mem 1493/3311MB
step 138,480 | loss 1.4954 | lr 2.96e-04 | 1351 tok/s | fwd_bwd 5917ms data 0ms clip 21ms optim 111ms step 6052ms mem 1493/3311MB
step 138,490 | loss 2.5011 | lr 2.96e-04 | 1348 tok/s | fwd_bwd 5960ms data 1ms clip 23ms optim 119ms step 6119ms mem 1493/3311MB
step 138,500 | loss 1.6728 | lr 2.96e-04 | 1347 tok/s | fwd_bwd 5856ms data 1ms clip 20ms optim 111ms step 5999ms mem 1493/3311MB
  [eval] step 138500 | val_loss 3.4332 | ppl 30.97
step 138,510 | loss 2.4381 | lr 2.96e-04 | 761 tok/s | fwd_bwd 5915ms data 1ms clip 23ms optim 119ms step 6076ms mem 1493/3311MB
step 138,520 | loss 3.5823 | lr 2.96e-04 | 1351 tok/s | fwd_bwd 5908ms data 1ms clip 20ms optim 112ms step 6050ms mem 1493/3311MB
step 138,530 | loss 1.6643 | lr 2.96e-04 | 1344 tok/s | fwd_bwd 5969ms data 1ms clip 23ms optim 117ms step 6129ms mem 1493/3311MB
step 138,540 | loss 2.4764 | lr 2.96e-04 | 1346 tok/s | fwd_bwd 5859ms data 1ms clip 20ms optim 112ms step 6002ms mem 1493/3311MB
step 138,550 | loss 2.9067 | lr 2.96e-04 | 1339 tok/s | fwd_bwd 5926ms data 0ms clip 20ms optim 111ms step 6061ms mem 1493/3311MB
Checkpoint saved: checkpoints/step_138553
  Pruning old checkpoint: checkpoints/step_137023
step 138,560 | loss 3.4152 | lr 2.96e-04 | 1322 tok/s | fwd_bwd 5958ms data 1ms clip 20ms optim 112ms step 6105ms mem 1493/3311MB
step 138,570 | loss 2.9418 | lr 2.96e-04 | 1341 tok/s | fwd_bwd 5949ms data 0ms clip 20ms optim 111ms step 6084ms mem 1493/3311MB
step 138,580 | loss 2.6072 | lr 2.96e-04 | 1351 tok/s | fwd_bwd 5896ms data 0ms clip 20ms optim 111ms step 6034ms mem 1493/3311MB
step 138,590 | loss 1.4826 | lr 2.96e-04 | 1350 tok/s | fwd_bwd 5914ms data 0ms clip 20ms optim 112ms step 6051ms mem 1493/3311MB
step 138,600 | loss 2.4383 | lr 2.96e-04 | 1348 tok/s | fwd_bwd 5919ms data 0ms clip 20ms optim 111ms step 6056ms mem 1493/3311MB
step 138,610 | loss 2.2358 | lr 2.96e-04 | 1351 tok/s | fwd_bwd 5909ms data 0ms clip 20ms optim 112ms step 6045ms mem 1493/3311MB
step 138,620 | loss 3.0310 | lr 2.96e-04 | 1350 tok/s | fwd_bwd 5918ms data 0ms clip 20ms optim 111ms step 6056ms mem 1493/3311MB
step 138,630 | loss 2.4894 | lr 2.96e-04 | 1349 tok/s | fwd_bwd 5925ms data 0ms clip 20ms optim 112ms step 6063ms mem 1493/3311MB
step 138,640 | loss 1.6765 | lr 2.96e-04 | 1349 tok/s | fwd_bwd 5917ms data 1ms clip 20ms optim 111ms step 6061ms mem 1493/3311MB
step 138,650 | loss 3.4547 | lr 2.96e-04 | 1349 tok/s | fwd_bwd 5931ms data 0ms clip 20ms optim 112ms step 6069ms mem 1470/3311MB
step 138,660 | loss 2.3099 | lr 2.96e-04 | 1347 tok/s | fwd_bwd 5925ms data 0ms clip 20ms optim 111ms step 6062ms mem 1493/3311MB
step 138,670 | loss 2.2101 | lr 2.96e-04 | 1348 tok/s | fwd_bwd 5927ms data 0ms clip 20ms optim 112ms step 6064ms mem 1493/3311MB
step 138,680 | loss 3.0909 | lr 2.96e-04 | 1346 tok/s | fwd_bwd 5942ms data 0ms clip 20ms optim 112ms step 6080ms mem 1451/3311MB
step 138,690 | loss 3.2629 | lr 2.96e-04 | 1339 tok/s | fwd_bwd 5970ms data 0ms clip 20ms optim 112ms step 6108ms mem 1493/3311MB
step 138,700 | loss 3.3906 | lr 2.96e-04 | 1340 tok/s | fwd_bwd 5948ms data 0ms clip 20ms optim 112ms step 6088ms mem 1451/3311MB
step 138,710 | loss 1.3615 | lr 2.96e-04 | 1338 tok/s | fwd_bwd 5966ms data 1ms clip 20ms optim 112ms step 6107ms mem 1452/3311MB
step 138,720 | loss 2.9737 | lr 2.96e-04 | 1339 tok/s | fwd_bwd 5947ms data 1ms clip 20ms optim 112ms step 6095ms mem 1452/3311MB
step 138,730 | loss 2.1716 | lr 2.96e-04 | 1341 tok/s | fwd_bwd 5960ms data 0ms clip 20ms optim 111ms step 6099ms mem 1493/3311MB
step 138,740 | loss 3.4420 | lr 2.96e-04 | 1341 tok/s | fwd_bwd 5980ms data 0ms clip 20ms optim 111ms step 6121ms mem 1493/3311MB
step 138,750 | loss 1.1080 | lr 2.96e-04 | 1339 tok/s | fwd_bwd 5957ms data 0ms clip 20ms optim 112ms step 6098ms mem 1452/3311MB
step 138,760 | loss 2.0180 | lr 2.96e-04 | 1339 tok/s | fwd_bwd 5955ms data 0ms clip 20ms optim 112ms step 6095ms mem 1493/3311MB
step 138,770 | loss 2.9473 | lr 2.96e-04 | 1336 tok/s | fwd_bwd 5979ms data 0ms clip 20ms optim 112ms step 6117ms mem 1493/3311MB
step 138,780 | loss 1.8293 | lr 2.96e-04 | 1337 tok/s | fwd_bwd 5965ms data 1ms clip 20ms optim 112ms step 6108ms mem 1493/3311MB
step 138,790 | loss 1.7593 | lr 2.96e-04 | 1340 tok/s | fwd_bwd 5949ms data 1ms clip 20ms optim 111ms step 6094ms mem 1493/3311MB
step 138,800 | loss 3.6559 | lr 2.96e-04 | 1338 tok/s | fwd_bwd 5971ms data 0ms clip 20ms optim 111ms step 6108ms mem 1493/3311MB
step 138,810 | loss 3.5977 | lr 2.96e-04 | 1338 tok/s | fwd_bwd 5957ms data 0ms clip 20ms optim 111ms step 6097ms mem 1493/3311MB
step 138,820 | loss 3.8039 | lr 2.96e-04 | 1337 tok/s | fwd_bwd 5996ms data 1ms clip 20ms optim 112ms step 6140ms mem 1493/3311MB
step 138,830 | loss 1.5546 | lr 2.96e-04 | 1337 tok/s | fwd_bwd 5959ms data 0ms clip 20ms optim 111ms step 6097ms mem 1451/3311MB
step 138,840 | loss 2.2823 | lr 2.96e-04 | 1340 tok/s | fwd_bwd 5963ms data 0ms clip 20ms optim 112ms step 6101ms mem 1493/3311MB
step 138,850 | loss 3.1177 | lr 2.96e-04 | 1332 tok/s | fwd_bwd 5992ms data 0ms clip 20ms optim 112ms step 6127ms mem 1493/3311MB
step 138,860 | loss 2.9470 | lr 2.96e-04 | 1335 tok/s | fwd_bwd 5989ms data 0ms clip 20ms optim 112ms step 6125ms mem 1493/3311MB
step 138,870 | loss 1.7416 | lr 2.96e-04 | 1335 tok/s | fwd_bwd 5970ms data 0ms clip 20ms optim 111ms step 6110ms mem 1493/3311MB
step 138,880 | loss 3.4680 | lr 2.96e-04 | 1336 tok/s | fwd_bwd 5960ms data 0ms clip 20ms optim 111ms step 6097ms mem 1493/3311MB
step 138,890 | loss 2.2376 | lr 2.96e-04 | 1338 tok/s | fwd_bwd 5973ms data 0ms clip 20ms optim 112ms step 6109ms mem 1451/3311MB
step 138,900 | loss 2.0497 | lr 2.96e-04 | 1335 tok/s | fwd_bwd 5983ms data 0ms clip 20ms optim 112ms step 6119ms mem 1493/3311MB
step 138,910 | loss 3.0459 | lr 2.96e-04 | 1335 tok/s | fwd_bwd 5982ms data 0ms clip 20ms optim 112ms step 6120ms mem 1493/3311MB
step 138,920 | loss 2.7424 | lr 2.96e-04 | 1337 tok/s | fwd_bwd 5954ms data 1ms clip 20ms optim 112ms step 6097ms mem 1451/3311MB
step 138,930 | loss 3.5787 | lr 2.96e-04 | 1337 tok/s | fwd_bwd 5917ms data 1ms clip 21ms optim 113ms step 6061ms mem 1493/3311MB
step 138,940 | loss 3.3377 | lr 2.96e-04 | 1334 tok/s | fwd_bwd 5977ms data 0ms clip 20ms optim 112ms step 6118ms mem 1493/3311MB
step 138,950 | loss 3.1029 | lr 2.96e-04 | 1335 tok/s | fwd_bwd 5970ms data 0ms clip 20ms optim 112ms step 6108ms mem 1451/3311MB
step 138,960 | loss 3.6097 | lr 2.96e-04 | 1338 tok/s | fwd_bwd 5970ms data 0ms clip 20ms optim 112ms step 6108ms mem 1452/3311MB
step 138,970 | loss 2.3577 | lr 2.96e-04 | 1333 tok/s | fwd_bwd 6006ms data 0ms clip 20ms optim 112ms step 6149ms mem 1452/3311MB
step 138,980 | loss 2.8244 | lr 2.96e-04 | 1332 tok/s | fwd_bwd 6001ms data 1ms clip 20ms optim 111ms step 6149ms mem 1493/3311MB
step 138,990 | loss 2.6804 | lr 2.96e-04 | 1334 tok/s | fwd_bwd 5981ms data 0ms clip 20ms optim 112ms step 6116ms mem 1493/3311MB
step 139,000 | loss 1.5935 | lr 2.96e-04 | 1335 tok/s | fwd_bwd 5956ms data 1ms clip 20ms optim 112ms step 6101ms mem 1452/3311MB
  [eval] step 139000 | val_loss 3.2803 | ppl 26.58
Checkpoint saved: checkpoints/step_139000
  [samples] wrote checkpoints/step_139000/samples.txt
  Pruning old checkpoint: checkpoints/step_137598
step 139,010 | loss 1.7646 | lr 2.96e-04 | 572 tok/s | fwd_bwd 6011ms data 0ms clip 20ms optim 112ms step 6147ms mem 1493/3311MB
step 139,020 | loss 3.5500 | lr 2.96e-04 | 1328 tok/s | fwd_bwd 6006ms data 0ms clip 20ms optim 111ms step 6146ms mem 1493/3311MB
step 139,030 | loss 2.8698 | lr 2.96e-04 | 1333 tok/s | fwd_bwd 5990ms data 0ms clip 20ms optim 111ms step 6125ms mem 1492/3311MB
step 139,040 | loss 3.1979 | lr 2.96e-04 | 1335 tok/s | fwd_bwd 5957ms data 0ms clip 20ms optim 112ms step 6097ms mem 1493/3311MB
step 139,050 | loss 2.1297 | lr 2.96e-04 | 1332 tok/s | fwd_bwd 5976ms data 1ms clip 20ms optim 111ms step 6121ms mem 1488/3311MB
step 139,060 | loss 1.6970 | lr 2.96e-04 | 1334 tok/s | fwd_bwd 6020ms data 0ms clip 20ms optim 111ms step 6160ms mem 1493/3311MB
step 139,070 | loss 2.8332 | lr 2.96e-04 | 1335 tok/s | fwd_bwd 5976ms data 0ms clip 20ms optim 111ms step 6114ms mem 1493/3311MB
step 139,080 | loss 1.6981 | lr 2.96e-04 | 1335 tok/s | fwd_bwd 5979ms data 0ms clip 20ms optim 112ms step 6121ms mem 1493/3311MB
step 139,090 | loss 3.2881 | lr 2.96e-04 | 1332 tok/s | fwd_bwd 5985ms data 1ms clip 20ms optim 112ms step 6130ms mem 1493/3311MB
step 139,100 | loss 2.3076 | lr 2.96e-04 | 1334 tok/s | fwd_bwd 5965ms data 0ms clip 20ms optim 111ms step 6100ms mem 1493/3311MB
step 139,110 | loss 2.5617 | lr 2.96e-04 | 1333 tok/s | fwd_bwd 5995ms data 0ms clip 20ms optim 112ms step 6135ms mem 1493/3311MB
step 139,120 | loss 3.4757 | lr 2.96e-04 | 1331 tok/s | fwd_bwd 5991ms data 0ms clip 20ms optim 111ms step 6128ms mem 1490/3311MB
Checkpoint saved: checkpoints/step_139128
  Pruning old checkpoint: checkpoints/step_138000
step 139,130 | loss 3.4477 | lr 2.96e-04 | 1323 tok/s | fwd_bwd 5969ms data 1ms clip 20ms optim 112ms step 6116ms mem 1493/3311MB
step 139,140 | loss 2.7363 | lr 2.96e-04 | 1334 tok/s | fwd_bwd 5990ms data 1ms clip 20ms optim 112ms step 6137ms mem 1493/3311MB
step 139,150 | loss 3.1139 | lr 2.96e-04 | 1331 tok/s | fwd_bwd 6035ms data 1ms clip 20ms optim 111ms step 6185ms mem 1452/3311MB
step 139,160 | loss 2.5014 | lr 2.96e-04 | 1337 tok/s | fwd_bwd 5972ms data 0ms clip 20ms optim 112ms step 6107ms mem 1493/3311MB
step 139,170 | loss 3.2671 | lr 2.96e-04 | 1336 tok/s | fwd_bwd 5977ms data 0ms clip 20ms optim 111ms step 6111ms mem 1451/3311MB
step 139,180 | loss 1.8190 | lr 2.96e-04 | 1338 tok/s | fwd_bwd 5966ms data 0ms clip 20ms optim 112ms step 6103ms mem 1493/3311MB
step 139,190 | loss 2.0971 | lr 2.96e-04 | 1337 tok/s | fwd_bwd 5970ms data 1ms clip 20ms optim 112ms step 6118ms mem 1493/3311MB
step 139,200 | loss 3.6391 | lr 2.96e-04 | 1337 tok/s | fwd_bwd 5960ms data 0ms clip 20ms optim 112ms step 6103ms mem 1452/3311MB
step 139,210 | loss 1.1776 | lr 2.96e-04 | 1337 tok/s | fwd_bwd 5948ms data 0ms clip 20ms optim 111ms step 6087ms mem 1493/3311MB
step 139,220 | loss 2.0994 | lr 2.96e-04 | 1340 tok/s | fwd_bwd 5968ms data 0ms clip 20ms optim 112ms step 6107ms mem 1452/3311MB
step 139,230 | loss 3.4761 | lr 2.96e-04 | 1339 tok/s | fwd_bwd 5964ms data 1ms clip 20ms optim 112ms step 6108ms mem 1452/3311MB
step 139,240 | loss 3.2343 | lr 2.96e-04 | 1336 tok/s | fwd_bwd 5933ms data 1ms clip 20ms optim 111ms step 6079ms mem 1493/3311MB
step 139,250 | loss 3.3046 | lr 2.96e-04 | 1339 tok/s | fwd_bwd 5968ms data 0ms clip 20ms optim 112ms step 6106ms mem 1452/3311MB
step 139,260 | loss 1.6453 | lr 2.96e-04 | 1338 tok/s | fwd_bwd 5971ms data 0ms clip 20ms optim 112ms step 6112ms mem 1493/3311MB
step 139,270 | loss 3.2249 | lr 2.96e-04 | 1335 tok/s | fwd_bwd 5985ms data 0ms clip 20ms optim 111ms step 6125ms mem 1493/3311MB
step 139,280 | loss 3.0972 | lr 2.96e-04 | 1336 tok/s | fwd_bwd 5981ms data 0ms clip 20ms optim 112ms step 6120ms mem 1493/3311MB
step 139,290 | loss 3.1009 | lr 2.95e-04 | 1334 tok/s | fwd_bwd 5980ms data 0ms clip 20ms optim 111ms step 6120ms mem 1452/3311MB
step 139,300 | loss 3.1555 | lr 2.95e-04 | 1335 tok/s | fwd_bwd 5978ms data 0ms clip 20ms optim 112ms step 6120ms mem 1452/3311MB
step 139,310 | loss 3.0826 | lr 2.95e-04 | 1337 tok/s | fwd_bwd 5977ms data 1ms clip 20ms optim 112ms step 6125ms mem 1493/3311MB
step 139,320 | loss 3.2737 | lr 2.95e-04 | 1338 tok/s | fwd_bwd 5978ms data 0ms clip 20ms optim 112ms step 6115ms mem 1493/3311MB
step 139,330 | loss 3.1752 | lr 2.95e-04 | 1337 tok/s | fwd_bwd 5976ms data 1ms clip 20ms optim 112ms step 6120ms mem 1493/3311MB
step 139,340 | loss 2.4422 | lr 2.95e-04 | 1335 tok/s | fwd_bwd 5971ms data 1ms clip 20ms optim 111ms step 6115ms mem 1493/3311MB
step 139,350 | loss 1.4332 | lr 2.95e-04 | 1336 tok/s | fwd_bwd 5973ms data 0ms clip 20ms optim 112ms step 6114ms mem 1493/3311MB
step 139,360 | loss 3.4137 | lr 2.95e-04 | 1335 tok/s | fwd_bwd 5980ms data 0ms clip 20ms optim 111ms step 6118ms mem 1493/3311MB
step 139,370 | loss 3.0531 | lr 2.95e-04 | 1330 tok/s | fwd_bwd 6132ms data 1ms clip 20ms optim 112ms step 6283ms mem 1493/3311MB
step 139,380 | loss 2.3414 | lr 2.95e-04 | 1332 tok/s | fwd_bwd 5995ms data 1ms clip 20ms optim 112ms step 6144ms mem 1493/3311MB
step 139,390 | loss 2.6823 | lr 2.95e-04 | 1333 tok/s | fwd_bwd 5988ms data 0ms clip 20ms optim 112ms step 6125ms mem 1493/3311MB
step 139,400 | loss 2.1549 | lr 2.95e-04 | 1333 tok/s | fwd_bwd 6023ms data 1ms clip 23ms optim 121ms step 6186ms mem 1493/3311MB
step 139,410 | loss 2.4126 | lr 2.95e-04 | 1333 tok/s | fwd_bwd 5995ms data 0ms clip 20ms optim 111ms step 6135ms mem 1493/3311MB
step 139,420 | loss 2.4965 | lr 2.95e-04 | 1333 tok/s | fwd_bwd 5983ms data 0ms clip 20ms optim 112ms step 6123ms mem 1452/3311MB
step 139,430 | loss 3.5360 | lr 2.95e-04 | 1333 tok/s | fwd_bwd 5986ms data 1ms clip 20ms optim 112ms step 6131ms mem 1452/3311MB
step 139,440 | loss 1.5603 | lr 2.95e-04 | 1334 tok/s | fwd_bwd 6015ms data 1ms clip 20ms optim 112ms step 6165ms mem 1493/3311MB
step 139,450 | loss 3.1716 | lr 2.95e-04 | 1332 tok/s | fwd_bwd 6008ms data 1ms clip 20ms optim 112ms step 6153ms mem 1493/3311MB
step 139,460 | loss 2.8991 | lr 2.95e-04 | 1326 tok/s | fwd_bwd 6037ms data 0ms clip 20ms optim 112ms step 6177ms mem 1493/3311MB
step 139,470 | loss 2.4435 | lr 2.95e-04 | 1325 tok/s | fwd_bwd 6065ms data 1ms clip 22ms optim 118ms step 6224ms mem 1493/3311MB
step 139,480 | loss 3.3170 | lr 2.95e-04 | 1334 tok/s | fwd_bwd 5995ms data 0ms clip 20ms optim 111ms step 6130ms mem 1493/3311MB
step 139,490 | loss 1.8678 | lr 2.95e-04 | 1333 tok/s | fwd_bwd 5993ms data 0ms clip 20ms optim 112ms step 6128ms mem 1493/3311MB
step 139,500 | loss 1.9087 | lr 2.95e-04 | 1333 tok/s | fwd_bwd 5996ms data 0ms clip 20ms optim 111ms step 6137ms mem 1493/3311MB
  [eval] step 139500 | val_loss 3.2205 | ppl 25.04
step 139,510 | loss 4.0426 | lr 2.95e-04 | 751 tok/s | fwd_bwd 5979ms data 0ms clip 20ms optim 111ms step 6117ms mem 1452/3311MB
step 139,520 | loss 2.7336 | lr 2.95e-04 | 1333 tok/s | fwd_bwd 5991ms data 0ms clip 20ms optim 112ms step 6129ms mem 1493/3311MB
step 139,530 | loss 0.0000 | lr 2.95e-04 | 1329 tok/s | fwd_bwd 6007ms data 0ms clip 20ms optim 112ms step 6149ms mem 1493/3311MB
step 139,540 | loss 2.8156 | lr 2.95e-04 | 1333 tok/s | fwd_bwd 5991ms data 0ms clip 20ms optim 111ms step 6130ms mem 1493/3311MB
step 139,550 | loss 3.6826 | lr 2.95e-04 | 1333 tok/s | fwd_bwd 5968ms data 0ms clip 20ms optim 111ms step 6109ms mem 1493/3311MB
step 139,560 | loss 3.9576 | lr 2.95e-04 | 1335 tok/s | fwd_bwd 5989ms data 0ms clip 20ms optim 114ms step 6129ms mem 1470/3311MB
step 139,570 | loss 1.6812 | lr 2.95e-04 | 1332 tok/s | fwd_bwd 5987ms data 0ms clip 20ms optim 111ms step 6127ms mem 1451/3311MB
step 139,580 | loss 2.0348 | lr 2.95e-04 | 1333 tok/s | fwd_bwd 5995ms data 0ms clip 20ms optim 111ms step 6135ms mem 1452/3311MB
step 139,590 | loss 3.2700 | lr 2.95e-04 | 1331 tok/s | fwd_bwd 6005ms data 0ms clip 20ms optim 112ms step 6142ms mem 1452/3311MB
step 139,600 | loss 0.0000 | lr 2.95e-04 | 1329 tok/s | fwd_bwd 6020ms data 1ms clip 20ms optim 111ms step 6164ms mem 1493/3311MB
step 139,610 | loss 2.4968 | lr 2.95e-04 | 1330 tok/s | fwd_bwd 6011ms data 0ms clip 20ms optim 112ms step 6146ms mem 1493/3311MB
step 139,620 | loss 2.5515 | lr 2.95e-04 | 1329 tok/s | fwd_bwd 6047ms data 0ms clip 20ms optim 113ms step 6184ms mem 1493/3311MB
step 139,630 | loss 2.8163 | lr 2.95e-04 | 1328 tok/s | fwd_bwd 6063ms data 1ms clip 24ms optim 121ms step 6227ms mem 1452/3311MB
step 139,640 | loss 1.9254 | lr 2.95e-04 | 1330 tok/s | fwd_bwd 6015ms data 0ms clip 20ms optim 112ms step 6153ms mem 1493/3311MB
step 139,650 | loss 1.5637 | lr 2.95e-04 | 1326 tok/s | fwd_bwd 6025ms data 0ms clip 20ms optim 112ms step 6165ms mem 1493/3311MB
step 139,660 | loss 3.6460 | lr 2.95e-04 | 1325 tok/s | fwd_bwd 6034ms data 0ms clip 20ms optim 112ms step 6170ms mem 1452/3311MB
step 139,670 | loss 1.6851 | lr 2.95e-04 | 1324 tok/s | fwd_bwd 6025ms data 0ms clip 20ms optim 112ms step 6162ms mem 1492/3311MB
step 139,680 | loss 3.5156 | lr 2.95e-04 | 1329 tok/s | fwd_bwd 6001ms data 0ms clip 20ms optim 112ms step 6139ms mem 1493/3311MB
step 139,690 | loss 1.8174 | lr 2.95e-04 | 1327 tok/s | fwd_bwd 6032ms data 0ms clip 20ms optim 112ms step 6167ms mem 1493/3311MB
step 139,700 | loss 1.7518 | lr 2.95e-04 | 1319 tok/s | fwd_bwd 6280ms data 1ms clip 21ms optim 113ms step 6427ms mem 1493/3311MB
Checkpoint saved: checkpoints/step_139706
  Pruning old checkpoint: checkpoints/step_138553
step 139,710 | loss 2.0300 | lr 2.95e-04 | 1311 tok/s | fwd_bwd 6069ms data 0ms clip 20ms optim 112ms step 6207ms mem 1493/3311MB
step 139,720 | loss 3.3510 | lr 2.95e-04 | 1319 tok/s | fwd_bwd 6056ms data 0ms clip 20ms optim 112ms step 6196ms mem 1493/3311MB
step 139,730 | loss 2.8201 | lr 2.95e-04 | 1323 tok/s | fwd_bwd 6029ms data 1ms clip 20ms optim 112ms step 6172ms mem 1493/3311MB
step 139,740 | loss 3.4306 | lr 2.95e-04 | 1318 tok/s | fwd_bwd 6075ms data 0ms clip 20ms optim 112ms step 6215ms mem 1452/3311MB
step 139,750 | loss 3.2215 | lr 2.95e-04 | 1316 tok/s | fwd_bwd 6060ms data 0ms clip 20ms optim 111ms step 6197ms mem 1493/3311MB
step 139,760 | loss 2.8469 | lr 2.95e-04 | 1324 tok/s | fwd_bwd 6012ms data 1ms clip 20ms optim 111ms step 6157ms mem 1452/3311MB
step 139,770 | loss 3.4288 | lr 2.95e-04 | 1327 tok/s | fwd_bwd 6021ms data 0ms clip 20ms optim 112ms step 6161ms mem 1493/3311MB
step 139,780 | loss 2.0959 | lr 2.95e-04 | 1326 tok/s | fwd_bwd 6030ms data 0ms clip 20ms optim 112ms step 6166ms mem 1493/3311MB
step 139,790 | loss 3.5984 | lr 2.95e-04 | 1326 tok/s | fwd_bwd 6019ms data 0ms clip 20ms optim 112ms step 6159ms mem 1493/3311MB
step 139,800 | loss 3.5871 | lr 2.95e-04 | 1325 tok/s | fwd_bwd 6031ms data 0ms clip 20ms optim 112ms step 6171ms mem 1493/3311MB
step 139,810 | loss 3.0969 | lr 2.95e-04 | 1328 tok/s | fwd_bwd 6006ms data 0ms clip 20ms optim 111ms step 6147ms mem 1493/3311MB
step 139,820 | loss 4.1610 | lr 2.95e-04 | 1329 tok/s | fwd_bwd 6012ms data 0ms clip 20ms optim 112ms step 6152ms mem 1493/3311MB
step 139,830 | loss 2.9873 | lr 2.95e-04 | 1328 tok/s | fwd_bwd 6014ms data 0ms clip 20ms optim 112ms step 6154ms mem 1493/3311MB
step 139,840 | loss 1.9061 | lr 2.95e-04 | 1325 tok/s | fwd_bwd 6027ms data 0ms clip 20ms optim 112ms step 6167ms mem 1493/3311MB
step 139,850 | loss 3.3953 | lr 2.95e-04 | 1329 tok/s | fwd_bwd 6008ms data 0ms clip 20ms optim 111ms step 6150ms mem 1493/3311MB
step 139,860 | loss 2.9245 | lr 2.95e-04 | 1329 tok/s | fwd_bwd 6001ms data 0ms clip 20ms optim 112ms step 6143ms mem 1452/3311MB
step 139,870 | loss 1.4511 | lr 2.95e-04 | 1328 tok/s | fwd_bwd 6028ms data 0ms clip 20ms optim 112ms step 6165ms mem 1452/3311MB
step 139,880 | loss 2.8205 | lr 2.95e-04 | 1327 tok/s | fwd_bwd 6015ms data 0ms clip 20ms optim 112ms step 6157ms mem 1452/3311MB
step 139,890 | loss 2.1868 | lr 2.95e-04 | 1327 tok/s | fwd_bwd 6023ms data 0ms clip 20ms optim 112ms step 6163ms mem 1493/3311MB
step 139,900 | loss 2.7154 | lr 2.95e-04 | 1325 tok/s | fwd_bwd 6034ms data 0ms clip 20ms optim 112ms step 6172ms mem 1493/3311MB
step 139,910 | loss 3.2952 | lr 2.95e-04 | 1326 tok/s | fwd_bwd 6013ms data 1ms clip 20ms optim 111ms step 6156ms mem 1493/3311MB
step 139,920 | loss 2.2902 | lr 2.95e-04 | 1328 tok/s | fwd_bwd 6006ms data 0ms clip 20ms optim 112ms step 6146ms mem 1493/3311MB
step 139,930 | loss 1.4292 | lr 2.95e-04 | 1328 tok/s | fwd_bwd 6027ms data 0ms clip 20ms optim 112ms step 6166ms mem 1493/3311MB
step 139,940 | loss 3.1410 | lr 2.95e-04 | 1325 tok/s | fwd_bwd 6022ms data 0ms clip 20ms optim 112ms step 6162ms mem 1493/3311MB
step 139,950 | loss 1.8903 | lr 2.95e-04 | 1326 tok/s | fwd_bwd 6013ms data 0ms clip 20ms optim 112ms step 6152ms mem 1493/3311MB
step 139,960 | loss 3.2485 | lr 2.95e-04 | 1329 tok/s | fwd_bwd 6013ms data 0ms clip 20ms optim 112ms step 6151ms mem 1493/3311MB
step 139,970 | loss 1.3179 | lr 2.95e-04 | 1327 tok/s | fwd_bwd 6027ms data 0ms clip 20ms optim 112ms step 6168ms mem 1452/3311MB
step 139,980 | loss 2.6882 | lr 2.95e-04 | 1326 tok/s | fwd_bwd 6026ms data 1ms clip 20ms optim 112ms step 6170ms mem 1452/3311MB
step 139,990 | loss 1.6018 | lr 2.95e-04 | 1325 tok/s | fwd_bwd 6025ms data 0ms clip 20ms optim 112ms step 6165ms mem 1493/3311MB
step 140,000 | loss 1.6384 | lr 2.95e-04 | 1327 tok/s | fwd_bwd 6020ms data 0ms clip 20ms optim 112ms step 6162ms mem 1493/3311MB
  [eval] step 140000 | val_loss 3.3725 | ppl 29.15
Checkpoint saved: checkpoints/step_140000
  [samples] wrote checkpoints/step_140000/samples.txt
  Pruning old checkpoint: checkpoints/step_139000
step 140,010 | loss 1.9395 | lr 2.95e-04 | 569 tok/s | fwd_bwd 6065ms data 0ms clip 20ms optim 112ms step 6203ms mem 1493/3311MB
step 140,020 | loss 2.4027 | lr 2.95e-04 | 1314 tok/s | fwd_bwd 6063ms data 0ms clip 20ms optim 112ms step 6201ms mem 1493/3311MB
step 140,030 | loss 3.6211 | lr 2.95e-04 | 1320 tok/s | fwd_bwd 6026ms data 0ms clip 20ms optim 112ms step 6169ms mem 1493/3311MB
step 140,040 | loss 2.1054 | lr 2.95e-04 | 1326 tok/s | fwd_bwd 6020ms data 0ms clip 20ms optim 111ms step 6158ms mem 1493/3311MB
step 140,050 | loss 3.4253 | lr 2.95e-04 | 1327 tok/s | fwd_bwd 6013ms data 0ms clip 20ms optim 113ms step 6154ms mem 1493/3311MB
step 140,060 | loss 1.4345 | lr 2.95e-04 | 1325 tok/s | fwd_bwd 6028ms data 0ms clip 20ms optim 112ms step 6168ms mem 1493/3311MB
step 140,070 | loss 3.4395 | lr 2.95e-04 | 1323 tok/s | fwd_bwd 6034ms data 0ms clip 20ms optim 112ms step 6172ms mem 1493/3311MB
step 140,080 | loss 3.1509 | lr 2.95e-04 | 1326 tok/s | fwd_bwd 6012ms data 0ms clip 20ms optim 111ms step 6151ms mem 1493/3311MB
step 140,090 | loss 2.6564 | lr 2.95e-04 | 1326 tok/s | fwd_bwd 6026ms data 0ms clip 20ms optim 111ms step 6165ms mem 1493/3311MB
step 140,100 | loss 2.4227 | lr 2.95e-04 | 1327 tok/s | fwd_bwd 6032ms data 0ms clip 20ms optim 112ms step 6167ms mem 1493/3311MB
step 140,110 | loss 1.4916 | lr 2.95e-04 | 1325 tok/s | fwd_bwd 6026ms data 0ms clip 20ms optim 111ms step 6164ms mem 1493/3311MB
step 140,120 | loss 2.6302 | lr 2.95e-04 | 1329 tok/s | fwd_bwd 5992ms data 1ms clip 20ms optim 111ms step 6137ms mem 1493/3311MB
step 140,130 | loss 2.6448 | lr 2.95e-04 | 1332 tok/s | fwd_bwd 6008ms data 0ms clip 20ms optim 112ms step 6144ms mem 1493/3311MB
step 140,140 | loss 1.7027 | lr 2.95e-04 | 1328 tok/s | fwd_bwd 6009ms data 0ms clip 20ms optim 112ms step 6149ms mem 1493/3311MB
step 140,150 | loss 3.8142 | lr 2.95e-04 | 1329 tok/s | fwd_bwd 6015ms data 0ms clip 20ms optim 112ms step 6153ms mem 1452/3311MB
step 140,160 | loss 3.5043 | lr 2.95e-04 | 1327 tok/s | fwd_bwd 6027ms data 0ms clip 20ms optim 112ms step 6169ms mem 1493/3311MB
step 140,170 | loss 1.6890 | lr 2.95e-04 | 1326 tok/s | fwd_bwd 6020ms data 0ms clip 20ms optim 111ms step 6159ms mem 1493/3311MB
step 140,180 | loss 3.7045 | lr 2.95e-04 | 1324 tok/s | fwd_bwd 6012ms data 0ms clip 20ms optim 112ms step 6149ms mem 1493/3311MB
step 140,190 | loss 1.6815 | lr 2.95e-04 | 1327 tok/s | fwd_bwd 6018ms data 0ms clip 20ms optim 112ms step 6159ms mem 1493/3311MB
step 140,200 | loss 1.7245 | lr 2.95e-04 | 1330 tok/s | fwd_bwd 6004ms data 0ms clip 20ms optim 111ms step 6141ms mem 1493/3311MB
step 140,210 | loss 2.8189 | lr 2.95e-04 | 1329 tok/s | fwd_bwd 5984ms data 0ms clip 20ms optim 111ms step 6123ms mem 1493/3311MB
step 140,220 | loss 2.1368 | lr 2.95e-04 | 1331 tok/s | fwd_bwd 5995ms data 0ms clip 20ms optim 111ms step 6134ms mem 1493/3311MB
step 140,230 | loss 1.3265 | lr 2.95e-04 | 1329 tok/s | fwd_bwd 6036ms data 1ms clip 20ms optim 111ms step 6186ms mem 1493/3311MB
step 140,240 | loss 2.6146 | lr 2.95e-04 | 1331 tok/s | fwd_bwd 6002ms data 0ms clip 20ms optim 111ms step 6142ms mem 1493/3311MB
step 140,250 | loss 3.1647 | lr 2.95e-04 | 1327 tok/s | fwd_bwd 6018ms data 1ms clip 21ms optim 112ms step 6163ms mem 1493/3311MB
step 140,260 | loss 2.3785 | lr 2.95e-04 | 1323 tok/s | fwd_bwd 6038ms data 0ms clip 20ms optim 111ms step 6173ms mem 1493/3311MB
step 140,270 | loss 2.8846 | lr 2.95e-04 | 1317 tok/s | fwd_bwd 6175ms data 1ms clip 20ms optim 112ms step 6318ms mem 1493/3311MB
Checkpoint saved: checkpoints/step_140276
  Pruning old checkpoint: checkpoints/step_139128
step 140,280 | loss 2.1943 | lr 2.95e-04 | 1308 tok/s | fwd_bwd 6098ms data 1ms clip 21ms optim 113ms step 6252ms mem 1493/3311MB
step 140,290 | loss 1.8993 | lr 2.95e-04 | 1325 tok/s | fwd_bwd 6043ms data 0ms clip 20ms optim 112ms step 6181ms mem 1448/3311MB
step 140,300 | loss 3.1482 | lr 2.95e-04 | 1322 tok/s | fwd_bwd 6054ms data 0ms clip 20ms optim 112ms step 6191ms mem 1493/3311MB
step 140,310 | loss 0.8951 | lr 2.95e-04 | 1325 tok/s | fwd_bwd 6039ms data 0ms clip 20ms optim 112ms step 6179ms mem 1493/3311MB
step 140,320 | loss 1.9399 | lr 2.95e-04 | 1326 tok/s | fwd_bwd 6023ms data 0ms clip 20ms optim 112ms step 6161ms mem 1452/3311MB
step 140,330 | loss 3.0016 | lr 2.95e-04 | 1326 tok/s | fwd_bwd 6035ms data 1ms clip 20ms optim 112ms step 6179ms mem 1452/3311MB
step 140,340 | loss 3.5603 | lr 2.95e-04 | 1324 tok/s | fwd_bwd 6027ms data 1ms clip 20ms optim 112ms step 6177ms mem 1493/3311MB
step 140,350 | loss 3.4644 | lr 2.95e-04 | 1328 tok/s | fwd_bwd 6022ms data 0ms clip 20ms optim 112ms step 6157ms mem 1493/3311MB
step 140,360 | loss 4.0805 | lr 2.95e-04 | 1330 tok/s | fwd_bwd 5992ms data 1ms clip 20ms optim 112ms step 6137ms mem 1493/3311MB
step 140,370 | loss 3.7462 | lr 2.95e-04 | 1328 tok/s | fwd_bwd 6036ms data 1ms clip 20ms optim 111ms step 6184ms mem 1452/3311MB
step 140,380 | loss 3.4346 | lr 2.95e-04 | 1327 tok/s | fwd_bwd 6018ms data 0ms clip 20ms optim 112ms step 6154ms mem 1493/3311MB
step 140,390 | loss 2.9315 | lr 2.95e-04 | 1327 tok/s | fwd_bwd 6031ms data 1ms clip 20ms optim 111ms step 6177ms mem 1493/3311MB
step 140,400 | loss 3.3371 | lr 2.95e-04 | 1329 tok/s | fwd_bwd 6004ms data 0ms clip 20ms optim 112ms step 6140ms mem 1493/3311MB
step 140,410 | loss 1.9277 | lr 2.95e-04 | 1328 tok/s | fwd_bwd 5929ms data 0ms clip 20ms optim 112ms step 6070ms mem 1493/3311MB
step 140,420 | loss 3.8245 | lr 2.95e-04 | 1326 tok/s | fwd_bwd 6032ms data 0ms clip 20ms optim 112ms step 6169ms mem 1493/3311MB
step 140,430 | loss 2.5675 | lr 2.95e-04 | 1325 tok/s | fwd_bwd 6011ms data 1ms clip 20ms optim 111ms step 6155ms mem 1493/3311MB
step 140,440 | loss 2.3848 | lr 2.95e-04 | 1329 tok/s | fwd_bwd 6023ms data 0ms clip 20ms optim 112ms step 6158ms mem 1493/3311MB
step 140,450 | loss 2.5579 | lr 2.95e-04 | 1327 tok/s | fwd_bwd 6011ms data 0ms clip 20ms optim 112ms step 6153ms mem 1493/3311MB
step 140,460 | loss 1.6967 | lr 2.95e-04 | 1322 tok/s | fwd_bwd 6024ms data 0ms clip 20ms optim 112ms step 6163ms mem 1493/3311MB
step 140,470 | loss 2.9609 | lr 2.95e-04 | 1327 tok/s | fwd_bwd 6007ms data 0ms clip 20ms optim 111ms step 6149ms mem 1452/3311MB
step 140,480 | loss 3.5718 | lr 2.95e-04 | 1326 tok/s | fwd_bwd 6089ms data 1ms clip 23ms optim 120ms step 6252ms mem 1493/3311MB
step 140,490 | loss 2.8165 | lr 2.95e-04 | 1330 tok/s | fwd_bwd 5995ms data 1ms clip 20ms optim 112ms step 6140ms mem 1493/3311MB
step 140,500 | loss 2.5820 | lr 2.95e-04 | 1326 tok/s | fwd_bwd 6050ms data 0ms clip 20ms optim 111ms step 6188ms mem 1493/3311MB
  [eval] step 140500 | val_loss 3.2586 | ppl 26.01
step 140,510 | loss 2.6299 | lr 2.95e-04 | 749 tok/s | fwd_bwd 5999ms data 0ms clip 20ms optim 112ms step 6142ms mem 1493/3311MB
step 140,520 | loss 2.8139 | lr 2.95e-04 | 1333 tok/s | fwd_bwd 5990ms data 0ms clip 20ms optim 112ms step 6130ms mem 1493/3311MB
step 140,530 | loss 3.2726 | lr 2.95e-04 | 1332 tok/s | fwd_bwd 5995ms data 0ms clip 20ms optim 112ms step 6132ms mem 1452/3311MB
step 140,540 | loss 1.8131 | lr 2.95e-04 | 1330 tok/s | fwd_bwd 6011ms data 0ms clip 20ms optim 112ms step 6150ms mem 1493/3311MB
step 140,550 | loss 2.6621 | lr 2.95e-04 | 1329 tok/s | fwd_bwd 6015ms data 0ms clip 20ms optim 112ms step 6155ms mem 1452/3311MB
step 140,560 | loss 3.2690 | lr 2.95e-04 | 1331 tok/s | fwd_bwd 5993ms data 0ms clip 20ms optim 111ms step 6128ms mem 1493/3311MB
step 140,570 | loss 2.2658 | lr 2.95e-04 | 1328 tok/s | fwd_bwd 6027ms data 0ms clip 20ms optim 112ms step 6164ms mem 1493/3311MB
step 140,580 | loss 3.2133 | lr 2.95e-04 | 1329 tok/s | fwd_bwd 5959ms data 0ms clip 20ms optim 112ms step 6094ms mem 1452/3311MB
step 140,590 | loss 2.2802 | lr 2.95e-04 | 1318 tok/s | fwd_bwd 6098ms data 0ms clip 20ms optim 111ms step 6235ms mem 1493/3311MB
step 140,600 | loss 2.2788 | lr 2.95e-04 | 1316 tok/s | fwd_bwd 6069ms data 0ms clip 20ms optim 112ms step 6209ms mem 1493/3311MB
step 140,610 | loss 3.6360 | lr 2.95e-04 | 1320 tok/s | fwd_bwd 6021ms data 1ms clip 20ms optim 111ms step 6166ms mem 1493/3311MB
step 140,620 | loss 2.8963 | lr 2.95e-04 | 1327 tok/s | fwd_bwd 6016ms data 0ms clip 20ms optim 112ms step 6156ms mem 1493/3311MB
step 140,630 | loss 4.1149 | lr 2.95e-04 | 1327 tok/s | fwd_bwd 6011ms data 0ms clip 20ms optim 111ms step 6150ms mem 1452/3311MB
step 140,640 | loss 1.5771 | lr 2.95e-04 | 1326 tok/s | fwd_bwd 6098ms data 1ms clip 20ms optim 112ms step 6248ms mem 1493/3311MB
step 140,650 | loss 2.2623 | lr 2.95e-04 | 1327 tok/s | fwd_bwd 6035ms data 0ms clip 20ms optim 112ms step 6178ms mem 1493/3311MB
step 140,660 | loss 2.9276 | lr 2.95e-04 | 1323 tok/s | fwd_bwd 6040ms data 0ms clip 20ms optim 112ms step 6180ms mem 1493/3311MB
step 140,670 | loss 3.1221 | lr 2.95e-04 | 1322 tok/s | fwd_bwd 6053ms data 0ms clip 20ms optim 112ms step 6191ms mem 1452/3311MB
step 140,680 | loss 3.0249 | lr 2.95e-04 | 1318 tok/s | fwd_bwd 6089ms data 1ms clip 20ms optim 111ms step 6238ms mem 1452/3311MB
step 140,690 | loss 1.1421 | lr 2.95e-04 | 1319 tok/s | fwd_bwd 5984ms data 1ms clip 20ms optim 112ms step 6134ms mem 1493/3311MB
step 140,700 | loss 3.5665 | lr 2.95e-04 | 1321 tok/s | fwd_bwd 6072ms data 0ms clip 20ms optim 112ms step 6209ms mem 1493/3311MB
step 140,710 | loss 2.2082 | lr 2.95e-04 | 1309 tok/s | fwd_bwd 6068ms data 0ms clip 20ms optim 112ms step 6206ms mem 1493/3311MB
step 140,720 | loss 3.2661 | lr 2.95e-04 | 1318 tok/s | fwd_bwd 6046ms data 0ms clip 20ms optim 112ms step 6184ms mem 1493/3311MB
step 140,730 | loss 3.4599 | lr 2.95e-04 | 1320 tok/s | fwd_bwd 6055ms data 0ms clip 20ms optim 112ms step 6193ms mem 1493/3311MB
step 140,740 | loss 3.3806 | lr 2.95e-04 | 1313 tok/s | fwd_bwd 6020ms data 1ms clip 20ms optim 112ms step 6165ms mem 1493/3311MB
step 140,750 | loss 3.5528 | lr 2.95e-04 | 1318 tok/s | fwd_bwd 6061ms data 0ms clip 20ms optim 111ms step 6202ms mem 1452/3311MB
step 140,760 | loss 3.5508 | lr 2.95e-04 | 1322 tok/s | fwd_bwd 6029ms data 0ms clip 20ms optim 112ms step 6171ms mem 1451/3311MB
step 140,770 | loss 3.0316 | lr 2.95e-04 | 1324 tok/s | fwd_bwd 6033ms data 0ms clip 20ms optim 112ms step 6173ms mem 1452/3311MB
step 140,780 | loss 4.2558 | lr 2.95e-04 | 1323 tok/s | fwd_bwd 6049ms data 0ms clip 20ms optim 112ms step 6188ms mem 1493/3311MB
step 140,790 | loss 2.8885 | lr 2.95e-04 | 1317 tok/s | fwd_bwd 6069ms data 0ms clip 20ms optim 112ms step 6209ms mem 1493/3311MB
step 140,800 | loss 2.1764 | lr 2.95e-04 | 1317 tok/s | fwd_bwd 6072ms data 0ms clip 20ms optim 112ms step 6209ms mem 1493/3311MB
step 140,810 | loss 2.1383 | lr 2.95e-04 | 1322 tok/s | fwd_bwd 6027ms data 0ms clip 20ms optim 112ms step 6164ms mem 1493/3311MB
step 140,820 | loss 3.3403 | lr 2.95e-04 | 1324 tok/s | fwd_bwd 6040ms data 0ms clip 20ms optim 112ms step 6177ms mem 1452/3311MB
step 140,830 | loss 3.0863 | lr 2.94e-04 | 1325 tok/s | fwd_bwd 6033ms data 0ms clip 20ms optim 112ms step 6169ms mem 1452/3311MB
step 140,840 | loss 3.8364 | lr 2.94e-04 | 1320 tok/s | fwd_bwd 6060ms data 0ms clip 20ms optim 112ms step 6197ms mem 1493/3311MB
step 140,850 | loss 1.8692 | lr 2.94e-04 | 1301 tok/s | fwd_bwd 6082ms data 0ms clip 20ms optim 111ms step 6222ms mem 1493/3311MB
Checkpoint saved: checkpoints/step_140851
  Pruning old checkpoint: checkpoints/step_139706
step 140,860 | loss 2.6303 | lr 2.94e-04 | 1299 tok/s | fwd_bwd 6128ms data 1ms clip 20ms optim 111ms step 6276ms mem 1493/3311MB
step 140,870 | loss 3.4169 | lr 2.94e-04 | 1319 tok/s | fwd_bwd 5986ms data 0ms clip 20ms optim 111ms step 6125ms mem 1493/3311MB
step 140,880 | loss 3.1436 | lr 2.94e-04 | 1324 tok/s | fwd_bwd 6027ms data 0ms clip 20ms optim 112ms step 6167ms mem 1493/3311MB
step 140,890 | loss 3.1681 | lr 2.94e-04 | 1321 tok/s | fwd_bwd 6011ms data 0ms clip 20ms optim 112ms step 6154ms mem 1493/3311MB
step 140,900 | loss 2.8034 | lr 2.94e-04 | 1320 tok/s | fwd_bwd 5948ms data 0ms clip 20ms optim 112ms step 6084ms mem 1493/3311MB
step 140,910 | loss 3.5848 | lr 2.94e-04 | 1318 tok/s | fwd_bwd 6060ms data 0ms clip 20ms optim 112ms step 6201ms mem 1452/3311MB
step 140,920 | loss 3.0593 | lr 2.94e-04 | 1317 tok/s | fwd_bwd 5980ms data 0ms clip 20ms optim 112ms step 6118ms mem 1493/3311MB
step 140,930 | loss 3.4955 | lr 2.94e-04 | 1318 tok/s | fwd_bwd 6052ms data 0ms clip 20ms optim 111ms step 6189ms mem 1493/3311MB
step 140,940 | loss 3.8138 | lr 2.94e-04 | 1318 tok/s | fwd_bwd 6062ms data 0ms clip 20ms optim 112ms step 6199ms mem 1493/3311MB
step 140,950 | loss 2.7684 | lr 2.94e-04 | 1319 tok/s | fwd_bwd 6044ms data 0ms clip 20ms optim 112ms step 6182ms mem 1493/3311MB
step 140,960 | loss 3.3655 | lr 2.94e-04 | 1318 tok/s | fwd_bwd 6061ms data 0ms clip 20ms optim 112ms step 6197ms mem 1493/3311MB
step 140,970 | loss 2.8190 | lr 2.94e-04 | 1318 tok/s | fwd_bwd 6082ms data 1ms clip 20ms optim 111ms step 6228ms mem 1493/3311MB
step 140,980 | loss 1.6786 | lr 2.94e-04 | 1319 tok/s | fwd_bwd 6063ms data 0ms clip 20ms optim 112ms step 6203ms mem 1452/3311MB
step 140,990 | loss 4.6103 | lr 2.94e-04 | 1319 tok/s | fwd_bwd 6037ms data 0ms clip 20ms optim 112ms step 6176ms mem 1451/3311MB
step 141,000 | loss 3.1105 | lr 2.94e-04 | 1320 tok/s | fwd_bwd 6051ms data 0ms clip 20ms optim 112ms step 6187ms mem 1493/3311MB
  [eval] step 141000 | val_loss 3.1868 | ppl 24.21
Checkpoint saved: checkpoints/step_141000
  [samples] wrote checkpoints/step_141000/samples.txt
  Pruning old checkpoint: checkpoints/step_140000
step 141,010 | loss 2.3202 | lr 2.94e-04 | 562 tok/s | fwd_bwd 6060ms data 0ms clip 20ms optim 111ms step 6200ms mem 1493/3311MB
step 141,020 | loss 2.3271 | lr 2.94e-04 | 1317 tok/s | fwd_bwd 6031ms data 0ms clip 20ms optim 112ms step 6172ms mem 1493/3311MB
step 141,030 | loss 3.7389 | lr 2.94e-04 | 1317 tok/s | fwd_bwd 6136ms data 1ms clip 21ms optim 112ms step 6287ms mem 1493/3311MB
step 141,040 | loss 2.9185 | lr 2.94e-04 | 1319 tok/s | fwd_bwd 6072ms data 0ms clip 20ms optim 112ms step 6208ms mem 1493/3311MB
step 141,050 | loss 3.4086 | lr 2.94e-04 | 1312 tok/s | fwd_bwd 6147ms data 1ms clip 24ms optim 120ms step 6310ms mem 1493/3311MB
step 141,060 | loss 2.0166 | lr 2.94e-04 | 1316 tok/s | fwd_bwd 5990ms data 0ms clip 20ms optim 112ms step 6130ms mem 1493/3311MB
step 141,070 | loss 3.8906 | lr 2.94e-04 | 1319 tok/s | fwd_bwd 6052ms data 0ms clip 20ms optim 111ms step 6195ms mem 1493/3311MB
step 141,080 | loss 2.9606 | lr 2.94e-04 | 1317 tok/s | fwd_bwd 6058ms data 0ms clip 20ms optim 111ms step 6195ms mem 1482/3311MB
step 141,090 | loss 3.4359 | lr 2.94e-04 | 1319 tok/s | fwd_bwd 6045ms data 0ms clip 20ms optim 111ms step 6182ms mem 1493/3311MB
step 141,100 | loss 2.5511 | lr 2.94e-04 | 1318 tok/s | fwd_bwd 6059ms data 0ms clip 20ms optim 112ms step 6197ms mem 1493/3311MB
step 141,110 | loss 2.8241 | lr 2.94e-04 | 1319 tok/s | fwd_bwd 6053ms data 0ms clip 20ms optim 112ms step 6191ms mem 1493/3311MB
step 141,120 | loss 1.7219 | lr 2.94e-04 | 1322 tok/s | fwd_bwd 6046ms data 0ms clip 20ms optim 112ms step 6184ms mem 1493/3311MB
step 141,130 | loss 1.6836 | lr 2.94e-04 | 1318 tok/s | fwd_bwd 6067ms data 0ms clip 20ms optim 112ms step 6205ms mem 1493/3311MB
step 141,140 | loss 2.0763 | lr 2.94e-04 | 1316 tok/s | fwd_bwd 5983ms data 0ms clip 20ms optim 112ms step 6124ms mem 1493/3311MB
step 141,150 | loss 3.1066 | lr 2.94e-04 | 1318 tok/s | fwd_bwd 6046ms data 0ms clip 20ms optim 111ms step 6186ms mem 1493/3311MB
step 141,160 | loss 3.1681 | lr 2.94e-04 | 1320 tok/s | fwd_bwd 6047ms data 0ms clip 20ms optim 111ms step 6183ms mem 1493/3311MB
step 141,170 | loss 3.6018 | lr 2.94e-04 | 1318 tok/s | fwd_bwd 6064ms data 0ms clip 20ms optim 111ms step 6199ms mem 1493/3311MB
step 141,180 | loss 3.8147 | lr 2.94e-04 | 1317 tok/s | fwd_bwd 6061ms data 0ms clip 20ms optim 112ms step 6201ms mem 1451/3311MB
step 141,190 | loss 2.5892 | lr 2.94e-04 | 1316 tok/s | fwd_bwd 6075ms data 0ms clip 20ms optim 111ms step 6210ms mem 1493/3311MB
step 141,200 | loss 3.4404 | lr 2.94e-04 | 1313 tok/s | fwd_bwd 6074ms data 0ms clip 20ms optim 111ms step 6211ms mem 1493/3311MB
step 141,210 | loss 2.9999 | lr 2.94e-04 | 1314 tok/s | fwd_bwd 6083ms data 0ms clip 20ms optim 112ms step 6226ms mem 1493/3311MB
step 141,220 | loss 3.6483 | lr 2.94e-04 | 1312 tok/s | fwd_bwd 6075ms data 0ms clip 20ms optim 112ms step 6211ms mem 1493/3311MB
step 141,230 | loss 3.3312 | lr 2.94e-04 | 1312 tok/s | fwd_bwd 6076ms data 1ms clip 20ms optim 112ms step 6220ms mem 1452/3311MB
step 141,240 | loss 2.3377 | lr 2.94e-04 | 1314 tok/s | fwd_bwd 6077ms data 0ms clip 20ms optim 112ms step 6215ms mem 1493/3311MB
step 141,250 | loss 3.5544 | lr 2.94e-04 | 1317 tok/s | fwd_bwd 6061ms data 0ms clip 20ms optim 112ms step 6199ms mem 1493/3311MB
step 141,260 | loss 2.0176 | lr 2.94e-04 | 1315 tok/s | fwd_bwd 6083ms data 0ms clip 20ms optim 111ms step 6225ms mem 1493/3311MB
step 141,270 | loss 1.5716 | lr 2.94e-04 | 1316 tok/s | fwd_bwd 6037ms data 0ms clip 20ms optim 112ms step 6173ms mem 1493/3311MB
step 141,280 | loss 1.2167 | lr 2.94e-04 | 1321 tok/s | fwd_bwd 6067ms data 0ms clip 20ms optim 112ms step 6209ms mem 1493/3311MB
step 141,290 | loss 1.7033 | lr 2.94e-04 | 1317 tok/s | fwd_bwd 6089ms data 0ms clip 20ms optim 113ms step 6227ms mem 1493/3311MB
step 141,300 | loss 3.1013 | lr 2.94e-04 | 1318 tok/s | fwd_bwd 6048ms data 0ms clip 20ms optim 112ms step 6186ms mem 1493/3311MB
step 141,310 | loss 3.9177 | lr 2.94e-04 | 1322 tok/s | fwd_bwd 6010ms data 0ms clip 20ms optim 111ms step 6146ms mem 1493/3311MB
step 141,320 | loss 2.8108 | lr 2.94e-04 | 1325 tok/s | fwd_bwd 6032ms data 0ms clip 20ms optim 112ms step 6175ms mem 1493/3311MB
step 141,330 | loss 3.2464 | lr 2.94e-04 | 1322 tok/s | fwd_bwd 6054ms data 1ms clip 20ms optim 111ms step 6202ms mem 1493/3311MB
step 141,340 | loss 1.9459 | lr 2.94e-04 | 1319 tok/s | fwd_bwd 6062ms data 0ms clip 20ms optim 112ms step 6200ms mem 1493/3311MB
step 141,350 | loss 4.6572 | lr 2.94e-04 | 1317 tok/s | fwd_bwd 6032ms data 1ms clip 20ms optim 112ms step 6178ms mem 1493/3311MB
step 141,360 | loss 1.4251 | lr 2.94e-04 | 1320 tok/s | fwd_bwd 6053ms data 0ms clip 20ms optim 112ms step 6191ms mem 1493/3311MB
step 141,370 | loss 3.5911 | lr 2.94e-04 | 1319 tok/s | fwd_bwd 6037ms data 0ms clip 20ms optim 111ms step 6178ms mem 1493/3311MB
step 141,380 | loss 2.9209 | lr 2.94e-04 | 1321 tok/s | fwd_bwd 6050ms data 0ms clip 20ms optim 111ms step 6190ms mem 1493/3311MB
step 141,390 | loss 2.8520 | lr 2.94e-04 | 1318 tok/s | fwd_bwd 6061ms data 0ms clip 20ms optim 111ms step 6198ms mem 1452/3311MB
step 141,400 | loss 4.0503 | lr 2.94e-04 | 1318 tok/s | fwd_bwd 6054ms data 0ms clip 20ms optim 112ms step 6195ms mem 1493/3311MB
step 141,410 | loss 3.1453 | lr 2.94e-04 | 1310 tok/s | fwd_bwd 6109ms data 0ms clip 20ms optim 112ms step 6248ms mem 1493/3311MB
Checkpoint saved: checkpoints/step_141417
  Pruning old checkpoint: checkpoints/step_140276
step 141,420 | loss 3.2773 | lr 2.94e-04 | 1306 tok/s | fwd_bwd 6061ms data 0ms clip 20ms optim 111ms step 6201ms mem 1452/3311MB
step 141,430 | loss 3.3250 | lr 2.94e-04 | 1318 tok/s | fwd_bwd 6048ms data 0ms clip 20ms optim 112ms step 6186ms mem 1493/3311MB
step 141,440 | loss 4.1611 | lr 2.94e-04 | 1317 tok/s | fwd_bwd 6077ms data 0ms clip 20ms optim 112ms step 6213ms mem 1493/3311MB
step 141,450 | loss 3.0591 | lr 2.94e-04 | 1318 tok/s | fwd_bwd 6056ms data 0ms clip 20ms optim 111ms step 6191ms mem 1493/3311MB
step 141,460 | loss 3.3652 | lr 2.94e-04 | 1317 tok/s | fwd_bwd 6054ms data 0ms clip 20ms optim 112ms step 6194ms mem 1493/3311MB
step 141,470 | loss 4.1002 | lr 2.94e-04 | 1317 tok/s | fwd_bwd 6102ms data 1ms clip 20ms optim 112ms step 6251ms mem 1493/3311MB
step 141,480 | loss 3.5468 | lr 2.94e-04 | 1319 tok/s | fwd_bwd 6058ms data 0ms clip 20ms optim 112ms step 6197ms mem 1493/3311MB
step 141,490 | loss 3.9175 | lr 2.94e-04 | 1320 tok/s | fwd_bwd 6047ms data 0ms clip 20ms optim 112ms step 6182ms mem 1493/3311MB
step 141,500 | loss 3.3191 | lr 2.94e-04 | 1319 tok/s | fwd_bwd 6049ms data 0ms clip 20ms optim 111ms step 6190ms mem 1493/3311MB
  [eval] step 141500 | val_loss 3.2702 | ppl 26.32
step 141,510 | loss 2.7664 | lr 2.94e-04 | 745 tok/s | fwd_bwd 6046ms data 0ms clip 20ms optim 111ms step 6185ms mem 1493/3311MB
step 141,520 | loss 2.6954 | lr 2.94e-04 | 1318 tok/s | fwd_bwd 6075ms data 1ms clip 20ms optim 111ms step 6222ms mem 1452/3311MB
step 141,530 | loss 3.6956 | lr 2.94e-04 | 1316 tok/s | fwd_bwd 6069ms data 0ms clip 20ms optim 111ms step 6211ms mem 1452/3311MB
step 141,540 | loss 2.3682 | lr 2.94e-04 | 1318 tok/s | fwd_bwd 6064ms data 1ms clip 20ms optim 112ms step 6208ms mem 1493/3311MB
step 141,550 | loss 2.5021 | lr 2.94e-04 | 1316 tok/s | fwd_bwd 6056ms data 0ms clip 20ms optim 112ms step 6194ms mem 1493/3311MB
step 141,560 | loss 1.4489 | lr 2.94e-04 | 1315 tok/s | fwd_bwd 6069ms data 0ms clip 20ms optim 112ms step 6206ms mem 1493/3311MB
step 141,570 | loss 3.0283 | lr 2.94e-04 | 1314 tok/s | fwd_bwd 6139ms data 1ms clip 21ms optim 113ms step 6291ms mem 1493/3311MB
step 141,580 | loss 3.1755 | lr 2.94e-04 | 1317 tok/s | fwd_bwd 6072ms data 0ms clip 20ms optim 112ms step 6211ms mem 1493/3311MB
step 141,590 | loss 1.5317 | lr 2.94e-04 | 1315 tok/s | fwd_bwd 6060ms data 0ms clip 20ms optim 112ms step 6202ms mem 1452/3311MB
step 141,600 | loss 3.4923 | lr 2.94e-04 | 1321 tok/s | fwd_bwd 6057ms data 0ms clip 20ms optim 112ms step 6194ms mem 1452/3311MB
step 141,610 | loss 2.8401 | lr 2.94e-04 | 1317 tok/s | fwd_bwd 6065ms data 1ms clip 20ms optim 112ms step 6208ms mem 1452/3311MB
step 141,620 | loss 2.8353 | lr 2.94e-04 | 1313 tok/s | fwd_bwd 6142ms data 1ms clip 24ms optim 120ms step 6305ms mem 1493/3311MB
step 141,630 | loss 1.7308 | lr 2.94e-04 | 1312 tok/s | fwd_bwd 6384ms data 0ms clip 20ms optim 111ms step 6525ms mem 1493/3311MB
step 141,640 | loss 2.7583 | lr 2.94e-04 | 1318 tok/s | fwd_bwd 6048ms data 1ms clip 20ms optim 112ms step 6194ms mem 1493/3311MB
step 141,650 | loss 2.7963 | lr 2.94e-04 | 1318 tok/s | fwd_bwd 6068ms data 0ms clip 20ms optim 112ms step 6209ms mem 1493/3311MB
step 141,660 | loss 3.9961 | lr 2.94e-04 | 1317 tok/s | fwd_bwd 6058ms data 0ms clip 20ms optim 112ms step 6199ms mem 1493/3311MB
step 141,670 | loss 2.6933 | lr 2.94e-04 | 1317 tok/s | fwd_bwd 6085ms data 0ms clip 20ms optim 112ms step 6225ms mem 1452/3311MB
step 141,680 | loss 2.8740 | lr 2.94e-04 | 1317 tok/s | fwd_bwd 6040ms data 0ms clip 20ms optim 112ms step 6179ms mem 1493/3311MB
step 141,690 | loss 2.5466 | lr 2.94e-04 | 1316 tok/s | fwd_bwd 6052ms data 0ms clip 20ms optim 112ms step 6193ms mem 1493/3311MB
step 141,700 | loss 3.6353 | lr 2.94e-04 | 1319 tok/s | fwd_bwd 6056ms data 0ms clip 20ms optim 111ms step 6197ms mem 1493/3311MB
step 141,710 | loss 3.3902 | lr 2.94e-04 | 1318 tok/s | fwd_bwd 6050ms data 0ms clip 20ms optim 112ms step 6192ms mem 1452/3311MB
step 141,720 | loss 4.2312 | lr 2.94e-04 | 1323 tok/s | fwd_bwd 6035ms data 0ms clip 20ms optim 112ms step 6176ms mem 1493/3311MB
step 141,730 | loss 3.6909 | lr 2.94e-04 | 1320 tok/s | fwd_bwd 6048ms data 0ms clip 20ms optim 112ms step 6184ms mem 1493/3311MB
step 141,740 | loss 3.3847 | lr 2.94e-04 | 1318 tok/s | fwd_bwd 6059ms data 0ms clip 20ms optim 111ms step 6199ms mem 1493/3311MB
step 141,750 | loss 3.1410 | lr 2.94e-04 | 1317 tok/s | fwd_bwd 6060ms data 1ms clip 20ms optim 112ms step 6208ms mem 1452/3311MB
step 141,760 | loss 2.2980 | lr 2.94e-04 | 1320 tok/s | fwd_bwd 6057ms data 1ms clip 20ms optim 111ms step 6204ms mem 1493/3311MB
step 141,770 | loss 3.5588 | lr 2.94e-04 | 1325 tok/s | fwd_bwd 6028ms data 0ms clip 20ms optim 112ms step 6164ms mem 1493/3311MB
step 141,780 | loss 3.3072 | lr 2.94e-04 | 1322 tok/s | fwd_bwd 6039ms data 0ms clip 20ms optim 112ms step 6176ms mem 1493/3311MB
step 141,790 | loss 3.6310 | lr 2.94e-04 | 1321 tok/s | fwd_bwd 6036ms data 0ms clip 20ms optim 112ms step 6175ms mem 1493/3311MB
step 141,800 | loss 3.3814 | lr 2.94e-04 | 1321 tok/s | fwd_bwd 6051ms data 0ms clip 20ms optim 112ms step 6193ms mem 1493/3311MB
step 141,810 | loss 3.8966 | lr 2.94e-04 | 1319 tok/s | fwd_bwd 6058ms data 0ms clip 20ms optim 112ms step 6200ms mem 1452/3311MB
step 141,820 | loss 3.3164 | lr 2.94e-04 | 1318 tok/s | fwd_bwd 6051ms data 0ms clip 20ms optim 112ms step 6186ms mem 1452/3311MB
step 141,830 | loss 3.1534 | lr 2.94e-04 | 1322 tok/s | fwd_bwd 6035ms data 0ms clip 20ms optim 111ms step 6170ms mem 1493/3311MB
step 141,840 | loss 2.0808 | lr 2.94e-04 | 1319 tok/s | fwd_bwd 6066ms data 0ms clip 20ms optim 112ms step 6203ms mem 1493/3311MB
step 141,850 | loss 2.0058 | lr 2.94e-04 | 1320 tok/s | fwd_bwd 6048ms data 0ms clip 20ms optim 112ms step 6186ms mem 1493/3311MB
step 141,860 | loss 2.7833 | lr 2.94e-04 | 1322 tok/s | fwd_bwd 6045ms data 0ms clip 20ms optim 111ms step 6185ms mem 1493/3311MB
step 141,870 | loss 3.6430 | lr 2.94e-04 | 1319 tok/s | fwd_bwd 6055ms data 0ms clip 20ms optim 112ms step 6192ms mem 1493/3311MB
step 141,880 | loss 3.2002 | lr 2.94e-04 | 1321 tok/s | fwd_bwd 6054ms data 0ms clip 20ms optim 112ms step 6197ms mem 1452/3311MB
step 141,890 | loss 2.7029 | lr 2.94e-04 | 1321 tok/s | fwd_bwd 6020ms data 0ms clip 20ms optim 112ms step 6160ms mem 1493/3311MB
step 141,900 | loss 1.9178 | lr 2.94e-04 | 1319 tok/s | fwd_bwd 6050ms data 1ms clip 20ms optim 111ms step 6197ms mem 1493/3311MB
step 141,910 | loss 3.2150 | lr 2.94e-04 | 1319 tok/s | fwd_bwd 6103ms data 1ms clip 21ms optim 113ms step 6255ms mem 1493/3311MB
step 141,920 | loss 3.6108 | lr 2.94e-04 | 1321 tok/s | fwd_bwd 6097ms data 0ms clip 20ms optim 112ms step 6234ms mem 1493/3311MB
step 141,930 | loss 3.8149 | lr 2.94e-04 | 1318 tok/s | fwd_bwd 6075ms data 1ms clip 20ms optim 111ms step 6222ms mem 1493/3311MB
step 141,940 | loss 2.9761 | lr 2.94e-04 | 1322 tok/s | fwd_bwd 6036ms data 0ms clip 20ms optim 112ms step 6178ms mem 1493/3311MB
step 141,950 | loss 3.4956 | lr 2.94e-04 | 1324 tok/s | fwd_bwd 6034ms data 0ms clip 20ms optim 111ms step 6171ms mem 1493/3311MB
step 141,960 | loss 1.5969 | lr 2.94e-04 | 1326 tok/s | fwd_bwd 6017ms data 0ms clip 20ms optim 112ms step 6155ms mem 1493/3311MB
step 141,970 | loss 3.4526 | lr 2.94e-04 | 1327 tok/s | fwd_bwd 6026ms data 0ms clip 20ms optim 112ms step 6164ms mem 1493/3311MB
step 141,980 | loss 3.2168 | lr 2.94e-04 | 1327 tok/s | fwd_bwd 6021ms data 0ms clip 20ms optim 112ms step 6161ms mem 1493/3311MB
Checkpoint saved: checkpoints/step_141989
  Pruning old checkpoint: checkpoints/step_140851
step 141,990 | loss 2.0423 | lr 2.94e-04 | 1309 tok/s | fwd_bwd 5887ms data 1ms clip 20ms optim 111ms step 6028ms mem 1493/3311MB
step 142,000 | loss 3.0765 | lr 2.94e-04 | 1320 tok/s | fwd_bwd 6035ms data 1ms clip 20ms optim 112ms step 6181ms mem 1493/3311MB
  [eval] step 142000 | val_loss 3.2917 | ppl 26.89
Checkpoint saved: checkpoints/step_142000
  [samples] wrote checkpoints/step_142000/samples.txt
  Pruning old checkpoint: checkpoints/step_141000
step 142,010 | loss 2.2814 | lr 2.94e-04 | 567 tok/s | fwd_bwd 6026ms data 0ms clip 20ms optim 112ms step 6163ms mem 1493/3311MB
step 142,020 | loss 3.1719 | lr 2.94e-04 | 1325 tok/s | fwd_bwd 6012ms data 0ms clip 20ms optim 111ms step 6147ms mem 1493/3311MB
step 142,030 | loss 2.4003 | lr 2.94e-04 | 1328 tok/s | fwd_bwd 6014ms data 0ms clip 20ms optim 111ms step 6154ms mem 1493/3311MB
step 142,040 | loss 2.4550 | lr 2.94e-04 | 1324 tok/s | fwd_bwd 6027ms data 0ms clip 20ms optim 111ms step 6167ms mem 1493/3311MB
step 142,050 | loss 2.3457 | lr 2.94e-04 | 1321 tok/s | fwd_bwd 6074ms data 0ms clip 20ms optim 112ms step 6212ms mem 1493/3311MB
step 142,060 | loss 2.8840 | lr 2.94e-04 | 1321 tok/s | fwd_bwd 6041ms data 0ms clip 20ms optim 112ms step 6181ms mem 1493/3311MB
step 142,070 | loss 2.6545 | lr 2.94e-04 | 1325 tok/s | fwd_bwd 5933ms data 1ms clip 20ms optim 112ms step 6082ms mem 1493/3311MB
step 142,080 | loss 1.6886 | lr 2.94e-04 | 1329 tok/s | fwd_bwd 6000ms data 1ms clip 20ms optim 111ms step 6143ms mem 1493/3311MB
step 142,090 | loss 1.8714 | lr 2.94e-04 | 1327 tok/s | fwd_bwd 6016ms data 0ms clip 20ms optim 112ms step 6157ms mem 1493/3311MB
step 142,100 | loss 2.9917 | lr 2.94e-04 | 1327 tok/s | fwd_bwd 6006ms data 0ms clip 20ms optim 112ms step 6148ms mem 1493/3311MB
step 142,110 | loss 3.2557 | lr 2.94e-04 | 1327 tok/s | fwd_bwd 6015ms data 0ms clip 20ms optim 112ms step 6156ms mem 1452/3311MB
step 142,120 | loss 4.5531 | lr 2.94e-04 | 1328 tok/s | fwd_bwd 5992ms data 1ms clip 20ms optim 112ms step 6135ms mem 1452/3311MB
step 142,130 | loss 2.0902 | lr 2.94e-04 | 1330 tok/s | fwd_bwd 6039ms data 1ms clip 24ms optim 120ms step 6201ms mem 1493/3311MB
step 142,140 | loss 2.6136 | lr 2.94e-04 | 1334 tok/s | fwd_bwd 5984ms data 0ms clip 20ms optim 112ms step 6126ms mem 1493/3311MB
step 142,150 | loss 3.7160 | lr 2.94e-04 | 1333 tok/s | fwd_bwd 5976ms data 1ms clip 20ms optim 112ms step 6118ms mem 1452/3311MB
step 142,160 | loss 1.5463 | lr 2.94e-04 | 1333 tok/s | fwd_bwd 5984ms data 0ms clip 20ms optim 112ms step 6124ms mem 1493/3311MB
step 142,170 | loss 2.1044 | lr 2.94e-04 | 1334 tok/s | fwd_bwd 5975ms data 0ms clip 20ms optim 112ms step 6112ms mem 1493/3311MB
step 142,180 | loss 3.0827 | lr 2.94e-04 | 1334 tok/s | fwd_bwd 5987ms data 0ms clip 20ms optim 111ms step 6125ms mem 1493/3311MB
step 142,190 | loss 2.9321 | lr 2.94e-04 | 1331 tok/s | fwd_bwd 5989ms data 0ms clip 20ms optim 112ms step 6126ms mem 1493/3311MB
step 142,200 | loss 3.4903 | lr 2.94e-04 | 1336 tok/s | fwd_bwd 5972ms data 1ms clip 20ms optim 111ms step 6118ms mem 1493/3311MB
step 142,210 | loss 2.5137 | lr 2.94e-04 | 1334 tok/s | fwd_bwd 5973ms data 0ms clip 20ms optim 112ms step 6113ms mem 1493/3311MB
step 142,220 | loss 3.3519 | lr 2.94e-04 | 1331 tok/s | fwd_bwd 5999ms data 1ms clip 20ms optim 111ms step 6145ms mem 1493/3311MB
step 142,230 | loss 4.0587 | lr 2.93e-04 | 1329 tok/s | fwd_bwd 6008ms data 0ms clip 20ms optim 111ms step 6148ms mem 1493/3311MB
step 142,240 | loss 3.1437 | lr 2.93e-04 | 1331 tok/s | fwd_bwd 5990ms data 0ms clip 20ms optim 111ms step 6128ms mem 1493/3311MB
step 142,250 | loss 2.9629 | lr 2.93e-04 | 1330 tok/s | fwd_bwd 6017ms data 0ms clip 20ms optim 111ms step 6153ms mem 1493/3311MB
step 142,260 | loss 3.4699 | lr 2.93e-04 | 1330 tok/s | fwd_bwd 5999ms data 0ms clip 20ms optim 112ms step 6139ms mem 1493/3311MB
step 142,270 | loss 1.8446 | lr 2.93e-04 | 1330 tok/s | fwd_bwd 6004ms data 1ms clip 20ms optim 111ms step 6154ms mem 1493/3311MB
step 142,280 | loss 1.8245 | lr 2.93e-04 | 1332 tok/s | fwd_bwd 5981ms data 0ms clip 20ms optim 112ms step 6125ms mem 1451/3311MB
step 142,290 | loss 1.9461 | lr 2.93e-04 | 1330 tok/s | fwd_bwd 5995ms data 1ms clip 20ms optim 111ms step 6137ms mem 1493/3311MB
step 142,300 | loss 3.5329 | lr 2.93e-04 | 1325 tok/s | fwd_bwd 6000ms data 0ms clip 20ms optim 112ms step 6140ms mem 1493/3311MB
step 142,310 | loss 3.1689 | lr 2.93e-04 | 1333 tok/s | fwd_bwd 5988ms data 0ms clip 20ms optim 111ms step 6125ms mem 1493/3311MB
step 142,320 | loss 3.2610 | lr 2.93e-04 | 1336 tok/s | fwd_bwd 5976ms data 0ms clip 20ms optim 111ms step 6113ms mem 1493/3311MB
step 142,330 | loss 3.4020 | lr 2.93e-04 | 1334 tok/s | fwd_bwd 5977ms data 0ms clip 20ms optim 112ms step 6118ms mem 1493/3311MB
step 142,340 | loss 3.8568 | lr 2.93e-04 | 1336 tok/s | fwd_bwd 5981ms data 0ms clip 20ms optim 112ms step 6117ms mem 1493/3311MB
step 142,350 | loss 3.0886 | lr 2.93e-04 | 1334 tok/s | fwd_bwd 6000ms data 0ms clip 20ms optim 112ms step 6135ms mem 1493/3311MB
step 142,360 | loss 3.5752 | lr 2.93e-04 | 1334 tok/s | fwd_bwd 5981ms data 0ms clip 20ms optim 111ms step 6119ms mem 1452/3311MB
step 142,370 | loss 2.1328 | lr 2.93e-04 | 1328 tok/s | fwd_bwd 5990ms data 0ms clip 20ms optim 112ms step 6128ms mem 1493/3311MB
step 142,380 | loss 1.3989 | lr 2.93e-04 | 1334 tok/s | fwd_bwd 5979ms data 0ms clip 20ms optim 112ms step 6116ms mem 1493/3311MB
step 142,390 | loss 2.2647 | lr 2.93e-04 | 1330 tok/s | fwd_bwd 5988ms data 0ms clip 20ms optim 111ms step 6123ms mem 1493/3311MB
step 142,400 | loss 2.1682 | lr 2.93e-04 | 1331 tok/s | fwd_bwd 6005ms data 0ms clip 20ms optim 112ms step 6143ms mem 1493/3311MB
step 142,410 | loss 3.7395 | lr 2.93e-04 | 1332 tok/s | fwd_bwd 5988ms data 0ms clip 20ms optim 112ms step 6124ms mem 1493/3311MB
step 142,420 | loss 2.6397 | lr 2.93e-04 | 1329 tok/s | fwd_bwd 6018ms data 0ms clip 20ms optim 111ms step 6156ms mem 1493/3311MB
step 142,430 | loss 3.5313 | lr 2.93e-04 | 1328 tok/s | fwd_bwd 6012ms data 0ms clip 20ms optim 111ms step 6153ms mem 1493/3311MB
step 142,440 | loss 3.4570 | lr 2.93e-04 | 1328 tok/s | fwd_bwd 5922ms data 0ms clip 20ms optim 111ms step 6063ms mem 1493/3311MB
step 142,450 | loss 4.0120 | lr 2.93e-04 | 1327 tok/s | fwd_bwd 6023ms data 0ms clip 20ms optim 112ms step 6163ms mem 1493/3311MB
step 142,460 | loss 1.7631 | lr 2.93e-04 | 1326 tok/s | fwd_bwd 6013ms data 0ms clip 20ms optim 112ms step 6152ms mem 1452/3311MB
step 142,470 | loss 3.5587 | lr 2.93e-04 | 1330 tok/s | fwd_bwd 5990ms data 0ms clip 20ms optim 111ms step 6127ms mem 1452/3311MB
step 142,480 | loss 3.3256 | lr 2.93e-04 | 1330 tok/s | fwd_bwd 5933ms data 1ms clip 20ms optim 111ms step 6076ms mem 1452/3311MB
step 142,490 | loss 3.0230 | lr 2.93e-04 | 1328 tok/s | fwd_bwd 6014ms data 0ms clip 20ms optim 113ms step 6151ms mem 1493/3311MB
step 142,500 | loss 2.8263 | lr 2.93e-04 | 1329 tok/s | fwd_bwd 6011ms data 1ms clip 20ms optim 111ms step 6158ms mem 1493/3311MB
  [eval] step 142500 | val_loss 3.2282 | ppl 25.23
step 142,510 | loss 0.0300 | lr 2.93e-04 | 748 tok/s | fwd_bwd 5987ms data 0ms clip 20ms optim 112ms step 6129ms mem 1493/3311MB
step 142,520 | loss 2.5916 | lr 2.93e-04 | 1327 tok/s | fwd_bwd 6010ms data 0ms clip 20ms optim 112ms step 6148ms mem 1493/3311MB
step 142,530 | loss 2.1106 | lr 2.93e-04 | 1330 tok/s | fwd_bwd 6016ms data 0ms clip 20ms optim 112ms step 6152ms mem 1452/3311MB
step 142,540 | loss 2.8613 | lr 2.93e-04 | 1325 tok/s | fwd_bwd 5961ms data 0ms clip 20ms optim 111ms step 6102ms mem 1452/3311MB
step 142,550 | loss 3.6395 | lr 2.93e-04 | 1313 tok/s | fwd_bwd 6047ms data 0ms clip 20ms optim 112ms step 6187ms mem 1493/3311MB
Checkpoint saved: checkpoints/step_142552
  Pruning old checkpoint: checkpoints/step_141417
step 142,560 | loss 3.8215 | lr 2.93e-04 | 1311 tok/s | fwd_bwd 6030ms data 0ms clip 20ms optim 112ms step 6165ms mem 1452/3311MB
step 142,570 | loss 3.4620 | lr 2.93e-04 | 1325 tok/s | fwd_bwd 6018ms data 0ms clip 20ms optim 112ms step 6158ms mem 1452/3311MB
step 142,580 | loss 3.1254 | lr 2.93e-04 | 1327 tok/s | fwd_bwd 6024ms data 0ms clip 20ms optim 112ms step 6161ms mem 1493/3311MB
step 142,590 | loss 2.0731 | lr 2.93e-04 | 1324 tok/s | fwd_bwd 6081ms data 1ms clip 24ms optim 120ms step 6244ms mem 1493/3311MB
step 142,600 | loss 2.3040 | lr 2.93e-04 | 1331 tok/s | fwd_bwd 6006ms data 0ms clip 20ms optim 112ms step 6146ms mem 1493/3311MB
step 142,610 | loss 2.2728 | lr 2.93e-04 | 1327 tok/s | fwd_bwd 6014ms data 1ms clip 20ms optim 111ms step 6160ms mem 1493/3311MB
step 142,620 | loss 2.2190 | lr 2.93e-04 | 1327 tok/s | fwd_bwd 5938ms data 0ms clip 20ms optim 112ms step 6075ms mem 1493/3311MB
step 142,630 | loss 3.3836 | lr 2.93e-04 | 1328 tok/s | fwd_bwd 6021ms data 0ms clip 20ms optim 111ms step 6163ms mem 1493/3311MB
step 142,640 | loss 3.2786 | lr 2.93e-04 | 1322 tok/s | fwd_bwd 6037ms data 0ms clip 20ms optim 112ms step 6172ms mem 1493/3311MB
step 142,650 | loss 3.7826 | lr 2.93e-04 | 1321 tok/s | fwd_bwd 6047ms data 0ms clip 20ms optim 112ms step 6184ms mem 1493/3311MB
step 142,660 | loss 2.9251 | lr 2.93e-04 | 1326 tok/s | fwd_bwd 6010ms data 1ms clip 20ms optim 112ms step 6157ms mem 1493/3311MB
step 142,670 | loss 2.8495 | lr 2.93e-04 | 1330 tok/s | fwd_bwd 5993ms data 0ms clip 20ms optim 112ms step 6131ms mem 1493/3311MB
step 142,680 | loss 2.0472 | lr 2.93e-04 | 1327 tok/s | fwd_bwd 6024ms data 0ms clip 20ms optim 111ms step 6163ms mem 1493/3311MB
step 142,690 | loss 2.7382 | lr 2.93e-04 | 1321 tok/s | fwd_bwd 6056ms data 0ms clip 20ms optim 112ms step 6194ms mem 1493/3311MB
step 142,700 | loss 0.3096 | lr 2.93e-04 | 1321 tok/s | fwd_bwd 6034ms data 0ms clip 20ms optim 112ms step 6173ms mem 1493/3311MB
step 142,710 | loss 0.2960 | lr 2.93e-04 | 1321 tok/s | fwd_bwd 6054ms data 0ms clip 20ms optim 111ms step 6192ms mem 1493/3311MB
step 142,720 | loss 3.6335 | lr 2.93e-04 | 1318 tok/s | fwd_bwd 6095ms data 1ms clip 20ms optim 112ms step 6244ms mem 1493/3311MB
step 142,730 | loss 1.9838 | lr 2.93e-04 | 1323 tok/s | fwd_bwd 6044ms data 0ms clip 20ms optim 111ms step 6179ms mem 1493/3311MB
step 142,740 | loss 3.2314 | lr 2.93e-04 | 1321 tok/s | fwd_bwd 6037ms data 0ms clip 20ms optim 111ms step 6177ms mem 1493/3311MB
step 142,750 | loss 2.6305 | lr 2.93e-04 | 1320 tok/s | fwd_bwd 6052ms data 0ms clip 20ms optim 113ms step 6194ms mem 1493/3311MB
step 142,760 | loss 3.7492 | lr 2.93e-04 | 1320 tok/s | fwd_bwd 6049ms data 0ms clip 20ms optim 112ms step 6191ms mem 1493/3311MB
step 142,770 | loss 3.0437 | lr 2.93e-04 | 1317 tok/s | fwd_bwd 6061ms data 0ms clip 20ms optim 112ms step 6199ms mem 1452/3311MB
step 142,780 | loss 2.8257 | lr 2.93e-04 | 1318 tok/s | fwd_bwd 5954ms data 1ms clip 21ms optim 112ms step 6096ms mem 1493/3311MB
step 142,790 | loss 2.9268 | lr 2.93e-04 | 1328 tok/s | fwd_bwd 5996ms data 0ms clip 20ms optim 112ms step 6133ms mem 1493/3311MB
step 142,800 | loss 3.0607 | lr 2.93e-04 | 1337 tok/s | fwd_bwd 5932ms data 0ms clip 20ms optim 112ms step 6074ms mem 1493/3311MB
step 142,810 | loss 4.1950 | lr 2.93e-04 | 1344 tok/s | fwd_bwd 5935ms data 0ms clip 20ms optim 112ms step 6073ms mem 1493/3311MB
step 142,820 | loss 3.0902 | lr 2.93e-04 | 1344 tok/s | fwd_bwd 5965ms data 1ms clip 20ms optim 112ms step 6113ms mem 1493/3311MB
step 142,830 | loss 2.5573 | lr 2.93e-04 | 1341 tok/s | fwd_bwd 5967ms data 0ms clip 20ms optim 112ms step 6107ms mem 1452/3311MB
step 142,840 | loss 3.1252 | lr 2.93e-04 | 1341 tok/s | fwd_bwd 5945ms data 0ms clip 20ms optim 112ms step 6085ms mem 1493/3311MB
step 142,850 | loss 3.6911 | lr 2.93e-04 | 1345 tok/s | fwd_bwd 5934ms data 0ms clip 20ms optim 112ms step 6073ms mem 1493/3311MB
step 142,860 | loss 2.9723 | lr 2.93e-04 | 1346 tok/s | fwd_bwd 5929ms data 0ms clip 20ms optim 112ms step 6064ms mem 1452/3311MB
step 142,870 | loss 3.2771 | lr 2.93e-04 | 1350 tok/s | fwd_bwd 5906ms data 0ms clip 20ms optim 112ms step 6042ms mem 1493/3311MB
step 142,880 | loss 2.7444 | lr 2.93e-04 | 1346 tok/s | fwd_bwd 5913ms data 0ms clip 20ms optim 112ms step 6050ms mem 1493/3311MB
step 142,890 | loss 3.0004 | lr 2.93e-04 | 1345 tok/s | fwd_bwd 5902ms data 0ms clip 20ms optim 112ms step 6042ms mem 1452/3311MB
step 142,900 | loss 3.0950 | lr 2.93e-04 | 1351 tok/s | fwd_bwd 5904ms data 0ms clip 20ms optim 112ms step 6044ms mem 1493/3311MB
step 142,910 | loss 3.1494 | lr 2.93e-04 | 1349 tok/s | fwd_bwd 5930ms data 0ms clip 20ms optim 111ms step 6067ms mem 1493/3311MB
step 142,920 | loss 1.7268 | lr 2.93e-04 | 1344 tok/s | fwd_bwd 5951ms data 0ms clip 20ms optim 111ms step 6089ms mem 1493/3311MB
step 142,930 | loss 3.8879 | lr 2.93e-04 | 1338 tok/s | fwd_bwd 5971ms data 1ms clip 20ms optim 112ms step 6115ms mem 1493/3311MB
step 142,940 | loss 1.0982 | lr 2.93e-04 | 1338 tok/s | fwd_bwd 6008ms data 1ms clip 23ms optim 120ms step 6169ms mem 1493/3311MB
step 142,950 | loss 0.7928 | lr 2.93e-04 | 1343 tok/s | fwd_bwd 5947ms data 0ms clip 20ms optim 111ms step 6087ms mem 1452/3311MB
step 142,960 | loss 2.0615 | lr 2.93e-04 | 1336 tok/s | fwd_bwd 6243ms data 0ms clip 20ms optim 111ms step 6382ms mem 1470/3311MB
step 142,970 | loss 3.5590 | lr 2.93e-04 | 1345 tok/s | fwd_bwd 5922ms data 1ms clip 20ms optim 112ms step 6072ms mem 1452/3311MB
step 142,980 | loss 3.5069 | lr 2.93e-04 | 1349 tok/s | fwd_bwd 5920ms data 0ms clip 20ms optim 112ms step 6058ms mem 1493/3311MB
step 142,990 | loss 2.3583 | lr 2.93e-04 | 1353 tok/s | fwd_bwd 5935ms data 1ms clip 23ms optim 120ms step 6098ms mem 1493/3311MB
step 143,000 | loss 2.2301 | lr 2.93e-04 | 1357 tok/s | fwd_bwd 5870ms data 0ms clip 20ms optim 112ms step 6009ms mem 1493/3311MB
  [eval] step 143000 | val_loss 3.2909 | ppl 26.87
Checkpoint saved: checkpoints/step_143000
  [samples] wrote checkpoints/step_143000/samples.txt
  Pruning old checkpoint: checkpoints/step_141989
step 143,010 | loss 1.7550 | lr 2.93e-04 | 582 tok/s | fwd_bwd 5772ms data 1ms clip 20ms optim 112ms step 5915ms mem 1493/3311MB
step 143,020 | loss 4.4468 | lr 2.93e-04 | 1368 tok/s | fwd_bwd 5827ms data 0ms clip 20ms optim 112ms step 5965ms mem 1493/3311MB
step 143,030 | loss 2.2195 | lr 2.93e-04 | 1362 tok/s | fwd_bwd 5787ms data 1ms clip 20ms optim 112ms step 5934ms mem 1493/3311MB
step 143,040 | loss 2.7802 | lr 2.93e-04 | 1355 tok/s | fwd_bwd 5894ms data 1ms clip 20ms optim 112ms step 6034ms mem 1493/3311MB
step 143,050 | loss 2.3847 | lr 2.93e-04 | 1358 tok/s | fwd_bwd 5826ms data 1ms clip 20ms optim 112ms step 5965ms mem 1493/3311MB
step 143,060 | loss 2.8826 | lr 2.93e-04 | 1360 tok/s | fwd_bwd 5832ms data 1ms clip 20ms optim 112ms step 5979ms mem 1493/3311MB
step 143,070 | loss 3.4450 | lr 2.93e-04 | 1361 tok/s | fwd_bwd 5858ms data 1ms clip 20ms optim 112ms step 5999ms mem 1493/3311MB
step 143,080 | loss 3.3815 | lr 2.93e-04 | 1359 tok/s | fwd_bwd 5844ms data 1ms clip 20ms optim 112ms step 5984ms mem 1492/3311MB
step 143,090 | loss 3.4584 | lr 2.93e-04 | 1361 tok/s | fwd_bwd 5838ms data 1ms clip 20ms optim 111ms step 5980ms mem 1493/3311MB
step 143,100 | loss 1.9154 | lr 2.93e-04 | 1359 tok/s | fwd_bwd 5859ms data 1ms clip 20ms optim 112ms step 6000ms mem 1493/3311MB
step 143,110 | loss 3.4001 | lr 2.93e-04 | 1356 tok/s | fwd_bwd 5873ms data 0ms clip 20ms optim 111ms step 6012ms mem 1493/3311MB
step 143,120 | loss 3.2023 | lr 2.93e-04 | 1131 tok/s | fwd_bwd 7926ms data 1ms clip 21ms optim 117ms step 8075ms mem 1493/3311MB
Checkpoint saved: checkpoints/step_143126
  Pruning old checkpoint: checkpoints/step_142000
step 143,130 | loss 2.9883 | lr 2.93e-04 | 1294 tok/s | fwd_bwd 5976ms data 1ms clip 20ms optim 112ms step 6119ms mem 1493/3311MB
step 143,140 | loss 2.3126 | lr 2.93e-04 | 1341 tok/s | fwd_bwd 5844ms data 0ms clip 20ms optim 113ms step 5985ms mem 1452/3311MB
step 143,150 | loss 4.0891 | lr 2.93e-04 | 1352 tok/s | fwd_bwd 5888ms data 0ms clip 20ms optim 112ms step 6030ms mem 1493/3311MB
step 143,160 | loss 3.5038 | lr 2.93e-04 | 1348 tok/s | fwd_bwd 6032ms data 0ms clip 20ms optim 111ms step 6168ms mem 1493/3311MB
step 143,170 | loss 2.0305 | lr 2.93e-04 | 1354 tok/s | fwd_bwd 5858ms data 1ms clip 23ms optim 120ms step 6021ms mem 1493/3311MB
step 143,180 | loss 2.3158 | lr 2.93e-04 | 1358 tok/s | fwd_bwd 5832ms data 1ms clip 23ms optim 120ms step 5993ms mem 1493/3311MB
step 143,190 | loss 3.7872 | lr 2.93e-04 | 1360 tok/s | fwd_bwd 5890ms data 0ms clip 20ms optim 111ms step 6027ms mem 1493/3311MB
step 143,200 | loss 3.4707 | lr 2.93e-04 | 1353 tok/s | fwd_bwd 5944ms data 1ms clip 23ms optim 119ms step 6104ms mem 1493/3311MB
step 143,210 | loss 3.0616 | lr 2.93e-04 | 1353 tok/s | fwd_bwd 5911ms data 0ms clip 20ms optim 111ms step 6052ms mem 1493/3311MB
step 143,220 | loss 3.4203 | lr 2.93e-04 | 1350 tok/s | fwd_bwd 5911ms data 0ms clip 20ms optim 111ms step 6048ms mem 1493/3311MB
step 143,230 | loss 2.9265 | lr 2.93e-04 | 1353 tok/s | fwd_bwd 5878ms data 0ms clip 20ms optim 113ms step 6021ms mem 1452/3311MB
step 143,240 | loss 2.9432 | lr 2.93e-04 | 1350 tok/s | fwd_bwd 5906ms data 1ms clip 20ms optim 111ms step 6052ms mem 1493/3311MB
step 143,250 | loss 3.4469 | lr 2.93e-04 | 1347 tok/s | fwd_bwd 5940ms data 1ms clip 20ms optim 112ms step 6092ms mem 1493/3311MB
step 143,260 | loss 3.3496 | lr 2.93e-04 | 1354 tok/s | fwd_bwd 5880ms data 1ms clip 20ms optim 111ms step 6024ms mem 1493/3311MB
step 143,270 | loss 2.9298 | lr 2.93e-04 | 1355 tok/s | fwd_bwd 5894ms data 1ms clip 20ms optim 111ms step 6041ms mem 1452/3311MB
step 143,280 | loss 3.7841 | lr 2.93e-04 | 1348 tok/s | fwd_bwd 5985ms data 1ms clip 23ms optim 120ms step 6147ms mem 1493/3311MB
step 143,290 | loss 2.8582 | lr 2.93e-04 | 1348 tok/s | fwd_bwd 5979ms data 1ms clip 23ms optim 120ms step 6142ms mem 1493/3311MB
step 143,300 | loss 1.4828 | lr 2.93e-04 | 1351 tok/s | fwd_bwd 5929ms data 0ms clip 20ms optim 112ms step 6064ms mem 1493/3311MB
step 143,310 | loss 3.5032 | lr 2.93e-04 | 1349 tok/s | fwd_bwd 5915ms data 0ms clip 20ms optim 111ms step 6057ms mem 1493/3311MB
step 143,320 | loss 3.3010 | lr 2.93e-04 | 1349 tok/s | fwd_bwd 5934ms data 1ms clip 20ms optim 111ms step 6083ms mem 1493/3311MB
step 143,330 | loss 3.2403 | lr 2.93e-04 | 1348 tok/s | fwd_bwd 5877ms data 1ms clip 23ms optim 120ms step 6040ms mem 1493/3311MB
step 143,340 | loss 1.6569 | lr 2.93e-04 | 1355 tok/s | fwd_bwd 5856ms data 1ms clip 20ms optim 111ms step 6001ms mem 1451/3311MB
step 143,350 | loss 3.1995 | lr 2.93e-04 | 1355 tok/s | fwd_bwd 5819ms data 0ms clip 20ms optim 111ms step 5959ms mem 1452/3311MB
step 143,360 | loss 2.4226 | lr 2.93e-04 | 1352 tok/s | fwd_bwd 5917ms data 0ms clip 20ms optim 112ms step 6052ms mem 1451/3311MB
step 143,370 | loss 2.9919 | lr 2.93e-04 | 1349 tok/s | fwd_bwd 5871ms data 1ms clip 23ms optim 119ms step 6031ms mem 1493/3311MB
step 143,380 | loss 3.0365 | lr 2.93e-04 | 1351 tok/s | fwd_bwd 5822ms data 0ms clip 20ms optim 112ms step 5962ms mem 1452/3311MB
step 143,390 | loss 2.9865 | lr 2.93e-04 | 1352 tok/s | fwd_bwd 5897ms data 0ms clip 20ms optim 111ms step 6036ms mem 1470/3311MB
step 143,400 | loss 1.0973 | lr 2.93e-04 | 1352 tok/s | fwd_bwd 5880ms data 1ms clip 21ms optim 112ms step 6033ms mem 1493/3311MB
step 143,410 | loss 2.4467 | lr 2.93e-04 | 1355 tok/s | fwd_bwd 5824ms data 1ms clip 20ms optim 111ms step 5971ms mem 1493/3311MB
step 143,420 | loss 1.5656 | lr 2.93e-04 | 1355 tok/s | fwd_bwd 5885ms data 0ms clip 20ms optim 112ms step 6027ms mem 1451/3311MB
step 143,430 | loss 2.8984 | lr 2.93e-04 | 1353 tok/s | fwd_bwd 5908ms data 0ms clip 20ms optim 111ms step 6043ms mem 1452/3311MB
step 143,440 | loss 3.4020 | lr 2.93e-04 | 1353 tok/s | fwd_bwd 5920ms data 1ms clip 20ms optim 111ms step 6068ms mem 1493/3311MB
step 143,450 | loss 3.7429 | lr 2.93e-04 | 1353 tok/s | fwd_bwd 5935ms data 0ms clip 20ms optim 112ms step 6070ms mem 1493/3311MB
step 143,460 | loss 2.9706 | lr 2.93e-04 | 1344 tok/s | fwd_bwd 5928ms data 0ms clip 20ms optim 112ms step 6065ms mem 1452/3311MB
step 143,470 | loss 3.1790 | lr 2.93e-04 | 1350 tok/s | fwd_bwd 5892ms data 1ms clip 20ms optim 112ms step 6040ms mem 1452/3311MB
step 143,480 | loss 2.0882 | lr 2.93e-04 | 1353 tok/s | fwd_bwd 5879ms data 0ms clip 20ms optim 111ms step 6020ms mem 1493/3311MB
step 143,490 | loss 2.2482 | lr 2.93e-04 | 1354 tok/s | fwd_bwd 5812ms data 0ms clip 20ms optim 112ms step 5951ms mem 1493/3311MB
step 143,500 | loss 4.1903 | lr 2.93e-04 | 1356 tok/s | fwd_bwd 5800ms data 1ms clip 20ms optim 112ms step 5945ms mem 1493/3311MB
  [eval] step 143500 | val_loss 3.1523 | ppl 23.39
step 143,510 | loss 3.4459 | lr 2.93e-04 | 764 tok/s | fwd_bwd 5902ms data 0ms clip 20ms optim 111ms step 6040ms mem 1493/3311MB
step 143,520 | loss 2.6000 | lr 2.93e-04 | 1353 tok/s | fwd_bwd 5895ms data 1ms clip 20ms optim 111ms step 6041ms mem 1493/3311MB
step 143,530 | loss 3.9037 | lr 2.93e-04 | 1356 tok/s | fwd_bwd 5876ms data 0ms clip 20ms optim 111ms step 6017ms mem 1493/3311MB
step 143,540 | loss 2.8160 | lr 2.92e-04 | 1353 tok/s | fwd_bwd 5880ms data 0ms clip 20ms optim 112ms step 6020ms mem 1452/3311MB
step 143,550 | loss 3.4060 | lr 2.92e-04 | 1351 tok/s | fwd_bwd 5885ms data 0ms clip 20ms optim 112ms step 6020ms mem 1493/3311MB
step 143,560 | loss 3.9414 | lr 2.92e-04 | 1350 tok/s | fwd_bwd 5861ms data 0ms clip 20ms optim 112ms step 6001ms mem 1493/3311MB
step 143,570 | loss 3.4246 | lr 2.92e-04 | 1354 tok/s | fwd_bwd 5898ms data 0ms clip 20ms optim 111ms step 6038ms mem 1493/3311MB
step 143,580 | loss 3.6190 | lr 2.92e-04 | 1354 tok/s | fwd_bwd 5802ms data 1ms clip 20ms optim 112ms step 5945ms mem 1452/3311MB
step 143,590 | loss 1.5600 | lr 2.92e-04 | 1348 tok/s | fwd_bwd 5839ms data 1ms clip 20ms optim 111ms step 5984ms mem 1493/3311MB
step 143,600 | loss 2.2276 | lr 2.92e-04 | 1348 tok/s | fwd_bwd 5913ms data 0ms clip 20ms optim 111ms step 6053ms mem 1493/3311MB
step 143,610 | loss 2.6051 | lr 2.92e-04 | 1351 tok/s | fwd_bwd 5908ms data 0ms clip 20ms optim 111ms step 6047ms mem 1470/3311MB
step 143,620 | loss 3.7311 | lr 2.92e-04 | 1351 tok/s | fwd_bwd 5903ms data 0ms clip 20ms optim 111ms step 6045ms mem 1493/3311MB
step 143,630 | loss 2.5333 | lr 2.92e-04 | 1347 tok/s | fwd_bwd 5916ms data 0ms clip 20ms optim 112ms step 6057ms mem 1493/3311MB
step 143,640 | loss 2.1758 | lr 2.92e-04 | 1346 tok/s | fwd_bwd 5890ms data 0ms clip 20ms optim 112ms step 6025ms mem 1452/3311MB
step 143,650 | loss 3.4909 | lr 2.92e-04 | 1341 tok/s | fwd_bwd 6118ms data 0ms clip 21ms optim 112ms step 6257ms mem 1493/3311MB
step 143,660 | loss 3.3662 | lr 2.92e-04 | 1345 tok/s | fwd_bwd 5943ms data 1ms clip 20ms optim 112ms step 6092ms mem 1493/3311MB
step 143,670 | loss 2.4711 | lr 2.92e-04 | 1344 tok/s | fwd_bwd 5938ms data 0ms clip 20ms optim 112ms step 6079ms mem 1493/3311MB
step 143,680 | loss 1.7746 | lr 2.92e-04 | 1343 tok/s | fwd_bwd 5926ms data 0ms clip 20ms optim 112ms step 6069ms mem 1493/3311MB
step 143,690 | loss 3.3970 | lr 2.92e-04 | 1345 tok/s | fwd_bwd 5926ms data 0ms clip 20ms optim 112ms step 6068ms mem 1493/3311MB
step 143,700 | loss 1.7739 | lr 2.92e-04 | 1345 tok/s | fwd_bwd 5945ms data 0ms clip 20ms optim 112ms step 6083ms mem 1493/3311MB
step 143,710 | loss 2.0238 | lr 2.92e-04 | 1337 tok/s | fwd_bwd 5974ms data 0ms clip 20ms optim 112ms step 6109ms mem 1493/3311MB
Checkpoint saved: checkpoints/step_143712
  Pruning old checkpoint: checkpoints/step_142552
step 143,720 | loss 3.4187 | lr 2.92e-04 | 1332 tok/s | fwd_bwd 5948ms data 0ms clip 20ms optim 112ms step 6085ms mem 1493/3311MB
step 143,730 | loss 3.9863 | lr 2.92e-04 | 1343 tok/s | fwd_bwd 5924ms data 0ms clip 20ms optim 111ms step 6066ms mem 1452/3311MB
step 143,740 | loss 1.1542 | lr 2.92e-04 | 1349 tok/s | fwd_bwd 5904ms data 0ms clip 20ms optim 111ms step 6043ms mem 1493/3311MB
step 143,750 | loss 3.5197 | lr 2.92e-04 | 1351 tok/s | fwd_bwd 5900ms data 0ms clip 20ms optim 111ms step 6040ms mem 1493/3311MB
step 143,760 | loss 1.8826 | lr 2.92e-04 | 1351 tok/s | fwd_bwd 5893ms data 0ms clip 20ms optim 112ms step 6036ms mem 1493/3311MB
step 143,770 | loss 3.1025 | lr 2.92e-04 | 1346 tok/s | fwd_bwd 5956ms data 1ms clip 20ms optim 111ms step 6103ms mem 1493/3311MB
step 143,780 | loss 2.9634 | lr 2.92e-04 | 1348 tok/s | fwd_bwd 5909ms data 0ms clip 20ms optim 112ms step 6049ms mem 1452/3311MB
step 143,790 | loss 3.0403 | lr 2.92e-04 | 1348 tok/s | fwd_bwd 5925ms data 0ms clip 20ms optim 112ms step 6065ms mem 1493/3311MB
step 143,800 | loss 2.9597 | lr 2.92e-04 | 1345 tok/s | fwd_bwd 5956ms data 0ms clip 20ms optim 112ms step 6098ms mem 1493/3311MB
step 143,810 | loss 3.8990 | lr 2.92e-04 | 1346 tok/s | fwd_bwd 5917ms data 0ms clip 20ms optim 111ms step 6051ms mem 1452/3311MB
step 143,820 | loss 2.6787 | lr 2.92e-04 | 1350 tok/s | fwd_bwd 5897ms data 0ms clip 20ms optim 112ms step 6039ms mem 1493/3311MB
step 143,830 | loss 3.1219 | lr 2.92e-04 | 1348 tok/s | fwd_bwd 5932ms data 0ms clip 20ms optim 111ms step 6070ms mem 1493/3311MB
step 143,840 | loss 1.5660 | lr 2.92e-04 | 1350 tok/s | fwd_bwd 5922ms data 1ms clip 20ms optim 112ms step 6068ms mem 1493/3311MB
step 143,850 | loss 2.0109 | lr 2.92e-04 | 1351 tok/s | fwd_bwd 5902ms data 1ms clip 20ms optim 112ms step 6047ms mem 1493/3311MB
step 143,860 | loss 3.6624 | lr 2.92e-04 | 1350 tok/s | fwd_bwd 5918ms data 0ms clip 20ms optim 111ms step 6055ms mem 1493/3311MB
step 143,870 | loss 2.6932 | lr 2.92e-04 | 1349 tok/s | fwd_bwd 5912ms data 0ms clip 20ms optim 112ms step 6050ms mem 1493/3311MB
step 143,880 | loss 3.5185 | lr 2.92e-04 | 1348 tok/s | fwd_bwd 5935ms data 0ms clip 20ms optim 111ms step 6070ms mem 1493/3311MB
step 143,890 | loss 3.5328 | lr 2.92e-04 | 1346 tok/s | fwd_bwd 5933ms data 0ms clip 20ms optim 112ms step 6073ms mem 1452/3311MB
step 143,900 | loss 2.6477 | lr 2.92e-04 | 1350 tok/s | fwd_bwd 5922ms data 0ms clip 20ms optim 111ms step 6059ms mem 1493/3311MB
step 143,910 | loss 3.7689 | lr 2.92e-04 | 1351 tok/s | fwd_bwd 5913ms data 0ms clip 20ms optim 112ms step 6050ms mem 1452/3311MB
step 143,920 | loss 2.3642 | lr 2.92e-04 | 1349 tok/s | fwd_bwd 5928ms data 1ms clip 20ms optim 112ms step 6077ms mem 1493/3311MB
step 143,930 | loss 2.0950 | lr 2.92e-04 | 1349 tok/s | fwd_bwd 5911ms data 0ms clip 20ms optim 111ms step 6053ms mem 1493/3311MB
step 143,940 | loss 3.5098 | lr 2.92e-04 | 1350 tok/s | fwd_bwd 5946ms data 1ms clip 20ms optim 112ms step 6096ms mem 1493/3311MB
step 143,950 | loss 2.8685 | lr 2.92e-04 | 1348 tok/s | fwd_bwd 5926ms data 1ms clip 20ms optim 112ms step 6070ms mem 1493/3311MB
step 143,960 | loss 4.5142 | lr 2.92e-04 | 1344 tok/s | fwd_bwd 5916ms data 1ms clip 20ms optim 111ms step 6063ms mem 1493/3311MB
step 143,970 | loss 3.9343 | lr 2.92e-04 | 1350 tok/s | fwd_bwd 5910ms data 0ms clip 20ms optim 112ms step 6049ms mem 1493/3311MB
step 143,980 | loss 1.6209 | lr 2.92e-04 | 1351 tok/s | fwd_bwd 5909ms data 0ms clip 20ms optim 112ms step 6050ms mem 1493/3311MB
step 143,990 | loss 2.2044 | lr 2.92e-04 | 1349 tok/s | fwd_bwd 5934ms data 0ms clip 20ms optim 112ms step 6071ms mem 1493/3311MB
step 144,000 | loss 3.7522 | lr 2.92e-04 | 1349 tok/s | fwd_bwd 5920ms data 0ms clip 20ms optim 112ms step 6057ms mem 1452/3311MB
  [eval] step 144000 | val_loss 3.3196 | ppl 27.65
Checkpoint saved: checkpoints/step_144000
  [samples] wrote checkpoints/step_144000/samples.txt
  Pruning old checkpoint: checkpoints/step_143000
step 144,010 | loss 1.6915 | lr 2.92e-04 | 585 tok/s | fwd_bwd 5894ms data 1ms clip 20ms optim 111ms step 6041ms mem 1493/3311MB
step 144,020 | loss 3.4618 | lr 2.92e-04 | 1352 tok/s | fwd_bwd 5902ms data 0ms clip 20ms optim 111ms step 6040ms mem 1493/3311MB
step 144,030 | loss 2.6567 | lr 2.92e-04 | 1343 tok/s | fwd_bwd 5936ms data 0ms clip 20ms optim 113ms step 6075ms mem 1493/3311MB
step 144,040 | loss 1.8126 | lr 2.92e-04 | 1345 tok/s | fwd_bwd 5956ms data 1ms clip 23ms optim 123ms step 6122ms mem 1470/3311MB
step 144,050 | loss 1.5338 | lr 2.92e-04 | 1349 tok/s | fwd_bwd 5912ms data 1ms clip 20ms optim 111ms step 6059ms mem 1493/3311MB
step 144,060 | loss 2.6159 | lr 2.92e-04 | 1349 tok/s | fwd_bwd 5902ms data 0ms clip 20ms optim 112ms step 6042ms mem 1493/3311MB
step 144,070 | loss 2.4303 | lr 2.92e-04 | 1356 tok/s | fwd_bwd 5869ms data 0ms clip 20ms optim 111ms step 6008ms mem 1493/3311MB
step 144,080 | loss 1.7474 | lr 2.92e-04 | 1354 tok/s | fwd_bwd 5889ms data 1ms clip 20ms optim 112ms step 6031ms mem 1493/3311MB
step 144,090 | loss 2.7593 | lr 2.92e-04 | 1350 tok/s | fwd_bwd 5927ms data 0ms clip 20ms optim 111ms step 6064ms mem 1493/3311MB
step 144,100 | loss 2.9655 | lr 2.92e-04 | 1350 tok/s | fwd_bwd 5904ms data 1ms clip 20ms optim 111ms step 6047ms mem 1493/3311MB
step 144,110 | loss 0.0056 | lr 2.92e-04 | 1347 tok/s | fwd_bwd 5912ms data 1ms clip 20ms optim 111ms step 6059ms mem 1493/3311MB
step 144,120 | loss 2.2227 | lr 2.92e-04 | 1346 tok/s | fwd_bwd 5904ms data 0ms clip 20ms optim 112ms step 6044ms mem 1482/3311MB
step 144,130 | loss 3.1504 | lr 2.92e-04 | 1347 tok/s | fwd_bwd 5958ms data 1ms clip 20ms optim 111ms step 6108ms mem 1493/3311MB
step 144,140 | loss 2.9918 | lr 2.92e-04 | 1347 tok/s | fwd_bwd 5922ms data 0ms clip 20ms optim 111ms step 6060ms mem 1493/3311MB
step 144,150 | loss 1.8143 | lr 2.92e-04 | 1345 tok/s | fwd_bwd 5904ms data 1ms clip 20ms optim 111ms step 6047ms mem 1493/3311MB
step 144,160 | loss 1.9987 | lr 2.92e-04 | 1348 tok/s | fwd_bwd 5872ms data 0ms clip 20ms optim 111ms step 6008ms mem 1452/3311MB
step 144,170 | loss 2.8886 | lr 2.92e-04 | 1343 tok/s | fwd_bwd 5839ms data 0ms clip 20ms optim 111ms step 5976ms mem 1493/3311MB
step 144,180 | loss 3.1085 | lr 2.92e-04 | 1349 tok/s | fwd_bwd 5825ms data 0ms clip 20ms optim 112ms step 5963ms mem 1493/3311MB
step 144,190 | loss 2.3625 | lr 2.92e-04 | 1349 tok/s | fwd_bwd 5921ms data 0ms clip 20ms optim 111ms step 6058ms mem 1493/3311MB
step 144,200 | loss 1.6139 | lr 2.92e-04 | 1347 tok/s | fwd_bwd 5890ms data 0ms clip 20ms optim 112ms step 6030ms mem 1493/3311MB
step 144,210 | loss 3.9428 | lr 2.92e-04 | 1346 tok/s | fwd_bwd 5932ms data 0ms clip 20ms optim 112ms step 6068ms mem 1493/3311MB
step 144,220 | loss 1.8451 | lr 2.92e-04 | 1342 tok/s | fwd_bwd 5942ms data 0ms clip 20ms optim 111ms step 6080ms mem 1493/3311MB
step 144,230 | loss 1.8498 | lr 2.92e-04 | 1345 tok/s | fwd_bwd 5921ms data 0ms clip 20ms optim 112ms step 6061ms mem 1493/3311MB
step 144,240 | loss 1.6688 | lr 2.92e-04 | 1347 tok/s | fwd_bwd 5934ms data 0ms clip 20ms optim 111ms step 6070ms mem 1493/3311MB
step 144,250 | loss 2.0299 | lr 2.92e-04 | 1345 tok/s | fwd_bwd 5926ms data 1ms clip 20ms optim 112ms step 6071ms mem 1493/3311MB
step 144,260 | loss 1.2475 | lr 2.92e-04 | 1341 tok/s | fwd_bwd 5947ms data 1ms clip 20ms optim 111ms step 6094ms mem 1493/3311MB
step 144,270 | loss 2.4523 | lr 2.92e-04 | 1339 tok/s | fwd_bwd 6011ms data 1ms clip 23ms optim 123ms step 6177ms mem 1493/3311MB
step 144,280 | loss 3.5803 | lr 2.92e-04 | 1343 tok/s | fwd_bwd 5947ms data 0ms clip 20ms optim 111ms step 6084ms mem 1493/3311MB
step 144,290 | loss 3.4985 | lr 2.92e-04 | 1333 tok/s | fwd_bwd 5977ms data 0ms clip 20ms optim 111ms step 6119ms mem 1493/3311MB
Checkpoint saved: checkpoints/step_144292
  Pruning old checkpoint: checkpoints/step_143126
step 144,300 | loss 4.0728 | lr 2.92e-04 | 1324 tok/s | fwd_bwd 5971ms data 0ms clip 20ms optim 112ms step 6114ms mem 1452/3311MB
step 144,310 | loss 4.0701 | lr 2.92e-04 | 1328 tok/s | fwd_bwd 5991ms data 0ms clip 20ms optim 112ms step 6129ms mem 1493/3311MB
step 144,320 | loss 1.6497 | lr 2.92e-04 | 1334 tok/s | fwd_bwd 6009ms data 0ms clip 20ms optim 113ms step 6147ms mem 1493/3311MB
step 144,330 | loss 3.4220 | lr 2.92e-04 | 1333 tok/s | fwd_bwd 5980ms data 0ms clip 20ms optim 111ms step 6119ms mem 1493/3311MB
step 144,340 | loss 2.4198 | lr 2.92e-04 | 1336 tok/s | fwd_bwd 5960ms data 0ms clip 20ms optim 112ms step 6103ms mem 1493/3311MB
step 144,350 | loss 1.6971 | lr 2.92e-04 | 1340 tok/s | fwd_bwd 5967ms data 0ms clip 20ms optim 111ms step 6104ms mem 1493/3311MB
step 144,360 | loss 3.6433 | lr 2.92e-04 | 1340 tok/s | fwd_bwd 5934ms data 1ms clip 20ms optim 112ms step 6079ms mem 1493/3311MB
step 144,370 | loss 1.3978 | lr 2.92e-04 | 1329 tok/s | fwd_bwd 5975ms data 0ms clip 20ms optim 112ms step 6111ms mem 1493/3311MB
step 144,380 | loss 3.6522 | lr 2.92e-04 | 1336 tok/s | fwd_bwd 5974ms data 0ms clip 20ms optim 112ms step 6115ms mem 1493/3311MB
step 144,390 | loss 3.7380 | lr 2.92e-04 | 1337 tok/s | fwd_bwd 6002ms data 1ms clip 20ms optim 112ms step 6154ms mem 1493/3311MB
step 144,400 | loss 3.0921 | lr 2.92e-04 | 1341 tok/s | fwd_bwd 5973ms data 0ms clip 20ms optim 112ms step 6115ms mem 1452/3311MB
step 144,410 | loss 3.2770 | lr 2.92e-04 | 1335 tok/s | fwd_bwd 5978ms data 0ms clip 20ms optim 112ms step 6115ms mem 1451/3311MB
step 144,420 | loss 2.1188 | lr 2.92e-04 | 1335 tok/s | fwd_bwd 5980ms data 0ms clip 20ms optim 111ms step 6115ms mem 1452/3311MB
step 144,430 | loss 1.2338 | lr 2.92e-04 | 1335 tok/s | fwd_bwd 5980ms data 0ms clip 20ms optim 112ms step 6120ms mem 1493/3311MB
step 144,440 | loss 0.9177 | lr 2.92e-04 | 1338 tok/s | fwd_bwd 5951ms data 0ms clip 20ms optim 112ms step 6093ms mem 1493/3311MB
step 144,450 | loss 3.7392 | lr 2.92e-04 | 1339 tok/s | fwd_bwd 5955ms data 0ms clip 20ms optim 112ms step 6097ms mem 1493/3311MB
step 144,460 | loss 4.2098 | lr 2.92e-04 | 1338 tok/s | fwd_bwd 5951ms data 1ms clip 20ms optim 112ms step 6096ms mem 1452/3311MB
step 144,470 | loss 3.9873 | lr 2.92e-04 | 1338 tok/s | fwd_bwd 5955ms data 0ms clip 20ms optim 111ms step 6098ms mem 1452/3311MB
step 144,480 | loss 0.9960 | lr 2.92e-04 | 1336 tok/s | fwd_bwd 5979ms data 0ms clip 20ms optim 112ms step 6119ms mem 1493/3311MB
step 144,490 | loss 3.0210 | lr 2.92e-04 | 1336 tok/s | fwd_bwd 5904ms data 0ms clip 20ms optim 112ms step 6042ms mem 1493/3311MB
step 144,500 | loss 2.5075 | lr 2.92e-04 | 1334 tok/s | fwd_bwd 5974ms data 0ms clip 20ms optim 111ms step 6114ms mem 1493/3311MB
  [eval] step 144500 | val_loss 3.2416 | ppl 25.57
step 144,510 | loss 3.3636 | lr 2.92e-04 | 754 tok/s | fwd_bwd 5974ms data 0ms clip 20ms optim 111ms step 6116ms mem 1493/3311MB
step 144,520 | loss 3.5729 | lr 2.92e-04 | 1338 tok/s | fwd_bwd 5977ms data 0ms clip 20ms optim 112ms step 6112ms mem 1493/3311MB
step 144,530 | loss 3.2989 | lr 2.92e-04 | 1332 tok/s | fwd_bwd 6014ms data 1ms clip 20ms optim 112ms step 6162ms mem 1493/3311MB
step 144,540 | loss 3.6608 | lr 2.92e-04 | 1339 tok/s | fwd_bwd 5947ms data 0ms clip 20ms optim 112ms step 6089ms mem 1493/3311MB
step 144,550 | loss 3.2544 | lr 2.92e-04 | 1340 tok/s | fwd_bwd 5965ms data 1ms clip 20ms optim 112ms step 6110ms mem 1493/3311MB
step 144,560 | loss 3.2355 | lr 2.92e-04 | 1336 tok/s | fwd_bwd 5991ms data 0ms clip 20ms optim 112ms step 6129ms mem 1493/3311MB
step 144,570 | loss 3.1566 | lr 2.92e-04 | 1337 tok/s | fwd_bwd 5975ms data 0ms clip 20ms optim 112ms step 6115ms mem 1452/3311MB
step 144,580 | loss 3.3388 | lr 2.92e-04 | 1338 tok/s | fwd_bwd 5959ms data 0ms clip 20ms optim 112ms step 6095ms mem 1493/3311MB
step 144,590 | loss 2.8274 | lr 2.92e-04 | 1340 tok/s | fwd_bwd 5961ms data 0ms clip 20ms optim 112ms step 6101ms mem 1493/3311MB
step 144,600 | loss 3.5342 | lr 2.92e-04 | 1341 tok/s | fwd_bwd 5944ms data 1ms clip 20ms optim 111ms step 6088ms mem 1493/3311MB
step 144,610 | loss 3.0957 | lr 2.92e-04 | 1331 tok/s | fwd_bwd 5984ms data 1ms clip 20ms optim 112ms step 6128ms mem 1493/3311MB
step 144,620 | loss 3.5016 | lr 2.92e-04 | 1335 tok/s | fwd_bwd 5975ms data 0ms clip 20ms optim 111ms step 6114ms mem 1493/3311MB
step 144,630 | loss 2.6304 | lr 2.92e-04 | 1341 tok/s | fwd_bwd 5960ms data 0ms clip 20ms optim 112ms step 6098ms mem 1493/3311MB
step 144,640 | loss 2.9003 | lr 2.92e-04 | 1340 tok/s | fwd_bwd 5969ms data 0ms clip 20ms optim 112ms step 6104ms mem 1493/3311MB
step 144,650 | loss 2.8760 | lr 2.92e-04 | 1337 tok/s | fwd_bwd 5967ms data 0ms clip 20ms optim 112ms step 6107ms mem 1452/3311MB
step 144,660 | loss 2.2020 | lr 2.92e-04 | 1338 tok/s | fwd_bwd 5991ms data 0ms clip 20ms optim 111ms step 6128ms mem 1493/3311MB
step 144,670 | loss 3.4761 | lr 2.92e-04 | 1335 tok/s | fwd_bwd 5979ms data 0ms clip 20ms optim 112ms step 6118ms mem 1493/3311MB
step 144,680 | loss 2.9427 | lr 2.92e-04 | 1338 tok/s | fwd_bwd 5952ms data 0ms clip 20ms optim 111ms step 6095ms mem 1493/3311MB
step 144,690 | loss 2.5877 | lr 2.92e-04 | 1341 tok/s | fwd_bwd 5952ms data 0ms clip 20ms optim 112ms step 6094ms mem 1452/3311MB
step 144,700 | loss 4.2550 | lr 2.92e-04 | 1339 tok/s | fwd_bwd 5941ms data 0ms clip 20ms optim 112ms step 6081ms mem 1493/3311MB
step 144,710 | loss 3.6925 | lr 2.92e-04 | 1339 tok/s | fwd_bwd 5985ms data 0ms clip 20ms optim 112ms step 6122ms mem 1493/3311MB
step 144,720 | loss 3.5665 | lr 2.92e-04 | 1339 tok/s | fwd_bwd 5963ms data 0ms clip 20ms optim 111ms step 6100ms mem 1452/3311MB
step 144,730 | loss 3.1835 | lr 2.92e-04 | 1340 tok/s | fwd_bwd 5945ms data 1ms clip 20ms optim 111ms step 6091ms mem 1452/3311MB
step 144,740 | loss 4.2323 | lr 2.92e-04 | 1340 tok/s | fwd_bwd 5970ms data 0ms clip 20ms optim 112ms step 6108ms mem 1493/3311MB
step 144,750 | loss 3.6918 | lr 2.92e-04 | 1339 tok/s | fwd_bwd 5972ms data 0ms clip 20ms optim 112ms step 6114ms mem 1493/3311MB
step 144,760 | loss 3.7309 | lr 2.91e-04 | 1336 tok/s | fwd_bwd 5973ms data 1ms clip 20ms optim 112ms step 6118ms mem 1493/3311MB
step 144,770 | loss 3.5374 | lr 2.91e-04 | 1335 tok/s | fwd_bwd 5967ms data 0ms clip 20ms optim 111ms step 6111ms mem 1493/3311MB
step 144,780 | loss 3.1194 | lr 2.91e-04 | 1338 tok/s | fwd_bwd 5977ms data 0ms clip 20ms optim 112ms step 6112ms mem 1452/3311MB
step 144,790 | loss 2.6133 | lr 2.91e-04 | 1338 tok/s | fwd_bwd 5965ms data 0ms clip 20ms optim 112ms step 6105ms mem 1493/3311MB
step 144,800 | loss 3.2458 | lr 2.91e-04 | 1340 tok/s | fwd_bwd 5967ms data 0ms clip 20ms optim 111ms step 6105ms mem 1493/3311MB
step 144,810 | loss 2.1699 | lr 2.91e-04 | 1340 tok/s | fwd_bwd 5958ms data 0ms clip 20ms optim 112ms step 6098ms mem 1493/3311MB
step 144,820 | loss 3.1890 | lr 2.91e-04 | 1342 tok/s | fwd_bwd 5971ms data 1ms clip 20ms optim 111ms step 6119ms mem 1452/3311MB
step 144,830 | loss 3.6238 | lr 2.91e-04 | 1347 tok/s | fwd_bwd 5920ms data 0ms clip 20ms optim 111ms step 6060ms mem 1493/3311MB
step 144,840 | loss 3.3619 | lr 2.91e-04 | 1345 tok/s | fwd_bwd 5944ms data 0ms clip 20ms optim 112ms step 6084ms mem 1493/3311MB
step 144,850 | loss 3.5989 | lr 2.91e-04 | 1345 tok/s | fwd_bwd 5946ms data 0ms clip 20ms optim 112ms step 6082ms mem 1493/3311MB
step 144,860 | loss 2.7344 | lr 2.91e-04 | 1337 tok/s | fwd_bwd 5988ms data 1ms clip 20ms optim 111ms step 6134ms mem 1452/3311MB
step 144,870 | loss 4.2212 | lr 2.91e-04 | 1324 tok/s | fwd_bwd 5997ms data 1ms clip 20ms optim 112ms step 6140ms mem 1493/3311MB
Checkpoint saved: checkpoints/step_144873
  Pruning old checkpoint: checkpoints/step_143712
step 144,880 | loss 3.7815 | lr 2.91e-04 | 1314 tok/s | fwd_bwd 6023ms data 0ms clip 20ms optim 111ms step 6162ms mem 1493/3311MB
step 144,890 | loss 3.4154 | lr 2.91e-04 | 1326 tok/s | fwd_bwd 6009ms data 0ms clip 20ms optim 113ms step 6150ms mem 1493/3311MB
step 144,900 | loss 2.8456 | lr 2.91e-04 | 1328 tok/s | fwd_bwd 6020ms data 0ms clip 20ms optim 111ms step 6157ms mem 1452/3311MB
step 144,910 | loss 3.0271 | lr 2.91e-04 | 1326 tok/s | fwd_bwd 5920ms data 0ms clip 20ms optim 112ms step 6060ms mem 1452/3311MB
step 144,920 | loss 3.9496 | lr 2.91e-04 | 1329 tok/s | fwd_bwd 6007ms data 1ms clip 20ms optim 112ms step 6152ms mem 1452/3311MB
step 144,930 | loss 2.3566 | lr 2.91e-04 | 1323 tok/s | fwd_bwd 6040ms data 0ms clip 20ms optim 112ms step 6180ms mem 1452/3311MB
step 144,940 | loss 3.8491 | lr 2.91e-04 | 1323 tok/s | fwd_bwd 6033ms data 0ms clip 20ms optim 111ms step 6168ms mem 1452/3311MB
step 144,950 | loss 1.4477 | lr 2.91e-04 | 1325 tok/s | fwd_bwd 6017ms data 1ms clip 20ms optim 112ms step 6162ms mem 1493/3311MB
step 144,960 | loss 3.0579 | lr 2.91e-04 | 1325 tok/s | fwd_bwd 6032ms data 0ms clip 20ms optim 112ms step 6169ms mem 1493/3311MB
step 144,970 | loss 2.7159 | lr 2.91e-04 | 1320 tok/s | fwd_bwd 6045ms data 0ms clip 20ms optim 111ms step 6182ms mem 1492/3311MB
step 144,980 | loss 2.8237 | lr 2.91e-04 | 1320 tok/s | fwd_bwd 6045ms data 0ms clip 20ms optim 112ms step 6180ms mem 1452/3311MB
step 144,990 | loss 3.0535 | lr 2.91e-04 | 1315 tok/s | fwd_bwd 6067ms data 0ms clip 20ms optim 111ms step 6202ms mem 1493/3311MB
step 145,000 | loss 3.5444 | lr 2.91e-04 | 1316 tok/s | fwd_bwd 6076ms data 0ms clip 20ms optim 112ms step 6213ms mem 1452/3311MB
  [eval] step 145000 | val_loss 3.1412 | ppl 23.13
Checkpoint saved: checkpoints/step_145000
  [samples] wrote checkpoints/step_145000/samples.txt
  Pruning old checkpoint: checkpoints/step_144000
step 145,010 | loss 3.1151 | lr 2.91e-04 | 556 tok/s | fwd_bwd 6119ms data 0ms clip 20ms optim 112ms step 6260ms mem 1452/3311MB
step 145,020 | loss 2.7857 | lr 2.91e-04 | 1308 tok/s | fwd_bwd 6080ms data 0ms clip 20ms optim 112ms step 6220ms mem 1493/3311MB
step 145,030 | loss 2.5889 | lr 2.91e-04 | 1313 tok/s | fwd_bwd 6082ms data 0ms clip 20ms optim 111ms step 6221ms mem 1493/3311MB
step 145,040 | loss 3.0607 | lr 2.91e-04 | 1312 tok/s | fwd_bwd 6073ms data 0ms clip 20ms optim 112ms step 6208ms mem 1493/3311MB
step 145,050 | loss 3.3581 | lr 2.91e-04 | 1312 tok/s | fwd_bwd 6083ms data 0ms clip 20ms optim 112ms step 6221ms mem 1493/3311MB
step 145,060 | loss 3.0989 | lr 2.91e-04 | 1312 tok/s | fwd_bwd 6127ms data 1ms clip 23ms optim 122ms step 6291ms mem 1493/3311MB
step 145,070 | loss 3.3129 | lr 2.91e-04 | 1316 tok/s | fwd_bwd 6064ms data 0ms clip 20ms optim 111ms step 6199ms mem 1493/3311MB
step 145,080 | loss 3.4476 | lr 2.91e-04 | 1312 tok/s | fwd_bwd 6079ms data 0ms clip 20ms optim 112ms step 6215ms mem 1493/3311MB
step 145,090 | loss 3.9448 | lr 2.91e-04 | 1310 tok/s | fwd_bwd 6097ms data 0ms clip 20ms optim 111ms step 6239ms mem 1493/3311MB
step 145,100 | loss 3.4297 | lr 2.91e-04 | 1309 tok/s | fwd_bwd 6114ms data 1ms clip 20ms optim 111ms step 6263ms mem 1452/3311MB
step 145,110 | loss 3.5061 | lr 2.91e-04 | 1313 tok/s | fwd_bwd 6096ms data 0ms clip 20ms optim 112ms step 6232ms mem 1493/3311MB
step 145,120 | loss 2.3849 | lr 2.91e-04 | 1308 tok/s | fwd_bwd 6087ms data 0ms clip 20ms optim 111ms step 6224ms mem 1493/3311MB
step 145,130 | loss 3.6490 | lr 2.91e-04 | 1313 tok/s | fwd_bwd 6080ms data 0ms clip 20ms optim 112ms step 6222ms mem 1493/3311MB
step 145,140 | loss 3.6015 | lr 2.91e-04 | 1312 tok/s | fwd_bwd 6150ms data 1ms clip 23ms optim 121ms step 6315ms mem 1493/3311MB
step 145,150 | loss 3.6588 | lr 2.91e-04 | 1319 tok/s | fwd_bwd 6045ms data 0ms clip 20ms optim 111ms step 6180ms mem 1493/3311MB
step 145,160 | loss 2.6215 | lr 2.91e-04 | 1321 tok/s | fwd_bwd 6020ms data 0ms clip 20ms optim 111ms step 6158ms mem 1493/3311MB
step 145,170 | loss 2.0718 | lr 2.91e-04 | 1326 tok/s | fwd_bwd 6005ms data 0ms clip 20ms optim 111ms step 6143ms mem 1493/3311MB
step 145,180 | loss 4.3851 | lr 2.91e-04 | 1320 tok/s | fwd_bwd 6042ms data 0ms clip 20ms optim 112ms step 6180ms mem 1493/3311MB
step 145,190 | loss 3.7523 | lr 2.91e-04 | 1322 tok/s | fwd_bwd 6029ms data 1ms clip 20ms optim 112ms step 6171ms mem 1493/3311MB
step 145,200 | loss 3.0638 | lr 2.91e-04 | 1325 tok/s | fwd_bwd 5999ms data 0ms clip 20ms optim 111ms step 6141ms mem 1493/3311MB
step 145,210 | loss 3.4351 | lr 2.91e-04 | 1327 tok/s | fwd_bwd 6023ms data 0ms clip 20ms optim 112ms step 6162ms mem 1493/3311MB
step 145,220 | loss 3.5967 | lr 2.91e-04 | 1326 tok/s | fwd_bwd 6011ms data 0ms clip 20ms optim 111ms step 6146ms mem 1493/3311MB
step 145,230 | loss 3.1419 | lr 2.91e-04 | 1328 tok/s | fwd_bwd 5996ms data 1ms clip 20ms optim 111ms step 6140ms mem 1493/3311MB
step 145,240 | loss 2.9482 | lr 2.91e-04 | 1329 tok/s | fwd_bwd 6004ms data 1ms clip 20ms optim 112ms step 6147ms mem 1493/3311MB
step 145,250 | loss 3.3825 | lr 2.91e-04 | 1330 tok/s | fwd_bwd 5923ms data 0ms clip 20ms optim 111ms step 6063ms mem 1493/3311MB
step 145,260 | loss 3.6873 | lr 2.91e-04 | 1334 tok/s | fwd_bwd 5978ms data 1ms clip 20ms optim 112ms step 6121ms mem 1493/3311MB
step 145,270 | loss 3.0811 | lr 2.91e-04 | 1336 tok/s | fwd_bwd 5978ms data 0ms clip 20ms optim 111ms step 6116ms mem 1493/3311MB
step 145,280 | loss 2.8085 | lr 2.91e-04 | 1336 tok/s | fwd_bwd 5983ms data 0ms clip 20ms optim 111ms step 6120ms mem 1493/3311MB
step 145,290 | loss 3.2850 | lr 2.91e-04 | 1333 tok/s | fwd_bwd 5899ms data 0ms clip 20ms optim 111ms step 6036ms mem 1493/3311MB
step 145,300 | loss 3.3516 | lr 2.91e-04 | 1337 tok/s | fwd_bwd 5962ms data 0ms clip 20ms optim 112ms step 6098ms mem 1452/3311MB
step 145,310 | loss 3.0395 | lr 2.91e-04 | 1338 tok/s | fwd_bwd 5976ms data 0ms clip 20ms optim 111ms step 6113ms mem 1493/3311MB
step 145,320 | loss 3.1841 | lr 2.91e-04 | 1338 tok/s | fwd_bwd 5887ms data 0ms clip 20ms optim 111ms step 6022ms mem 1493/3311MB
step 145,330 | loss 3.8292 | lr 2.91e-04 | 1338 tok/s | fwd_bwd 6011ms data 1ms clip 20ms optim 111ms step 6162ms mem 1493/3311MB
step 145,340 | loss 3.3273 | lr 2.91e-04 | 1340 tok/s | fwd_bwd 5958ms data 0ms clip 20ms optim 111ms step 6093ms mem 1493/3311MB
step 145,350 | loss 3.7406 | lr 2.91e-04 | 1336 tok/s | fwd_bwd 5961ms data 0ms clip 20ms optim 111ms step 6101ms mem 1493/3311MB
step 145,360 | loss 3.1809 | lr 2.91e-04 | 1333 tok/s | fwd_bwd 5982ms data 0ms clip 20ms optim 112ms step 6121ms mem 1493/3311MB
step 145,370 | loss 2.9571 | lr 2.91e-04 | 1336 tok/s | fwd_bwd 5985ms data 0ms clip 20ms optim 111ms step 6121ms mem 1493/3311MB
step 145,380 | loss 3.5818 | lr 2.91e-04 | 1339 tok/s | fwd_bwd 5950ms data 1ms clip 20ms optim 111ms step 6096ms mem 1493/3311MB
step 145,390 | loss 2.9921 | lr 2.91e-04 | 1340 tok/s | fwd_bwd 5954ms data 0ms clip 20ms optim 111ms step 6094ms mem 1493/3311MB
step 145,400 | loss 3.2393 | lr 2.91e-04 | 1336 tok/s | fwd_bwd 5979ms data 1ms clip 21ms optim 112ms step 6126ms mem 1493/3311MB
step 145,410 | loss 2.1717 | lr 2.91e-04 | 1336 tok/s | fwd_bwd 5956ms data 1ms clip 20ms optim 111ms step 6101ms mem 1493/3311MB
step 145,420 | loss 2.8613 | lr 2.91e-04 | 1337 tok/s | fwd_bwd 5969ms data 1ms clip 20ms optim 112ms step 6112ms mem 1493/3311MB
step 145,430 | loss 3.4251 | lr 2.91e-04 | 1334 tok/s | fwd_bwd 5975ms data 1ms clip 20ms optim 112ms step 6119ms mem 1493/3311MB
step 145,440 | loss 3.6139 | lr 2.91e-04 | 1325 tok/s | fwd_bwd 5994ms data 0ms clip 20ms optim 112ms step 6134ms mem 1493/3311MB
Checkpoint saved: checkpoints/step_145442
  Pruning old checkpoint: checkpoints/step_144292
step 145,450 | loss 3.3470 | lr 2.91e-04 | 1312 tok/s | fwd_bwd 5959ms data 1ms clip 20ms optim 111ms step 6104ms mem 1493/3311MB
step 145,460 | loss 4.0626 | lr 2.91e-04 | 1326 tok/s | fwd_bwd 6000ms data 0ms clip 20ms optim 111ms step 6142ms mem 1493/3311MB
step 145,470 | loss 4.1813 | lr 2.91e-04 | 1328 tok/s | fwd_bwd 6016ms data 0ms clip 20ms optim 112ms step 6154ms mem 1493/3311MB
step 145,480 | loss 3.2134 | lr 2.91e-04 | 1334 tok/s | fwd_bwd 5981ms data 0ms clip 20ms optim 112ms step 6125ms mem 1452/3311MB
step 145,490 | loss 3.3992 | lr 2.91e-04 | 1334 tok/s | fwd_bwd 5981ms data 0ms clip 20ms optim 111ms step 6119ms mem 1493/3311MB
step 145,500 | loss 3.1148 | lr 2.91e-04 | 1332 tok/s | fwd_bwd 6074ms data 1ms clip 23ms optim 120ms step 6237ms mem 1493/3311MB
  [eval] step 145500 | val_loss 3.1995 | ppl 24.52
step 145,510 | loss 3.0719 | lr 2.91e-04 | 754 tok/s | fwd_bwd 5976ms data 0ms clip 20ms optim 112ms step 6117ms mem 1493/3311MB
step 145,520 | loss 3.1904 | lr 2.91e-04 | 1336 tok/s | fwd_bwd 5981ms data 0ms clip 20ms optim 111ms step 6118ms mem 1493/3311MB
step 145,530 | loss 2.4060 | lr 2.91e-04 | 1337 tok/s | fwd_bwd 5984ms data 0ms clip 20ms optim 111ms step 6121ms mem 1493/3311MB
step 145,540 | loss 3.6207 | lr 2.91e-04 | 1337 tok/s | fwd_bwd 5970ms data 1ms clip 20ms optim 111ms step 6114ms mem 1493/3311MB
step 145,550 | loss 2.8960 | lr 2.91e-04 | 1338 tok/s | fwd_bwd 5960ms data 0ms clip 20ms optim 112ms step 6100ms mem 1493/3311MB
step 145,560 | loss 4.0001 | lr 2.91e-04 | 1342 tok/s | fwd_bwd 5953ms data 0ms clip 20ms optim 112ms step 6092ms mem 1452/3311MB
step 145,570 | loss 2.2521 | lr 2.91e-04 | 1341 tok/s | fwd_bwd 5957ms data 0ms clip 20ms optim 111ms step 6097ms mem 1452/3311MB
step 145,580 | loss 3.3601 | lr 2.91e-04 | 1341 tok/s | fwd_bwd 5947ms data 0ms clip 20ms optim 111ms step 6088ms mem 1493/3311MB
step 145,590 | loss 3.3068 | lr 2.91e-04 | 1338 tok/s | fwd_bwd 6021ms data 1ms clip 23ms optim 120ms step 6183ms mem 1493/3311MB
step 145,600 | loss 2.9923 | lr 2.91e-04 | 1336 tok/s | fwd_bwd 5986ms data 0ms clip 20ms optim 112ms step 6122ms mem 1452/3311MB
step 145,610 | loss 4.0492 | lr 2.91e-04 | 1330 tok/s | fwd_bwd 6008ms data 0ms clip 20ms optim 111ms step 6149ms mem 1493/3311MB
step 145,620 | loss 2.9885 | lr 2.91e-04 | 1329 tok/s | fwd_bwd 6005ms data 0ms clip 20ms optim 111ms step 6142ms mem 1493/3311MB
step 145,630 | loss 3.1523 | lr 2.91e-04 | 1332 tok/s | fwd_bwd 5983ms data 1ms clip 20ms optim 112ms step 6128ms mem 1493/3311MB
step 145,640 | loss 3.6566 | lr 2.91e-04 | 1334 tok/s | fwd_bwd 5988ms data 0ms clip 20ms optim 112ms step 6125ms mem 1493/3311MB
step 145,650 | loss 3.6460 | lr 2.91e-04 | 1335 tok/s | fwd_bwd 5986ms data 0ms clip 20ms optim 111ms step 6124ms mem 1493/3311MB
step 145,660 | loss 3.2800 | lr 2.91e-04 | 1334 tok/s | fwd_bwd 5988ms data 0ms clip 20ms optim 111ms step 6131ms mem 1452/3311MB
step 145,670 | loss 3.9624 | lr 2.91e-04 | 1332 tok/s | fwd_bwd 5978ms data 1ms clip 20ms optim 111ms step 6123ms mem 1452/3311MB
step 145,680 | loss 1.8117 | lr 2.91e-04 | 1334 tok/s | fwd_bwd 5986ms data 0ms clip 20ms optim 112ms step 6123ms mem 1493/3311MB
step 145,690 | loss 3.2151 | lr 2.91e-04 | 1338 tok/s | fwd_bwd 5965ms data 0ms clip 20ms optim 111ms step 6101ms mem 1452/3311MB
step 145,700 | loss 3.3568 | lr 2.91e-04 | 1341 tok/s | fwd_bwd 5958ms data 0ms clip 20ms optim 111ms step 6093ms mem 1493/3311MB
step 145,710 | loss 3.1016 | lr 2.91e-04 | 1342 tok/s | fwd_bwd 5948ms data 0ms clip 20ms optim 111ms step 6083ms mem 1493/3311MB
step 145,720 | loss 2.6123 | lr 2.91e-04 | 1344 tok/s | fwd_bwd 5952ms data 0ms clip 20ms optim 111ms step 6089ms mem 1493/3311MB
step 145,730 | loss 2.6199 | lr 2.91e-04 | 1342 tok/s | fwd_bwd 5959ms data 0ms clip 20ms optim 111ms step 6099ms mem 1493/3311MB
step 145,740 | loss 4.2102 | lr 2.91e-04 | 1344 tok/s | fwd_bwd 5933ms data 0ms clip 20ms optim 111ms step 6070ms mem 1493/3311MB
step 145,750 | loss 2.9154 | lr 2.91e-04 | 1350 tok/s | fwd_bwd 5923ms data 0ms clip 20ms optim 112ms step 6065ms mem 1493/3311MB
step 145,760 | loss 2.5113 | lr 2.91e-04 | 1346 tok/s | fwd_bwd 5926ms data 0ms clip 20ms optim 112ms step 6063ms mem 1493/3311MB
step 145,770 | loss 2.4937 | lr 2.91e-04 | 1350 tok/s | fwd_bwd 5932ms data 0ms clip 20ms optim 112ms step 6071ms mem 1493/3311MB
step 145,780 | loss 3.5317 | lr 2.91e-04 | 1350 tok/s | fwd_bwd 5865ms data 1ms clip 20ms optim 112ms step 6009ms mem 1493/3311MB
step 145,790 | loss 2.9059 | lr 2.91e-04 | 1352 tok/s | fwd_bwd 5892ms data 0ms clip 20ms optim 112ms step 6036ms mem 1493/3311MB
step 145,800 | loss 3.4398 | lr 2.91e-04 | 1356 tok/s | fwd_bwd 5866ms data 0ms clip 20ms optim 111ms step 6007ms mem 1493/3311MB
step 145,810 | loss 4.0839 | lr 2.91e-04 | 1360 tok/s | fwd_bwd 5870ms data 0ms clip 20ms optim 112ms step 6010ms mem 1493/3311MB
step 145,820 | loss 3.9078 | lr 2.91e-04 | 1355 tok/s | fwd_bwd 5827ms data 0ms clip 20ms optim 111ms step 5965ms mem 1493/3311MB
step 145,830 | loss 2.5444 | lr 2.91e-04 | 1350 tok/s | fwd_bwd 5884ms data 1ms clip 20ms optim 111ms step 6031ms mem 1493/3311MB
step 145,840 | loss 1.6312 | lr 2.91e-04 | 1355 tok/s | fwd_bwd 5896ms data 0ms clip 20ms optim 112ms step 6038ms mem 1451/3311MB
step 145,850 | loss 3.2711 | lr 2.91e-04 | 1357 tok/s | fwd_bwd 5872ms data 1ms clip 20ms optim 112ms step 6021ms mem 1493/3311MB
step 145,860 | loss 2.6706 | lr 2.91e-04 | 1357 tok/s | fwd_bwd 5905ms data 0ms clip 20ms optim 112ms step 6045ms mem 1452/3311MB
step 145,870 | loss 3.3565 | lr 2.91e-04 | 1351 tok/s | fwd_bwd 5896ms data 0ms clip 20ms optim 111ms step 6036ms mem 1493/3311MB
step 145,880 | loss 3.3159 | lr 2.91e-04 | 1361 tok/s | fwd_bwd 5828ms data 0ms clip 20ms optim 112ms step 5971ms mem 1452/3311MB
step 145,890 | loss 3.5297 | lr 2.91e-04 | 1366 tok/s | fwd_bwd 5847ms data 0ms clip 20ms optim 112ms step 5986ms mem 1493/3311MB
step 145,900 | loss 3.4838 | lr 2.91e-04 | 1365 tok/s | fwd_bwd 5852ms data 0ms clip 20ms optim 111ms step 5992ms mem 1452/3311MB
step 145,910 | loss 1.7458 | lr 2.90e-04 | 1358 tok/s | fwd_bwd 5875ms data 0ms clip 20ms optim 111ms step 6017ms mem 1493/3311MB
step 145,920 | loss 2.4738 | lr 2.90e-04 | 1359 tok/s | fwd_bwd 5856ms data 1ms clip 20ms optim 112ms step 6000ms mem 1493/3311MB
step 145,930 | loss 3.7174 | lr 2.90e-04 | 1358 tok/s | fwd_bwd 5870ms data 0ms clip 20ms optim 112ms step 6008ms mem 1452/3311MB
step 145,940 | loss 3.5317 | lr 2.90e-04 | 1360 tok/s | fwd_bwd 5859ms data 0ms clip 20ms optim 111ms step 6002ms mem 1493/3311MB
step 145,950 | loss 3.7305 | lr 2.90e-04 | 1354 tok/s | fwd_bwd 5878ms data 0ms clip 20ms optim 111ms step 6019ms mem 1493/3311MB
step 145,960 | loss 3.2765 | lr 2.90e-04 | 1359 tok/s | fwd_bwd 5863ms data 0ms clip 20ms optim 112ms step 6002ms mem 1493/3311MB
step 145,970 | loss 2.1355 | lr 2.90e-04 | 1364 tok/s | fwd_bwd 5850ms data 0ms clip 20ms optim 112ms step 5993ms mem 1493/3311MB
step 145,980 | loss 4.0642 | lr 2.90e-04 | 1364 tok/s | fwd_bwd 5851ms data 0ms clip 20ms optim 112ms step 5989ms mem 1493/3311MB
step 145,990 | loss 3.3494 | lr 2.90e-04 | 1361 tok/s | fwd_bwd 5897ms data 0ms clip 20ms optim 112ms step 6035ms mem 1452/3311MB
step 146,000 | loss 2.7195 | lr 2.90e-04 | 1348 tok/s | fwd_bwd 5950ms data 0ms clip 20ms optim 112ms step 6089ms mem 1452/3311MB
  [eval] step 146000 | val_loss 2.4409 | ppl 11.48
Checkpoint saved: checkpoints/step_146000
  [samples] wrote checkpoints/step_146000/samples.txt
  Pruning old checkpoint: checkpoints/step_144873
step 146,010 | loss 3.6264 | lr 2.90e-04 | 534 tok/s | fwd_bwd 8000ms data 1ms clip 43ms optim 211ms step 8266ms mem 1448/3311MB
Checkpoint saved: checkpoints/step_146011
  Pruning old checkpoint: checkpoints/step_145000
step 146,020 | loss 3.5905 | lr 2.90e-04 | 1251 tok/s | fwd_bwd 6054ms data 1ms clip 23ms optim 121ms step 6211ms mem 1448/3311MB
step 146,030 | loss 3.5332 | lr 2.90e-04 | 1327 tok/s | fwd_bwd 5919ms data 1ms clip 20ms optim 112ms step 6063ms mem 1448/3311MB
step 146,040 | loss 2.7841 | lr 2.90e-04 | 1331 tok/s | fwd_bwd 5965ms data 0ms clip 20ms optim 111ms step 6108ms mem 1448/3311MB
step 146,050 | loss 3.3687 | lr 2.90e-04 | 1330 tok/s | fwd_bwd 6039ms data 1ms clip 23ms optim 119ms step 6200ms mem 1448/3311MB
step 146,060 | loss 3.2991 | lr 2.90e-04 | 1337 tok/s | fwd_bwd 5981ms data 1ms clip 20ms optim 111ms step 6123ms mem 1448/3311MB
step 146,070 | loss 2.9419 | lr 2.90e-04 | 1331 tok/s | fwd_bwd 6037ms data 1ms clip 24ms optim 120ms step 6199ms mem 1448/3311MB
step 146,080 | loss 3.3337 | lr 2.90e-04 | 1338 tok/s | fwd_bwd 5981ms data 1ms clip 20ms optim 111ms step 6129ms mem 1448/3311MB
step 146,090 | loss 3.3893 | lr 2.90e-04 | 1338 tok/s | fwd_bwd 5963ms data 1ms clip 20ms optim 111ms step 6105ms mem 1448/3311MB
step 146,100 | loss 3.1269 | lr 2.90e-04 | 1332 tok/s | fwd_bwd 5986ms data 0ms clip 20ms optim 111ms step 6125ms mem 1448/3311MB
step 146,110 | loss 3.5346 | lr 2.90e-04 | 1333 tok/s | fwd_bwd 5985ms data 1ms clip 20ms optim 112ms step 6131ms mem 1448/3311MB
step 146,120 | loss 3.0855 | lr 2.90e-04 | 1332 tok/s | fwd_bwd 5992ms data 0ms clip 20ms optim 111ms step 6132ms mem 1448/3311MB
step 146,130 | loss 3.3414 | lr 2.90e-04 | 1332 tok/s | fwd_bwd 5992ms data 0ms clip 20ms optim 111ms step 6130ms mem 1448/3311MB
step 146,140 | loss 3.6634 | lr 2.90e-04 | 1329 tok/s | fwd_bwd 5989ms data 1ms clip 20ms optim 111ms step 6134ms mem 1448/3311MB
step 146,150 | loss 3.2447 | lr 2.90e-04 | 1332 tok/s | fwd_bwd 5990ms data 0ms clip 20ms optim 112ms step 6130ms mem 1448/3311MB
step 146,160 | loss 4.0549 | lr 2.90e-04 | 1330 tok/s | fwd_bwd 5998ms data 1ms clip 20ms optim 112ms step 6145ms mem 1448/3311MB
step 146,170 | loss 3.2996 | lr 2.90e-04 | 1328 tok/s | fwd_bwd 5914ms data 0ms clip 20ms optim 112ms step 6054ms mem 1448/3311MB
step 146,180 | loss 3.0776 | lr 2.90e-04 | 1329 tok/s | fwd_bwd 5927ms data 1ms clip 20ms optim 111ms step 6074ms mem 1448/3311MB
step 146,190 | loss 3.6843 | lr 2.90e-04 | 1331 tok/s | fwd_bwd 6018ms data 1ms clip 20ms optim 112ms step 6166ms mem 1448/3311MB
step 146,200 | loss 3.4957 | lr 2.90e-04 | 1330 tok/s | fwd_bwd 6022ms data 1ms clip 20ms optim 112ms step 6171ms mem 1448/3311MB
step 146,210 | loss 3.7400 | lr 2.90e-04 | 1329 tok/s | fwd_bwd 5998ms data 0ms clip 20ms optim 112ms step 6134ms mem 1448/3311MB
step 146,220 | loss 3.2967 | lr 2.90e-04 | 1331 tok/s | fwd_bwd 5925ms data 0ms clip 20ms optim 111ms step 6067ms mem 1448/3311MB
step 146,230 | loss 3.6316 | lr 2.90e-04 | 1328 tok/s | fwd_bwd 6007ms data 0ms clip 20ms optim 112ms step 6145ms mem 1448/3311MB
step 146,240 | loss 3.2461 | lr 2.90e-04 | 1325 tok/s | fwd_bwd 6056ms data 1ms clip 20ms optim 111ms step 6207ms mem 1448/3311MB
step 146,250 | loss 3.9421 | lr 2.90e-04 | 1328 tok/s | fwd_bwd 6043ms data 1ms clip 20ms optim 112ms step 6191ms mem 1448/3311MB
step 146,260 | loss 2.4446 | lr 2.90e-04 | 1326 tok/s | fwd_bwd 6070ms data 1ms clip 23ms optim 121ms step 6235ms mem 1448/3311MB
step 146,270 | loss 3.4506 | lr 2.90e-04 | 1327 tok/s | fwd_bwd 5946ms data 0ms clip 20ms optim 112ms step 6085ms mem 1448/3311MB
step 146,280 | loss 3.6530 | lr 2.90e-04 | 1325 tok/s | fwd_bwd 6016ms data 0ms clip 20ms optim 111ms step 6153ms mem 1448/3311MB
step 146,290 | loss 3.5866 | lr 2.90e-04 | 1329 tok/s | fwd_bwd 6002ms data 0ms clip 20ms optim 112ms step 6138ms mem 1448/3311MB
step 146,300 | loss 2.4183 | lr 2.90e-04 | 1327 tok/s | fwd_bwd 6021ms data 0ms clip 20ms optim 112ms step 6161ms mem 1448/3311MB
step 146,310 | loss 3.4637 | lr 2.90e-04 | 1322 tok/s | fwd_bwd 6036ms data 0ms clip 20ms optim 111ms step 6172ms mem 1448/3311MB
step 146,320 | loss 3.4539 | lr 2.90e-04 | 1323 tok/s | fwd_bwd 6017ms data 0ms clip 20ms optim 112ms step 6153ms mem 1448/3311MB
step 146,330 | loss 3.1377 | lr 2.90e-04 | 1321 tok/s | fwd_bwd 6028ms data 1ms clip 20ms optim 112ms step 6174ms mem 1448/3311MB
step 146,340 | loss 3.5342 | lr 2.90e-04 | 1328 tok/s | fwd_bwd 5894ms data 1ms clip 20ms optim 111ms step 6036ms mem 1448/3311MB
step 146,350 | loss 3.5931 | lr 2.90e-04 | 1335 tok/s | fwd_bwd 6009ms data 1ms clip 23ms optim 121ms step 6174ms mem 1448/3311MB
step 146,360 | loss 3.4587 | lr 2.90e-04 | 1350 tok/s | fwd_bwd 5873ms data 1ms clip 20ms optim 111ms step 6015ms mem 1448/3311MB
step 146,370 | loss 3.5651 | lr 2.90e-04 | 1353 tok/s | fwd_bwd 5918ms data 1ms clip 20ms optim 111ms step 6068ms mem 1448/3311MB
step 146,380 | loss 3.2128 | lr 2.90e-04 | 1350 tok/s | fwd_bwd 5920ms data 0ms clip 20ms optim 112ms step 6057ms mem 1448/3311MB
step 146,390 | loss 3.0135 | lr 2.90e-04 | 1354 tok/s | fwd_bwd 5791ms data 0ms clip 20ms optim 111ms step 5933ms mem 1448/3311MB
step 146,400 | loss 3.8034 | lr 2.90e-04 | 1358 tok/s | fwd_bwd 5847ms data 0ms clip 20ms optim 111ms step 5989ms mem 1448/3311MB
step 146,410 | loss 3.6348 | lr 2.90e-04 | 1362 tok/s | fwd_bwd 5843ms data 0ms clip 20ms optim 111ms step 5985ms mem 1448/3311MB
step 146,420 | loss 3.9478 | lr 2.90e-04 | 1363 tok/s | fwd_bwd 5750ms data 1ms clip 20ms optim 111ms step 5896ms mem 1448/3311MB
step 146,430 | loss 3.3227 | lr 2.90e-04 | 1365 tok/s | fwd_bwd 5859ms data 0ms clip 20ms optim 111ms step 5996ms mem 1493/3311MB
step 146,440 | loss 3.0584 | lr 2.90e-04 | 1367 tok/s | fwd_bwd 5826ms data 0ms clip 20ms optim 112ms step 5966ms mem 1493/3311MB
step 146,450 | loss 2.9393 | lr 2.90e-04 | 1372 tok/s | fwd_bwd 5800ms data 0ms clip 20ms optim 112ms step 5936ms mem 1493/3311MB
step 146,460 | loss 3.5530 | lr 2.90e-04 | 1376 tok/s | fwd_bwd 5799ms data 0ms clip 20ms optim 111ms step 5939ms mem 1493/3311MB
step 146,470 | loss 3.9732 | lr 2.90e-04 | 1375 tok/s | fwd_bwd 5777ms data 0ms clip 20ms optim 111ms step 5919ms mem 1493/3311MB
step 146,480 | loss 2.9191 | lr 2.90e-04 | 1376 tok/s | fwd_bwd 5757ms data 0ms clip 20ms optim 112ms step 5895ms mem 1482/3311MB
step 146,490 | loss 3.7874 | lr 2.90e-04 | 1379 tok/s | fwd_bwd 5784ms data 1ms clip 20ms optim 111ms step 5927ms mem 1493/3311MB
step 146,500 | loss 4.1029 | lr 2.90e-04 | 1371 tok/s | fwd_bwd 5855ms data 1ms clip 23ms optim 121ms step 6018ms mem 1493/3311MB
  [eval] step 146500 | val_loss 3.3862 | ppl 29.55
step 146,510 | loss 3.5846 | lr 2.90e-04 | 752 tok/s | fwd_bwd 6485ms data 1ms clip 20ms optim 111ms step 6626ms mem 1493/3311MB
step 146,520 | loss 3.8805 | lr 2.90e-04 | 1304 tok/s | fwd_bwd 6041ms data 1ms clip 23ms optim 120ms step 6203ms mem 1493/3311MB
step 146,530 | loss 2.8236 | lr 2.90e-04 | 1304 tok/s | fwd_bwd 5998ms data 0ms clip 20ms optim 112ms step 6141ms mem 1493/3311MB
step 146,540 | loss 3.3107 | lr 2.90e-04 | 1327 tok/s | fwd_bwd 6087ms data 1ms clip 24ms optim 123ms step 6252ms mem 1493/3311MB
step 146,550 | loss 4.4514 | lr 2.90e-04 | 1389 tok/s | fwd_bwd 5571ms data 0ms clip 20ms optim 111ms step 5713ms mem 1493/3311MB
step 146,560 | loss 3.5302 | lr 2.90e-04 | 1454 tok/s | fwd_bwd 5413ms data 1ms clip 20ms optim 111ms step 5559ms mem 1493/3311MB
step 146,570 | loss 3.2433 | lr 2.90e-04 | 1479 tok/s | fwd_bwd 5372ms data 1ms clip 20ms optim 111ms step 5516ms mem 1493/3311MB
step 146,580 | loss 1.8543 | lr 2.90e-04 | 1479 tok/s | fwd_bwd 5358ms data 0ms clip 20ms optim 111ms step 5497ms mem 1493/3311MB
step 146,590 | loss 3.4183 | lr 2.90e-04 | 1470 tok/s | fwd_bwd 5417ms data 1ms clip 20ms optim 112ms step 5557ms mem 1493/3311MB
Checkpoint saved: checkpoints/step_146595
  Pruning old checkpoint: checkpoints/step_145442
step 146,600 | loss 2.5518 | lr 2.90e-04 | 1343 tok/s | fwd_bwd 5579ms data 1ms clip 20ms optim 112ms step 5726ms mem 1448/3311MB
step 146,610 | loss 4.4778 | lr 2.90e-04 | 1444 tok/s | fwd_bwd 5517ms data 1ms clip 20ms optim 111ms step 5663ms mem 1493/3311MB
step 146,620 | loss 2.8269 | lr 2.90e-04 | 1442 tok/s | fwd_bwd 5356ms data 1ms clip 20ms optim 112ms step 5500ms mem 1452/3311MB
step 146,630 | loss 2.7475 | lr 2.90e-04 | 1444 tok/s | fwd_bwd 5499ms data 0ms clip 20ms optim 112ms step 5638ms mem 1448/3311MB
step 146,640 | loss 3.1749 | lr 2.90e-04 | 1439 tok/s | fwd_bwd 5359ms data 0ms clip 20ms optim 112ms step 5499ms mem 1452/3311MB
step 146,650 | loss 3.3498 | lr 2.90e-04 | 1438 tok/s | fwd_bwd 5586ms data 1ms clip 20ms optim 111ms step 5733ms mem 1452/3311MB
step 146,660 | loss 1.9503 | lr 2.90e-04 | 1440 tok/s | fwd_bwd 5512ms data 0ms clip 20ms optim 112ms step 5653ms mem 1448/3311MB
step 146,670 | loss 3.1541 | lr 2.90e-04 | 1442 tok/s | fwd_bwd 5531ms data 0ms clip 20ms optim 112ms step 5674ms mem 1476/3311MB
step 146,680 | loss 3.7863 | lr 2.90e-04 | 1426 tok/s | fwd_bwd 5598ms data 0ms clip 20ms optim 114ms step 5739ms mem 1452/3311MB
Resuming from checkpoint: checkpoints/step_146595
  Resumed at step 146595

============================================================
  Unrealistic 187M — Training
  Parameters: 189,748,992
  Dtype: bfloat16
  Optimizer: AdamW (mlx)
  Micro-batch: 1 × 8 accum
  Effective batch: 8
  Memory: 534 MB
============================================================

step 146,600 | loss 1.9085 | lr 2.90e-04 | 1304 tok/s | fwd_bwd 5686ms data 1ms clip 34ms optim 162ms step 5896ms mem 1448/3311MB
step 146,610 | loss 3.1158 | lr 2.90e-04 | 1586 tok/s | fwd_bwd 4835ms data 0ms clip 20ms optim 111ms step 4971ms mem 1493/3311MB
step 146,620 | loss 2.9121 | lr 2.90e-04 | 1664 tok/s | fwd_bwd 4753ms data 1ms clip 22ms optim 118ms step 4909ms mem 1448/3311MB
step 146,630 | loss 1.3668 | lr 2.90e-04 | 1663 tok/s | fwd_bwd 4782ms data 1ms clip 22ms optim 117ms step 4938ms mem 1493/3311MB
step 146,640 | loss 1.9889 | lr 2.90e-04 | 1655 tok/s | fwd_bwd 4820ms data 1ms clip 22ms optim 125ms step 4981ms mem 1470/3311MB
step 146,650 | loss 3.6156 | lr 2.90e-04 | 1576 tok/s | fwd_bwd 5239ms data 1ms clip 23ms optim 118ms step 5398ms mem 1493/3311MB
step 146,660 | loss 2.0661 | lr 2.90e-04 | 1499 tok/s | fwd_bwd 5364ms data 1ms clip 20ms optim 112ms step 5509ms mem 1493/3311MB
step 146,670 | loss 2.1784 | lr 2.90e-04 | 1466 tok/s | fwd_bwd 5455ms data 0ms clip 20ms optim 112ms step 5592ms mem 1493/3311MB
step 146,680 | loss 2.9837 | lr 2.90e-04 | 1460 tok/s | fwd_bwd 5494ms data 1ms clip 20ms optim 112ms step 5640ms mem 1493/3311MB
step 146,690 | loss 2.1586 | lr 2.90e-04 | 1441 tok/s | fwd_bwd 5493ms data 0ms clip 20ms optim 112ms step 5633ms mem 1476/3311MB
step 146,700 | loss 3.1924 | lr 2.90e-04 | 1441 tok/s | fwd_bwd 5572ms data 1ms clip 23ms optim 122ms step 5736ms mem 1493/3311MB
step 146,710 | loss 1.3562 | lr 2.90e-04 | 1437 tok/s | fwd_bwd 5541ms data 1ms clip 20ms optim 111ms step 5684ms mem 1493/3311MB
step 146,720 | loss 2.6349 | lr 2.90e-04 | 1426 tok/s | fwd_bwd 5536ms data 1ms clip 20ms optim 111ms step 5678ms mem 1493/3311MB
step 146,730 | loss 3.3488 | lr 2.90e-04 | 1418 tok/s | fwd_bwd 5618ms data 1ms clip 20ms optim 112ms step 5760ms mem 1493/3311MB
step 146,740 | loss 1.8902 | lr 2.90e-04 | 1407 tok/s | fwd_bwd 5671ms data 0ms clip 20ms optim 111ms step 5808ms mem 1452/3311MB
step 146,750 | loss 2.7147 | lr 2.90e-04 | 1403 tok/s | fwd_bwd 5685ms data 0ms clip 20ms optim 112ms step 5825ms mem 1493/3311MB
step 146,760 | loss 1.3940 | lr 2.90e-04 | 1402 tok/s | fwd_bwd 5704ms data 0ms clip 20ms optim 112ms step 5844ms mem 1493/3311MB
step 146,770 | loss 3.2322 | lr 2.90e-04 | 1389 tok/s | fwd_bwd 5731ms data 0ms clip 20ms optim 112ms step 5871ms mem 1452/3311MB
step 146,780 | loss 3.2852 | lr 2.90e-04 | 1386 tok/s | fwd_bwd 5784ms data 1ms clip 20ms optim 112ms step 5931ms mem 1493/3311MB
step 146,790 | loss 3.3773 | lr 2.90e-04 | 1375 tok/s | fwd_bwd 5830ms data 1ms clip 20ms optim 112ms step 5974ms mem 1493/3311MB
step 146,800 | loss 1.9022 | lr 2.90e-04 | 1375 tok/s | fwd_bwd 5844ms data 0ms clip 20ms optim 111ms step 5980ms mem 1493/3311MB
step 146,810 | loss 2.2987 | lr 2.90e-04 | 1374 tok/s | fwd_bwd 5832ms data 1ms clip 20ms optim 113ms step 5984ms mem 1493/3311MB
step 146,820 | loss 2.3894 | lr 2.90e-04 | 1372 tok/s | fwd_bwd 5868ms data 1ms clip 23ms optim 119ms step 6030ms mem 1493/3311MB
step 146,830 | loss 2.7345 | lr 2.90e-04 | 1369 tok/s | fwd_bwd 5825ms data 1ms clip 20ms optim 112ms step 5968ms mem 1493/3311MB
step 146,840 | loss 2.6199 | lr 2.90e-04 | 1361 tok/s | fwd_bwd 5895ms data 1ms clip 23ms optim 120ms step 6056ms mem 1493/3311MB
step 146,850 | loss 1.8237 | lr 2.90e-04 | 1367 tok/s | fwd_bwd 5876ms data 0ms clip 20ms optim 112ms step 6011ms mem 1448/3311MB
step 146,860 | loss 2.6524 | lr 2.90e-04 | 1363 tok/s | fwd_bwd 5849ms data 0ms clip 20ms optim 111ms step 5989ms mem 1448/3311MB
step 146,870 | loss 2.1919 | lr 2.90e-04 | 1362 tok/s | fwd_bwd 5857ms data 0ms clip 20ms optim 112ms step 5998ms mem 1448/3311MB
step 146,880 | loss 2.1762 | lr 2.90e-04 | 1359 tok/s | fwd_bwd 5902ms data 1ms clip 20ms optim 111ms step 6051ms mem 1448/3311MB
step 146,890 | loss 1.8835 | lr 2.90e-04 | 1361 tok/s | fwd_bwd 5869ms data 0ms clip 20ms optim 112ms step 6011ms mem 1448/3311MB
step 146,900 | loss 2.2453 | lr 2.90e-04 | 1355 tok/s | fwd_bwd 5931ms data 1ms clip 20ms optim 112ms step 6080ms mem 1448/3311MB
step 146,910 | loss 2.7347 | lr 2.90e-04 | 1356 tok/s | fwd_bwd 5873ms data 0ms clip 20ms optim 111ms step 6012ms mem 1448/3311MB
step 146,920 | loss 2.2323 | lr 2.90e-04 | 1359 tok/s | fwd_bwd 5883ms data 0ms clip 20ms optim 112ms step 6020ms mem 1448/3311MB
step 146,930 | loss 2.4526 | lr 2.90e-04 | 1362 tok/s | fwd_bwd 5758ms data 1ms clip 20ms optim 112ms step 5905ms mem 1448/3311MB
step 146,940 | loss 1.2891 | lr 2.90e-04 | 1367 tok/s | fwd_bwd 5798ms data 0ms clip 20ms optim 112ms step 5938ms mem 1452/3311MB
step 146,950 | loss 3.5105 | lr 2.90e-04 | 1378 tok/s | fwd_bwd 5815ms data 1ms clip 20ms optim 112ms step 5966ms mem 1451/3311MB
step 146,960 | loss 1.9618 | lr 2.90e-04 | 1382 tok/s | fwd_bwd 5786ms data 0ms clip 20ms optim 111ms step 5925ms mem 1493/3311MB
step 146,970 | loss 3.0477 | lr 2.90e-04 | 1382 tok/s | fwd_bwd 5766ms data 1ms clip 20ms optim 112ms step 5910ms mem 1452/3311MB
step 146,980 | loss 1.6598 | lr 2.90e-04 | 1376 tok/s | fwd_bwd 5866ms data 1ms clip 23ms optim 118ms step 6025ms mem 1493/3311MB
step 146,990 | loss 2.4686 | lr 2.90e-04 | 1376 tok/s | fwd_bwd 5793ms data 0ms clip 20ms optim 112ms step 5933ms mem 1493/3311MB
step 147,000 | loss 2.1943 | lr 2.89e-04 | 1378 tok/s | fwd_bwd 5784ms data 0ms clip 20ms optim 112ms step 5923ms mem 1451/3311MB
  [eval] step 147000 | val_loss 3.2452 | ppl 25.67
Checkpoint saved: checkpoints/step_147000
  [samples] wrote checkpoints/step_147000/samples.txt
  Pruning old checkpoint: checkpoints/step_146000
step 147,010 | loss 3.4211 | lr 2.89e-04 | 590 tok/s | fwd_bwd 5783ms data 1ms clip 20ms optim 111ms step 5927ms mem 1493/3311MB
step 147,020 | loss 2.9039 | lr 2.89e-04 | 1374 tok/s | fwd_bwd 5769ms data 1ms clip 20ms optim 112ms step 5915ms mem 1451/3311MB
step 147,030 | loss 2.8162 | lr 2.89e-04 | 1376 tok/s | fwd_bwd 5761ms data 0ms clip 20ms optim 112ms step 5898ms mem 1490/3311MB
step 147,040 | loss 1.8401 | lr 2.89e-04 | 1378 tok/s | fwd_bwd 5822ms data 0ms clip 20ms optim 111ms step 5957ms mem 1451/3311MB
step 147,050 | loss 1.8905 | lr 2.89e-04 | 1381 tok/s | fwd_bwd 5759ms data 0ms clip 20ms optim 112ms step 5897ms mem 1448/3311MB
step 147,060 | loss 3.4135 | lr 2.89e-04 | 1383 tok/s | fwd_bwd 5772ms data 0ms clip 20ms optim 112ms step 5912ms mem 1493/3311MB
step 147,070 | loss 2.4553 | lr 2.89e-04 | 1377 tok/s | fwd_bwd 5782ms data 1ms clip 20ms optim 111ms step 5928ms mem 1493/3311MB
step 147,080 | loss 1.4404 | lr 2.89e-04 | 1379 tok/s | fwd_bwd 5762ms data 1ms clip 20ms optim 112ms step 5905ms mem 1493/3311MB
step 147,090 | loss 2.6188 | lr 2.89e-04 | 1378 tok/s | fwd_bwd 5781ms data 1ms clip 21ms optim 112ms step 5932ms mem 1493/3311MB
step 147,100 | loss 3.6333 | lr 2.89e-04 | 1379 tok/s | fwd_bwd 5706ms data 0ms clip 20ms optim 111ms step 5843ms mem 1493/3311MB
step 147,110 | loss 3.1917 | lr 2.89e-04 | 1381 tok/s | fwd_bwd 5779ms data 0ms clip 20ms optim 111ms step 5916ms mem 1493/3311MB
step 147,120 | loss 1.7408 | lr 2.89e-04 | 1381 tok/s | fwd_bwd 5773ms data 1ms clip 20ms optim 111ms step 5918ms mem 1493/3311MB
step 147,130 | loss 1.8533 | lr 2.89e-04 | 1383 tok/s | fwd_bwd 5776ms data 0ms clip 20ms optim 112ms step 5913ms mem 1493/3311MB
step 147,140 | loss 3.0533 | lr 2.89e-04 | 1384 tok/s | fwd_bwd 5777ms data 0ms clip 20ms optim 111ms step 5915ms mem 1493/3311MB
step 147,150 | loss 2.7727 | lr 2.89e-04 | 1386 tok/s | fwd_bwd 5748ms data 1ms clip 20ms optim 112ms step 5891ms mem 1493/3311MB
step 147,160 | loss 3.4622 | lr 2.89e-04 | 1382 tok/s | fwd_bwd 5779ms data 1ms clip 20ms optim 111ms step 5927ms mem 1493/3311MB
step 147,170 | loss 2.8063 | lr 2.89e-04 | 1383 tok/s | fwd_bwd 5747ms data 0ms clip 20ms optim 112ms step 5887ms mem 1448/3311MB
step 147,180 | loss 3.9239 | lr 2.89e-04 | 1383 tok/s | fwd_bwd 5801ms data 1ms clip 20ms optim 111ms step 5949ms mem 1451/3311MB
step 147,190 | loss 2.6715 | lr 2.89e-04 | 1381 tok/s | fwd_bwd 5797ms data 0ms clip 21ms optim 112ms step 5938ms mem 1493/3311MB
Checkpoint saved: checkpoints/step_147198
  Pruning old checkpoint: checkpoints/step_146011
step 147,200 | loss 3.0858 | lr 2.89e-04 | 1360 tok/s | fwd_bwd 5785ms data 1ms clip 20ms optim 112ms step 5928ms mem 1493/3311MB
step 147,210 | loss 3.0678 | lr 2.89e-04 | 1377 tok/s | fwd_bwd 5796ms data 1ms clip 20ms optim 112ms step 5945ms mem 1493/3311MB
step 147,220 | loss 2.7075 | lr 2.89e-04 | 1380 tok/s | fwd_bwd 5757ms data 1ms clip 20ms optim 111ms step 5899ms mem 1452/3311MB
step 147,230 | loss 3.0246 | lr 2.89e-04 | 1378 tok/s | fwd_bwd 5760ms data 1ms clip 20ms optim 112ms step 5907ms mem 1451/3311MB
step 147,240 | loss 2.4669 | lr 2.89e-04 | 1375 tok/s | fwd_bwd 5800ms data 0ms clip 20ms optim 111ms step 5940ms mem 1493/3311MB
step 147,250 | loss 2.0165 | lr 2.89e-04 | 1372 tok/s | fwd_bwd 5800ms data 0ms clip 20ms optim 111ms step 5938ms mem 1493/3311MB
step 147,260 | loss 1.5415 | lr 2.89e-04 | 1372 tok/s | fwd_bwd 5790ms data 1ms clip 20ms optim 112ms step 5930ms mem 1493/3311MB
step 147,270 | loss 3.2081 | lr 2.89e-04 | 1371 tok/s | fwd_bwd 5790ms data 1ms clip 20ms optim 111ms step 5933ms mem 1451/3311MB
step 147,280 | loss 3.4728 | lr 2.89e-04 | 1371 tok/s | fwd_bwd 5816ms data 0ms clip 20ms optim 112ms step 5956ms mem 1493/3311MB
step 147,290 | loss 3.7182 | lr 2.89e-04 | 1369 tok/s | fwd_bwd 5808ms data 1ms clip 20ms optim 112ms step 5955ms mem 1493/3311MB
step 147,300 | loss 2.8864 | lr 2.89e-04 | 1369 tok/s | fwd_bwd 5794ms data 1ms clip 20ms optim 112ms step 5938ms mem 1493/3311MB
step 147,310 | loss 1.1340 | lr 2.89e-04 | 1369 tok/s | fwd_bwd 5720ms data 1ms clip 20ms optim 112ms step 5865ms mem 1493/3311MB
step 147,320 | loss 3.1437 | lr 2.89e-04 | 1369 tok/s | fwd_bwd 5812ms data 1ms clip 20ms optim 112ms step 5952ms mem 1493/3311MB
step 147,330 | loss 3.3308 | lr 2.89e-04 | 1368 tok/s | fwd_bwd 5837ms data 0ms clip 20ms optim 111ms step 5972ms mem 1493/3311MB
step 147,340 | loss 1.8732 | lr 2.89e-04 | 1371 tok/s | fwd_bwd 5827ms data 0ms clip 20ms optim 112ms step 5964ms mem 1493/3311MB
step 147,350 | loss 3.8478 | lr 2.89e-04 | 1367 tok/s | fwd_bwd 5830ms data 1ms clip 20ms optim 112ms step 5969ms mem 1493/3311MB
step 147,360 | loss 2.1875 | lr 2.89e-04 | 1372 tok/s | fwd_bwd 5747ms data 1ms clip 20ms optim 111ms step 5889ms mem 1493/3311MB
step 147,370 | loss 2.1177 | lr 2.89e-04 | 1369 tok/s | fwd_bwd 5872ms data 0ms clip 20ms optim 113ms step 6009ms mem 1493/3311MB
step 147,380 | loss 3.2355 | lr 2.89e-04 | 1368 tok/s | fwd_bwd 5861ms data 0ms clip 20ms optim 112ms step 5998ms mem 1493/3311MB
step 147,390 | loss 2.7048 | lr 2.89e-04 | 1362 tok/s | fwd_bwd 5868ms data 0ms clip 20ms optim 112ms step 6004ms mem 1493/3311MB
step 147,400 | loss 1.6102 | lr 2.89e-04 | 1365 tok/s | fwd_bwd 5838ms data 1ms clip 20ms optim 113ms step 5980ms mem 1493/3311MB
step 147,410 | loss 2.3871 | lr 2.89e-04 | 1366 tok/s | fwd_bwd 5871ms data 0ms clip 20ms optim 112ms step 6009ms mem 1448/3311MB
step 147,420 | loss 1.9294 | lr 2.89e-04 | 1364 tok/s | fwd_bwd 5877ms data 0ms clip 20ms optim 112ms step 6016ms mem 1448/3311MB
step 147,430 | loss 1.6797 | lr 2.89e-04 | 1363 tok/s | fwd_bwd 5851ms data 0ms clip 20ms optim 111ms step 5990ms mem 1448/3311MB
step 147,440 | loss 2.8191 | lr 2.89e-04 | 1367 tok/s | fwd_bwd 5837ms data 0ms clip 20ms optim 112ms step 5975ms mem 1493/3311MB
step 147,450 | loss 2.2507 | lr 2.89e-04 | 1372 tok/s | fwd_bwd 5806ms data 1ms clip 20ms optim 112ms step 5949ms mem 1493/3311MB
step 147,460 | loss 2.4509 | lr 2.89e-04 | 1370 tok/s | fwd_bwd 5813ms data 1ms clip 20ms optim 111ms step 5957ms mem 1493/3311MB
step 147,470 | loss 3.4935 | lr 2.89e-04 | 1365 tok/s | fwd_bwd 5877ms data 0ms clip 20ms optim 112ms step 6015ms mem 1448/3311MB
step 147,480 | loss 3.2321 | lr 2.89e-04 | 1366 tok/s | fwd_bwd 5870ms data 1ms clip 20ms optim 111ms step 6016ms mem 1493/3311MB
step 147,490 | loss 1.0923 | lr 2.89e-04 | 1370 tok/s | fwd_bwd 5847ms data 0ms clip 21ms optim 112ms step 5984ms mem 1493/3311MB
step 147,500 | loss 2.1443 | lr 2.89e-04 | 1368 tok/s | fwd_bwd 5803ms data 1ms clip 20ms optim 113ms step 5947ms mem 1493/3311MB
  [eval] step 147500 | val_loss 3.3929 | ppl 29.75
step 147,510 | loss 3.2690 | lr 2.89e-04 | 772 tok/s | fwd_bwd 5818ms data 0ms clip 20ms optim 112ms step 5955ms mem 1493/3311MB
step 147,520 | loss 3.2012 | lr 2.89e-04 | 1372 tok/s | fwd_bwd 5820ms data 1ms clip 20ms optim 111ms step 5964ms mem 1493/3311MB
step 147,530 | loss 2.7192 | lr 2.89e-04 | 1370 tok/s | fwd_bwd 5849ms data 0ms clip 20ms optim 112ms step 5989ms mem 1493/3311MB
step 147,540 | loss 2.9485 | lr 2.89e-04 | 1368 tok/s | fwd_bwd 5838ms data 0ms clip 20ms optim 111ms step 5977ms mem 1493/3311MB
step 147,550 | loss 3.1643 | lr 2.89e-04 | 1369 tok/s | fwd_bwd 5845ms data 0ms clip 20ms optim 111ms step 5980ms mem 1493/3311MB
step 147,560 | loss 2.7666 | lr 2.89e-04 | 1370 tok/s | fwd_bwd 5835ms data 0ms clip 20ms optim 112ms step 5972ms mem 1448/3311MB
step 147,570 | loss 2.1536 | lr 2.89e-04 | 1374 tok/s | fwd_bwd 5805ms data 1ms clip 20ms optim 112ms step 5949ms mem 1493/3311MB
step 147,580 | loss 1.5181 | lr 2.89e-04 | 1375 tok/s | fwd_bwd 5785ms data 0ms clip 20ms optim 111ms step 5925ms mem 1452/3311MB
step 147,590 | loss 3.8613 | lr 2.89e-04 | 1371 tok/s | fwd_bwd 5818ms data 0ms clip 20ms optim 112ms step 5954ms mem 1448/3311MB
step 147,600 | loss 3.0940 | lr 2.89e-04 | 1375 tok/s | fwd_bwd 5817ms data 0ms clip 20ms optim 112ms step 5955ms mem 1493/3311MB
step 147,610 | loss 2.1913 | lr 2.89e-04 | 1373 tok/s | fwd_bwd 5804ms data 0ms clip 20ms optim 111ms step 5942ms mem 1493/3311MB
step 147,620 | loss 3.4931 | lr 2.89e-04 | 1372 tok/s | fwd_bwd 5801ms data 0ms clip 20ms optim 111ms step 5941ms mem 1448/3311MB
step 147,630 | loss 1.5628 | lr 2.89e-04 | 1372 tok/s | fwd_bwd 5807ms data 0ms clip 20ms optim 112ms step 5945ms mem 1493/3311MB
step 147,640 | loss 1.8347 | lr 2.89e-04 | 1372 tok/s | fwd_bwd 5797ms data 1ms clip 20ms optim 111ms step 5938ms mem 1493/3311MB
step 147,650 | loss 3.4290 | lr 2.89e-04 | 1369 tok/s | fwd_bwd 5822ms data 0ms clip 20ms optim 111ms step 5958ms mem 1448/3311MB
step 147,660 | loss 2.1848 | lr 2.89e-04 | 1372 tok/s | fwd_bwd 5815ms data 0ms clip 20ms optim 112ms step 5956ms mem 1493/3311MB
step 147,670 | loss 2.5583 | lr 2.89e-04 | 1370 tok/s | fwd_bwd 5796ms data 1ms clip 20ms optim 111ms step 5943ms mem 1493/3311MB
step 147,680 | loss 3.6752 | lr 2.89e-04 | 1368 tok/s | fwd_bwd 5818ms data 0ms clip 20ms optim 111ms step 5959ms mem 1448/3311MB
step 147,690 | loss 2.8046 | lr 2.89e-04 | 1367 tok/s | fwd_bwd 5844ms data 0ms clip 20ms optim 112ms step 5982ms mem 1493/3311MB
step 147,700 | loss 1.9929 | lr 2.89e-04 | 1370 tok/s | fwd_bwd 5820ms data 0ms clip 20ms optim 112ms step 5960ms mem 1493/3311MB
step 147,710 | loss 1.7773 | lr 2.89e-04 | 1371 tok/s | fwd_bwd 5778ms data 1ms clip 20ms optim 112ms step 5921ms mem 1448/3311MB
step 147,720 | loss 2.7722 | lr 2.89e-04 | 1375 tok/s | fwd_bwd 5809ms data 0ms clip 20ms optim 113ms step 5948ms mem 1493/3311MB
step 147,730 | loss 3.1119 | lr 2.89e-04 | 1376 tok/s | fwd_bwd 5800ms data 0ms clip 20ms optim 112ms step 5938ms mem 1493/3311MB
step 147,740 | loss 2.6924 | lr 2.89e-04 | 1371 tok/s | fwd_bwd 5801ms data 0ms clip 20ms optim 111ms step 5943ms mem 1448/3311MB
step 147,750 | loss 1.8496 | lr 2.89e-04 | 1374 tok/s | fwd_bwd 5806ms data 0ms clip 20ms optim 112ms step 5946ms mem 1493/3311MB
step 147,760 | loss 2.0692 | lr 2.89e-04 | 1369 tok/s | fwd_bwd 5796ms data 0ms clip 20ms optim 112ms step 5937ms mem 1493/3311MB
step 147,770 | loss 2.2245 | lr 2.89e-04 | 1373 tok/s | fwd_bwd 5821ms data 0ms clip 20ms optim 112ms step 5956ms mem 1448/3311MB
step 147,780 | loss 1.9552 | lr 2.89e-04 | 1370 tok/s | fwd_bwd 5827ms data 0ms clip 20ms optim 111ms step 5964ms mem 1493/3311MB
step 147,790 | loss 3.4290 | lr 2.89e-04 | 1371 tok/s | fwd_bwd 5823ms data 0ms clip 20ms optim 112ms step 5959ms mem 1493/3311MB
Checkpoint saved: checkpoints/step_147793
  Pruning old checkpoint: checkpoints/step_146595
step 147,800 | loss 2.7452 | lr 2.89e-04 | 1357 tok/s | fwd_bwd 5840ms data 0ms clip 20ms optim 111ms step 5977ms mem 1448/3311MB
step 147,810 | loss 2.8347 | lr 2.89e-04 | 1367 tok/s | fwd_bwd 5842ms data 0ms clip 20ms optim 112ms step 5980ms mem 1493/3311MB
step 147,820 | loss 2.4219 | lr 2.89e-04 | 1370 tok/s | fwd_bwd 5827ms data 0ms clip 20ms optim 111ms step 5964ms mem 1493/3311MB
step 147,830 | loss 3.2204 | lr 2.89e-04 | 1372 tok/s | fwd_bwd 5817ms data 0ms clip 20ms optim 112ms step 5957ms mem 1448/3311MB
step 147,840 | loss 3.3414 | lr 2.89e-04 | 1373 tok/s | fwd_bwd 5804ms data 0ms clip 20ms optim 111ms step 5943ms mem 1452/3311MB
step 147,850 | loss 2.4120 | lr 2.89e-04 | 1376 tok/s | fwd_bwd 5770ms data 1ms clip 20ms optim 111ms step 5913ms mem 1493/3311MB
step 147,860 | loss 3.1014 | lr 2.89e-04 | 1378 tok/s | fwd_bwd 5779ms data 0ms clip 20ms optim 112ms step 5921ms mem 1448/3311MB
step 147,870 | loss 1.6765 | lr 2.89e-04 | 1372 tok/s | fwd_bwd 5831ms data 0ms clip 20ms optim 112ms step 5966ms mem 1493/3311MB
step 147,880 | loss 1.8318 | lr 2.89e-04 | 1372 tok/s | fwd_bwd 5814ms data 0ms clip 20ms optim 112ms step 5956ms mem 1452/3311MB
step 147,890 | loss 1.9054 | lr 2.89e-04 | 1371 tok/s | fwd_bwd 5817ms data 0ms clip 20ms optim 111ms step 5952ms mem 1448/3311MB
step 147,900 | loss 3.5736 | lr 2.89e-04 | 1378 tok/s | fwd_bwd 5803ms data 0ms clip 20ms optim 112ms step 5941ms mem 1452/3311MB
step 147,910 | loss 3.8033 | lr 2.89e-04 | 1373 tok/s | fwd_bwd 5833ms data 0ms clip 20ms optim 112ms step 5968ms mem 1493/3311MB
step 147,920 | loss 1.1961 | lr 2.89e-04 | 1368 tok/s | fwd_bwd 5828ms data 0ms clip 20ms optim 111ms step 5970ms mem 1448/3311MB
step 147,930 | loss 3.1481 | lr 2.89e-04 | 1369 tok/s | fwd_bwd 5836ms data 0ms clip 20ms optim 111ms step 5973ms mem 1493/3311MB
step 147,940 | loss 2.9960 | lr 2.89e-04 | 1368 tok/s | fwd_bwd 5799ms data 0ms clip 21ms optim 112ms step 5938ms mem 1493/3311MB
step 147,950 | loss 3.3722 | lr 2.89e-04 | 1367 tok/s | fwd_bwd 5810ms data 1ms clip 20ms optim 112ms step 5950ms mem 1452/3311MB
step 147,960 | loss 2.9228 | lr 2.89e-04 | 1369 tok/s | fwd_bwd 5841ms data 0ms clip 20ms optim 112ms step 5979ms mem 1493/3311MB
step 147,970 | loss 1.8728 | lr 2.89e-04 | 1365 tok/s | fwd_bwd 5849ms data 0ms clip 20ms optim 112ms step 5989ms mem 1493/3311MB
step 147,980 | loss 2.7586 | lr 2.89e-04 | 1366 tok/s | fwd_bwd 5852ms data 0ms clip 20ms optim 112ms step 5990ms mem 1493/3311MB
step 147,990 | loss 1.8921 | lr 2.89e-04 | 1364 tok/s | fwd_bwd 5914ms data 0ms clip 20ms optim 111ms step 6052ms mem 1493/3311MB
step 148,000 | loss 2.0204 | lr 2.89e-04 | 1367 tok/s | fwd_bwd 5830ms data 1ms clip 20ms optim 112ms step 5975ms mem 1493/3311MB
  [eval] step 148000 | val_loss 3.3338 | ppl 28.04
Checkpoint saved: checkpoints/step_148000
  [samples] wrote checkpoints/step_148000/samples.txt
  Pruning old checkpoint: checkpoints/step_147000
step 148,010 | loss 1.6535 | lr 2.89e-04 | 581 tok/s | fwd_bwd 5844ms data 0ms clip 20ms optim 111ms step 5982ms mem 1493/3311MB
step 148,020 | loss 1.5262 | lr 2.89e-04 | 1362 tok/s | fwd_bwd 5880ms data 1ms clip 20ms optim 112ms step 6031ms mem 1493/3311MB
step 148,030 | loss 3.8456 | lr 2.89e-04 | 1367 tok/s | fwd_bwd 5849ms data 0ms clip 20ms optim 111ms step 5985ms mem 1492/3311MB
step 148,040 | loss 1.7910 | lr 2.89e-04 | 1365 tok/s | fwd_bwd 5842ms data 0ms clip 20ms optim 111ms step 5980ms mem 1493/3311MB
step 148,050 | loss 2.2736 | lr 2.88e-04 | 1363 tok/s | fwd_bwd 5835ms data 0ms clip 20ms optim 112ms step 5975ms mem 1493/3311MB
step 148,060 | loss 2.4016 | lr 2.88e-04 | 1365 tok/s | fwd_bwd 5828ms data 0ms clip 20ms optim 112ms step 5970ms mem 1448/3311MB
step 148,070 | loss 3.2803 | lr 2.88e-04 | 1366 tok/s | fwd_bwd 5834ms data 0ms clip 20ms optim 112ms step 5973ms mem 1493/3311MB
step 148,080 | loss 3.3828 | lr 2.88e-04 | 1367 tok/s | fwd_bwd 5843ms data 0ms clip 20ms optim 111ms step 5978ms mem 1493/3311MB
step 148,090 | loss 2.1951 | lr 2.88e-04 | 1364 tok/s | fwd_bwd 5840ms data 0ms clip 20ms optim 112ms step 5980ms mem 1493/3311MB
step 148,100 | loss 1.9124 | lr 2.88e-04 | 1362 tok/s | fwd_bwd 5858ms data 0ms clip 20ms optim 112ms step 5998ms mem 1493/3311MB
step 148,110 | loss 1.8847 | lr 2.88e-04 | 1361 tok/s | fwd_bwd 5866ms data 0ms clip 20ms optim 111ms step 6006ms mem 1493/3311MB
step 148,120 | loss 3.3139 | lr 2.88e-04 | 1361 tok/s | fwd_bwd 5832ms data 1ms clip 20ms optim 111ms step 5973ms mem 1493/3311MB
step 148,130 | loss 3.5328 | lr 2.88e-04 | 1358 tok/s | fwd_bwd 5873ms data 0ms clip 20ms optim 111ms step 6009ms mem 1493/3311MB
step 148,140 | loss 1.4232 | lr 2.88e-04 | 1358 tok/s | fwd_bwd 5852ms data 0ms clip 20ms optim 112ms step 5991ms mem 1493/3311MB
step 148,150 | loss 1.5128 | lr 2.88e-04 | 1360 tok/s | fwd_bwd 5839ms data 1ms clip 20ms optim 112ms step 5984ms mem 1493/3311MB
step 148,160 | loss 3.9477 | lr 2.88e-04 | 1362 tok/s | fwd_bwd 5860ms data 0ms clip 20ms optim 111ms step 5995ms mem 1493/3311MB
step 148,170 | loss 1.4982 | lr 2.88e-04 | 1361 tok/s | fwd_bwd 5851ms data 1ms clip 20ms optim 111ms step 5998ms mem 1493/3311MB
step 148,180 | loss 2.6345 | lr 2.88e-04 | 1359 tok/s | fwd_bwd 5845ms data 0ms clip 20ms optim 111ms step 5983ms mem 1493/3311MB
step 148,190 | loss 1.2606 | lr 2.88e-04 | 1360 tok/s | fwd_bwd 5854ms data 0ms clip 20ms optim 112ms step 5990ms mem 1493/3311MB
step 148,200 | loss 2.1176 | lr 2.88e-04 | 1363 tok/s | fwd_bwd 5853ms data 0ms clip 20ms optim 112ms step 5989ms mem 1493/3311MB
step 148,210 | loss 3.1375 | lr 2.88e-04 | 1366 tok/s | fwd_bwd 5837ms data 0ms clip 20ms optim 112ms step 5977ms mem 1448/3311MB
step 148,220 | loss 2.4651 | lr 2.88e-04 | 1370 tok/s | fwd_bwd 5821ms data 0ms clip 20ms optim 111ms step 5959ms mem 1493/3311MB
step 148,230 | loss 2.6467 | lr 2.88e-04 | 1377 tok/s | fwd_bwd 5777ms data 0ms clip 20ms optim 112ms step 5915ms mem 1493/3311MB
step 148,240 | loss 1.3450 | lr 2.88e-04 | 1382 tok/s | fwd_bwd 5777ms data 0ms clip 20ms optim 111ms step 5915ms mem 1448/3311MB
step 148,250 | loss 2.2276 | lr 2.88e-04 | 1379 tok/s | fwd_bwd 5816ms data 0ms clip 20ms optim 111ms step 5953ms mem 1493/3311MB
step 148,260 | loss 3.3694 | lr 2.88e-04 | 1371 tok/s | fwd_bwd 5803ms data 0ms clip 20ms optim 111ms step 5941ms mem 1493/3311MB
step 148,270 | loss 1.8583 | lr 2.88e-04 | 1374 tok/s | fwd_bwd 5798ms data 0ms clip 20ms optim 112ms step 5936ms mem 1448/3311MB
step 148,280 | loss 3.6423 | lr 2.88e-04 | 1376 tok/s | fwd_bwd 5832ms data 0ms clip 20ms optim 111ms step 5966ms mem 1493/3311MB
step 148,290 | loss 1.5447 | lr 2.88e-04 | 1372 tok/s | fwd_bwd 5811ms data 1ms clip 20ms optim 112ms step 5953ms mem 1493/3311MB
step 148,300 | loss 3.0772 | lr 2.88e-04 | 1371 tok/s | fwd_bwd 5814ms data 0ms clip 20ms optim 112ms step 5952ms mem 1448/3311MB
step 148,310 | loss 2.6033 | lr 2.88e-04 | 1370 tok/s | fwd_bwd 5847ms data 0ms clip 20ms optim 111ms step 5983ms mem 1493/3311MB
step 148,320 | loss 1.9297 | lr 2.88e-04 | 1364 tok/s | fwd_bwd 5853ms data 1ms clip 20ms optim 111ms step 5995ms mem 1493/3311MB
step 148,330 | loss 1.4762 | lr 2.88e-04 | 1360 tok/s | fwd_bwd 5867ms data 0ms clip 20ms optim 111ms step 6004ms mem 1493/3311MB
step 148,340 | loss 1.7358 | lr 2.88e-04 | 1364 tok/s | fwd_bwd 5848ms data 0ms clip 20ms optim 112ms step 5986ms mem 1493/3311MB
step 148,350 | loss 1.2601 | lr 2.88e-04 | 1368 tok/s | fwd_bwd 5808ms data 0ms clip 20ms optim 112ms step 5946ms mem 1452/3311MB
step 148,360 | loss 3.3408 | lr 2.88e-04 | 1369 tok/s | fwd_bwd 5834ms data 0ms clip 20ms optim 111ms step 5973ms mem 1493/3311MB
step 148,370 | loss 2.8350 | lr 2.88e-04 | 1367 tok/s | fwd_bwd 5830ms data 1ms clip 20ms optim 111ms step 5976ms mem 1452/3311MB
step 148,380 | loss 3.7654 | lr 2.88e-04 | 1363 tok/s | fwd_bwd 5828ms data 0ms clip 20ms optim 112ms step 5966ms mem 1493/3311MB
Checkpoint saved: checkpoints/step_148381
  Pruning old checkpoint: checkpoints/step_147198
step 148,390 | loss 2.4515 | lr 2.88e-04 | 1349 tok/s | fwd_bwd 5863ms data 0ms clip 20ms optim 111ms step 6000ms mem 1452/3311MB
step 148,400 | loss 3.8647 | lr 2.88e-04 | 1364 tok/s | fwd_bwd 5844ms data 0ms clip 20ms optim 112ms step 5982ms mem 1448/3311MB
step 148,410 | loss 1.5200 | lr 2.88e-04 | 1366 tok/s | fwd_bwd 5829ms data 0ms clip 20ms optim 111ms step 5967ms mem 1493/3311MB
step 148,420 | loss 3.3928 | lr 2.88e-04 | 1366 tok/s | fwd_bwd 5806ms data 0ms clip 20ms optim 111ms step 5943ms mem 1448/3311MB
step 148,430 | loss 1.1283 | lr 2.88e-04 | 1360 tok/s | fwd_bwd 5838ms data 0ms clip 20ms optim 111ms step 5980ms mem 1448/3311MB
step 148,440 | loss 2.3379 | lr 2.88e-04 | 1361 tok/s | fwd_bwd 5864ms data 0ms clip 20ms optim 112ms step 6002ms mem 1448/3311MB
step 148,450 | loss 3.2602 | lr 2.88e-04 | 1366 tok/s | fwd_bwd 5826ms data 1ms clip 20ms optim 111ms step 5968ms mem 1493/3311MB
step 148,460 | loss 3.3558 | lr 2.88e-04 | 1363 tok/s | fwd_bwd 5926ms data 1ms clip 20ms optim 112ms step 6069ms mem 1493/3311MB
step 148,470 | loss 1.7048 | lr 2.88e-04 | 1364 tok/s | fwd_bwd 5871ms data 0ms clip 20ms optim 111ms step 6008ms mem 1449/3311MB
step 148,480 | loss 2.8165 | lr 2.88e-04 | 1365 tok/s | fwd_bwd 5826ms data 0ms clip 20ms optim 111ms step 5965ms mem 1451/3311MB
step 148,490 | loss 2.5512 | lr 2.88e-04 | 1366 tok/s | fwd_bwd 5858ms data 1ms clip 20ms optim 111ms step 6006ms mem 1451/3311MB
step 148,500 | loss 2.9698 | lr 2.88e-04 | 1365 tok/s | fwd_bwd 5873ms data 0ms clip 20ms optim 112ms step 6008ms mem 1448/3311MB
  [eval] step 148500 | val_loss 3.2346 | ppl 25.40
step 148,510 | loss 2.8198 | lr 2.88e-04 | 770 tok/s | fwd_bwd 5820ms data 1ms clip 20ms optim 112ms step 5962ms mem 1449/3311MB
step 148,520 | loss 1.8247 | lr 2.88e-04 | 1366 tok/s | fwd_bwd 5838ms data 1ms clip 20ms optim 112ms step 5985ms mem 1451/3311MB
step 148,530 | loss 1.0935 | lr 2.88e-04 | 1362 tok/s | fwd_bwd 5851ms data 1ms clip 20ms optim 111ms step 5998ms mem 1493/3311MB
step 148,540 | loss 2.6477 | lr 2.88e-04 | 1364 tok/s | fwd_bwd 5852ms data 0ms clip 20ms optim 111ms step 5991ms mem 1493/3311MB
step 148,550 | loss 2.6997 | lr 2.88e-04 | 1358 tok/s | fwd_bwd 5879ms data 1ms clip 20ms optim 112ms step 6026ms mem 1451/3311MB
step 148,560 | loss 1.6825 | lr 2.88e-04 | 1364 tok/s | fwd_bwd 5855ms data 0ms clip 20ms optim 111ms step 5990ms mem 1493/3311MB
step 148,570 | loss 3.4840 | lr 2.88e-04 | 1365 tok/s | fwd_bwd 5856ms data 0ms clip 20ms optim 111ms step 5996ms mem 1448/3311MB
step 148,580 | loss 1.4745 | lr 2.88e-04 | 1367 tok/s | fwd_bwd 5828ms data 1ms clip 20ms optim 113ms step 5972ms mem 1493/3311MB
step 148,590 | loss 1.5547 | lr 2.88e-04 | 1364 tok/s | fwd_bwd 5878ms data 0ms clip 20ms optim 111ms step 6019ms mem 1493/3311MB
step 148,600 | loss 1.9207 | lr 2.88e-04 | 1365 tok/s | fwd_bwd 5817ms data 0ms clip 20ms optim 112ms step 5959ms mem 1448/3311MB
step 148,610 | loss 1.5361 | lr 2.88e-04 | 1370 tok/s | fwd_bwd 5828ms data 0ms clip 20ms optim 112ms step 5963ms mem 1448/3311MB
step 148,620 | loss 2.7579 | lr 2.88e-04 | 1369 tok/s | fwd_bwd 5824ms data 0ms clip 20ms optim 112ms step 5966ms mem 1493/3311MB
step 148,630 | loss 3.0329 | lr 2.88e-04 | 1369 tok/s | fwd_bwd 5825ms data 0ms clip 20ms optim 112ms step 5961ms mem 1452/3311MB
step 148,640 | loss 2.2132 | lr 2.88e-04 | 1370 tok/s | fwd_bwd 5785ms data 0ms clip 20ms optim 112ms step 5927ms mem 1448/3311MB
step 148,650 | loss 1.3929 | lr 2.88e-04 | 1369 tok/s | fwd_bwd 5811ms data 0ms clip 20ms optim 112ms step 5954ms mem 1493/3311MB
step 148,660 | loss 1.4719 | lr 2.88e-04 | 1368 tok/s | fwd_bwd 5832ms data 0ms clip 20ms optim 112ms step 5974ms mem 1451/3311MB
step 148,670 | loss 2.0730 | lr 2.88e-04 | 1365 tok/s | fwd_bwd 5844ms data 1ms clip 20ms optim 112ms step 5986ms mem 1493/3311MB
step 148,680 | loss 2.6818 | lr 2.88e-04 | 1366 tok/s | fwd_bwd 5838ms data 0ms clip 20ms optim 111ms step 5975ms mem 1448/3311MB
step 148,690 | loss 2.2958 | lr 2.88e-04 | 1366 tok/s | fwd_bwd 5833ms data 0ms clip 20ms optim 112ms step 5970ms mem 1493/3311MB
step 148,700 | loss 2.7452 | lr 2.88e-04 | 1368 tok/s | fwd_bwd 5847ms data 0ms clip 20ms optim 112ms step 5983ms mem 1451/3311MB
step 148,710 | loss 3.6909 | lr 2.88e-04 | 1367 tok/s | fwd_bwd 5837ms data 0ms clip 20ms optim 112ms step 5977ms mem 1493/3311MB
step 148,720 | loss 2.5083 | lr 2.88e-04 | 1366 tok/s | fwd_bwd 5837ms data 1ms clip 20ms optim 111ms step 5983ms mem 1448/3311MB
step 148,730 | loss 3.4552 | lr 2.88e-04 | 1369 tok/s | fwd_bwd 5825ms data 0ms clip 20ms optim 111ms step 5962ms mem 1493/3311MB
step 148,740 | loss 2.8223 | lr 2.88e-04 | 1370 tok/s | fwd_bwd 5823ms data 0ms clip 20ms optim 112ms step 5963ms mem 1493/3311MB
step 148,750 | loss 2.3826 | lr 2.88e-04 | 1369 tok/s | fwd_bwd 5829ms data 0ms clip 20ms optim 112ms step 5969ms mem 1448/3311MB
step 148,760 | loss 3.0538 | lr 2.88e-04 | 1372 tok/s | fwd_bwd 5811ms data 1ms clip 20ms optim 112ms step 5953ms mem 1493/3311MB
step 148,770 | loss 3.4129 | lr 2.88e-04 | 1368 tok/s | fwd_bwd 5827ms data 1ms clip 20ms optim 112ms step 5969ms mem 1493/3311MB
step 148,780 | loss 3.6652 | lr 2.88e-04 | 1369 tok/s | fwd_bwd 5836ms data 0ms clip 20ms optim 112ms step 5974ms mem 1451/3311MB
step 148,790 | loss 3.4513 | lr 2.88e-04 | 1371 tok/s | fwd_bwd 5833ms data 0ms clip 20ms optim 112ms step 5969ms mem 1452/3311MB
step 148,800 | loss 2.1391 | lr 2.88e-04 | 1373 tok/s | fwd_bwd 5801ms data 0ms clip 20ms optim 112ms step 5943ms mem 1493/3311MB
step 148,810 | loss 1.8912 | lr 2.88e-04 | 1373 tok/s | fwd_bwd 5807ms data 1ms clip 20ms optim 112ms step 5950ms mem 1493/3311MB
step 148,820 | loss 2.4244 | lr 2.88e-04 | 1371 tok/s | fwd_bwd 5844ms data 0ms clip 20ms optim 112ms step 5980ms mem 1452/3311MB
step 148,830 | loss 2.5828 | lr 2.88e-04 | 1373 tok/s | fwd_bwd 5832ms data 0ms clip 20ms optim 112ms step 5967ms mem 1452/3311MB
step 148,840 | loss 3.1489 | lr 2.88e-04 | 1372 tok/s | fwd_bwd 5835ms data 0ms clip 20ms optim 112ms step 5970ms mem 1493/3311MB
step 148,850 | loss 3.0349 | lr 2.88e-04 | 1365 tok/s | fwd_bwd 5849ms data 0ms clip 21ms optim 112ms step 5989ms mem 1448/3311MB
step 148,860 | loss 3.3332 | lr 2.88e-04 | 1357 tok/s | fwd_bwd 5925ms data 0ms clip 20ms optim 113ms step 6062ms mem 1448/3311MB
step 148,870 | loss 2.4059 | lr 2.88e-04 | 1371 tok/s | fwd_bwd 5744ms data 0ms clip 20ms optim 111ms step 5881ms mem 1452/3311MB
step 148,880 | loss 3.5185 | lr 2.88e-04 | 1383 tok/s | fwd_bwd 5797ms data 0ms clip 20ms optim 112ms step 5937ms mem 1493/3311MB
step 148,890 | loss 3.1602 | lr 2.88e-04 | 1369 tok/s | fwd_bwd 5858ms data 0ms clip 20ms optim 112ms step 5998ms mem 1448/3311MB
step 148,900 | loss 3.2060 | lr 2.88e-04 | 1362 tok/s | fwd_bwd 5876ms data 0ms clip 20ms optim 111ms step 6010ms mem 1448/3311MB
step 148,910 | loss 2.8217 | lr 2.88e-04 | 1366 tok/s | fwd_bwd 5827ms data 1ms clip 20ms optim 111ms step 5972ms mem 1452/3311MB
step 148,920 | loss 3.3262 | lr 2.88e-04 | 1365 tok/s | fwd_bwd 5751ms data 1ms clip 20ms optim 112ms step 5896ms mem 1493/3311MB
step 148,930 | loss 2.0197 | lr 2.88e-04 | 1363 tok/s | fwd_bwd 5850ms data 0ms clip 20ms optim 112ms step 5990ms mem 1493/3311MB
step 148,940 | loss 2.1924 | lr 2.88e-04 | 1364 tok/s | fwd_bwd 5873ms data 0ms clip 20ms optim 112ms step 6008ms mem 1448/3311MB
step 148,950 | loss 2.2356 | lr 2.88e-04 | 1364 tok/s | fwd_bwd 5849ms data 0ms clip 20ms optim 111ms step 5988ms mem 1448/3311MB
step 148,960 | loss 3.5990 | lr 2.88e-04 | 1365 tok/s | fwd_bwd 5810ms data 1ms clip 20ms optim 111ms step 5958ms mem 1493/3311MB
step 148,970 | loss 2.7901 | lr 2.88e-04 | 1363 tok/s | fwd_bwd 5859ms data 1ms clip 20ms optim 111ms step 6005ms mem 1493/3311MB
Checkpoint saved: checkpoints/step_148974
  Pruning old checkpoint: checkpoints/step_147793
step 148,980 | loss 3.8422 | lr 2.88e-04 | 1344 tok/s | fwd_bwd 5874ms data 0ms clip 20ms optim 111ms step 6009ms mem 1448/3311MB
step 148,990 | loss 3.3768 | lr 2.88e-04 | 1365 tok/s | fwd_bwd 5843ms data 0ms clip 20ms optim 112ms step 5981ms mem 1476/3311MB
step 149,000 | loss 2.6897 | lr 2.88e-04 | 1363 tok/s | fwd_bwd 5861ms data 0ms clip 20ms optim 112ms step 6001ms mem 1451/3311MB
  [eval] step 149000 | val_loss 3.2677 | ppl 26.25
Checkpoint saved: checkpoints/step_149000
  [samples] wrote checkpoints/step_149000/samples.txt
  Pruning old checkpoint: checkpoints/step_148000
step 149,010 | loss 2.9990 | lr 2.88e-04 | 581 tok/s | fwd_bwd 5901ms data 0ms clip 21ms optim 112ms step 6041ms mem 1493/3311MB
step 149,020 | loss 2.2391 | lr 2.88e-04 | 1356 tok/s | fwd_bwd 5854ms data 0ms clip 20ms optim 112ms step 5995ms mem 1493/3311MB
step 149,030 | loss 3.5376 | lr 2.88e-04 | 1364 tok/s | fwd_bwd 5837ms data 0ms clip 20ms optim 112ms step 5976ms mem 1493/3311MB
step 149,040 | loss 3.3854 | lr 2.88e-04 | 1362 tok/s | fwd_bwd 5784ms data 0ms clip 20ms optim 112ms step 5923ms mem 1493/3311MB
step 149,050 | loss 1.9630 | lr 2.87e-04 | 1361 tok/s | fwd_bwd 5877ms data 0ms clip 20ms optim 112ms step 6014ms mem 1493/3311MB
step 149,060 | loss 2.5551 | lr 2.87e-04 | 1364 tok/s | fwd_bwd 5840ms data 1ms clip 20ms optim 111ms step 5981ms mem 1493/3311MB
step 149,070 | loss 3.5935 | lr 2.87e-04 | 1362 tok/s | fwd_bwd 5807ms data 1ms clip 20ms optim 112ms step 5948ms mem 1493/3311MB
step 149,080 | loss 1.7476 | lr 2.87e-04 | 1372 tok/s | fwd_bwd 5780ms data 1ms clip 20ms optim 112ms step 5925ms mem 1493/3311MB
step 149,090 | loss 3.4987 | lr 2.87e-04 | 1380 tok/s | fwd_bwd 5758ms data 1ms clip 20ms optim 112ms step 5902ms mem 1493/3311MB
step 149,100 | loss 2.6797 | lr 2.87e-04 | 1383 tok/s | fwd_bwd 5754ms data 0ms clip 20ms optim 111ms step 5891ms mem 1482/3311MB
step 149,110 | loss 2.6041 | lr 2.87e-04 | 1378 tok/s | fwd_bwd 5778ms data 1ms clip 20ms optim 112ms step 5920ms mem 1493/3311MB
step 149,120 | loss 2.5874 | lr 2.87e-04 | 1377 tok/s | fwd_bwd 5780ms data 1ms clip 20ms optim 111ms step 5926ms mem 1493/3311MB
step 149,130 | loss 2.3171 | lr 2.87e-04 | 1375 tok/s | fwd_bwd 5776ms data 0ms clip 20ms optim 111ms step 5914ms mem 1470/3311MB
step 149,140 | loss 3.3272 | lr 2.87e-04 | 1375 tok/s | fwd_bwd 5796ms data 0ms clip 20ms optim 112ms step 5934ms mem 1493/3311MB
step 149,150 | loss 3.9873 | lr 2.87e-04 | 1377 tok/s | fwd_bwd 5790ms data 0ms clip 20ms optim 112ms step 5930ms mem 1493/3311MB
step 149,160 | loss 2.8073 | lr 2.87e-04 | 1365 tok/s | fwd_bwd 5798ms data 1ms clip 20ms optim 111ms step 5943ms mem 1493/3311MB
step 149,170 | loss 3.1953 | lr 2.87e-04 | 1373 tok/s | fwd_bwd 5786ms data 0ms clip 20ms optim 112ms step 5926ms mem 1448/3311MB
step 149,180 | loss 3.2699 | lr 2.87e-04 | 1377 tok/s | fwd_bwd 5770ms data 1ms clip 20ms optim 112ms step 5915ms mem 1493/3311MB
step 149,190 | loss 2.9472 | lr 2.87e-04 | 1376 tok/s | fwd_bwd 5793ms data 0ms clip 20ms optim 112ms step 5933ms mem 1493/3311MB
step 149,200 | loss 3.7712 | lr 2.87e-04 | 1376 tok/s | fwd_bwd 5703ms data 1ms clip 20ms optim 112ms step 5847ms mem 1448/3311MB
step 149,210 | loss 2.9373 | lr 2.87e-04 | 1376 tok/s | fwd_bwd 5817ms data 0ms clip 20ms optim 111ms step 5955ms mem 1493/3311MB
step 149,220 | loss 3.5620 | lr 2.87e-04 | 1372 tok/s | fwd_bwd 5782ms data 1ms clip 20ms optim 111ms step 5926ms mem 1493/3311MB
step 149,230 | loss 3.0939 | lr 2.87e-04 | 1373 tok/s | fwd_bwd 5783ms data 1ms clip 20ms optim 111ms step 5927ms mem 1448/3311MB
step 149,240 | loss 3.4715 | lr 2.87e-04 | 1375 tok/s | fwd_bwd 5797ms data 0ms clip 20ms optim 112ms step 5935ms mem 1493/3311MB
step 149,250 | loss 1.7184 | lr 2.87e-04 | 1376 tok/s | fwd_bwd 5782ms data 1ms clip 20ms optim 112ms step 5925ms mem 1493/3311MB
step 149,260 | loss 1.6203 | lr 2.87e-04 | 1372 tok/s | fwd_bwd 5782ms data 0ms clip 20ms optim 112ms step 5920ms mem 1448/3311MB
step 149,270 | loss 3.4630 | lr 2.87e-04 | 1376 tok/s | fwd_bwd 5812ms data 0ms clip 20ms optim 112ms step 5948ms mem 1493/3311MB
step 149,280 | loss 3.2651 | lr 2.87e-04 | 1375 tok/s | fwd_bwd 5815ms data 0ms clip 20ms optim 112ms step 5957ms mem 1493/3311MB
step 149,290 | loss 2.2037 | lr 2.87e-04 | 1366 tok/s | fwd_bwd 5905ms data 1ms clip 23ms optim 120ms step 6066ms mem 1448/3311MB
step 149,300 | loss 2.9024 | lr 2.87e-04 | 1368 tok/s | fwd_bwd 5834ms data 1ms clip 20ms optim 111ms step 5976ms mem 1493/3311MB
step 149,310 | loss 3.2130 | lr 2.87e-04 | 1352 tok/s | fwd_bwd 5930ms data 1ms clip 23ms optim 120ms step 6090ms mem 1493/3311MB
step 149,320 | loss 2.1638 | lr 2.87e-04 | 1361 tok/s | fwd_bwd 5766ms data 1ms clip 20ms optim 112ms step 5911ms mem 1493/3311MB
step 149,330 | loss 2.6222 | lr 2.87e-04 | 1364 tok/s | fwd_bwd 5841ms data 1ms clip 20ms optim 112ms step 5984ms mem 1493/3311MB
step 149,340 | loss 3.4117 | lr 2.87e-04 | 1365 tok/s | fwd_bwd 5832ms data 1ms clip 20ms optim 112ms step 5975ms mem 1493/3311MB
step 149,350 | loss 2.7588 | lr 2.87e-04 | 1364 tok/s | fwd_bwd 5850ms data 0ms clip 20ms optim 112ms step 5989ms mem 1493/3311MB
step 149,360 | loss 3.6697 | lr 2.87e-04 | 1363 tok/s | fwd_bwd 5867ms data 0ms clip 20ms optim 111ms step 6004ms mem 1493/3311MB
step 149,370 | loss 3.1906 | lr 2.87e-04 | 1363 tok/s | fwd_bwd 5838ms data 1ms clip 20ms optim 112ms step 5984ms mem 1493/3311MB
step 149,380 | loss 3.1702 | lr 2.87e-04 | 1364 tok/s | fwd_bwd 5839ms data 0ms clip 20ms optim 112ms step 5981ms mem 1451/3311MB
step 149,390 | loss 2.7112 | lr 2.87e-04 | 1365 tok/s | fwd_bwd 5844ms data 1ms clip 20ms optim 111ms step 5987ms mem 1493/3311MB
step 149,400 | loss 3.1634 | lr 2.87e-04 | 1365 tok/s | fwd_bwd 5853ms data 0ms clip 20ms optim 112ms step 5993ms mem 1493/3311MB
step 149,410 | loss 2.9909 | lr 2.87e-04 | 1361 tok/s | fwd_bwd 5895ms data 1ms clip 23ms optim 121ms step 6059ms mem 1493/3311MB
step 149,420 | loss 2.4424 | lr 2.87e-04 | 1363 tok/s | fwd_bwd 5844ms data 0ms clip 20ms optim 112ms step 5982ms mem 1493/3311MB
step 149,430 | loss 3.9722 | lr 2.87e-04 | 1363 tok/s | fwd_bwd 5831ms data 1ms clip 20ms optim 112ms step 5974ms mem 1493/3311MB
step 149,440 | loss 3.2402 | lr 2.87e-04 | 1362 tok/s | fwd_bwd 5831ms data 1ms clip 20ms optim 112ms step 5975ms mem 1493/3311MB
step 149,450 | loss 3.1892 | lr 2.87e-04 | 1360 tok/s | fwd_bwd 5847ms data 1ms clip 20ms optim 111ms step 5986ms mem 1493/3311MB
step 149,460 | loss 2.8186 | lr 2.87e-04 | 1363 tok/s | fwd_bwd 5826ms data 1ms clip 20ms optim 112ms step 5971ms mem 1493/3311MB
step 149,470 | loss 3.7697 | lr 2.87e-04 | 1362 tok/s | fwd_bwd 5886ms data 0ms clip 20ms optim 112ms step 6027ms mem 1452/3311MB
step 149,480 | loss 2.4610 | lr 2.87e-04 | 1358 tok/s | fwd_bwd 5872ms data 0ms clip 20ms optim 112ms step 6008ms mem 1493/3311MB
step 149,490 | loss 2.2671 | lr 2.87e-04 | 1360 tok/s | fwd_bwd 5829ms data 1ms clip 20ms optim 112ms step 5970ms mem 1488/3311MB
step 149,500 | loss 3.2296 | lr 2.87e-04 | 1356 tok/s | fwd_bwd 5861ms data 1ms clip 20ms optim 111ms step 6000ms mem 1493/3311MB
  [eval] step 149500 | val_loss 3.1942 | ppl 24.39
step 149,510 | loss 2.0590 | lr 2.87e-04 | 767 tok/s | fwd_bwd 5858ms data 1ms clip 20ms optim 112ms step 6000ms mem 1493/3311MB
step 149,520 | loss 1.9751 | lr 2.87e-04 | 1361 tok/s | fwd_bwd 5890ms data 0ms clip 20ms optim 111ms step 6029ms mem 1451/3311MB
step 149,530 | loss 1.9278 | lr 2.87e-04 | 1357 tok/s | fwd_bwd 5897ms data 0ms clip 20ms optim 112ms step 6032ms mem 1476/3311MB
step 149,540 | loss 3.4085 | lr 2.87e-04 | 1353 tok/s | fwd_bwd 5876ms data 0ms clip 20ms optim 111ms step 6016ms mem 1451/3311MB
step 149,550 | loss 2.4577 | lr 2.87e-04 | 1349 tok/s | fwd_bwd 5911ms data 0ms clip 21ms optim 111ms step 6051ms mem 1493/3311MB
Checkpoint saved: checkpoints/step_149554
  Pruning old checkpoint: checkpoints/step_148381
step 149,560 | loss 3.3311 | lr 2.87e-04 | 1326 tok/s | fwd_bwd 5926ms data 0ms clip 20ms optim 112ms step 6064ms mem 1470/3311MB
step 149,570 | loss 2.9562 | lr 2.87e-04 | 1344 tok/s | fwd_bwd 5910ms data 0ms clip 20ms optim 112ms step 6049ms mem 1493/3311MB
step 149,580 | loss 1.5422 | lr 2.87e-04 | 1352 tok/s | fwd_bwd 5902ms data 0ms clip 20ms optim 112ms step 6042ms mem 1493/3311MB
step 149,590 | loss 2.9497 | lr 2.87e-04 | 1353 tok/s | fwd_bwd 5905ms data 0ms clip 20ms optim 112ms step 6044ms mem 1493/3311MB
step 149,600 | loss 3.0691 | lr 2.87e-04 | 1353 tok/s | fwd_bwd 5891ms data 1ms clip 20ms optim 112ms step 6034ms mem 1451/3311MB
step 149,610 | loss 2.9988 | lr 2.87e-04 | 1353 tok/s | fwd_bwd 5910ms data 0ms clip 21ms optim 112ms step 6048ms mem 1493/3311MB
step 149,620 | loss 2.4907 | lr 2.87e-04 | 1353 tok/s | fwd_bwd 5937ms data 1ms clip 20ms optim 112ms step 6088ms mem 1493/3311MB
step 149,630 | loss 4.0570 | lr 2.87e-04 | 1353 tok/s | fwd_bwd 5908ms data 0ms clip 20ms optim 112ms step 6049ms mem 1450/3311MB
step 149,640 | loss 2.8726 | lr 2.87e-04 | 1351 tok/s | fwd_bwd 5931ms data 0ms clip 20ms optim 112ms step 6070ms mem 1493/3311MB
step 149,650 | loss 3.5036 | lr 2.87e-04 | 1347 tok/s | fwd_bwd 5924ms data 0ms clip 20ms optim 112ms step 6066ms mem 1449/3311MB
step 149,660 | loss 2.3242 | lr 2.87e-04 | 1346 tok/s | fwd_bwd 5916ms data 1ms clip 20ms optim 111ms step 6061ms mem 1493/3311MB
step 149,670 | loss 3.6207 | lr 2.87e-04 | 1349 tok/s | fwd_bwd 5891ms data 0ms clip 20ms optim 111ms step 6028ms mem 1452/3311MB
step 149,680 | loss 2.6692 | lr 2.87e-04 | 1350 tok/s | fwd_bwd 5913ms data 0ms clip 20ms optim 112ms step 6053ms mem 1493/3311MB
step 149,690 | loss 3.0795 | lr 2.87e-04 | 1348 tok/s | fwd_bwd 5917ms data 0ms clip 20ms optim 112ms step 6055ms mem 1493/3311MB
step 149,700 | loss 3.6781 | lr 2.87e-04 | 1349 tok/s | fwd_bwd 5907ms data 1ms clip 20ms optim 112ms step 6049ms mem 1451/3311MB
step 149,710 | loss 3.5204 | lr 2.87e-04 | 1354 tok/s | fwd_bwd 5887ms data 0ms clip 20ms optim 112ms step 6027ms mem 1493/3311MB
step 149,720 | loss 0.6568 | lr 2.87e-04 | 1354 tok/s | fwd_bwd 5896ms data 1ms clip 20ms optim 112ms step 6040ms mem 1450/3311MB
step 149,730 | loss 3.4224 | lr 2.87e-04 | 1352 tok/s | fwd_bwd 5898ms data 0ms clip 20ms optim 112ms step 6034ms mem 1493/3311MB
step 149,740 | loss 3.3991 | lr 2.87e-04 | 1347 tok/s | fwd_bwd 5868ms data 0ms clip 20ms optim 112ms step 6008ms mem 1493/3311MB
step 149,750 | loss 2.8112 | lr 2.87e-04 | 1349 tok/s | fwd_bwd 5895ms data 0ms clip 20ms optim 112ms step 6035ms mem 1493/3311MB
step 149,760 | loss 2.0045 | lr 2.87e-04 | 1352 tok/s | fwd_bwd 5877ms data 0ms clip 20ms optim 112ms step 6018ms mem 1451/3311MB
step 149,770 | loss 3.1090 | lr 2.87e-04 | 1355 tok/s | fwd_bwd 5897ms data 1ms clip 20ms optim 112ms step 6042ms mem 1493/3311MB
step 149,780 | loss 2.9938 | lr 2.87e-04 | 1346 tok/s | fwd_bwd 5903ms data 0ms clip 20ms optim 112ms step 6044ms mem 1493/3311MB
step 149,790 | loss 2.5386 | lr 2.87e-04 | 1347 tok/s | fwd_bwd 5925ms data 1ms clip 20ms optim 111ms step 6071ms mem 1493/3311MB
step 149,800 | loss 3.9924 | lr 2.87e-04 | 1347 tok/s | fwd_bwd 5920ms data 1ms clip 20ms optim 112ms step 6060ms mem 1493/3311MB
step 149,810 | loss 2.8467 | lr 2.87e-04 | 1348 tok/s | fwd_bwd 5925ms data 0ms clip 20ms optim 112ms step 6060ms mem 1493/3311MB
step 149,820 | loss 3.1293 | lr 2.87e-04 | 1350 tok/s | fwd_bwd 5926ms data 0ms clip 20ms optim 112ms step 6064ms mem 1493/3311MB
step 149,830 | loss 3.7901 | lr 2.87e-04 | 1346 tok/s | fwd_bwd 5980ms data 1ms clip 23ms optim 119ms step 6141ms mem 1476/3311MB
step 149,840 | loss 3.0316 | lr 2.87e-04 | 1347 tok/s | fwd_bwd 5930ms data 0ms clip 20ms optim 112ms step 6066ms mem 1452/3311MB
step 149,850 | loss 2.4476 | lr 2.87e-04 | 1344 tok/s | fwd_bwd 5928ms data 0ms clip 20ms optim 111ms step 6065ms mem 1493/3311MB
step 149,860 | loss 2.8132 | lr 2.87e-04 | 1341 tok/s | fwd_bwd 5936ms data 0ms clip 20ms optim 112ms step 6076ms mem 1493/3311MB
step 149,870 | loss 3.1596 | lr 2.87e-04 | 1346 tok/s | fwd_bwd 5933ms data 0ms clip 20ms optim 111ms step 6071ms mem 1493/3311MB
step 149,880 | loss 2.7820 | lr 2.87e-04 | 1344 tok/s | fwd_bwd 5932ms data 0ms clip 20ms optim 112ms step 6069ms mem 1493/3311MB
step 149,890 | loss 1.9791 | lr 2.87e-04 | 1345 tok/s | fwd_bwd 5924ms data 0ms clip 20ms optim 112ms step 6067ms mem 1493/3311MB
step 149,900 | loss 2.0366 | lr 2.87e-04 | 1347 tok/s | fwd_bwd 5911ms data 0ms clip 20ms optim 112ms step 6051ms mem 1493/3311MB
step 149,910 | loss 1.5244 | lr 2.87e-04 | 1348 tok/s | fwd_bwd 5910ms data 1ms clip 20ms optim 111ms step 6052ms mem 1493/3311MB
step 149,920 | loss 1.6602 | lr 2.87e-04 | 1350 tok/s | fwd_bwd 5897ms data 0ms clip 20ms optim 111ms step 6037ms mem 1493/3311MB
step 149,930 | loss 2.8342 | lr 2.87e-04 | 1357 tok/s | fwd_bwd 5854ms data 1ms clip 20ms optim 112ms step 5998ms mem 1452/3311MB
step 149,940 | loss 1.7860 | lr 2.87e-04 | 1364 tok/s | fwd_bwd 5828ms data 0ms clip 20ms optim 111ms step 5968ms mem 1493/3311MB
step 149,950 | loss 3.6237 | lr 2.87e-04 | 1365 tok/s | fwd_bwd 5857ms data 0ms clip 20ms optim 112ms step 5995ms mem 1493/3311MB
step 149,960 | loss 2.4424 | lr 2.87e-04 | 1365 tok/s | fwd_bwd 5854ms data 0ms clip 20ms optim 112ms step 5989ms mem 1493/3311MB
step 149,970 | loss 1.3518 | lr 2.87e-04 | 1367 tok/s | fwd_bwd 5814ms data 0ms clip 20ms optim 112ms step 5955ms mem 1448/3311MB
step 149,980 | loss 3.6293 | lr 2.87e-04 | 1368 tok/s | fwd_bwd 5812ms data 1ms clip 20ms optim 112ms step 5955ms mem 1493/3311MB
step 149,990 | loss 2.7072 | lr 2.87e-04 | 1370 tok/s | fwd_bwd 5820ms data 0ms clip 20ms optim 111ms step 5957ms mem 1451/3311MB
step 150,000 | loss 2.5296 | lr 2.87e-04 | 1375 tok/s | fwd_bwd 5799ms data 0ms clip 20ms optim 111ms step 5937ms mem 1448/3311MB
  [eval] step 150000 | val_loss 3.1425 | ppl 23.16
Checkpoint saved: checkpoints/step_150000
  [samples] wrote checkpoints/step_150000/samples.txt
  Pruning old checkpoint: checkpoints/step_148974
step 150,010 | loss 3.3346 | lr 2.87e-04 | 592 tok/s | fwd_bwd 5802ms data 1ms clip 20ms optim 112ms step 5949ms mem 1493/3311MB
step 150,020 | loss 3.8503 | lr 2.86e-04 | 1372 tok/s | fwd_bwd 5814ms data 0ms clip 20ms optim 114ms step 5956ms mem 1493/3311MB
step 150,030 | loss 3.1428 | lr 2.86e-04 | 1377 tok/s | fwd_bwd 5768ms data 1ms clip 20ms optim 112ms step 5914ms mem 1493/3311MB
step 150,040 | loss 1.9770 | lr 2.86e-04 | 1380 tok/s | fwd_bwd 5765ms data 0ms clip 20ms optim 112ms step 5906ms mem 1493/3311MB
step 150,050 | loss 2.4605 | lr 2.86e-04 | 1380 tok/s | fwd_bwd 5744ms data 1ms clip 20ms optim 112ms step 5891ms mem 1493/3311MB
step 150,060 | loss 3.0879 | lr 2.86e-04 | 1380 tok/s | fwd_bwd 5767ms data 0ms clip 20ms optim 112ms step 5905ms mem 1493/3311MB
step 150,070 | loss 2.0188 | lr 2.86e-04 | 1385 tok/s | fwd_bwd 5758ms data 0ms clip 20ms optim 112ms step 5896ms mem 1488/3311MB
step 150,080 | loss 4.1676 | lr 2.86e-04 | 1383 tok/s | fwd_bwd 5742ms data 1ms clip 20ms optim 112ms step 5882ms mem 1464/3311MB
step 150,090 | loss 2.8702 | lr 2.86e-04 | 1388 tok/s | fwd_bwd 5754ms data 0ms clip 20ms optim 112ms step 5891ms mem 1493/3311MB
step 150,100 | loss 2.9603 | lr 2.86e-04 | 1388 tok/s | fwd_bwd 5734ms data 0ms clip 20ms optim 112ms step 5875ms mem 1493/3311MB
step 150,110 | loss 1.7052 | lr 2.86e-04 | 1388 tok/s | fwd_bwd 5711ms data 1ms clip 20ms optim 112ms step 5856ms mem 1493/3311MB
step 150,120 | loss 3.2165 | lr 2.86e-04 | 1387 tok/s | fwd_bwd 5742ms data 0ms clip 20ms optim 112ms step 5881ms mem 1493/3311MB
step 150,130 | loss 3.5092 | lr 2.86e-04 | 1388 tok/s | fwd_bwd 5730ms data 1ms clip 20ms optim 112ms step 5875ms mem 1493/3311MB
Checkpoint saved: checkpoints/step_150139
  Pruning old checkpoint: checkpoints/step_149000
step 150,140 | loss 2.4109 | lr 2.86e-04 | 1364 tok/s | fwd_bwd 5522ms data 1ms clip 20ms optim 112ms step 5664ms mem 1451/3311MB
step 150,150 | loss 3.0397 | lr 2.86e-04 | 1382 tok/s | fwd_bwd 5786ms data 0ms clip 20ms optim 111ms step 5921ms mem 1448/3311MB
step 150,160 | loss 2.4699 | lr 2.86e-04 | 1390 tok/s | fwd_bwd 5729ms data 1ms clip 20ms optim 111ms step 5872ms mem 1451/3311MB
step 150,170 | loss 2.3383 | lr 2.86e-04 | 1392 tok/s | fwd_bwd 5734ms data 0ms clip 20ms optim 111ms step 5871ms mem 1450/3311MB
step 150,180 | loss 3.3495 | lr 2.86e-04 | 1392 tok/s | fwd_bwd 5742ms data 0ms clip 20ms optim 112ms step 5881ms mem 1448/3311MB
step 150,190 | loss 2.1599 | lr 2.86e-04 | 1389 tok/s | fwd_bwd 5732ms data 1ms clip 20ms optim 112ms step 5875ms mem 1493/3311MB
step 150,200 | loss 3.2898 | lr 2.86e-04 | 1387 tok/s | fwd_bwd 5738ms data 1ms clip 20ms optim 111ms step 5882ms mem 1493/3311MB
step 150,210 | loss 2.3956 | lr 2.86e-04 | 1389 tok/s | fwd_bwd 5770ms data 0ms clip 20ms optim 112ms step 5907ms mem 1448/3311MB
step 150,220 | loss 3.7372 | lr 2.86e-04 | 1386 tok/s | fwd_bwd 5772ms data 0ms clip 20ms optim 112ms step 5907ms mem 1451/3311MB
step 150,230 | loss 1.9850 | lr 2.86e-04 | 1382 tok/s | fwd_bwd 5783ms data 0ms clip 20ms optim 112ms step 5924ms mem 1452/3311MB
step 150,240 | loss 3.7157 | lr 2.86e-04 | 1376 tok/s | fwd_bwd 5790ms data 1ms clip 20ms optim 112ms step 5933ms mem 1448/3311MB
step 150,250 | loss 3.3267 | lr 2.86e-04 | 1379 tok/s | fwd_bwd 5806ms data 0ms clip 20ms optim 112ms step 5941ms mem 1452/3311MB
step 150,260 | loss 2.0839 | lr 2.86e-04 | 1384 tok/s | fwd_bwd 5762ms data 0ms clip 20ms optim 112ms step 5902ms mem 1493/3311MB
step 150,270 | loss 2.8616 | lr 2.86e-04 | 1387 tok/s | fwd_bwd 5733ms data 0ms clip 20ms optim 112ms step 5873ms mem 1448/3311MB
step 150,280 | loss 3.2406 | lr 2.86e-04 | 1384 tok/s | fwd_bwd 5779ms data 0ms clip 20ms optim 111ms step 5917ms mem 1452/3311MB
step 150,290 | loss 3.7698 | lr 2.86e-04 | 1382 tok/s | fwd_bwd 5800ms data 0ms clip 20ms optim 112ms step 5936ms mem 1451/3311MB
step 150,300 | loss 2.0997 | lr 2.86e-04 | 1384 tok/s | fwd_bwd 5744ms data 0ms clip 20ms optim 111ms step 5886ms mem 1448/3311MB
step 150,310 | loss 3.6694 | lr 2.86e-04 | 1391 tok/s | fwd_bwd 5744ms data 0ms clip 20ms optim 111ms step 5882ms mem 1493/3311MB
step 150,320 | loss 1.6225 | lr 2.86e-04 | 1391 tok/s | fwd_bwd 5667ms data 0ms clip 20ms optim 111ms step 5807ms mem 1493/3311MB
step 150,330 | loss 2.5021 | lr 2.86e-04 | 1388 tok/s | fwd_bwd 5757ms data 0ms clip 20ms optim 112ms step 5894ms mem 1448/3311MB
step 150,340 | loss 3.2481 | lr 2.86e-04 | 1380 tok/s | fwd_bwd 5798ms data 0ms clip 20ms optim 112ms step 5933ms mem 1493/3311MB
step 150,350 | loss 3.2381 | lr 2.86e-04 | 1384 tok/s | fwd_bwd 5736ms data 1ms clip 20ms optim 112ms step 5880ms mem 1448/3311MB
step 150,360 | loss 2.7056 | lr 2.86e-04 | 1385 tok/s | fwd_bwd 5762ms data 0ms clip 20ms optim 112ms step 5901ms mem 1448/3311MB
step 150,370 | loss 2.3726 | lr 2.86e-04 | 1382 tok/s | fwd_bwd 5782ms data 0ms clip 20ms optim 112ms step 5919ms mem 1493/3311MB
step 150,380 | loss 2.3589 | lr 2.86e-04 | 1370 tok/s | fwd_bwd 5807ms data 0ms clip 20ms optim 112ms step 5947ms mem 1488/3311MB
step 150,390 | loss 3.2514 | lr 2.86e-04 | 1375 tok/s | fwd_bwd 5833ms data 1ms clip 23ms optim 121ms step 5995ms mem 1493/3311MB
step 150,400 | loss 1.8202 | lr 2.86e-04 | 1378 tok/s | fwd_bwd 5815ms data 0ms clip 20ms optim 111ms step 5950ms mem 1493/3311MB
step 150,410 | loss 3.5125 | lr 2.86e-04 | 1376 tok/s | fwd_bwd 5791ms data 0ms clip 20ms optim 111ms step 5933ms mem 1493/3311MB
step 150,420 | loss 3.0339 | lr 2.86e-04 | 1370 tok/s | fwd_bwd 5813ms data 0ms clip 20ms optim 111ms step 5950ms mem 1493/3311MB
step 150,430 | loss 2.5499 | lr 2.86e-04 | 1373 tok/s | fwd_bwd 5835ms data 1ms clip 23ms optim 120ms step 5996ms mem 1448/3311MB
step 150,440 | loss 1.5413 | lr 2.86e-04 | 1387 tok/s | fwd_bwd 5741ms data 0ms clip 20ms optim 112ms step 5878ms mem 1493/3311MB
step 150,450 | loss 3.3308 | lr 2.86e-04 | 1390 tok/s | fwd_bwd 5748ms data 0ms clip 20ms optim 111ms step 5885ms mem 1493/3311MB
step 150,460 | loss 3.4981 | lr 2.86e-04 | 1384 tok/s | fwd_bwd 5752ms data 0ms clip 20ms optim 112ms step 5895ms mem 1448/3311MB
step 150,470 | loss 2.5551 | lr 2.86e-04 | 1386 tok/s | fwd_bwd 5737ms data 1ms clip 20ms optim 112ms step 5883ms mem 1493/3311MB
step 150,480 | loss 1.4199 | lr 2.86e-04 | 1390 tok/s | fwd_bwd 5750ms data 0ms clip 20ms optim 112ms step 5888ms mem 1493/3311MB
step 150,490 | loss 4.1148 | lr 2.86e-04 | 1387 tok/s | fwd_bwd 5758ms data 0ms clip 20ms optim 112ms step 5896ms mem 1448/3311MB
step 150,500 | loss 2.6749 | lr 2.86e-04 | 1386 tok/s | fwd_bwd 5763ms data 0ms clip 20ms optim 111ms step 5900ms mem 1451/3311MB
  [eval] step 150500 | val_loss 3.0636 | ppl 21.40
step 150,510 | loss 2.0178 | lr 2.86e-04 | 783 tok/s | fwd_bwd 5750ms data 0ms clip 20ms optim 112ms step 5888ms mem 1493/3311MB
step 150,520 | loss 3.1168 | lr 2.86e-04 | 1389 tok/s | fwd_bwd 5743ms data 0ms clip 20ms optim 111ms step 5883ms mem 1493/3311MB
step 150,530 | loss 3.4120 | lr 2.86e-04 | 1380 tok/s | fwd_bwd 5829ms data 1ms clip 20ms optim 112ms step 5979ms mem 1493/3311MB
step 150,540 | loss 3.0332 | lr 2.86e-04 | 1387 tok/s | fwd_bwd 5756ms data 0ms clip 20ms optim 111ms step 5897ms mem 1464/3311MB
step 150,550 | loss 2.8512 | lr 2.86e-04 | 1381 tok/s | fwd_bwd 5758ms data 1ms clip 20ms optim 112ms step 5902ms mem 1493/3311MB
step 150,560 | loss 3.5852 | lr 2.86e-04 | 1381 tok/s | fwd_bwd 5739ms data 1ms clip 20ms optim 112ms step 5883ms mem 1493/3311MB
step 150,570 | loss 2.3035 | lr 2.86e-04 | 1386 tok/s | fwd_bwd 5756ms data 0ms clip 20ms optim 112ms step 5894ms mem 1452/3311MB
step 150,580 | loss 3.4893 | lr 2.86e-04 | 1386 tok/s | fwd_bwd 5736ms data 1ms clip 20ms optim 112ms step 5880ms mem 1452/3311MB
step 150,590 | loss 2.0601 | lr 2.86e-04 | 1386 tok/s | fwd_bwd 5740ms data 0ms clip 20ms optim 111ms step 5878ms mem 1493/3311MB
step 150,600 | loss 1.4616 | lr 2.86e-04 | 1389 tok/s | fwd_bwd 5784ms data 0ms clip 20ms optim 112ms step 5922ms mem 1493/3311MB
step 150,610 | loss 1.6672 | lr 2.86e-04 | 1377 tok/s | fwd_bwd 5776ms data 0ms clip 20ms optim 112ms step 5914ms mem 1493/3311MB
step 150,620 | loss 2.4143 | lr 2.86e-04 | 1379 tok/s | fwd_bwd 5789ms data 0ms clip 20ms optim 112ms step 5928ms mem 1493/3311MB
step 150,630 | loss 1.4330 | lr 2.86e-04 | 1380 tok/s | fwd_bwd 5855ms data 0ms clip 20ms optim 113ms step 5993ms mem 1493/3311MB
step 150,640 | loss 2.5972 | lr 2.86e-04 | 1384 tok/s | fwd_bwd 5726ms data 1ms clip 20ms optim 112ms step 5873ms mem 1493/3311MB
step 150,650 | loss 3.5939 | lr 2.86e-04 | 1387 tok/s | fwd_bwd 5749ms data 0ms clip 20ms optim 111ms step 5886ms mem 1493/3311MB
step 150,660 | loss 2.2983 | lr 2.86e-04 | 1387 tok/s | fwd_bwd 5736ms data 1ms clip 20ms optim 111ms step 5882ms mem 1493/3311MB
step 150,670 | loss 2.0581 | lr 2.86e-04 | 1384 tok/s | fwd_bwd 5739ms data 1ms clip 20ms optim 111ms step 5879ms mem 1493/3311MB
step 150,680 | loss 2.3596 | lr 2.86e-04 | 1385 tok/s | fwd_bwd 5763ms data 0ms clip 20ms optim 112ms step 5901ms mem 1493/3311MB
step 150,690 | loss 2.2095 | lr 2.86e-04 | 1386 tok/s | fwd_bwd 5772ms data 0ms clip 20ms optim 111ms step 5908ms mem 1493/3311MB
step 150,700 | loss 3.3374 | lr 2.86e-04 | 1385 tok/s | fwd_bwd 5775ms data 0ms clip 20ms optim 112ms step 5911ms mem 1493/3311MB
step 150,710 | loss 2.4733 | lr 2.86e-04 | 1383 tok/s | fwd_bwd 5771ms data 0ms clip 20ms optim 112ms step 5908ms mem 1493/3311MB
step 150,720 | loss 3.1717 | lr 2.86e-04 | 1381 tok/s | fwd_bwd 5781ms data 0ms clip 20ms optim 111ms step 5921ms mem 1493/3311MB
step 150,730 | loss 3.6953 | lr 2.86e-04 | 1379 tok/s | fwd_bwd 5779ms data 1ms clip 20ms optim 112ms step 5920ms mem 1451/3311MB
step 150,740 | loss 1.8134 | lr 2.86e-04 | 1373 tok/s | fwd_bwd 5794ms data 0ms clip 20ms optim 111ms step 5932ms mem 1493/3311MB
Checkpoint saved: checkpoints/step_150740
  Pruning old checkpoint: checkpoints/step_149554
step 150,750 | loss 3.4465 | lr 2.86e-04 | 1363 tok/s | fwd_bwd 5830ms data 1ms clip 23ms optim 120ms step 5991ms mem 1493/3311MB
step 150,760 | loss 2.0294 | lr 2.86e-04 | 1385 tok/s | fwd_bwd 5750ms data 1ms clip 20ms optim 111ms step 5892ms mem 1493/3311MB
step 150,770 | loss 3.2987 | lr 2.86e-04 | 1383 tok/s | fwd_bwd 5778ms data 0ms clip 20ms optim 111ms step 5917ms mem 1452/3311MB
step 150,780 | loss 3.6611 | lr 2.86e-04 | 1380 tok/s | fwd_bwd 5756ms data 0ms clip 20ms optim 112ms step 5896ms mem 1493/3311MB
step 150,790 | loss 3.7226 | lr 2.86e-04 | 1381 tok/s | fwd_bwd 5773ms data 0ms clip 20ms optim 112ms step 5913ms mem 1452/3311MB
step 150,800 | loss 2.0404 | lr 2.86e-04 | 1383 tok/s | fwd_bwd 5777ms data 0ms clip 20ms optim 111ms step 5915ms mem 1493/3311MB
step 150,810 | loss 2.1969 | lr 2.86e-04 | 1381 tok/s | fwd_bwd 5758ms data 0ms clip 20ms optim 111ms step 5900ms mem 1451/3311MB
step 150,820 | loss 2.2446 | lr 2.86e-04 | 1383 tok/s | fwd_bwd 5702ms data 0ms clip 20ms optim 112ms step 5843ms mem 1451/3311MB
step 150,830 | loss 1.4911 | lr 2.86e-04 | 1379 tok/s | fwd_bwd 5776ms data 1ms clip 20ms optim 111ms step 5920ms mem 1452/3311MB
step 150,840 | loss 2.9010 | lr 2.86e-04 | 1379 tok/s | fwd_bwd 5788ms data 0ms clip 20ms optim 111ms step 5924ms mem 1452/3311MB
step 150,850 | loss 2.9398 | lr 2.86e-04 | 1383 tok/s | fwd_bwd 5740ms data 1ms clip 20ms optim 112ms step 5884ms mem 1451/3311MB
step 150,860 | loss 2.5641 | lr 2.86e-04 | 1381 tok/s | fwd_bwd 5807ms data 0ms clip 20ms optim 111ms step 5941ms mem 1493/3311MB
step 150,870 | loss 3.7414 | lr 2.86e-04 | 1378 tok/s | fwd_bwd 5767ms data 1ms clip 20ms optim 111ms step 5911ms mem 1493/3311MB
step 150,880 | loss 3.7930 | lr 2.86e-04 | 1379 tok/s | fwd_bwd 5806ms data 1ms clip 20ms optim 112ms step 5955ms mem 1493/3311MB
step 150,890 | loss 2.7867 | lr 2.86e-04 | 1382 tok/s | fwd_bwd 5781ms data 0ms clip 20ms optim 111ms step 5923ms mem 1493/3311MB
step 150,900 | loss 4.0544 | lr 2.86e-04 | 1380 tok/s | fwd_bwd 5773ms data 0ms clip 20ms optim 111ms step 5912ms mem 1493/3311MB
step 150,910 | loss 1.3074 | lr 2.86e-04 | 1383 tok/s | fwd_bwd 5745ms data 1ms clip 20ms optim 112ms step 5890ms mem 1492/3311MB
step 150,920 | loss 2.7680 | lr 2.86e-04 | 1379 tok/s | fwd_bwd 5776ms data 0ms clip 20ms optim 111ms step 5913ms mem 1493/3311MB
step 150,930 | loss 2.8902 | lr 2.86e-04 | 1380 tok/s | fwd_bwd 5787ms data 0ms clip 20ms optim 111ms step 5922ms mem 1451/3311MB
step 150,940 | loss 3.9891 | lr 2.86e-04 | 1377 tok/s | fwd_bwd 5790ms data 0ms clip 20ms optim 112ms step 5931ms mem 1451/3311MB
step 150,950 | loss 1.4609 | lr 2.85e-04 | 1378 tok/s | fwd_bwd 5788ms data 0ms clip 20ms optim 111ms step 5923ms mem 1493/3311MB
step 150,960 | loss 3.7087 | lr 2.85e-04 | 1383 tok/s | fwd_bwd 5763ms data 1ms clip 20ms optim 112ms step 5905ms mem 1493/3311MB
step 150,970 | loss 1.5416 | lr 2.85e-04 | 1384 tok/s | fwd_bwd 5780ms data 0ms clip 20ms optim 112ms step 5915ms mem 1493/3311MB
step 150,980 | loss 3.6518 | lr 2.85e-04 | 1385 tok/s | fwd_bwd 5740ms data 1ms clip 20ms optim 112ms step 5884ms mem 1493/3311MB
step 150,990 | loss 2.1146 | lr 2.85e-04 | 1385 tok/s | fwd_bwd 5758ms data 0ms clip 20ms optim 111ms step 5896ms mem 1493/3311MB
step 151,000 | loss 2.9669 | lr 2.85e-04 | 1381 tok/s | fwd_bwd 5786ms data 0ms clip 20ms optim 111ms step 5923ms mem 1493/3311MB
  [eval] step 151000 | val_loss 3.3865 | ppl 29.56
Checkpoint saved: checkpoints/step_151000
  [samples] wrote checkpoints/step_151000/samples.txt
  Pruning old checkpoint: checkpoints/step_150000
step 151,010 | loss 3.2740 | lr 2.85e-04 | 590 tok/s | fwd_bwd 5800ms data 0ms clip 20ms optim 111ms step 5937ms mem 1493/3311MB
step 151,020 | loss 3.9063 | lr 2.85e-04 | 1377 tok/s | fwd_bwd 5772ms data 1ms clip 20ms optim 112ms step 5915ms mem 1493/3311MB
step 151,030 | loss 3.8902 | lr 2.85e-04 | 1375 tok/s | fwd_bwd 5785ms data 0ms clip 20ms optim 112ms step 5924ms mem 1493/3311MB
step 151,040 | loss 2.4202 | lr 2.85e-04 | 1379 tok/s | fwd_bwd 5766ms data 1ms clip 20ms optim 111ms step 5908ms mem 1493/3311MB
step 151,050 | loss 2.0789 | lr 2.85e-04 | 1377 tok/s | fwd_bwd 5763ms data 1ms clip 20ms optim 113ms step 5912ms mem 1493/3311MB
step 151,060 | loss 2.9072 | lr 2.85e-04 | 1384 tok/s | fwd_bwd 5756ms data 0ms clip 20ms optim 111ms step 5896ms mem 1493/3311MB
step 151,070 | loss 3.3258 | lr 2.85e-04 | 1383 tok/s | fwd_bwd 5799ms data 0ms clip 20ms optim 111ms step 5934ms mem 1493/3311MB
step 151,080 | loss 2.7575 | lr 2.85e-04 | 1380 tok/s | fwd_bwd 5774ms data 0ms clip 20ms optim 111ms step 5912ms mem 1493/3311MB
step 151,090 | loss 3.3598 | lr 2.85e-04 | 1380 tok/s | fwd_bwd 5777ms data 0ms clip 20ms optim 112ms step 5916ms mem 1493/3311MB
step 151,100 | loss 1.4417 | lr 2.85e-04 | 1380 tok/s | fwd_bwd 5781ms data 0ms clip 20ms optim 111ms step 5923ms mem 1493/3311MB
step 151,110 | loss 3.0146 | lr 2.85e-04 | 1377 tok/s | fwd_bwd 5750ms data 0ms clip 20ms optim 111ms step 5889ms mem 1493/3311MB
step 151,120 | loss 3.2952 | lr 2.85e-04 | 1378 tok/s | fwd_bwd 5762ms data 1ms clip 21ms optim 111ms step 5905ms mem 1493/3311MB
step 151,130 | loss 3.5798 | lr 2.85e-04 | 1379 tok/s | fwd_bwd 5793ms data 0ms clip 20ms optim 111ms step 5932ms mem 1493/3311MB
step 151,140 | loss 0.1963 | lr 2.85e-04 | 1379 tok/s | fwd_bwd 5787ms data 0ms clip 20ms optim 112ms step 5927ms mem 1452/3311MB
step 151,150 | loss 2.8709 | lr 2.85e-04 | 1380 tok/s | fwd_bwd 5765ms data 1ms clip 20ms optim 112ms step 5909ms mem 1452/3311MB
step 151,160 | loss 3.3140 | lr 2.85e-04 | 1377 tok/s | fwd_bwd 5730ms data 0ms clip 20ms optim 112ms step 5870ms mem 1493/3311MB
step 151,170 | loss 3.2348 | lr 2.85e-04 | 1379 tok/s | fwd_bwd 5773ms data 1ms clip 20ms optim 112ms step 5915ms mem 1493/3311MB
step 151,180 | loss 3.9678 | lr 2.85e-04 | 1378 tok/s | fwd_bwd 5759ms data 1ms clip 20ms optim 111ms step 5903ms mem 1493/3311MB
step 151,190 | loss 2.0606 | lr 2.85e-04 | 1381 tok/s | fwd_bwd 5762ms data 0ms clip 20ms optim 111ms step 5902ms mem 1493/3311MB
step 151,200 | loss 1.8460 | lr 2.85e-04 | 1382 tok/s | fwd_bwd 5790ms data 0ms clip 20ms optim 113ms step 5928ms mem 1493/3311MB
step 151,210 | loss 2.8570 | lr 2.85e-04 | 1381 tok/s | fwd_bwd 5767ms data 0ms clip 20ms optim 111ms step 5906ms mem 1493/3311MB
step 151,220 | loss 2.2346 | lr 2.85e-04 | 1383 tok/s | fwd_bwd 5773ms data 0ms clip 20ms optim 112ms step 5913ms mem 1493/3311MB
step 151,230 | loss 2.4223 | lr 2.85e-04 | 1388 tok/s | fwd_bwd 5743ms data 0ms clip 20ms optim 112ms step 5882ms mem 1493/3311MB
step 151,240 | loss 0.0070 | lr 2.85e-04 | 1384 tok/s | fwd_bwd 5779ms data 0ms clip 20ms optim 111ms step 5917ms mem 1451/3311MB
step 151,250 | loss 2.7427 | lr 2.85e-04 | 1385 tok/s | fwd_bwd 5667ms data 1ms clip 20ms optim 111ms step 5808ms mem 1448/3311MB
step 151,260 | loss 2.2805 | lr 2.85e-04 | 1388 tok/s | fwd_bwd 5739ms data 1ms clip 20ms optim 112ms step 5878ms mem 1493/3311MB
step 151,270 | loss 1.9308 | lr 2.85e-04 | 1386 tok/s | fwd_bwd 5786ms data 1ms clip 23ms optim 121ms step 5950ms mem 1493/3311MB
step 151,280 | loss 2.5140 | lr 2.85e-04 | 1386 tok/s | fwd_bwd 5778ms data 1ms clip 20ms optim 112ms step 5916ms mem 1493/3311MB
step 151,290 | loss 2.9519 | lr 2.85e-04 | 1386 tok/s | fwd_bwd 5776ms data 0ms clip 20ms optim 111ms step 5918ms mem 1493/3311MB
step 151,300 | loss 1.5807 | lr 2.85e-04 | 1387 tok/s | fwd_bwd 5738ms data 1ms clip 20ms optim 111ms step 5882ms mem 1493/3311MB
step 151,310 | loss 0.2617 | lr 2.85e-04 | 1384 tok/s | fwd_bwd 5742ms data 0ms clip 20ms optim 112ms step 5884ms mem 1493/3311MB
step 151,320 | loss 3.7747 | lr 2.85e-04 | 1385 tok/s | fwd_bwd 5748ms data 1ms clip 20ms optim 112ms step 5892ms mem 1493/3311MB
step 151,330 | loss 1.8334 | lr 2.85e-04 | 1377 tok/s | fwd_bwd 5756ms data 1ms clip 20ms optim 111ms step 5900ms mem 1493/3311MB
Checkpoint saved: checkpoints/step_151334
  Pruning old checkpoint: checkpoints/step_150139
step 151,340 | loss 1.2402 | lr 2.85e-04 | 1365 tok/s | fwd_bwd 5778ms data 1ms clip 20ms optim 112ms step 5920ms mem 1451/3311MB
step 151,350 | loss 2.8926 | lr 2.85e-04 | 1382 tok/s | fwd_bwd 5792ms data 0ms clip 20ms optim 111ms step 5927ms mem 1493/3311MB
step 151,360 | loss 2.0133 | lr 2.85e-04 | 1361 tok/s | fwd_bwd 5789ms data 0ms clip 20ms optim 112ms step 5925ms mem 1452/3311MB
step 151,370 | loss 2.9594 | lr 2.85e-04 | 1381 tok/s | fwd_bwd 5757ms data 0ms clip 20ms optim 112ms step 5897ms mem 1493/3311MB
step 151,380 | loss 1.6858 | lr 2.85e-04 | 1380 tok/s | fwd_bwd 5775ms data 1ms clip 20ms optim 111ms step 5924ms mem 1493/3311MB
step 151,390 | loss 1.6106 | lr 2.85e-04 | 1385 tok/s | fwd_bwd 5767ms data 0ms clip 20ms optim 112ms step 5905ms mem 1493/3311MB
step 151,400 | loss 2.0557 | lr 2.85e-04 | 1385 tok/s | fwd_bwd 5740ms data 0ms clip 20ms optim 111ms step 5880ms mem 1452/3311MB
step 151,410 | loss 3.4750 | lr 2.85e-04 | 1381 tok/s | fwd_bwd 5769ms data 0ms clip 20ms optim 111ms step 5909ms mem 1493/3311MB
step 151,420 | loss 2.9056 | lr 2.85e-04 | 1380 tok/s | fwd_bwd 5751ms data 1ms clip 20ms optim 111ms step 5891ms mem 1493/3311MB
step 151,430 | loss 3.4405 | lr 2.85e-04 | 1380 tok/s | fwd_bwd 5758ms data 1ms clip 20ms optim 112ms step 5905ms mem 1493/3311MB
step 151,440 | loss 3.5435 | lr 2.85e-04 | 1379 tok/s | fwd_bwd 5704ms data 0ms clip 20ms optim 111ms step 5844ms mem 1493/3311MB
step 151,450 | loss 3.1992 | lr 2.85e-04 | 1375 tok/s | fwd_bwd 5757ms data 1ms clip 20ms optim 112ms step 5899ms mem 1493/3311MB
step 151,460 | loss 3.0979 | lr 2.85e-04 | 1379 tok/s | fwd_bwd 5781ms data 0ms clip 20ms optim 111ms step 5919ms mem 1493/3311MB
step 151,470 | loss 2.5159 | lr 2.85e-04 | 1382 tok/s | fwd_bwd 5756ms data 1ms clip 20ms optim 111ms step 5900ms mem 1493/3311MB
step 151,480 | loss 4.0221 | lr 2.85e-04 | 1380 tok/s | fwd_bwd 5770ms data 0ms clip 20ms optim 112ms step 5908ms mem 1493/3311MB
step 151,490 | loss 2.8978 | lr 2.85e-04 | 1383 tok/s | fwd_bwd 5779ms data 0ms clip 20ms optim 113ms step 5919ms mem 1493/3311MB
step 151,500 | loss 3.5921 | lr 2.85e-04 | 1381 tok/s | fwd_bwd 5781ms data 0ms clip 20ms optim 111ms step 5918ms mem 1493/3311MB
  [eval] step 151500 | val_loss 3.2149 | ppl 24.90
step 151,510 | loss 3.4377 | lr 2.85e-04 | 779 tok/s | fwd_bwd 5777ms data 0ms clip 20ms optim 111ms step 5914ms mem 1493/3311MB
step 151,520 | loss 1.6905 | lr 2.85e-04 | 1378 tok/s | fwd_bwd 5834ms data 1ms clip 20ms optim 111ms step 5976ms mem 1493/3311MB
step 151,530 | loss 1.2350 | lr 2.85e-04 | 1375 tok/s | fwd_bwd 5808ms data 0ms clip 20ms optim 112ms step 5948ms mem 1452/3311MB
step 151,540 | loss 3.5728 | lr 2.85e-04 | 1375 tok/s | fwd_bwd 5793ms data 0ms clip 20ms optim 112ms step 5933ms mem 1493/3311MB
step 151,550 | loss 3.2973 | lr 2.85e-04 | 1373 tok/s | fwd_bwd 5817ms data 0ms clip 20ms optim 112ms step 5953ms mem 1493/3311MB
step 151,560 | loss 1.9558 | lr 2.85e-04 | 1372 tok/s | fwd_bwd 5793ms data 1ms clip 20ms optim 112ms step 5938ms mem 1493/3311MB
step 151,570 | loss 3.8479 | lr 2.85e-04 | 1369 tok/s | fwd_bwd 5822ms data 0ms clip 20ms optim 112ms step 5962ms mem 1493/3311MB
step 151,580 | loss 3.4453 | lr 2.85e-04 | 1371 tok/s | fwd_bwd 5794ms data 0ms clip 20ms optim 111ms step 5930ms mem 1493/3311MB
step 151,590 | loss 2.0642 | lr 2.85e-04 | 1368 tok/s | fwd_bwd 5824ms data 1ms clip 20ms optim 111ms step 5966ms mem 1493/3311MB
step 151,600 | loss 2.1221 | lr 2.85e-04 | 1366 tok/s | fwd_bwd 5825ms data 0ms clip 20ms optim 112ms step 5965ms mem 1493/3311MB
step 151,610 | loss 0.6225 | lr 2.85e-04 | 1367 tok/s | fwd_bwd 5814ms data 1ms clip 20ms optim 112ms step 5961ms mem 1470/3311MB
step 151,620 | loss 3.4118 | lr 2.85e-04 | 1372 tok/s | fwd_bwd 5794ms data 1ms clip 20ms optim 111ms step 5937ms mem 1448/3311MB
step 151,630 | loss 3.4688 | lr 2.85e-04 | 1372 tok/s | fwd_bwd 5801ms data 1ms clip 20ms optim 112ms step 5946ms mem 1493/3311MB
step 151,640 | loss 2.8734 | lr 2.85e-04 | 1369 tok/s | fwd_bwd 5853ms data 0ms clip 20ms optim 111ms step 5990ms mem 1493/3311MB
step 151,650 | loss 3.4757 | lr 2.85e-04 | 1369 tok/s | fwd_bwd 5820ms data 0ms clip 20ms optim 112ms step 5957ms mem 1448/3311MB
step 151,660 | loss 1.8033 | lr 2.85e-04 | 1369 tok/s | fwd_bwd 5877ms data 1ms clip 23ms optim 121ms step 6039ms mem 1482/3311MB
step 151,670 | loss 3.3666 | lr 2.85e-04 | 1371 tok/s | fwd_bwd 5830ms data 0ms clip 20ms optim 111ms step 5967ms mem 1493/3311MB
step 151,680 | loss 2.3704 | lr 2.85e-04 | 1371 tok/s | fwd_bwd 5817ms data 0ms clip 20ms optim 112ms step 5955ms mem 1448/3311MB
step 151,690 | loss 2.9372 | lr 2.85e-04 | 1370 tok/s | fwd_bwd 5826ms data 0ms clip 20ms optim 111ms step 5964ms mem 1493/3311MB
step 151,700 | loss 2.2086 | lr 2.85e-04 | 1368 tok/s | fwd_bwd 5834ms data 0ms clip 20ms optim 112ms step 5976ms mem 1493/3311MB
step 151,710 | loss 2.7541 | lr 2.85e-04 | 1365 tok/s | fwd_bwd 5821ms data 0ms clip 20ms optim 112ms step 5962ms mem 1493/3311MB
step 151,720 | loss 3.0077 | lr 2.85e-04 | 1367 tok/s | fwd_bwd 5818ms data 0ms clip 20ms optim 111ms step 5957ms mem 1493/3311MB
step 151,730 | loss 3.0656 | lr 2.85e-04 | 1366 tok/s | fwd_bwd 5781ms data 0ms clip 20ms optim 112ms step 5921ms mem 1493/3311MB
step 151,740 | loss 2.6622 | lr 2.85e-04 | 1368 tok/s | fwd_bwd 5822ms data 1ms clip 20ms optim 112ms step 5969ms mem 1451/3311MB
step 151,750 | loss 3.3552 | lr 2.85e-04 | 1367 tok/s | fwd_bwd 5752ms data 0ms clip 20ms optim 112ms step 5894ms mem 1493/3311MB
step 151,760 | loss 3.6641 | lr 2.85e-04 | 1368 tok/s | fwd_bwd 5815ms data 0ms clip 20ms optim 111ms step 5954ms mem 1493/3311MB
step 151,770 | loss 3.6608 | lr 2.85e-04 | 1369 tok/s | fwd_bwd 5836ms data 0ms clip 20ms optim 111ms step 5973ms mem 1493/3311MB
step 151,780 | loss 1.6817 | lr 2.85e-04 | 1368 tok/s | fwd_bwd 5805ms data 1ms clip 20ms optim 111ms step 5950ms mem 1493/3311MB
step 151,790 | loss 3.2725 | lr 2.85e-04 | 1368 tok/s | fwd_bwd 5824ms data 0ms clip 20ms optim 112ms step 5966ms mem 1493/3311MB
step 151,800 | loss 2.3848 | lr 2.85e-04 | 1364 tok/s | fwd_bwd 5848ms data 1ms clip 20ms optim 112ms step 5990ms mem 1452/3311MB
step 151,810 | loss 2.5851 | lr 2.85e-04 | 1361 tok/s | fwd_bwd 5857ms data 0ms clip 20ms optim 111ms step 5996ms mem 1493/3311MB
step 151,820 | loss 3.1331 | lr 2.85e-04 | 1364 tok/s | fwd_bwd 5863ms data 0ms clip 20ms optim 111ms step 6000ms mem 1493/3311MB
step 151,830 | loss 2.6409 | lr 2.85e-04 | 1365 tok/s | fwd_bwd 5829ms data 0ms clip 20ms optim 111ms step 5969ms mem 1493/3311MB
step 151,840 | loss 3.3204 | lr 2.85e-04 | 1367 tok/s | fwd_bwd 5819ms data 0ms clip 20ms optim 116ms step 5961ms mem 1493/3311MB
step 151,850 | loss 2.2240 | lr 2.84e-04 | 1368 tok/s | fwd_bwd 5838ms data 0ms clip 20ms optim 112ms step 5978ms mem 1451/3311MB
step 151,860 | loss 3.3689 | lr 2.84e-04 | 1363 tok/s | fwd_bwd 5763ms data 0ms clip 20ms optim 111ms step 5905ms mem 1493/3311MB
step 151,870 | loss 3.3696 | lr 2.84e-04 | 1364 tok/s | fwd_bwd 5857ms data 0ms clip 20ms optim 111ms step 5997ms mem 1470/3311MB
step 151,880 | loss 1.5343 | lr 2.84e-04 | 1366 tok/s | fwd_bwd 5838ms data 1ms clip 20ms optim 111ms step 5983ms mem 1493/3311MB
step 151,890 | loss 3.7531 | lr 2.84e-04 | 1365 tok/s | fwd_bwd 5855ms data 0ms clip 20ms optim 112ms step 5990ms mem 1493/3311MB
step 151,900 | loss 0.7275 | lr 2.84e-04 | 1366 tok/s | fwd_bwd 5836ms data 0ms clip 20ms optim 111ms step 5977ms mem 1448/3311MB
step 151,910 | loss 3.3563 | lr 2.84e-04 | 1368 tok/s | fwd_bwd 5831ms data 0ms clip 20ms optim 112ms step 5966ms mem 1470/3311MB
step 151,920 | loss 3.3260 | lr 2.84e-04 | 1372 tok/s | fwd_bwd 5804ms data 0ms clip 20ms optim 111ms step 5944ms mem 1452/3311MB
step 151,930 | loss 2.6040 | lr 2.84e-04 | 1368 tok/s | fwd_bwd 5707ms data 1ms clip 20ms optim 112ms step 5852ms mem 1493/3311MB
Checkpoint saved: checkpoints/step_151930
  Pruning old checkpoint: checkpoints/step_150740
step 151,940 | loss 3.1976 | lr 2.84e-04 | 1347 tok/s | fwd_bwd 5864ms data 0ms clip 20ms optim 112ms step 6004ms mem 1452/3311MB
step 151,950 | loss 2.8531 | lr 2.84e-04 | 1366 tok/s | fwd_bwd 5833ms data 0ms clip 20ms optim 112ms step 5972ms mem 1448/3311MB
step 151,960 | loss 3.6265 | lr 2.84e-04 | 1371 tok/s | fwd_bwd 5832ms data 0ms clip 20ms optim 111ms step 5966ms mem 1452/3311MB
step 151,970 | loss 0.8462 | lr 2.84e-04 | 1372 tok/s | fwd_bwd 5828ms data 0ms clip 20ms optim 111ms step 5965ms mem 1451/3311MB
step 151,980 | loss 1.8903 | lr 2.84e-04 | 1370 tok/s | fwd_bwd 5830ms data 0ms clip 20ms optim 111ms step 5970ms mem 1448/3311MB
step 151,990 | loss 3.4322 | lr 2.84e-04 | 1367 tok/s | fwd_bwd 5837ms data 0ms clip 20ms optim 112ms step 5976ms mem 1493/3311MB
step 152,000 | loss 3.4508 | lr 2.84e-04 | 1367 tok/s | fwd_bwd 5835ms data 0ms clip 20ms optim 112ms step 5975ms mem 1493/3311MB
  [eval] step 152000 | val_loss 3.2824 | ppl 26.64
Checkpoint saved: checkpoints/step_152000
  [samples] wrote checkpoints/step_152000/samples.txt
  Pruning old checkpoint: checkpoints/step_151000
step 152,010 | loss 3.3404 | lr 2.84e-04 | 596 tok/s | fwd_bwd 5802ms data 0ms clip 20ms optim 112ms step 5940ms mem 1493/3311MB
step 152,020 | loss 2.5853 | lr 2.84e-04 | 1376 tok/s | fwd_bwd 5736ms data 1ms clip 20ms optim 112ms step 5879ms mem 1493/3311MB
step 152,030 | loss 3.4304 | lr 2.84e-04 | 1381 tok/s | fwd_bwd 5763ms data 0ms clip 20ms optim 111ms step 5905ms mem 1493/3311MB
step 152,040 | loss 2.9803 | lr 2.84e-04 | 1375 tok/s | fwd_bwd 5824ms data 0ms clip 20ms optim 112ms step 5962ms mem 1493/3311MB
step 152,050 | loss 3.9818 | lr 2.84e-04 | 1371 tok/s | fwd_bwd 5829ms data 0ms clip 20ms optim 111ms step 5969ms mem 1452/3311MB
step 152,060 | loss 3.3617 | lr 2.84e-04 | 1366 tok/s | fwd_bwd 5843ms data 0ms clip 20ms optim 111ms step 5983ms mem 1492/3311MB
step 152,070 | loss 2.8930 | lr 2.84e-04 | 1369 tok/s | fwd_bwd 5808ms data 1ms clip 20ms optim 112ms step 5955ms mem 1493/3311MB
step 152,080 | loss 3.6511 | lr 2.84e-04 | 1370 tok/s | fwd_bwd 5831ms data 0ms clip 20ms optim 112ms step 5970ms mem 1493/3311MB
step 152,090 | loss 2.7023 | lr 2.84e-04 | 1366 tok/s | fwd_bwd 5858ms data 1ms clip 20ms optim 111ms step 6008ms mem 1493/3311MB
step 152,100 | loss 2.4633 | lr 2.84e-04 | 1374 tok/s | fwd_bwd 5799ms data 0ms clip 20ms optim 111ms step 5938ms mem 1493/3311MB
step 152,110 | loss 2.9316 | lr 2.84e-04 | 1374 tok/s | fwd_bwd 5814ms data 0ms clip 20ms optim 112ms step 5952ms mem 1493/3311MB
step 152,120 | loss 1.3744 | lr 2.84e-04 | 1376 tok/s | fwd_bwd 5794ms data 0ms clip 20ms optim 111ms step 5933ms mem 1493/3311MB
step 152,130 | loss 4.1698 | lr 2.84e-04 | 1375 tok/s | fwd_bwd 5812ms data 0ms clip 20ms optim 111ms step 5951ms mem 1493/3311MB
step 152,140 | loss 1.6746 | lr 2.84e-04 | 1375 tok/s | fwd_bwd 5777ms data 1ms clip 20ms optim 111ms step 5918ms mem 1489/3311MB
step 152,150 | loss 2.2547 | lr 2.84e-04 | 1377 tok/s | fwd_bwd 5775ms data 0ms clip 20ms optim 111ms step 5910ms mem 1493/3311MB
step 152,160 | loss 2.2624 | lr 2.84e-04 | 1372 tok/s | fwd_bwd 5818ms data 0ms clip 20ms optim 112ms step 5956ms mem 1493/3311MB
step 152,170 | loss 2.9163 | lr 2.84e-04 | 1369 tok/s | fwd_bwd 5820ms data 1ms clip 20ms optim 111ms step 5960ms mem 1493/3311MB
step 152,180 | loss 1.7649 | lr 2.84e-04 | 1368 tok/s | fwd_bwd 5836ms data 0ms clip 20ms optim 111ms step 5973ms mem 1493/3311MB
step 152,190 | loss 2.5214 | lr 2.84e-04 | 1365 tok/s | fwd_bwd 5858ms data 0ms clip 20ms optim 112ms step 5994ms mem 1493/3311MB
step 152,200 | loss 2.9972 | lr 2.84e-04 | 1363 tok/s | fwd_bwd 5839ms data 1ms clip 20ms optim 111ms step 5983ms mem 1493/3311MB
step 152,210 | loss 3.5217 | lr 2.84e-04 | 1366 tok/s | fwd_bwd 5843ms data 0ms clip 20ms optim 111ms step 5985ms mem 1452/3311MB
step 152,220 | loss 3.1704 | lr 2.84e-04 | 1362 tok/s | fwd_bwd 5864ms data 0ms clip 20ms optim 112ms step 5999ms mem 1493/3311MB
step 152,230 | loss 3.4726 | lr 2.84e-04 | 1366 tok/s | fwd_bwd 5810ms data 1ms clip 20ms optim 112ms step 5953ms mem 1493/3311MB
step 152,240 | loss 3.6516 | lr 2.84e-04 | 1366 tok/s | fwd_bwd 5863ms data 0ms clip 20ms optim 111ms step 6000ms mem 1448/3311MB
step 152,250 | loss 3.3340 | lr 2.84e-04 | 1366 tok/s | fwd_bwd 5847ms data 0ms clip 20ms optim 111ms step 5982ms mem 1493/3311MB
step 152,260 | loss 1.7643 | lr 2.84e-04 | 1361 tok/s | fwd_bwd 5819ms data 1ms clip 20ms optim 112ms step 5962ms mem 1452/3311MB
step 152,270 | loss 2.5496 | lr 2.84e-04 | 1362 tok/s | fwd_bwd 5867ms data 0ms clip 20ms optim 111ms step 6001ms mem 1493/3311MB
step 152,280 | loss 3.5960 | lr 2.84e-04 | 1368 tok/s | fwd_bwd 5790ms data 1ms clip 20ms optim 112ms step 5935ms mem 1448/3311MB
step 152,290 | loss 3.0961 | lr 2.84e-04 | 1374 tok/s | fwd_bwd 5786ms data 0ms clip 20ms optim 112ms step 5927ms mem 1493/3311MB
step 152,300 | loss 3.4248 | lr 2.84e-04 | 1377 tok/s | fwd_bwd 5807ms data 0ms clip 20ms optim 111ms step 5944ms mem 1452/3311MB
step 152,310 | loss 2.8810 | lr 2.84e-04 | 1373 tok/s | fwd_bwd 5824ms data 0ms clip 20ms optim 111ms step 5961ms mem 1448/3311MB
step 152,320 | loss 3.1065 | lr 2.84e-04 | 1370 tok/s | fwd_bwd 5806ms data 1ms clip 20ms optim 111ms step 5951ms mem 1493/3311MB
step 152,330 | loss 3.2973 | lr 2.84e-04 | 1373 tok/s | fwd_bwd 5810ms data 0ms clip 20ms optim 111ms step 5945ms mem 1452/3311MB
step 152,340 | loss 1.7149 | lr 2.84e-04 | 1376 tok/s | fwd_bwd 5693ms data 0ms clip 20ms optim 111ms step 5833ms mem 1448/3311MB
step 152,350 | loss 2.1414 | lr 2.84e-04 | 1382 tok/s | fwd_bwd 5753ms data 1ms clip 20ms optim 111ms step 5900ms mem 1493/3311MB
step 152,360 | loss 3.8754 | lr 2.84e-04 | 1382 tok/s | fwd_bwd 5791ms data 0ms clip 20ms optim 111ms step 5926ms mem 1493/3311MB
step 152,370 | loss 1.9693 | lr 2.84e-04 | 1387 tok/s | fwd_bwd 5733ms data 0ms clip 20ms optim 111ms step 5872ms mem 1448/3311MB
step 152,380 | loss 3.6824 | lr 2.84e-04 | 1394 tok/s | fwd_bwd 5708ms data 0ms clip 20ms optim 111ms step 5850ms mem 1493/3311MB
step 152,390 | loss 2.3534 | lr 2.84e-04 | 1389 tok/s | fwd_bwd 5737ms data 1ms clip 20ms optim 111ms step 5882ms mem 1452/3311MB
step 152,400 | loss 2.5740 | lr 2.84e-04 | 1389 tok/s | fwd_bwd 5659ms data 0ms clip 20ms optim 112ms step 5798ms mem 1448/3311MB
step 152,410 | loss 3.5320 | lr 2.84e-04 | 1393 tok/s | fwd_bwd 5705ms data 1ms clip 20ms optim 111ms step 5849ms mem 1493/3311MB
step 152,420 | loss 3.2515 | lr 2.84e-04 | 1396 tok/s | fwd_bwd 5616ms data 0ms clip 20ms optim 111ms step 5756ms mem 1470/3311MB
step 152,430 | loss 2.3663 | lr 2.84e-04 | 1398 tok/s | fwd_bwd 5726ms data 1ms clip 21ms optim 113ms step 5878ms mem 1448/3311MB
step 152,440 | loss 2.2766 | lr 2.84e-04 | 1396 tok/s | fwd_bwd 5671ms data 0ms clip 20ms optim 111ms step 5809ms mem 1493/3311MB
step 152,450 | loss 2.0579 | lr 2.84e-04 | 1390 tok/s | fwd_bwd 5729ms data 1ms clip 20ms optim 111ms step 5871ms mem 1493/3311MB
step 152,460 | loss 1.5425 | lr 2.84e-04 | 1388 tok/s | fwd_bwd 5719ms data 0ms clip 20ms optim 111ms step 5855ms mem 1448/3311MB
step 152,470 | loss 1.2014 | lr 2.84e-04 | 1395 tok/s | fwd_bwd 5771ms data 1ms clip 20ms optim 112ms step 5922ms mem 1493/3311MB
step 152,480 | loss 2.4543 | lr 2.84e-04 | 1398 tok/s | fwd_bwd 5713ms data 0ms clip 20ms optim 111ms step 5852ms mem 1452/3311MB
step 152,490 | loss 2.1724 | lr 2.84e-04 | 1396 tok/s | fwd_bwd 5722ms data 0ms clip 20ms optim 111ms step 5861ms mem 1448/3311MB
step 152,500 | loss 1.5142 | lr 2.84e-04 | 1394 tok/s | fwd_bwd 5697ms data 1ms clip 20ms optim 112ms step 5841ms mem 1493/3311MB
  [eval] step 152500 | val_loss 3.2100 | ppl 24.78
step 152,510 | loss 3.0376 | lr 2.84e-04 | 781 tok/s | fwd_bwd 5744ms data 0ms clip 20ms optim 111ms step 5884ms mem 1493/3311MB
Checkpoint saved: checkpoints/step_152515
  Pruning old checkpoint: checkpoints/step_151334
step 152,520 | loss 3.5026 | lr 2.84e-04 | 1377 tok/s | fwd_bwd 5732ms data 0ms clip 20ms optim 111ms step 5869ms mem 1493/3311MB
step 152,530 | loss 3.6207 | lr 2.84e-04 | 1396 tok/s | fwd_bwd 5720ms data 0ms clip 20ms optim 112ms step 5857ms mem 1452/3311MB
step 152,540 | loss 3.1880 | lr 2.84e-04 | 1397 tok/s | fwd_bwd 5706ms data 0ms clip 20ms optim 111ms step 5843ms mem 1493/3311MB
step 152,550 | loss 1.8598 | lr 2.84e-04 | 1403 tok/s | fwd_bwd 5578ms data 0ms clip 20ms optim 112ms step 5717ms mem 1451/3311MB
step 152,560 | loss 1.4134 | lr 2.84e-04 | 1394 tok/s | fwd_bwd 5772ms data 1ms clip 23ms optim 119ms step 5931ms mem 1493/3311MB
step 152,570 | loss 3.5245 | lr 2.84e-04 | 1395 tok/s | fwd_bwd 5720ms data 0ms clip 20ms optim 112ms step 5861ms mem 1493/3311MB
step 152,580 | loss 2.3297 | lr 2.84e-04 | 1385 tok/s | fwd_bwd 5697ms data 0ms clip 20ms optim 112ms step 5835ms mem 1493/3311MB
step 152,590 | loss 3.2602 | lr 2.84e-04 | 1380 tok/s | fwd_bwd 5832ms data 1ms clip 23ms optim 120ms step 5993ms mem 1493/3311MB
step 152,600 | loss 2.4731 | lr 2.84e-04 | 1381 tok/s | fwd_bwd 5720ms data 0ms clip 20ms optim 111ms step 5858ms mem 1493/3311MB
step 152,610 | loss 1.1368 | lr 2.84e-04 | 1381 tok/s | fwd_bwd 5764ms data 1ms clip 20ms optim 112ms step 5910ms mem 1493/3311MB
step 152,620 | loss 3.7357 | lr 2.84e-04 | 1380 tok/s | fwd_bwd 5791ms data 0ms clip 20ms optim 112ms step 5930ms mem 1493/3311MB
step 152,630 | loss 1.3637 | lr 2.84e-04 | 1379 tok/s | fwd_bwd 5790ms data 0ms clip 20ms optim 111ms step 5927ms mem 1493/3311MB
step 152,640 | loss 3.5991 | lr 2.84e-04 | 1381 tok/s | fwd_bwd 5747ms data 0ms clip 20ms optim 111ms step 5888ms mem 1470/3311MB
step 152,650 | loss 1.9874 | lr 2.84e-04 | 1381 tok/s | fwd_bwd 5794ms data 0ms clip 20ms optim 112ms step 5929ms mem 1451/3311MB
step 152,660 | loss 3.4034 | lr 2.84e-04 | 1380 tok/s | fwd_bwd 5781ms data 1ms clip 20ms optim 112ms step 5924ms mem 1493/3311MB
step 152,670 | loss 2.4624 | lr 2.84e-04 | 1378 tok/s | fwd_bwd 5807ms data 0ms clip 20ms optim 112ms step 5942ms mem 1493/3311MB
step 152,680 | loss 3.4506 | lr 2.84e-04 | 1379 tok/s | fwd_bwd 5771ms data 0ms clip 20ms optim 111ms step 5913ms mem 1493/3311MB
step 152,690 | loss 1.5955 | lr 2.84e-04 | 1380 tok/s | fwd_bwd 5764ms data 1ms clip 20ms optim 111ms step 5908ms mem 1493/3311MB
step 152,700 | loss 2.4091 | lr 2.84e-04 | 1379 tok/s | fwd_bwd 5799ms data 0ms clip 20ms optim 112ms step 5937ms mem 1452/3311MB
step 152,710 | loss 2.2834 | lr 2.84e-04 | 1369 tok/s | fwd_bwd 5814ms data 1ms clip 20ms optim 111ms step 5959ms mem 1448/3311MB
step 152,720 | loss 3.9976 | lr 2.84e-04 | 1370 tok/s | fwd_bwd 5839ms data 0ms clip 20ms optim 111ms step 5974ms mem 1452/3311MB
step 152,730 | loss 3.6405 | lr 2.83e-04 | 1372 tok/s | fwd_bwd 5827ms data 0ms clip 20ms optim 111ms step 5962ms mem 1493/3311MB
step 152,740 | loss 3.2282 | lr 2.83e-04 | 1371 tok/s | fwd_bwd 5806ms data 0ms clip 20ms optim 112ms step 5948ms mem 1448/3311MB
step 152,750 | loss 2.8232 | lr 2.83e-04 | 1373 tok/s | fwd_bwd 5802ms data 0ms clip 20ms optim 111ms step 5942ms mem 1493/3311MB
step 152,760 | loss 1.6950 | lr 2.83e-04 | 1374 tok/s | fwd_bwd 5790ms data 1ms clip 20ms optim 111ms step 5934ms mem 1451/3311MB
step 152,770 | loss 3.9224 | lr 2.83e-04 | 1373 tok/s | fwd_bwd 5827ms data 0ms clip 20ms optim 112ms step 5966ms mem 1448/3311MB
step 152,780 | loss 3.2360 | lr 2.83e-04 | 1373 tok/s | fwd_bwd 5819ms data 0ms clip 20ms optim 112ms step 5956ms mem 1493/3311MB
step 152,790 | loss 2.4224 | lr 2.83e-04 | 1372 tok/s | fwd_bwd 5804ms data 0ms clip 20ms optim 112ms step 5943ms mem 1493/3311MB
step 152,800 | loss 3.3467 | lr 2.83e-04 | 1377 tok/s | fwd_bwd 5796ms data 0ms clip 20ms optim 112ms step 5933ms mem 1448/3311MB
step 152,810 | loss 1.7971 | lr 2.83e-04 | 1378 tok/s | fwd_bwd 5862ms data 0ms clip 21ms optim 113ms step 5999ms mem 1493/3311MB
step 152,820 | loss 2.9314 | lr 2.83e-04 | 1234 tok/s | fwd_bwd 6098ms data 0ms clip 20ms optim 113ms step 6235ms mem 1452/3311MB
step 152,830 | loss 1.0653 | lr 2.83e-04 | 1298 tok/s | fwd_bwd 6243ms data 0ms clip 21ms optim 115ms step 6382ms mem 1452/3311MB
step 152,840 | loss 2.7874 | lr 2.83e-04 | 1304 tok/s | fwd_bwd 6175ms data 0ms clip 21ms optim 115ms step 6314ms mem 1493/3311MB
step 152,850 | loss 3.9861 | lr 2.83e-04 | 1308 tok/s | fwd_bwd 6067ms data 0ms clip 20ms optim 112ms step 6204ms mem 1493/3311MB
step 152,860 | loss 1.9094 | lr 2.83e-04 | 1295 tok/s | fwd_bwd 6426ms data 0ms clip 21ms optim 115ms step 6566ms mem 1490/3311MB
step 152,870 | loss 2.1963 | lr 2.83e-04 | 1279 tok/s | fwd_bwd 6065ms data 0ms clip 20ms optim 112ms step 6202ms mem 1493/3311MB
step 152,880 | loss 3.0237 | lr 2.83e-04 | 1271 tok/s | fwd_bwd 6288ms data 0ms clip 20ms optim 112ms step 6426ms mem 1449/3311MB
step 152,890 | loss 1.4303 | lr 2.83e-04 | 1266 tok/s | fwd_bwd 6391ms data 0ms clip 22ms optim 116ms step 6532ms mem 1493/3311MB
step 152,900 | loss 2.4893 | lr 2.83e-04 | 1255 tok/s | fwd_bwd 6685ms data 0ms clip 21ms optim 117ms step 6829ms mem 1493/3311MB
step 152,910 | loss 2.5297 | lr 2.83e-04 | 1264 tok/s | fwd_bwd 6533ms data 0ms clip 20ms optim 116ms step 6673ms mem 1493/3311MB
step 152,920 | loss 3.4747 | lr 2.83e-04 | 1277 tok/s | fwd_bwd 6186ms data 0ms clip 21ms optim 114ms step 6325ms mem 1493/3311MB
step 152,930 | loss 3.1438 | lr 2.83e-04 | 1284 tok/s | fwd_bwd 6148ms data 0ms clip 20ms optim 116ms step 6289ms mem 1493/3311MB
step 152,940 | loss 1.4615 | lr 2.83e-04 | 1273 tok/s | fwd_bwd 6264ms data 0ms clip 21ms optim 118ms step 6407ms mem 1493/3311MB
step 152,950 | loss 2.5265 | lr 2.83e-04 | 1267 tok/s | fwd_bwd 6483ms data 0ms clip 22ms optim 118ms step 6627ms mem 1493/3311MB
step 152,960 | loss 3.5484 | lr 2.83e-04 | 1269 tok/s | fwd_bwd 6143ms data 0ms clip 21ms optim 115ms step 6283ms mem 1451/3311MB
step 152,970 | loss 3.1114 | lr 2.83e-04 | 1267 tok/s | fwd_bwd 6208ms data 0ms clip 21ms optim 111ms step 6345ms mem 1493/3311MB
step 152,980 | loss 2.0710 | lr 2.83e-04 | 1260 tok/s | fwd_bwd 6547ms data 0ms clip 21ms optim 115ms step 6687ms mem 1493/3311MB
step 152,990 | loss 2.7303 | lr 2.83e-04 | 1123 tok/s | fwd_bwd 8274ms data 1ms clip 33ms optim 166ms step 8487ms mem 1448/3311MB
step 153,000 | loss 3.4475 | lr 2.83e-04 | 1226 tok/s | fwd_bwd 5942ms data 1ms clip 20ms optim 111ms step 6085ms mem 1448/3311MB
  [eval] step 153000 | val_loss 2.4081 | ppl 11.11
Checkpoint saved: checkpoints/step_153000
  [samples] wrote checkpoints/step_153000/samples.txt
  Pruning old checkpoint: checkpoints/step_151930
step 153,010 | loss 2.6527 | lr 2.83e-04 | 530 tok/s | fwd_bwd 6137ms data 1ms clip 23ms optim 119ms step 6291ms mem 1493/3311MB
step 153,020 | loss 1.2461 | lr 2.83e-04 | 1318 tok/s | fwd_bwd 5904ms data 0ms clip 20ms optim 112ms step 6042ms mem 1493/3311MB
step 153,030 | loss 2.4549 | lr 2.83e-04 | 1343 tok/s | fwd_bwd 5939ms data 0ms clip 20ms optim 112ms step 6076ms mem 1493/3311MB
step 153,040 | loss 3.0837 | lr 2.83e-04 | 1351 tok/s | fwd_bwd 5883ms data 1ms clip 24ms optim 120ms step 6043ms mem 1452/3311MB
step 153,050 | loss 3.8727 | lr 2.83e-04 | 1357 tok/s | fwd_bwd 5875ms data 1ms clip 20ms optim 112ms step 6017ms mem 1493/3311MB
step 153,060 | loss 3.6643 | lr 2.83e-04 | 1355 tok/s | fwd_bwd 5790ms data 1ms clip 20ms optim 111ms step 5932ms mem 1452/3311MB
step 153,070 | loss 3.9378 | lr 2.83e-04 | 1359 tok/s | fwd_bwd 5866ms data 1ms clip 20ms optim 111ms step 6008ms mem 1493/3311MB
step 153,080 | loss 3.7370 | lr 2.83e-04 | 1355 tok/s | fwd_bwd 5826ms data 0ms clip 20ms optim 112ms step 5966ms mem 1493/3311MB
Checkpoint saved: checkpoints/step_153087
  Pruning old checkpoint: checkpoints/step_152000
step 153,090 | loss 3.1633 | lr 2.83e-04 | 1342 tok/s | fwd_bwd 5852ms data 1ms clip 23ms optim 120ms step 6014ms mem 1493/3311MB
step 153,100 | loss 2.3734 | lr 2.83e-04 | 1358 tok/s | fwd_bwd 5887ms data 1ms clip 20ms optim 114ms step 6031ms mem 1493/3311MB
step 153,110 | loss 2.6986 | lr 2.83e-04 | 1353 tok/s | fwd_bwd 5912ms data 1ms clip 20ms optim 113ms step 6055ms mem 1493/3311MB
step 153,120 | loss 2.2887 | lr 2.83e-04 | 1358 tok/s | fwd_bwd 5875ms data 0ms clip 20ms optim 111ms step 6010ms mem 1493/3311MB
step 153,130 | loss 4.0614 | lr 2.83e-04 | 1358 tok/s | fwd_bwd 5870ms data 0ms clip 20ms optim 111ms step 6010ms mem 1493/3311MB
step 153,140 | loss 3.4157 | lr 2.83e-04 | 1356 tok/s | fwd_bwd 5899ms data 1ms clip 20ms optim 112ms step 6051ms mem 1493/3311MB
step 153,150 | loss 2.9396 | lr 2.83e-04 | 1358 tok/s | fwd_bwd 5905ms data 0ms clip 20ms optim 113ms step 6043ms mem 1493/3311MB
step 153,160 | loss 3.0281 | lr 2.83e-04 | 1355 tok/s | fwd_bwd 5898ms data 0ms clip 20ms optim 111ms step 6038ms mem 1493/3311MB
step 153,170 | loss 2.5228 | lr 2.83e-04 | 1353 tok/s | fwd_bwd 5815ms data 0ms clip 20ms optim 112ms step 5953ms mem 1493/3311MB
step 153,180 | loss 2.5202 | lr 2.83e-04 | 1353 tok/s | fwd_bwd 5859ms data 1ms clip 20ms optim 112ms step 6002ms mem 1493/3311MB
step 153,190 | loss 3.5052 | lr 2.83e-04 | 1356 tok/s | fwd_bwd 5873ms data 1ms clip 20ms optim 112ms step 6015ms mem 1493/3311MB
step 153,200 | loss 0.6396 | lr 2.83e-04 | 1356 tok/s | fwd_bwd 5868ms data 0ms clip 20ms optim 112ms step 6009ms mem 1493/3311MB
step 153,210 | loss 3.3787 | lr 2.83e-04 | 1353 tok/s | fwd_bwd 5952ms data 1ms clip 23ms optim 123ms step 6116ms mem 1493/3311MB
step 153,220 | loss 2.6243 | lr 2.83e-04 | 1353 tok/s | fwd_bwd 5936ms data 1ms clip 20ms optim 112ms step 6087ms mem 1493/3311MB
step 153,230 | loss 3.4597 | lr 2.83e-04 | 1359 tok/s | fwd_bwd 5884ms data 0ms clip 20ms optim 111ms step 6022ms mem 1493/3311MB
step 153,240 | loss 3.9030 | lr 2.83e-04 | 1356 tok/s | fwd_bwd 5869ms data 0ms clip 20ms optim 111ms step 6009ms mem 1493/3311MB
step 153,250 | loss 1.8629 | lr 2.83e-04 | 1359 tok/s | fwd_bwd 5875ms data 1ms clip 23ms optim 122ms step 6038ms mem 1493/3311MB
step 153,260 | loss 3.6619 | lr 2.83e-04 | 1369 tok/s | fwd_bwd 5822ms data 1ms clip 20ms optim 111ms step 5973ms mem 1493/3311MB
step 153,270 | loss 3.3916 | lr 2.83e-04 | 1367 tok/s | fwd_bwd 5829ms data 1ms clip 20ms optim 112ms step 5981ms mem 1448/3311MB
step 153,280 | loss 3.5729 | lr 2.83e-04 | 1360 tok/s | fwd_bwd 5845ms data 0ms clip 20ms optim 112ms step 5986ms mem 1448/3311MB
step 153,290 | loss 3.5861 | lr 2.83e-04 | 1364 tok/s | fwd_bwd 5834ms data 1ms clip 20ms optim 111ms step 5976ms mem 1493/3311MB
step 153,300 | loss 2.5858 | lr 2.83e-04 | 1360 tok/s | fwd_bwd 5851ms data 0ms clip 20ms optim 112ms step 5991ms mem 1493/3311MB
step 153,310 | loss 2.9534 | lr 2.83e-04 | 1361 tok/s | fwd_bwd 5900ms data 1ms clip 20ms optim 113ms step 6053ms mem 1493/3311MB
step 153,320 | loss 3.1444 | lr 2.83e-04 | 1356 tok/s | fwd_bwd 5956ms data 1ms clip 23ms optim 119ms step 6118ms mem 1493/3311MB
step 153,330 | loss 2.5146 | lr 2.83e-04 | 1356 tok/s | fwd_bwd 5814ms data 0ms clip 20ms optim 111ms step 5954ms mem 1493/3311MB
step 153,340 | loss 3.6187 | lr 2.83e-04 | 1354 tok/s | fwd_bwd 5863ms data 1ms clip 20ms optim 111ms step 6007ms mem 1451/3311MB
step 153,350 | loss 3.3598 | lr 2.83e-04 | 1351 tok/s | fwd_bwd 5857ms data 1ms clip 20ms optim 112ms step 6003ms mem 1493/3311MB
step 153,360 | loss 2.8310 | lr 2.83e-04 | 1350 tok/s | fwd_bwd 5892ms data 1ms clip 20ms optim 112ms step 6038ms mem 1493/3311MB
step 153,370 | loss 3.0592 | lr 2.83e-04 | 1351 tok/s | fwd_bwd 5811ms data 1ms clip 20ms optim 111ms step 5954ms mem 1493/3311MB
step 153,380 | loss 3.2876 | lr 2.83e-04 | 1353 tok/s | fwd_bwd 5878ms data 0ms clip 20ms optim 111ms step 6017ms mem 1493/3311MB
step 153,390 | loss 3.4130 | lr 2.83e-04 | 1352 tok/s | fwd_bwd 5952ms data 1ms clip 23ms optim 121ms step 6115ms mem 1493/3311MB
step 153,400 | loss 2.7632 | lr 2.83e-04 | 1354 tok/s | fwd_bwd 5902ms data 0ms clip 20ms optim 111ms step 6039ms mem 1493/3311MB
step 153,410 | loss 3.3191 | lr 2.83e-04 | 1353 tok/s | fwd_bwd 5885ms data 0ms clip 20ms optim 111ms step 6022ms mem 1493/3311MB
step 153,420 | loss 3.1129 | lr 2.83e-04 | 1356 tok/s | fwd_bwd 5911ms data 0ms clip 20ms optim 111ms step 6048ms mem 1493/3311MB
step 153,430 | loss 3.7860 | lr 2.83e-04 | 1352 tok/s | fwd_bwd 5889ms data 1ms clip 21ms optim 115ms step 6035ms mem 1493/3311MB
step 153,440 | loss 3.3585 | lr 2.83e-04 | 1349 tok/s | fwd_bwd 5953ms data 1ms clip 23ms optim 122ms step 6114ms mem 1493/3311MB
step 153,450 | loss 3.4300 | lr 2.83e-04 | 1354 tok/s | fwd_bwd 5926ms data 1ms clip 23ms optim 120ms step 6088ms mem 1493/3311MB
step 153,460 | loss 3.7013 | lr 2.83e-04 | 1349 tok/s | fwd_bwd 5901ms data 0ms clip 20ms optim 111ms step 6041ms mem 1493/3311MB
step 153,470 | loss 2.5427 | lr 2.83e-04 | 1343 tok/s | fwd_bwd 5861ms data 0ms clip 20ms optim 111ms step 5999ms mem 1493/3311MB
step 153,480 | loss 2.9047 | lr 2.83e-04 | 1355 tok/s | fwd_bwd 5879ms data 0ms clip 20ms optim 111ms step 6018ms mem 1493/3311MB
step 153,490 | loss 2.9713 | lr 2.83e-04 | 1355 tok/s | fwd_bwd 5925ms data 1ms clip 23ms optim 121ms step 6089ms mem 1493/3311MB
step 153,500 | loss 3.4014 | lr 2.83e-04 | 1357 tok/s | fwd_bwd 5930ms data 1ms clip 23ms optim 121ms step 6094ms mem 1493/3311MB
  [eval] step 153500 | val_loss 3.2528 | ppl 25.86
step 153,510 | loss 2.9683 | lr 2.83e-04 | 765 tok/s | fwd_bwd 5928ms data 1ms clip 23ms optim 121ms step 6091ms mem 1451/3311MB
step 153,520 | loss 2.9847 | lr 2.83e-04 | 1360 tok/s | fwd_bwd 5866ms data 1ms clip 20ms optim 112ms step 6008ms mem 1493/3311MB
step 153,530 | loss 2.4781 | lr 2.83e-04 | 1351 tok/s | fwd_bwd 5895ms data 1ms clip 23ms optim 119ms step 6056ms mem 1493/3311MB
step 153,540 | loss 2.4159 | lr 2.83e-04 | 1352 tok/s | fwd_bwd 5955ms data 1ms clip 20ms optim 112ms step 6107ms mem 1493/3311MB
step 153,550 | loss 3.5687 | lr 2.83e-04 | 1350 tok/s | fwd_bwd 5923ms data 0ms clip 20ms optim 112ms step 6061ms mem 1493/3311MB
step 153,560 | loss 3.4158 | lr 2.83e-04 | 1353 tok/s | fwd_bwd 5880ms data 1ms clip 23ms optim 121ms step 6042ms mem 1493/3311MB
step 153,570 | loss 3.6875 | lr 2.83e-04 | 1363 tok/s | fwd_bwd 5867ms data 0ms clip 20ms optim 111ms step 6006ms mem 1493/3311MB
step 153,580 | loss 2.8502 | lr 2.82e-04 | 1358 tok/s | fwd_bwd 5876ms data 1ms clip 23ms optim 121ms step 6040ms mem 1493/3311MB
step 153,590 | loss 2.7108 | lr 2.82e-04 | 1354 tok/s | fwd_bwd 5893ms data 1ms clip 20ms optim 112ms step 6038ms mem 1493/3311MB
step 153,600 | loss 2.2171 | lr 2.82e-04 | 1350 tok/s | fwd_bwd 5869ms data 0ms clip 20ms optim 111ms step 6009ms mem 1493/3311MB
step 153,610 | loss 3.5583 | lr 2.82e-04 | 1351 tok/s | fwd_bwd 5885ms data 1ms clip 20ms optim 111ms step 6030ms mem 1493/3311MB
step 153,620 | loss 3.0488 | lr 2.82e-04 | 1350 tok/s | fwd_bwd 5926ms data 1ms clip 21ms optim 111ms step 6075ms mem 1493/3311MB
step 153,630 | loss 2.9816 | lr 2.82e-04 | 1351 tok/s | fwd_bwd 5899ms data 0ms clip 20ms optim 112ms step 6039ms mem 1493/3311MB
step 153,640 | loss 3.0992 | lr 2.82e-04 | 1355 tok/s | fwd_bwd 5887ms data 0ms clip 20ms optim 111ms step 6022ms mem 1493/3311MB
step 153,650 | loss 2.9898 | lr 2.82e-04 | 1354 tok/s | fwd_bwd 5894ms data 0ms clip 20ms optim 111ms step 6034ms mem 1493/3311MB
step 153,660 | loss 2.1538 | lr 2.82e-04 | 1353 tok/s | fwd_bwd 5887ms data 1ms clip 20ms optim 111ms step 6032ms mem 1493/3311MB
step 153,670 | loss 3.2058 | lr 2.82e-04 | 1353 tok/s | fwd_bwd 5910ms data 1ms clip 20ms optim 112ms step 6057ms mem 1451/3311MB
Checkpoint saved: checkpoints/step_153675
  Pruning old checkpoint: checkpoints/step_152515
step 153,680 | loss 3.8129 | lr 2.82e-04 | 1340 tok/s | fwd_bwd 5919ms data 0ms clip 20ms optim 112ms step 6055ms mem 1450/3311MB
step 153,690 | loss 3.5651 | lr 2.82e-04 | 1353 tok/s | fwd_bwd 5906ms data 0ms clip 20ms optim 112ms step 6041ms mem 1448/3311MB
step 153,700 | loss 4.1733 | lr 2.82e-04 | 1352 tok/s | fwd_bwd 5920ms data 0ms clip 20ms optim 111ms step 6058ms mem 1452/3311MB
step 153,710 | loss 3.0417 | lr 2.82e-04 | 1347 tok/s | fwd_bwd 5922ms data 0ms clip 20ms optim 111ms step 6057ms mem 1493/3311MB
step 153,720 | loss 3.1513 | lr 2.82e-04 | 1348 tok/s | fwd_bwd 5909ms data 1ms clip 20ms optim 112ms step 6051ms mem 1448/3311MB
step 153,730 | loss 3.0387 | lr 2.82e-04 | 1350 tok/s | fwd_bwd 5914ms data 0ms clip 20ms optim 111ms step 6052ms mem 1464/3311MB
step 153,740 | loss 3.0809 | lr 2.82e-04 | 1351 tok/s | fwd_bwd 5898ms data 1ms clip 20ms optim 112ms step 6042ms mem 1493/3311MB
step 153,750 | loss 3.1692 | lr 2.82e-04 | 1347 tok/s | fwd_bwd 5890ms data 1ms clip 20ms optim 111ms step 6035ms mem 1493/3311MB
step 153,760 | loss 2.8847 | lr 2.82e-04 | 1347 tok/s | fwd_bwd 5926ms data 0ms clip 20ms optim 112ms step 6068ms mem 1493/3311MB
step 153,770 | loss 3.1902 | lr 2.82e-04 | 1346 tok/s | fwd_bwd 5901ms data 0ms clip 20ms optim 112ms step 6039ms mem 1493/3311MB
step 153,780 | loss 3.4302 | lr 2.82e-04 | 1350 tok/s | fwd_bwd 5901ms data 1ms clip 20ms optim 111ms step 6047ms mem 1493/3311MB
step 153,790 | loss 2.8265 | lr 2.82e-04 | 1348 tok/s | fwd_bwd 5931ms data 0ms clip 20ms optim 112ms step 6070ms mem 1493/3311MB
step 153,800 | loss 3.1770 | lr 2.82e-04 | 1345 tok/s | fwd_bwd 5926ms data 0ms clip 20ms optim 111ms step 6066ms mem 1493/3311MB
step 153,810 | loss 3.1272 | lr 2.82e-04 | 1346 tok/s | fwd_bwd 5921ms data 0ms clip 20ms optim 111ms step 6061ms mem 1493/3311MB
step 153,820 | loss 3.0403 | lr 2.82e-04 | 1348 tok/s | fwd_bwd 5910ms data 0ms clip 20ms optim 111ms step 6051ms mem 1493/3311MB
step 153,830 | loss 2.4206 | lr 2.82e-04 | 1346 tok/s | fwd_bwd 5923ms data 1ms clip 20ms optim 111ms step 6064ms mem 1493/3311MB
step 153,840 | loss 3.6708 | lr 2.82e-04 | 1344 tok/s | fwd_bwd 5940ms data 0ms clip 20ms optim 111ms step 6076ms mem 1452/3311MB
step 153,850 | loss 2.8893 | lr 2.82e-04 | 1347 tok/s | fwd_bwd 5938ms data 1ms clip 21ms optim 111ms step 6090ms mem 1493/3311MB
step 153,860 | loss 2.5493 | lr 2.82e-04 | 1352 tok/s | fwd_bwd 5927ms data 0ms clip 20ms optim 111ms step 6065ms mem 1493/3311MB
step 153,870 | loss 2.7073 | lr 2.82e-04 | 1343 tok/s | fwd_bwd 5837ms data 0ms clip 20ms optim 112ms step 5978ms mem 1452/3311MB
step 153,880 | loss 4.0735 | lr 2.82e-04 | 1346 tok/s | fwd_bwd 5923ms data 1ms clip 20ms optim 112ms step 6069ms mem 1493/3311MB
step 153,890 | loss 3.3933 | lr 2.82e-04 | 1344 tok/s | fwd_bwd 5928ms data 0ms clip 20ms optim 112ms step 6069ms mem 1493/3311MB
step 153,900 | loss 3.5449 | lr 2.82e-04 | 1346 tok/s | fwd_bwd 5917ms data 1ms clip 20ms optim 112ms step 6060ms mem 1482/3311MB
step 153,910 | loss 4.1754 | lr 2.82e-04 | 1344 tok/s | fwd_bwd 5947ms data 0ms clip 20ms optim 112ms step 6084ms mem 1493/3311MB
step 153,920 | loss 2.0917 | lr 2.82e-04 | 1346 tok/s | fwd_bwd 5922ms data 1ms clip 20ms optim 112ms step 6064ms mem 1493/3311MB
step 153,930 | loss 3.4441 | lr 2.82e-04 | 1349 tok/s | fwd_bwd 5841ms data 1ms clip 20ms optim 112ms step 5983ms mem 1448/3311MB
step 153,940 | loss 2.3243 | lr 2.82e-04 | 1348 tok/s | fwd_bwd 5923ms data 0ms clip 20ms optim 111ms step 6059ms mem 1451/3311MB
step 153,950 | loss 3.1080 | lr 2.82e-04 | 1350 tok/s | fwd_bwd 5907ms data 0ms clip 20ms optim 111ms step 6048ms mem 1493/3311MB
step 153,960 | loss 2.6586 | lr 2.82e-04 | 1346 tok/s | fwd_bwd 5921ms data 0ms clip 20ms optim 112ms step 6061ms mem 1448/3311MB
step 153,970 | loss 3.1364 | lr 2.82e-04 | 1344 tok/s | fwd_bwd 5937ms data 0ms clip 20ms optim 112ms step 6077ms mem 1452/3311MB
step 153,980 | loss 3.9857 | lr 2.82e-04 | 1344 tok/s | fwd_bwd 5947ms data 0ms clip 20ms optim 111ms step 6082ms mem 1493/3311MB
step 153,990 | loss 3.0087 | lr 2.82e-04 | 1340 tok/s | fwd_bwd 6008ms data 1ms clip 23ms optim 120ms step 6169ms mem 1493/3311MB
step 154,000 | loss 3.1726 | lr 2.82e-04 | 1343 tok/s | fwd_bwd 5939ms data 0ms clip 20ms optim 111ms step 6078ms mem 1493/3311MB
  [eval] step 154000 | val_loss 3.1539 | ppl 23.43
Checkpoint saved: checkpoints/step_154000
  [samples] wrote checkpoints/step_154000/samples.txt
  Pruning old checkpoint: checkpoints/step_153000
step 154,010 | loss 3.2434 | lr 2.82e-04 | 572 tok/s | fwd_bwd 6001ms data 1ms clip 20ms optim 112ms step 6153ms mem 1493/3311MB
step 154,020 | loss 2.8229 | lr 2.82e-04 | 1344 tok/s | fwd_bwd 5935ms data 1ms clip 20ms optim 112ms step 6078ms mem 1493/3311MB
step 154,030 | loss 2.9691 | lr 2.82e-04 | 1344 tok/s | fwd_bwd 5931ms data 0ms clip 20ms optim 111ms step 6066ms mem 1493/3311MB
step 154,040 | loss 2.8867 | lr 2.82e-04 | 1345 tok/s | fwd_bwd 5860ms data 0ms clip 20ms optim 111ms step 5995ms mem 1488/3311MB
step 154,050 | loss 4.0649 | lr 2.82e-04 | 1347 tok/s | fwd_bwd 5924ms data 0ms clip 20ms optim 111ms step 6062ms mem 1458/3311MB
step 154,060 | loss 2.9815 | lr 2.82e-04 | 1348 tok/s | fwd_bwd 5921ms data 0ms clip 20ms optim 111ms step 6061ms mem 1493/3311MB
step 154,070 | loss 3.2107 | lr 2.82e-04 | 1344 tok/s | fwd_bwd 5932ms data 1ms clip 20ms optim 112ms step 6075ms mem 1493/3311MB
step 154,080 | loss 2.6234 | lr 2.82e-04 | 1348 tok/s | fwd_bwd 5911ms data 0ms clip 20ms optim 112ms step 6053ms mem 1493/3311MB
step 154,090 | loss 3.1721 | lr 2.82e-04 | 1348 tok/s | fwd_bwd 5936ms data 0ms clip 20ms optim 112ms step 6072ms mem 1493/3311MB
step 154,100 | loss 3.1483 | lr 2.82e-04 | 1344 tok/s | fwd_bwd 5930ms data 0ms clip 20ms optim 112ms step 6070ms mem 1493/3311MB
step 154,110 | loss 3.4386 | lr 2.82e-04 | 1345 tok/s | fwd_bwd 5930ms data 0ms clip 20ms optim 111ms step 6067ms mem 1493/3311MB
step 154,120 | loss 2.6113 | lr 2.82e-04 | 1343 tok/s | fwd_bwd 5926ms data 1ms clip 20ms optim 111ms step 6068ms mem 1493/3311MB
step 154,130 | loss 4.5293 | lr 2.82e-04 | 1340 tok/s | fwd_bwd 5939ms data 0ms clip 20ms optim 112ms step 6076ms mem 1470/3311MB
step 154,140 | loss 1.9710 | lr 2.82e-04 | 1342 tok/s | fwd_bwd 5868ms data 0ms clip 20ms optim 112ms step 6003ms mem 1493/3311MB
step 154,150 | loss 3.4368 | lr 2.82e-04 | 1344 tok/s | fwd_bwd 5936ms data 0ms clip 20ms optim 111ms step 6074ms mem 1493/3311MB
step 154,160 | loss 2.4400 | lr 2.82e-04 | 1347 tok/s | fwd_bwd 5918ms data 1ms clip 20ms optim 111ms step 6060ms mem 1493/3311MB
step 154,170 | loss 2.5059 | lr 2.82e-04 | 1347 tok/s | fwd_bwd 5918ms data 0ms clip 20ms optim 111ms step 6058ms mem 1493/3311MB
step 154,180 | loss 2.4906 | lr 2.82e-04 | 1351 tok/s | fwd_bwd 5877ms data 0ms clip 20ms optim 111ms step 6019ms mem 1493/3311MB
step 154,190 | loss 2.3831 | lr 2.82e-04 | 1352 tok/s | fwd_bwd 5889ms data 0ms clip 20ms optim 111ms step 6028ms mem 1493/3311MB
step 154,200 | loss 3.9407 | lr 2.82e-04 | 1348 tok/s | fwd_bwd 5916ms data 0ms clip 20ms optim 111ms step 6055ms mem 1470/3311MB
step 154,210 | loss 2.8069 | lr 2.82e-04 | 1348 tok/s | fwd_bwd 5907ms data 1ms clip 20ms optim 111ms step 6049ms mem 1493/3311MB
step 154,220 | loss 2.1904 | lr 2.82e-04 | 1347 tok/s | fwd_bwd 5923ms data 0ms clip 20ms optim 111ms step 6064ms mem 1493/3311MB
step 154,230 | loss 3.7727 | lr 2.82e-04 | 1341 tok/s | fwd_bwd 5941ms data 0ms clip 20ms optim 111ms step 6081ms mem 1493/3311MB
step 154,240 | loss 2.4166 | lr 2.82e-04 | 1342 tok/s | fwd_bwd 5946ms data 1ms clip 20ms optim 111ms step 6092ms mem 1493/3311MB
step 154,250 | loss 3.7171 | lr 2.82e-04 | 1336 tok/s | fwd_bwd 5953ms data 0ms clip 20ms optim 112ms step 6093ms mem 1493/3311MB
Checkpoint saved: checkpoints/step_154254
  Pruning old checkpoint: checkpoints/step_153087
step 154,260 | loss 3.3280 | lr 2.82e-04 | 1327 tok/s | fwd_bwd 5873ms data 1ms clip 20ms optim 111ms step 6017ms mem 1493/3311MB
step 154,270 | loss 2.6618 | lr 2.82e-04 | 1344 tok/s | fwd_bwd 5929ms data 0ms clip 20ms optim 111ms step 6070ms mem 1451/3311MB
step 154,280 | loss 3.9752 | lr 2.82e-04 | 1348 tok/s | fwd_bwd 5908ms data 1ms clip 20ms optim 112ms step 6053ms mem 1493/3311MB
step 154,290 | loss 3.6387 | lr 2.82e-04 | 1353 tok/s | fwd_bwd 5892ms data 0ms clip 20ms optim 112ms step 6033ms mem 1452/3311MB
step 154,300 | loss 3.6460 | lr 2.82e-04 | 1350 tok/s | fwd_bwd 5919ms data 0ms clip 20ms optim 112ms step 6058ms mem 1451/3311MB
step 154,310 | loss 3.4153 | lr 2.82e-04 | 1350 tok/s | fwd_bwd 5916ms data 1ms clip 20ms optim 112ms step 6060ms mem 1451/3311MB
step 154,320 | loss 3.2404 | lr 2.82e-04 | 1348 tok/s | fwd_bwd 5928ms data 1ms clip 20ms optim 111ms step 6076ms mem 1493/3311MB
step 154,330 | loss 2.6586 | lr 2.82e-04 | 1351 tok/s | fwd_bwd 5902ms data 0ms clip 20ms optim 112ms step 6040ms mem 1492/3311MB
step 154,340 | loss 3.3588 | lr 2.82e-04 | 1347 tok/s | fwd_bwd 5917ms data 0ms clip 20ms optim 112ms step 6057ms mem 1493/3311MB
step 154,350 | loss 2.7214 | lr 2.82e-04 | 1351 tok/s | fwd_bwd 5845ms data 1ms clip 20ms optim 112ms step 5991ms mem 1493/3311MB
step 154,360 | loss 2.0667 | lr 2.82e-04 | 1350 tok/s | fwd_bwd 5907ms data 0ms clip 20ms optim 112ms step 6047ms mem 1458/3311MB
step 154,370 | loss 3.9646 | lr 2.82e-04 | 1353 tok/s | fwd_bwd 5890ms data 0ms clip 20ms optim 112ms step 6030ms mem 1448/3311MB
step 154,380 | loss 3.9119 | lr 2.82e-04 | 1352 tok/s | fwd_bwd 5921ms data 0ms clip 20ms optim 112ms step 6059ms mem 1482/3311MB
step 154,390 | loss 3.1666 | lr 2.82e-04 | 1350 tok/s | fwd_bwd 5926ms data 1ms clip 20ms optim 112ms step 6073ms mem 1490/3311MB
step 154,400 | loss 3.0671 | lr 2.82e-04 | 1351 tok/s | fwd_bwd 5925ms data 1ms clip 20ms optim 112ms step 6073ms mem 1493/3311MB
step 154,410 | loss 2.6879 | lr 2.81e-04 | 1354 tok/s | fwd_bwd 5898ms data 1ms clip 20ms optim 111ms step 6042ms mem 1493/3311MB
step 154,420 | loss 2.7063 | lr 2.81e-04 | 1351 tok/s | fwd_bwd 5908ms data 0ms clip 20ms optim 112ms step 6045ms mem 1448/3311MB
step 154,430 | loss 3.2947 | lr 2.81e-04 | 1353 tok/s | fwd_bwd 5904ms data 0ms clip 20ms optim 112ms step 6041ms mem 1451/3311MB
step 154,440 | loss 3.1786 | lr 2.81e-04 | 1350 tok/s | fwd_bwd 5913ms data 0ms clip 20ms optim 112ms step 6053ms mem 1493/3311MB
step 154,450 | loss 4.1762 | lr 2.81e-04 | 1354 tok/s | fwd_bwd 5883ms data 0ms clip 20ms optim 111ms step 6018ms mem 1452/3311MB
step 154,460 | loss 2.4898 | lr 2.81e-04 | 1362 tok/s | fwd_bwd 5854ms data 0ms clip 20ms optim 112ms step 5992ms mem 1493/3311MB
step 154,470 | loss 2.9655 | lr 2.81e-04 | 1362 tok/s | fwd_bwd 5875ms data 0ms clip 20ms optim 111ms step 6014ms mem 1493/3311MB
step 154,480 | loss 3.0790 | lr 2.81e-04 | 1357 tok/s | fwd_bwd 5873ms data 0ms clip 20ms optim 112ms step 6013ms mem 1493/3311MB
step 154,490 | loss 3.1333 | lr 2.81e-04 | 1356 tok/s | fwd_bwd 5908ms data 0ms clip 20ms optim 112ms step 6046ms mem 1493/3311MB
step 154,500 | loss 2.1069 | lr 2.81e-04 | 1358 tok/s | fwd_bwd 5874ms data 0ms clip 20ms optim 111ms step 6012ms mem 1493/3311MB
  [eval] step 154500 | val_loss 3.2936 | ppl 26.94
step 154,510 | loss 3.1356 | lr 2.81e-04 | 764 tok/s | fwd_bwd 5873ms data 1ms clip 20ms optim 112ms step 6020ms mem 1493/3311MB
step 154,520 | loss 2.9581 | lr 2.81e-04 | 1358 tok/s | fwd_bwd 5856ms data 1ms clip 20ms optim 111ms step 5998ms mem 1493/3311MB
step 154,530 | loss 3.0390 | lr 2.81e-04 | 1357 tok/s | fwd_bwd 5892ms data 0ms clip 20ms optim 111ms step 6030ms mem 1493/3311MB
step 154,540 | loss 2.8087 | lr 2.81e-04 | 1354 tok/s | fwd_bwd 5820ms data 1ms clip 20ms optim 111ms step 5967ms mem 1493/3311MB
step 154,550 | loss 3.3163 | lr 2.81e-04 | 1354 tok/s | fwd_bwd 5905ms data 0ms clip 20ms optim 112ms step 6043ms mem 1493/3311MB
step 154,560 | loss 3.0507 | lr 2.81e-04 | 1353 tok/s | fwd_bwd 5900ms data 0ms clip 20ms optim 111ms step 6036ms mem 1451/3311MB
step 154,570 | loss 2.8775 | lr 2.81e-04 | 1354 tok/s | fwd_bwd 5881ms data 0ms clip 20ms optim 111ms step 6021ms mem 1493/3311MB
step 154,580 | loss 4.1572 | lr 2.81e-04 | 1355 tok/s | fwd_bwd 5766ms data 1ms clip 20ms optim 111ms step 5910ms mem 1452/3311MB
step 154,590 | loss 2.6068 | lr 2.81e-04 | 1355 tok/s | fwd_bwd 5879ms data 0ms clip 20ms optim 112ms step 6019ms mem 1493/3311MB
step 154,600 | loss 2.6455 | lr 2.81e-04 | 1358 tok/s | fwd_bwd 5842ms data 1ms clip 20ms optim 111ms step 5988ms mem 1493/3311MB
step 154,610 | loss 3.2020 | lr 2.81e-04 | 1365 tok/s | fwd_bwd 5825ms data 1ms clip 20ms optim 111ms step 5973ms mem 1493/3311MB
step 154,620 | loss 3.3846 | lr 2.81e-04 | 1371 tok/s | fwd_bwd 5809ms data 0ms clip 20ms optim 111ms step 5946ms mem 1451/3311MB
step 154,630 | loss 3.5379 | lr 2.81e-04 | 1376 tok/s | fwd_bwd 5781ms data 0ms clip 20ms optim 111ms step 5920ms mem 1448/3311MB
step 154,640 | loss 4.1444 | lr 2.81e-04 | 1385 tok/s | fwd_bwd 5736ms data 0ms clip 20ms optim 112ms step 5876ms mem 1493/3311MB
step 154,650 | loss 4.4119 | lr 2.81e-04 | 1385 tok/s | fwd_bwd 5770ms data 0ms clip 20ms optim 111ms step 5907ms mem 1493/3311MB
step 154,660 | loss 4.1073 | lr 2.81e-04 | 1383 tok/s | fwd_bwd 5766ms data 0ms clip 20ms optim 111ms step 5903ms mem 1448/3311MB
step 154,670 | loss 3.6008 | lr 2.81e-04 | 1392 tok/s | fwd_bwd 5679ms data 1ms clip 20ms optim 111ms step 5822ms mem 1493/3311MB
step 154,680 | loss 2.2869 | lr 2.81e-04 | 1391 tok/s | fwd_bwd 5755ms data 0ms clip 20ms optim 112ms step 5892ms mem 1493/3311MB
step 154,690 | loss 3.1665 | lr 2.81e-04 | 1389 tok/s | fwd_bwd 5729ms data 1ms clip 20ms optim 112ms step 5877ms mem 1448/3311MB
step 154,700 | loss 2.8909 | lr 2.81e-04 | 1391 tok/s | fwd_bwd 5755ms data 0ms clip 20ms optim 112ms step 5892ms mem 1493/3311MB
step 154,710 | loss 3.1011 | lr 2.81e-04 | 1391 tok/s | fwd_bwd 5720ms data 0ms clip 20ms optim 111ms step 5862ms mem 1493/3311MB
step 154,720 | loss 3.2507 | lr 2.81e-04 | 1392 tok/s | fwd_bwd 5720ms data 0ms clip 20ms optim 111ms step 5856ms mem 1448/3311MB
step 154,730 | loss 3.1967 | lr 2.81e-04 | 1392 tok/s | fwd_bwd 5693ms data 1ms clip 20ms optim 112ms step 5837ms mem 1452/3311MB
step 154,740 | loss 3.3999 | lr 2.81e-04 | 1399 tok/s | fwd_bwd 5691ms data 0ms clip 20ms optim 112ms step 5833ms mem 1452/3311MB
step 154,750 | loss 3.6846 | lr 2.81e-04 | 1397 tok/s | fwd_bwd 5726ms data 0ms clip 20ms optim 111ms step 5865ms mem 1448/3311MB
step 154,760 | loss 3.4730 | lr 2.81e-04 | 1388 tok/s | fwd_bwd 5769ms data 1ms clip 20ms optim 112ms step 5913ms mem 1493/3311MB
step 154,770 | loss 3.3098 | lr 2.81e-04 | 1378 tok/s | fwd_bwd 5791ms data 0ms clip 20ms optim 111ms step 5928ms mem 1493/3311MB
step 154,780 | loss 3.5747 | lr 2.81e-04 | 1376 tok/s | fwd_bwd 5802ms data 0ms clip 20ms optim 112ms step 5942ms mem 1448/3311MB
step 154,790 | loss 4.2517 | lr 2.81e-04 | 1376 tok/s | fwd_bwd 5797ms data 0ms clip 20ms optim 112ms step 5937ms mem 1493/3311MB
step 154,800 | loss 3.9048 | lr 2.81e-04 | 1377 tok/s | fwd_bwd 5776ms data 0ms clip 20ms optim 111ms step 5917ms mem 1451/3311MB
step 154,810 | loss 3.1466 | lr 2.81e-04 | 1377 tok/s | fwd_bwd 5789ms data 0ms clip 20ms optim 111ms step 5931ms mem 1448/3311MB
step 154,820 | loss 2.9668 | lr 2.81e-04 | 1371 tok/s | fwd_bwd 5824ms data 1ms clip 20ms optim 112ms step 5969ms mem 1493/3311MB
step 154,830 | loss 2.9815 | lr 2.81e-04 | 1368 tok/s | fwd_bwd 5838ms data 1ms clip 20ms optim 112ms step 5984ms mem 1451/3311MB
step 154,840 | loss 2.9684 | lr 2.81e-04 | 1363 tok/s | fwd_bwd 5861ms data 0ms clip 20ms optim 112ms step 6001ms mem 1493/3311MB
Checkpoint saved: checkpoints/step_154846
  Pruning old checkpoint: checkpoints/step_153675
step 154,850 | loss 3.3583 | lr 2.81e-04 | 1349 tok/s | fwd_bwd 5825ms data 1ms clip 20ms optim 111ms step 5968ms mem 1451/3311MB
step 154,860 | loss 3.2915 | lr 2.81e-04 | 1362 tok/s | fwd_bwd 5874ms data 0ms clip 20ms optim 111ms step 6013ms mem 1493/3311MB
step 154,870 | loss 3.1338 | lr 2.81e-04 | 1359 tok/s | fwd_bwd 5856ms data 0ms clip 20ms optim 111ms step 5993ms mem 1452/3311MB
step 154,880 | loss 3.3999 | lr 2.81e-04 | 1357 tok/s | fwd_bwd 5852ms data 1ms clip 20ms optim 112ms step 5993ms mem 1493/3311MB
step 154,890 | loss 3.0526 | lr 2.81e-04 | 1358 tok/s | fwd_bwd 5883ms data 0ms clip 20ms optim 112ms step 6020ms mem 1493/3311MB
step 154,900 | loss 3.0117 | lr 2.81e-04 | 1353 tok/s | fwd_bwd 5901ms data 1ms clip 20ms optim 112ms step 6051ms mem 1493/3311MB
step 154,910 | loss 2.7068 | lr 2.81e-04 | 1355 tok/s | fwd_bwd 5892ms data 0ms clip 20ms optim 112ms step 6030ms mem 1452/3311MB
step 154,920 | loss 4.1873 | lr 2.81e-04 | 1356 tok/s | fwd_bwd 5886ms data 0ms clip 20ms optim 112ms step 6028ms mem 1451/3311MB
step 154,930 | loss 3.8374 | lr 2.81e-04 | 1355 tok/s | fwd_bwd 5883ms data 1ms clip 20ms optim 111ms step 6025ms mem 1493/3311MB
step 154,940 | loss 2.9675 | lr 2.81e-04 | 1351 tok/s | fwd_bwd 5906ms data 0ms clip 20ms optim 112ms step 6044ms mem 1493/3311MB
step 154,950 | loss 2.4991 | lr 2.81e-04 | 1345 tok/s | fwd_bwd 5908ms data 1ms clip 20ms optim 112ms step 6050ms mem 1452/3311MB
step 154,960 | loss 3.3485 | lr 2.81e-04 | 1348 tok/s | fwd_bwd 5831ms data 0ms clip 20ms optim 112ms step 5970ms mem 1493/3311MB
step 154,970 | loss 2.9603 | lr 2.81e-04 | 1348 tok/s | fwd_bwd 5920ms data 0ms clip 20ms optim 112ms step 6058ms mem 1493/3311MB
step 154,980 | loss 3.2539 | lr 2.81e-04 | 1328 tok/s | fwd_bwd 6228ms data 1ms clip 23ms optim 121ms step 6382ms mem 1452/3311MB
step 154,990 | loss 3.0203 | lr 2.81e-04 | 1164 tok/s | fwd_bwd 5889ms data 0ms clip 20ms optim 112ms step 6031ms mem 1493/3311MB
step 155,000 | loss 3.3519 | lr 2.81e-04 | 1336 tok/s | fwd_bwd 5969ms data 0ms clip 20ms optim 112ms step 6105ms mem 1493/3311MB
  [eval] step 155000 | val_loss 3.2709 | ppl 26.33
Checkpoint saved: checkpoints/step_155000
  [samples] wrote checkpoints/step_155000/samples.txt
  Pruning old checkpoint: checkpoints/step_154000
step 155,010 | loss 4.4558 | lr 2.81e-04 | 575 tok/s | fwd_bwd 5986ms data 0ms clip 20ms optim 113ms step 6127ms mem 1482/3311MB
step 155,020 | loss 3.5883 | lr 2.81e-04 | 1322 tok/s | fwd_bwd 6000ms data 1ms clip 20ms optim 111ms step 6144ms mem 1492/3311MB
step 155,030 | loss 2.4512 | lr 2.81e-04 | 1329 tok/s | fwd_bwd 5884ms data 1ms clip 20ms optim 111ms step 6026ms mem 1451/3311MB
step 155,040 | loss 3.2651 | lr 2.81e-04 | 1343 tok/s | fwd_bwd 5951ms data 0ms clip 21ms optim 113ms step 6089ms mem 1493/3311MB
step 155,050 | loss 2.8683 | lr 2.81e-04 | 1346 tok/s | fwd_bwd 5941ms data 0ms clip 20ms optim 112ms step 6077ms mem 1493/3311MB
step 155,060 | loss 3.8432 | lr 2.81e-04 | 1344 tok/s | fwd_bwd 5895ms data 1ms clip 23ms optim 123ms step 6061ms mem 1493/3311MB
step 155,070 | loss 4.1978 | lr 2.81e-04 | 1350 tok/s | fwd_bwd 5897ms data 1ms clip 20ms optim 111ms step 6038ms mem 1493/3311MB
step 155,080 | loss 3.1004 | lr 2.81e-04 | 1356 tok/s | fwd_bwd 5858ms data 0ms clip 20ms optim 111ms step 6000ms mem 1493/3311MB
step 155,090 | loss 3.0289 | lr 2.81e-04 | 1360 tok/s | fwd_bwd 5878ms data 0ms clip 20ms optim 111ms step 6016ms mem 1493/3311MB
step 155,100 | loss 3.0162 | lr 2.81e-04 | 1360 tok/s | fwd_bwd 5836ms data 1ms clip 20ms optim 111ms step 5981ms mem 1493/3311MB
step 155,110 | loss 2.6300 | lr 2.81e-04 | 1363 tok/s | fwd_bwd 5839ms data 1ms clip 20ms optim 111ms step 5982ms mem 1452/3311MB
step 155,120 | loss 2.7928 | lr 2.81e-04 | 1361 tok/s | fwd_bwd 5794ms data 0ms clip 20ms optim 111ms step 5937ms mem 1493/3311MB
step 155,130 | loss 3.4151 | lr 2.81e-04 | 1363 tok/s | fwd_bwd 5839ms data 0ms clip 20ms optim 112ms step 5978ms mem 1493/3311MB
step 155,140 | loss 1.3984 | lr 2.81e-04 | 1371 tok/s | fwd_bwd 5806ms data 0ms clip 20ms optim 112ms step 5948ms mem 1452/3311MB
step 155,150 | loss 4.1317 | lr 2.81e-04 | 1368 tok/s | fwd_bwd 5849ms data 0ms clip 20ms optim 112ms step 5991ms mem 1448/3311MB
step 155,160 | loss 2.9859 | lr 2.81e-04 | 1363 tok/s | fwd_bwd 5863ms data 0ms clip 20ms optim 112ms step 6001ms mem 1448/3311MB
step 155,170 | loss 2.9165 | lr 2.81e-04 | 1366 tok/s | fwd_bwd 5853ms data 1ms clip 20ms optim 112ms step 5993ms mem 1493/3311MB
step 155,180 | loss 3.7795 | lr 2.81e-04 | 1366 tok/s | fwd_bwd 5852ms data 0ms clip 20ms optim 112ms step 5987ms mem 1493/3311MB
step 155,190 | loss 3.4856 | lr 2.81e-04 | 1372 tok/s | fwd_bwd 5796ms data 0ms clip 20ms optim 112ms step 5934ms mem 1452/3311MB
step 155,200 | loss 3.4573 | lr 2.81e-04 | 1379 tok/s | fwd_bwd 5782ms data 0ms clip 20ms optim 111ms step 5919ms mem 1493/3311MB
step 155,210 | loss 3.1620 | lr 2.80e-04 | 1380 tok/s | fwd_bwd 5784ms data 0ms clip 20ms optim 112ms step 5925ms mem 1493/3311MB
step 155,220 | loss 4.4016 | lr 2.80e-04 | 1382 tok/s | fwd_bwd 5752ms data 1ms clip 20ms optim 111ms step 5896ms mem 1482/3311MB
step 155,230 | loss 4.3546 | lr 2.80e-04 | 1389 tok/s | fwd_bwd 5750ms data 0ms clip 20ms optim 112ms step 5888ms mem 1493/3311MB
step 155,240 | loss 2.9266 | lr 2.80e-04 | 1388 tok/s | fwd_bwd 5740ms data 0ms clip 20ms optim 111ms step 5877ms mem 1493/3311MB
step 155,250 | loss 3.5093 | lr 2.80e-04 | 1392 tok/s | fwd_bwd 5721ms data 1ms clip 20ms optim 111ms step 5861ms mem 1493/3311MB
step 155,260 | loss 3.3296 | lr 2.80e-04 | 1395 tok/s | fwd_bwd 5726ms data 0ms clip 20ms optim 111ms step 5864ms mem 1493/3311MB
step 155,270 | loss 3.4220 | lr 2.80e-04 | 1393 tok/s | fwd_bwd 5657ms data 1ms clip 20ms optim 111ms step 5800ms mem 1493/3311MB
step 155,280 | loss 2.7589 | lr 2.80e-04 | 1393 tok/s | fwd_bwd 5726ms data 0ms clip 20ms optim 111ms step 5866ms mem 1493/3311MB
step 155,290 | loss 3.3752 | lr 2.80e-04 | 1391 tok/s | fwd_bwd 5749ms data 0ms clip 20ms optim 111ms step 5885ms mem 1493/3311MB
step 155,300 | loss 2.9355 | lr 2.80e-04 | 1379 tok/s | fwd_bwd 5749ms data 1ms clip 23ms optim 124ms step 5916ms mem 1493/3311MB
step 155,310 | loss 3.3734 | lr 2.80e-04 | 1345 tok/s | fwd_bwd 5782ms data 0ms clip 20ms optim 112ms step 5923ms mem 1493/3311MB
step 155,320 | loss 4.2059 | lr 2.80e-04 | 1384 tok/s | fwd_bwd 5792ms data 1ms clip 23ms optim 118ms step 5950ms mem 1493/3311MB
step 155,330 | loss 2.8305 | lr 2.80e-04 | 1396 tok/s | fwd_bwd 5684ms data 0ms clip 20ms optim 111ms step 5819ms mem 1493/3311MB
step 155,340 | loss 1.5340 | lr 2.80e-04 | 1400 tok/s | fwd_bwd 5681ms data 1ms clip 20ms optim 111ms step 5827ms mem 1493/3311MB
step 155,350 | loss 3.6470 | lr 2.80e-04 | 1398 tok/s | fwd_bwd 5636ms data 1ms clip 20ms optim 112ms step 5778ms mem 1493/3311MB
step 155,360 | loss 3.4418 | lr 2.80e-04 | 1405 tok/s | fwd_bwd 5663ms data 1ms clip 20ms optim 111ms step 5806ms mem 1493/3311MB
step 155,370 | loss 3.7654 | lr 2.80e-04 | 1408 tok/s | fwd_bwd 5644ms data 1ms clip 20ms optim 111ms step 5786ms mem 1493/3311MB
step 155,380 | loss 2.8011 | lr 2.80e-04 | 1407 tok/s | fwd_bwd 5680ms data 1ms clip 20ms optim 111ms step 5826ms mem 1470/3311MB
step 155,390 | loss 4.0512 | lr 2.80e-04 | 1395 tok/s | fwd_bwd 5722ms data 1ms clip 21ms optim 113ms step 5875ms mem 1451/3311MB
step 155,400 | loss 2.2703 | lr 2.80e-04 | 1385 tok/s | fwd_bwd 5755ms data 0ms clip 20ms optim 112ms step 5897ms mem 1493/3311MB
step 155,410 | loss 1.0410 | lr 2.80e-04 | 1224 tok/s | fwd_bwd 7602ms data 1ms clip 43ms optim 207ms step 7866ms mem 1493/3311MB
step 155,420 | loss 3.0155 | lr 2.80e-04 | 1273 tok/s | fwd_bwd 5875ms data 1ms clip 23ms optim 122ms step 6038ms mem 1493/3311MB
step 155,430 | loss 3.9350 | lr 2.80e-04 | 1365 tok/s | fwd_bwd 5843ms data 1ms clip 20ms optim 111ms step 5991ms mem 1452/3311MB
Checkpoint saved: checkpoints/step_155430
  Pruning old checkpoint: checkpoints/step_154254
step 155,440 | loss 2.7311 | lr 2.80e-04 | 1245 tok/s | fwd_bwd 6020ms data 0ms clip 20ms optim 113ms step 6157ms mem 1452/3311MB
step 155,450 | loss 3.3039 | lr 2.80e-04 | 1316 tok/s | fwd_bwd 6100ms data 1ms clip 24ms optim 125ms step 6259ms mem 1451/3311MB
step 155,460 | loss 3.8295 | lr 2.80e-04 | 1254 tok/s | fwd_bwd 6205ms data 1ms clip 22ms optim 127ms step 6364ms mem 1493/3311MB
step 155,470 | loss 3.0159 | lr 2.80e-04 | 1257 tok/s | fwd_bwd 6397ms data 1ms clip 23ms optim 127ms step 6557ms mem 1493/3311MB
step 155,480 | loss 2.4135 | lr 2.80e-04 | 1288 tok/s | fwd_bwd 6052ms data 0ms clip 22ms optim 114ms step 6193ms mem 1450/3311MB
step 155,490 | loss 0.2432 | lr 2.80e-04 | 1323 tok/s | fwd_bwd 5975ms data 0ms clip 20ms optim 115ms step 6117ms mem 1451/3311MB
step 155,500 | loss 3.6221 | lr 2.80e-04 | 1338 tok/s | fwd_bwd 5908ms data 0ms clip 20ms optim 112ms step 6045ms mem 1493/3311MB
  [eval] step 155500 | val_loss 3.1898 | ppl 24.28
Resuming from checkpoint: checkpoints/step_155430
  Resumed at step 155430

============================================================
  Unrealistic 187M — Training
  Parameters: 189,748,992
  Dtype: bfloat16
  Optimizer: AdamW (mlx)
  Micro-batch: 1 × 8 accum
  Effective batch: 8
  Memory: 534 MB
============================================================

step 155,430 | loss 3.3695 | lr 2.80e-04 | 0 tok/s | fwd_bwd 4845ms data 68ms clip 25ms optim 368ms step 5322ms mem 1493/2587MB
step 155,440 | loss 1.4244 | lr 2.80e-04 | 1646 tok/s | fwd_bwd 4776ms data 1ms clip 20ms optim 111ms step 4916ms mem 1451/3311MB
step 155,450 | loss 2.9143 | lr 2.80e-04 | 1668 tok/s | fwd_bwd 4741ms data 1ms clip 20ms optim 110ms step 4880ms mem 1493/3311MB
step 155,460 | loss 2.4323 | lr 2.80e-04 | 1662 tok/s | fwd_bwd 4750ms data 0ms clip 20ms optim 111ms step 4889ms mem 1493/3311MB
step 155,470 | loss 2.8343 | lr 2.80e-04 | 1661 tok/s | fwd_bwd 4758ms data 1ms clip 20ms optim 110ms step 4898ms mem 1448/3311MB
step 155,480 | loss 2.7051 | lr 2.80e-04 | 1656 tok/s | fwd_bwd 4786ms data 1ms clip 20ms optim 110ms step 4932ms mem 1493/3311MB
step 155,490 | loss 3.0243 | lr 2.80e-04 | 1507 tok/s | fwd_bwd 7169ms data 1ms clip 22ms optim 122ms step 7321ms mem 1448/3311MB
step 155,500 | loss 3.3103 | lr 2.80e-04 | 1449 tok/s | fwd_bwd 5519ms data 1ms clip 23ms optim 120ms step 5680ms mem 1476/3311MB
  [eval] step 155500 | val_loss 3.2273 | ppl 25.21
step 155,510 | loss 2.0066 | lr 2.80e-04 | 823 tok/s | fwd_bwd 5380ms data 1ms clip 20ms optim 110ms step 5526ms mem 1493/3311MB
step 155,520 | loss 2.7995 | lr 2.80e-04 | 1467 tok/s | fwd_bwd 5441ms data 1ms clip 20ms optim 110ms step 5587ms mem 1452/3311MB
step 155,530 | loss 2.7857 | lr 2.80e-04 | 1455 tok/s | fwd_bwd 5494ms data 0ms clip 20ms optim 111ms step 5634ms mem 1490/3311MB
step 155,540 | loss 3.3768 | lr 2.80e-04 | 1431 tok/s | fwd_bwd 5542ms data 1ms clip 20ms optim 112ms step 5685ms mem 1493/3311MB
step 155,550 | loss 2.0015 | lr 2.80e-04 | 1425 tok/s | fwd_bwd 5581ms data 0ms clip 20ms optim 111ms step 5716ms mem 1493/3311MB
step 155,560 | loss 1.7491 | lr 2.80e-04 | 1427 tok/s | fwd_bwd 5580ms data 1ms clip 20ms optim 112ms step 5725ms mem 1493/3311MB
step 155,570 | loss 2.1257 | lr 2.80e-04 | 1423 tok/s | fwd_bwd 5610ms data 0ms clip 20ms optim 111ms step 5752ms mem 1451/3311MB
step 155,580 | loss 2.5603 | lr 2.80e-04 | 1416 tok/s | fwd_bwd 5582ms data 0ms clip 20ms optim 111ms step 5722ms mem 1493/3311MB
step 155,590 | loss 3.5537 | lr 2.80e-04 | 1411 tok/s | fwd_bwd 5657ms data 0ms clip 20ms optim 111ms step 5799ms mem 1493/3311MB
step 155,600 | loss 1.9270 | lr 2.80e-04 | 1398 tok/s | fwd_bwd 5707ms data 0ms clip 20ms optim 112ms step 5845ms mem 1452/3311MB
step 155,610 | loss 3.4314 | lr 2.80e-04 | 1390 tok/s | fwd_bwd 5746ms data 0ms clip 20ms optim 111ms step 5884ms mem 1452/3311MB
step 155,620 | loss 2.6916 | lr 2.80e-04 | 1392 tok/s | fwd_bwd 5740ms data 0ms clip 20ms optim 111ms step 5877ms mem 1452/3311MB
step 155,630 | loss 2.6059 | lr 2.80e-04 | 1389 tok/s | fwd_bwd 5746ms data 0ms clip 20ms optim 111ms step 5885ms mem 1493/3311MB
step 155,640 | loss 1.5759 | lr 2.80e-04 | 1387 tok/s | fwd_bwd 5749ms data 0ms clip 20ms optim 111ms step 5888ms mem 1493/3311MB
step 155,650 | loss 2.5459 | lr 2.80e-04 | 1385 tok/s | fwd_bwd 5757ms data 0ms clip 20ms optim 111ms step 5897ms mem 1493/3311MB
step 155,660 | loss 2.8401 | lr 2.80e-04 | 1382 tok/s | fwd_bwd 5780ms data 0ms clip 20ms optim 111ms step 5915ms mem 1493/3311MB
step 155,670 | loss 2.2814 | lr 2.80e-04 | 1382 tok/s | fwd_bwd 5777ms data 0ms clip 20ms optim 111ms step 5917ms mem 1493/3311MB
step 155,680 | loss 2.4391 | lr 2.80e-04 | 1381 tok/s | fwd_bwd 5775ms data 0ms clip 20ms optim 111ms step 5912ms mem 1493/3311MB
step 155,690 | loss 3.3301 | lr 2.80e-04 | 1381 tok/s | fwd_bwd 5778ms data 0ms clip 20ms optim 111ms step 5917ms mem 1449/3311MB
step 155,700 | loss 3.4050 | lr 2.80e-04 | 1381 tok/s | fwd_bwd 5773ms data 0ms clip 20ms optim 111ms step 5912ms mem 1493/3311MB
step 155,710 | loss 2.9010 | lr 2.80e-04 | 1378 tok/s | fwd_bwd 5838ms data 1ms clip 20ms optim 111ms step 5989ms mem 1452/3311MB
step 155,720 | loss 3.2071 | lr 2.80e-04 | 1376 tok/s | fwd_bwd 5817ms data 0ms clip 20ms optim 111ms step 5954ms mem 1493/3311MB
step 155,730 | loss 2.6619 | lr 2.80e-04 | 1373 tok/s | fwd_bwd 5788ms data 1ms clip 20ms optim 111ms step 5935ms mem 1451/3311MB
step 155,740 | loss 2.6285 | lr 2.80e-04 | 1376 tok/s | fwd_bwd 5815ms data 0ms clip 20ms optim 111ms step 5950ms mem 1493/3311MB
step 155,750 | loss 0.8785 | lr 2.80e-04 | 1373 tok/s | fwd_bwd 5815ms data 0ms clip 20ms optim 111ms step 5952ms mem 1451/3311MB
step 155,760 | loss 2.1839 | lr 2.80e-04 | 1371 tok/s | fwd_bwd 5834ms data 0ms clip 20ms optim 111ms step 5972ms mem 1451/3311MB
step 155,770 | loss 3.3334 | lr 2.80e-04 | 1372 tok/s | fwd_bwd 5818ms data 0ms clip 20ms optim 111ms step 5960ms mem 1451/3311MB
step 155,780 | loss 1.8837 | lr 2.80e-04 | 1372 tok/s | fwd_bwd 5852ms data 1ms clip 23ms optim 120ms step 6014ms mem 1464/3311MB
step 155,790 | loss 2.7466 | lr 2.80e-04 | 1375 tok/s | fwd_bwd 5795ms data 1ms clip 20ms optim 112ms step 5941ms mem 1493/3311MB
step 155,800 | loss 2.9704 | lr 2.80e-04 | 1370 tok/s | fwd_bwd 5776ms data 0ms clip 20ms optim 111ms step 5916ms mem 1493/3311MB
step 155,810 | loss 3.3309 | lr 2.80e-04 | 1371 tok/s | fwd_bwd 5796ms data 1ms clip 20ms optim 111ms step 5939ms mem 1493/3311MB
step 155,820 | loss 3.2262 | lr 2.80e-04 | 1372 tok/s | fwd_bwd 5856ms data 1ms clip 23ms optim 119ms step 6019ms mem 1493/3311MB
step 155,830 | loss 3.0370 | lr 2.80e-04 | 1373 tok/s | fwd_bwd 5819ms data 0ms clip 20ms optim 111ms step 5956ms mem 1493/3311MB
step 155,840 | loss 3.1138 | lr 2.80e-04 | 1370 tok/s | fwd_bwd 5799ms data 1ms clip 20ms optim 112ms step 5942ms mem 1448/3311MB
step 155,850 | loss 2.5571 | lr 2.80e-04 | 1370 tok/s | fwd_bwd 5836ms data 0ms clip 20ms optim 111ms step 5974ms mem 1452/3311MB
step 155,860 | loss 2.6348 | lr 2.80e-04 | 1369 tok/s | fwd_bwd 5819ms data 1ms clip 20ms optim 111ms step 5967ms mem 1493/3311MB
step 155,870 | loss 3.5653 | lr 2.80e-04 | 1370 tok/s | fwd_bwd 5842ms data 1ms clip 20ms optim 111ms step 5991ms mem 1452/3311MB
step 155,880 | loss 2.2440 | lr 2.80e-04 | 1371 tok/s | fwd_bwd 5802ms data 0ms clip 20ms optim 111ms step 5941ms mem 1493/3311MB
step 155,890 | loss 3.1462 | lr 2.80e-04 | 1372 tok/s | fwd_bwd 5811ms data 0ms clip 20ms optim 111ms step 5952ms mem 1493/3311MB
step 155,900 | loss 2.0018 | lr 2.80e-04 | 1370 tok/s | fwd_bwd 5768ms data 1ms clip 20ms optim 111ms step 5911ms mem 1451/3311MB
step 155,910 | loss 3.2025 | lr 2.80e-04 | 1372 tok/s | fwd_bwd 5782ms data 1ms clip 20ms optim 111ms step 5928ms mem 1493/3311MB
step 155,920 | loss 2.7846 | lr 2.80e-04 | 1367 tok/s | fwd_bwd 5871ms data 1ms clip 20ms optim 111ms step 6021ms mem 1493/3311MB
step 155,930 | loss 3.1070 | lr 2.80e-04 | 1369 tok/s | fwd_bwd 5814ms data 1ms clip 20ms optim 112ms step 5960ms mem 1493/3311MB
step 155,940 | loss 1.8465 | lr 2.80e-04 | 1368 tok/s | fwd_bwd 5815ms data 0ms clip 20ms optim 111ms step 5955ms mem 1493/3311MB
step 155,950 | loss 2.2565 | lr 2.80e-04 | 1371 tok/s | fwd_bwd 5824ms data 0ms clip 20ms optim 111ms step 5962ms mem 1452/3311MB
step 155,960 | loss 1.8760 | lr 2.80e-04 | 1371 tok/s | fwd_bwd 5806ms data 0ms clip 20ms optim 111ms step 5944ms mem 1451/3311MB
step 155,970 | loss 2.3087 | lr 2.80e-04 | 1369 tok/s | fwd_bwd 5846ms data 1ms clip 20ms optim 111ms step 5995ms mem 1493/3311MB
step 155,980 | loss 2.6080 | lr 2.80e-04 | 1369 tok/s | fwd_bwd 5874ms data 0ms clip 21ms optim 111ms step 6012ms mem 1493/3311MB
step 155,990 | loss 2.2111 | lr 2.80e-04 | 1369 tok/s | fwd_bwd 5804ms data 0ms clip 20ms optim 111ms step 5946ms mem 1448/3311MB
step 156,000 | loss 3.4650 | lr 2.79e-04 | 1369 tok/s | fwd_bwd 5762ms data 1ms clip 20ms optim 111ms step 5910ms mem 1493/3311MB
  [eval] step 156000 | val_loss 3.2783 | ppl 26.53
Checkpoint saved: checkpoints/step_156000
  [samples] wrote checkpoints/step_156000/samples.txt
  Pruning old checkpoint: checkpoints/step_154846
step 156,010 | loss 2.4577 | lr 2.79e-04 | 588 tok/s | fwd_bwd 5830ms data 0ms clip 21ms optim 113ms step 5972ms mem 1493/3311MB
step 156,020 | loss 2.0106 | lr 2.79e-04 | 1367 tok/s | fwd_bwd 5826ms data 0ms clip 20ms optim 112ms step 5964ms mem 1493/3311MB
Checkpoint saved: checkpoints/step_156027
  Pruning old checkpoint: checkpoints/step_155000
step 156,030 | loss 2.8202 | lr 2.79e-04 | 1350 tok/s | fwd_bwd 5854ms data 0ms clip 20ms optim 111ms step 5991ms mem 1493/3311MB
step 156,040 | loss 2.9996 | lr 2.79e-04 | 1368 tok/s | fwd_bwd 5821ms data 0ms clip 20ms optim 111ms step 5960ms mem 1448/3311MB
step 156,050 | loss 1.6725 | lr 2.79e-04 | 1374 tok/s | fwd_bwd 5821ms data 0ms clip 20ms optim 111ms step 5959ms mem 1493/3311MB
step 156,060 | loss 3.4816 | lr 2.79e-04 | 1375 tok/s | fwd_bwd 5725ms data 0ms clip 20ms optim 111ms step 5865ms mem 1493/3311MB
step 156,070 | loss 2.5559 | lr 2.79e-04 | 1370 tok/s | fwd_bwd 5834ms data 0ms clip 20ms optim 111ms step 5973ms mem 1448/3311MB
step 156,080 | loss 2.7318 | lr 2.79e-04 | 1367 tok/s | fwd_bwd 5824ms data 0ms clip 20ms optim 111ms step 5963ms mem 1470/3311MB
step 156,090 | loss 3.4369 | lr 2.79e-04 | 1371 tok/s | fwd_bwd 5817ms data 0ms clip 20ms optim 111ms step 5953ms mem 1493/3311MB
step 156,100 | loss 2.5568 | lr 2.79e-04 | 1372 tok/s | fwd_bwd 5828ms data 0ms clip 20ms optim 111ms step 5966ms mem 1493/3311MB
step 156,110 | loss 2.9746 | lr 2.79e-04 | 1373 tok/s | fwd_bwd 5812ms data 0ms clip 20ms optim 111ms step 5946ms mem 1493/3311MB
step 156,120 | loss 2.4129 | lr 2.79e-04 | 1376 tok/s | fwd_bwd 5784ms data 0ms clip 20ms optim 112ms step 5928ms mem 1493/3311MB
step 156,130 | loss 2.7799 | lr 2.79e-04 | 1372 tok/s | fwd_bwd 5835ms data 1ms clip 21ms optim 113ms step 5988ms mem 1493/3311MB
step 156,140 | loss 2.9232 | lr 2.79e-04 | 1376 tok/s | fwd_bwd 5766ms data 0ms clip 20ms optim 111ms step 5905ms mem 1493/3311MB
step 156,150 | loss 1.7996 | lr 2.79e-04 | 1375 tok/s | fwd_bwd 5799ms data 0ms clip 20ms optim 111ms step 5937ms mem 1493/3311MB
step 156,160 | loss 3.1292 | lr 2.79e-04 | 1374 tok/s | fwd_bwd 5813ms data 0ms clip 20ms optim 111ms step 5958ms mem 1493/3311MB
step 156,170 | loss 2.7259 | lr 2.79e-04 | 1366 tok/s | fwd_bwd 5831ms data 0ms clip 20ms optim 111ms step 5967ms mem 1448/3311MB
step 156,180 | loss 3.6859 | lr 2.79e-04 | 1370 tok/s | fwd_bwd 5831ms data 0ms clip 20ms optim 111ms step 5966ms mem 1452/3311MB
step 156,190 | loss 2.3054 | lr 2.79e-04 | 1371 tok/s | fwd_bwd 5838ms data 0ms clip 20ms optim 111ms step 5972ms mem 1493/3311MB
step 156,200 | loss 1.4201 | lr 2.79e-04 | 1372 tok/s | fwd_bwd 5835ms data 0ms clip 20ms optim 111ms step 5972ms mem 1448/3311MB
step 156,210 | loss 3.2153 | lr 2.79e-04 | 1374 tok/s | fwd_bwd 5848ms data 0ms clip 20ms optim 111ms step 5983ms mem 1493/3311MB
step 156,220 | loss 2.0799 | lr 2.79e-04 | 1373 tok/s | fwd_bwd 5817ms data 0ms clip 20ms optim 113ms step 5955ms mem 1451/3311MB
step 156,230 | loss 2.1011 | lr 2.79e-04 | 1371 tok/s | fwd_bwd 5823ms data 0ms clip 20ms optim 111ms step 5965ms mem 1448/3311MB
step 156,240 | loss 1.6233 | lr 2.79e-04 | 1370 tok/s | fwd_bwd 5833ms data 0ms clip 20ms optim 111ms step 5969ms mem 1452/3311MB
step 156,250 | loss 2.9581 | lr 2.79e-04 | 1372 tok/s | fwd_bwd 5811ms data 0ms clip 20ms optim 111ms step 5950ms mem 1493/3311MB
step 156,260 | loss 2.1104 | lr 2.79e-04 | 1374 tok/s | fwd_bwd 5806ms data 0ms clip 20ms optim 111ms step 5946ms mem 1448/3311MB
step 156,270 | loss 1.5636 | lr 2.79e-04 | 1371 tok/s | fwd_bwd 5823ms data 0ms clip 20ms optim 111ms step 5963ms mem 1493/3311MB
step 156,280 | loss 3.5667 | lr 2.79e-04 | 1372 tok/s | fwd_bwd 5785ms data 0ms clip 20ms optim 111ms step 5928ms mem 1452/3311MB
step 156,290 | loss 1.6964 | lr 2.79e-04 | 1376 tok/s | fwd_bwd 5732ms data 1ms clip 20ms optim 110ms step 5874ms mem 1448/3311MB
step 156,300 | loss 3.7576 | lr 2.79e-04 | 1372 tok/s | fwd_bwd 5846ms data 0ms clip 20ms optim 111ms step 5982ms mem 1493/3311MB
step 156,310 | loss 1.5029 | lr 2.79e-04 | 1373 tok/s | fwd_bwd 5819ms data 0ms clip 20ms optim 111ms step 5958ms mem 1493/3311MB
step 156,320 | loss 1.5753 | lr 2.79e-04 | 1371 tok/s | fwd_bwd 5838ms data 0ms clip 20ms optim 111ms step 5973ms mem 1448/3311MB
step 156,330 | loss 1.9960 | lr 2.79e-04 | 1371 tok/s | fwd_bwd 5837ms data 0ms clip 20ms optim 111ms step 5976ms mem 1452/3311MB
step 156,340 | loss 3.0390 | lr 2.79e-04 | 1369 tok/s | fwd_bwd 5827ms data 0ms clip 20ms optim 111ms step 5964ms mem 1493/3311MB
step 156,350 | loss 2.1358 | lr 2.79e-04 | 1372 tok/s | fwd_bwd 5817ms data 1ms clip 20ms optim 111ms step 5961ms mem 1448/3311MB
step 156,360 | loss 3.1296 | lr 2.79e-04 | 1371 tok/s | fwd_bwd 5828ms data 1ms clip 20ms optim 111ms step 5975ms mem 1493/3311MB
step 156,370 | loss 3.0651 | lr 2.79e-04 | 1371 tok/s | fwd_bwd 5856ms data 1ms clip 20ms optim 111ms step 6002ms mem 1493/3311MB
step 156,380 | loss 2.0613 | lr 2.79e-04 | 1370 tok/s | fwd_bwd 5862ms data 0ms clip 20ms optim 111ms step 5996ms mem 1448/3311MB
step 156,390 | loss 3.2711 | lr 2.79e-04 | 1352 tok/s | fwd_bwd 5891ms data 0ms clip 20ms optim 111ms step 6033ms mem 1493/3311MB
step 156,400 | loss 3.6105 | lr 2.79e-04 | 1364 tok/s | fwd_bwd 5862ms data 0ms clip 20ms optim 111ms step 6004ms mem 1470/3311MB
step 156,410 | loss 3.6268 | lr 2.79e-04 | 1363 tok/s | fwd_bwd 5831ms data 0ms clip 20ms optim 113ms step 5974ms mem 1493/3311MB
step 156,420 | loss 3.4781 | lr 2.79e-04 | 1362 tok/s | fwd_bwd 5884ms data 0ms clip 20ms optim 111ms step 6021ms mem 1493/3311MB
step 156,430 | loss 3.5485 | lr 2.79e-04 | 1366 tok/s | fwd_bwd 5796ms data 1ms clip 20ms optim 111ms step 5940ms mem 1493/3311MB
step 156,440 | loss 2.7499 | lr 2.79e-04 | 1360 tok/s | fwd_bwd 5837ms data 1ms clip 20ms optim 112ms step 5984ms mem 1493/3311MB
step 156,450 | loss 2.6429 | lr 2.79e-04 | 1358 tok/s | fwd_bwd 5871ms data 0ms clip 20ms optim 112ms step 6006ms mem 1493/3311MB
step 156,460 | loss 2.8193 | lr 2.79e-04 | 1362 tok/s | fwd_bwd 5810ms data 0ms clip 20ms optim 112ms step 5948ms mem 1493/3311MB
step 156,470 | loss 1.9584 | lr 2.79e-04 | 1361 tok/s | fwd_bwd 5836ms data 1ms clip 20ms optim 112ms step 5980ms mem 1451/3311MB
step 156,480 | loss 1.4548 | lr 2.79e-04 | 1363 tok/s | fwd_bwd 5862ms data 0ms clip 20ms optim 112ms step 5997ms mem 1451/3311MB
step 156,490 | loss 1.8663 | lr 2.79e-04 | 1363 tok/s | fwd_bwd 5860ms data 1ms clip 24ms optim 119ms step 6023ms mem 1448/3311MB
step 156,500 | loss 2.9569 | lr 2.79e-04 | 1370 tok/s | fwd_bwd 5835ms data 0ms clip 20ms optim 111ms step 5972ms mem 1451/3311MB
  [eval] step 156500 | val_loss 3.2247 | ppl 25.15
step 156,510 | loss 2.4912 | lr 2.79e-04 | 771 tok/s | fwd_bwd 5835ms data 0ms clip 20ms optim 111ms step 5972ms mem 1458/3311MB
step 156,520 | loss 3.2201 | lr 2.79e-04 | 1366 tok/s | fwd_bwd 5837ms data 0ms clip 20ms optim 111ms step 5974ms mem 1493/3311MB
step 156,530 | loss 3.3579 | lr 2.79e-04 | 1364 tok/s | fwd_bwd 5836ms data 0ms clip 20ms optim 111ms step 5976ms mem 1493/3311MB
step 156,540 | loss 1.6664 | lr 2.79e-04 | 1364 tok/s | fwd_bwd 5828ms data 1ms clip 20ms optim 111ms step 5972ms mem 1493/3311MB
step 156,550 | loss 2.1071 | lr 2.79e-04 | 1366 tok/s | fwd_bwd 5854ms data 0ms clip 20ms optim 111ms step 5991ms mem 1448/3311MB
step 156,560 | loss 3.3588 | lr 2.79e-04 | 1369 tok/s | fwd_bwd 5840ms data 0ms clip 20ms optim 111ms step 5977ms mem 1493/3311MB
step 156,570 | loss 3.1535 | lr 2.79e-04 | 1368 tok/s | fwd_bwd 5834ms data 0ms clip 20ms optim 112ms step 5974ms mem 1452/3311MB
step 156,580 | loss 2.3138 | lr 2.79e-04 | 1364 tok/s | fwd_bwd 5863ms data 0ms clip 20ms optim 112ms step 6002ms mem 1493/3311MB
step 156,590 | loss 1.5969 | lr 2.79e-04 | 1361 tok/s | fwd_bwd 5866ms data 0ms clip 20ms optim 111ms step 6004ms mem 1493/3311MB
step 156,600 | loss 3.3825 | lr 2.79e-04 | 1363 tok/s | fwd_bwd 5869ms data 0ms clip 20ms optim 111ms step 6004ms mem 1493/3311MB
step 156,610 | loss 3.6348 | lr 2.79e-04 | 1363 tok/s | fwd_bwd 5858ms data 0ms clip 20ms optim 112ms step 5996ms mem 1482/3311MB
step 156,620 | loss 3.0999 | lr 2.79e-04 | 1361 tok/s | fwd_bwd 5826ms data 0ms clip 20ms optim 111ms step 5962ms mem 1493/3311MB
Checkpoint saved: checkpoints/step_156621
  Pruning old checkpoint: checkpoints/step_155430
step 156,630 | loss 3.5813 | lr 2.79e-04 | 1349 tok/s | fwd_bwd 5918ms data 1ms clip 23ms optim 120ms step 6080ms mem 1490/3311MB
step 156,640 | loss 2.3669 | lr 2.79e-04 | 1364 tok/s | fwd_bwd 5849ms data 1ms clip 20ms optim 111ms step 5990ms mem 1452/3311MB
step 156,650 | loss 3.2999 | lr 2.79e-04 | 1360 tok/s | fwd_bwd 5875ms data 0ms clip 20ms optim 112ms step 6012ms mem 1493/3311MB
step 156,660 | loss 2.2941 | lr 2.79e-04 | 1360 tok/s | fwd_bwd 5875ms data 0ms clip 20ms optim 111ms step 6012ms mem 1493/3311MB
step 156,670 | loss 1.6252 | lr 2.79e-04 | 1357 tok/s | fwd_bwd 5802ms data 0ms clip 20ms optim 112ms step 5942ms mem 1493/3311MB
step 156,680 | loss 2.6688 | lr 2.79e-04 | 1358 tok/s | fwd_bwd 5855ms data 0ms clip 20ms optim 112ms step 5995ms mem 1493/3311MB
step 156,690 | loss 2.5690 | lr 2.79e-04 | 1361 tok/s | fwd_bwd 5880ms data 1ms clip 20ms optim 111ms step 6028ms mem 1452/3311MB
step 156,700 | loss 1.4903 | lr 2.79e-04 | 1358 tok/s | fwd_bwd 5873ms data 1ms clip 20ms optim 111ms step 6020ms mem 1493/3311MB
step 156,710 | loss 3.0596 | lr 2.79e-04 | 1360 tok/s | fwd_bwd 5843ms data 1ms clip 20ms optim 111ms step 5990ms mem 1452/3311MB
step 156,720 | loss 2.2443 | lr 2.79e-04 | 1359 tok/s | fwd_bwd 5881ms data 0ms clip 20ms optim 112ms step 6020ms mem 1493/3311MB
step 156,730 | loss 3.1747 | lr 2.79e-04 | 1356 tok/s | fwd_bwd 5869ms data 0ms clip 20ms optim 113ms step 6008ms mem 1493/3311MB
step 156,740 | loss 2.2919 | lr 2.79e-04 | 1356 tok/s | fwd_bwd 5897ms data 1ms clip 20ms optim 112ms step 6047ms mem 1493/3311MB
step 156,750 | loss 2.7552 | lr 2.79e-04 | 1355 tok/s | fwd_bwd 5893ms data 0ms clip 20ms optim 111ms step 6029ms mem 1493/3311MB
step 156,760 | loss 2.7199 | lr 2.79e-04 | 1356 tok/s | fwd_bwd 5841ms data 1ms clip 20ms optim 112ms step 5984ms mem 1493/3311MB
step 156,770 | loss 3.1681 | lr 2.78e-04 | 1361 tok/s | fwd_bwd 5849ms data 1ms clip 20ms optim 112ms step 5992ms mem 1493/3311MB
step 156,780 | loss 2.0351 | lr 2.78e-04 | 1357 tok/s | fwd_bwd 5856ms data 1ms clip 20ms optim 111ms step 5996ms mem 1452/3311MB
step 156,790 | loss 3.0694 | lr 2.78e-04 | 1360 tok/s | fwd_bwd 5849ms data 1ms clip 20ms optim 112ms step 5992ms mem 1493/3311MB
step 156,800 | loss 3.0417 | lr 2.78e-04 | 1358 tok/s | fwd_bwd 5861ms data 1ms clip 20ms optim 111ms step 6002ms mem 1493/3311MB
step 156,810 | loss 3.0149 | lr 2.78e-04 | 1367 tok/s | fwd_bwd 5825ms data 0ms clip 20ms optim 111ms step 5964ms mem 1448/3311MB
step 156,820 | loss 2.8667 | lr 2.78e-04 | 1363 tok/s | fwd_bwd 5799ms data 0ms clip 20ms optim 111ms step 5939ms mem 1448/3311MB
step 156,830 | loss 1.7984 | lr 2.78e-04 | 1363 tok/s | fwd_bwd 5874ms data 1ms clip 20ms optim 111ms step 6019ms mem 1448/3311MB
step 156,840 | loss 3.3940 | lr 2.78e-04 | 1360 tok/s | fwd_bwd 5857ms data 1ms clip 23ms optim 119ms step 6018ms mem 1448/3311MB
step 156,850 | loss 1.9705 | lr 2.78e-04 | 1366 tok/s | fwd_bwd 5826ms data 0ms clip 20ms optim 111ms step 5964ms mem 1493/3311MB
step 156,860 | loss 2.6723 | lr 2.78e-04 | 1364 tok/s | fwd_bwd 5843ms data 0ms clip 20ms optim 111ms step 5981ms mem 1493/3311MB
step 156,870 | loss 2.1256 | lr 2.78e-04 | 1365 tok/s | fwd_bwd 5846ms data 0ms clip 20ms optim 111ms step 5984ms mem 1493/3311MB
step 156,880 | loss 3.0136 | lr 2.78e-04 | 1365 tok/s | fwd_bwd 5859ms data 1ms clip 20ms optim 111ms step 6007ms mem 1493/3311MB
step 156,890 | loss 2.9265 | lr 2.78e-04 | 1364 tok/s | fwd_bwd 5857ms data 0ms clip 20ms optim 111ms step 5991ms mem 1448/3311MB
step 156,900 | loss 2.9375 | lr 2.78e-04 | 1362 tok/s | fwd_bwd 5862ms data 0ms clip 20ms optim 112ms step 6001ms mem 1448/3311MB
step 156,910 | loss 2.5838 | lr 2.78e-04 | 1356 tok/s | fwd_bwd 5911ms data 0ms clip 20ms optim 112ms step 6048ms mem 1448/3311MB
step 156,920 | loss 2.7986 | lr 2.78e-04 | 1353 tok/s | fwd_bwd 5899ms data 0ms clip 20ms optim 112ms step 6039ms mem 1448/3311MB
step 156,930 | loss 3.0914 | lr 2.78e-04 | 1358 tok/s | fwd_bwd 5862ms data 0ms clip 20ms optim 111ms step 6001ms mem 1448/3311MB
step 156,940 | loss 2.4210 | lr 2.78e-04 | 1341 tok/s | fwd_bwd 5884ms data 0ms clip 20ms optim 111ms step 6022ms mem 1448/3311MB
step 156,950 | loss 3.5140 | lr 2.78e-04 | 1366 tok/s | fwd_bwd 5836ms data 0ms clip 20ms optim 111ms step 5977ms mem 1493/3311MB
step 156,960 | loss 2.9448 | lr 2.78e-04 | 1371 tok/s | fwd_bwd 5779ms data 0ms clip 20ms optim 111ms step 5919ms mem 1488/3311MB
step 156,970 | loss 1.7222 | lr 2.78e-04 | 1379 tok/s | fwd_bwd 5765ms data 0ms clip 20ms optim 111ms step 5902ms mem 1493/3311MB
step 156,980 | loss 2.0637 | lr 2.78e-04 | 1385 tok/s | fwd_bwd 5777ms data 0ms clip 20ms optim 111ms step 5914ms mem 1451/3311MB
step 156,990 | loss 3.4593 | lr 2.78e-04 | 1380 tok/s | fwd_bwd 5791ms data 0ms clip 20ms optim 111ms step 5925ms mem 1493/3311MB
step 157,000 | loss 2.3449 | lr 2.78e-04 | 1380 tok/s | fwd_bwd 5753ms data 1ms clip 20ms optim 111ms step 5897ms mem 1452/3311MB
  [eval] step 157000 | val_loss 3.2410 | ppl 25.56
Checkpoint saved: checkpoints/step_157000
  [samples] wrote checkpoints/step_157000/samples.txt
  Pruning old checkpoint: checkpoints/step_156000
step 157,010 | loss 0.9109 | lr 2.78e-04 | 595 tok/s | fwd_bwd 5802ms data 1ms clip 20ms optim 111ms step 5950ms mem 1452/3311MB
step 157,020 | loss 3.2887 | lr 2.78e-04 | 1380 tok/s | fwd_bwd 5817ms data 0ms clip 20ms optim 112ms step 5955ms mem 1451/3311MB
step 157,030 | loss 3.2392 | lr 2.78e-04 | 1383 tok/s | fwd_bwd 5784ms data 0ms clip 20ms optim 112ms step 5919ms mem 1493/3311MB
step 157,040 | loss 2.8077 | lr 2.78e-04 | 1383 tok/s | fwd_bwd 5738ms data 1ms clip 20ms optim 111ms step 5882ms mem 1458/3311MB
step 157,050 | loss 2.6161 | lr 2.78e-04 | 1381 tok/s | fwd_bwd 5767ms data 1ms clip 20ms optim 111ms step 5914ms mem 1493/3311MB
step 157,060 | loss 2.6100 | lr 2.78e-04 | 1381 tok/s | fwd_bwd 5799ms data 1ms clip 20ms optim 111ms step 5949ms mem 1493/3311MB
step 157,070 | loss 2.5890 | lr 2.78e-04 | 1378 tok/s | fwd_bwd 5747ms data 0ms clip 20ms optim 111ms step 5885ms mem 1493/3311MB
step 157,080 | loss 0.0001 | lr 2.78e-04 | 1373 tok/s | fwd_bwd 5785ms data 1ms clip 20ms optim 111ms step 5930ms mem 1493/3311MB
step 157,090 | loss 3.2901 | lr 2.78e-04 | 1374 tok/s | fwd_bwd 5808ms data 0ms clip 20ms optim 111ms step 5947ms mem 1493/3311MB
step 157,100 | loss 2.3535 | lr 2.78e-04 | 1379 tok/s | fwd_bwd 5804ms data 0ms clip 20ms optim 111ms step 5941ms mem 1493/3311MB
step 157,110 | loss 2.8132 | lr 2.78e-04 | 1377 tok/s | fwd_bwd 5800ms data 0ms clip 20ms optim 111ms step 5940ms mem 1452/3311MB
step 157,120 | loss 3.4490 | lr 2.78e-04 | 1377 tok/s | fwd_bwd 5788ms data 0ms clip 20ms optim 111ms step 5922ms mem 1493/3311MB
step 157,130 | loss 1.5562 | lr 2.78e-04 | 1382 tok/s | fwd_bwd 5765ms data 0ms clip 20ms optim 111ms step 5904ms mem 1493/3311MB
step 157,140 | loss 3.3171 | lr 2.78e-04 | 1380 tok/s | fwd_bwd 5792ms data 0ms clip 20ms optim 111ms step 5929ms mem 1493/3311MB
step 157,150 | loss 1.8439 | lr 2.78e-04 | 1376 tok/s | fwd_bwd 5793ms data 0ms clip 20ms optim 112ms step 5934ms mem 1493/3311MB
step 157,160 | loss 3.4294 | lr 2.78e-04 | 1372 tok/s | fwd_bwd 5799ms data 0ms clip 20ms optim 111ms step 5940ms mem 1493/3311MB
step 157,170 | loss 2.2851 | lr 2.78e-04 | 1373 tok/s | fwd_bwd 5791ms data 1ms clip 20ms optim 111ms step 5932ms mem 1493/3311MB
step 157,180 | loss 2.5750 | lr 2.78e-04 | 1376 tok/s | fwd_bwd 5796ms data 0ms clip 20ms optim 111ms step 5933ms mem 1493/3311MB
step 157,190 | loss 2.8363 | lr 2.78e-04 | 1373 tok/s | fwd_bwd 5818ms data 0ms clip 20ms optim 111ms step 5955ms mem 1470/3311MB
step 157,200 | loss 3.4561 | lr 2.78e-04 | 1373 tok/s | fwd_bwd 5777ms data 1ms clip 20ms optim 111ms step 5922ms mem 1493/3311MB
Checkpoint saved: checkpoints/step_157209
  Pruning old checkpoint: checkpoints/step_156027
step 157,210 | loss 2.3548 | lr 2.78e-04 | 1355 tok/s | fwd_bwd 5577ms data 1ms clip 20ms optim 111ms step 5720ms mem 1448/3311MB
step 157,220 | loss 1.7210 | lr 2.78e-04 | 1372 tok/s | fwd_bwd 5781ms data 0ms clip 20ms optim 113ms step 5919ms mem 1452/3311MB
step 157,230 | loss 3.0469 | lr 2.78e-04 | 1370 tok/s | fwd_bwd 5784ms data 1ms clip 20ms optim 111ms step 5929ms mem 1493/3311MB
step 157,240 | loss 2.5866 | lr 2.78e-04 | 1369 tok/s | fwd_bwd 5811ms data 1ms clip 21ms optim 111ms step 5960ms mem 1448/3311MB
step 157,250 | loss 1.6247 | lr 2.78e-04 | 1367 tok/s | fwd_bwd 5815ms data 0ms clip 20ms optim 111ms step 5955ms mem 1493/3311MB
step 157,260 | loss 2.9846 | lr 2.78e-04 | 1372 tok/s | fwd_bwd 5815ms data 0ms clip 20ms optim 112ms step 5953ms mem 1493/3311MB
step 157,270 | loss 3.6445 | lr 2.78e-04 | 1373 tok/s | fwd_bwd 5804ms data 0ms clip 20ms optim 111ms step 5946ms mem 1493/3311MB
step 157,280 | loss 3.2437 | lr 2.78e-04 | 1373 tok/s | fwd_bwd 5827ms data 0ms clip 20ms optim 111ms step 5965ms mem 1493/3311MB
step 157,290 | loss 2.9998 | lr 2.78e-04 | 1375 tok/s | fwd_bwd 5784ms data 1ms clip 20ms optim 111ms step 5927ms mem 1493/3311MB
step 157,300 | loss 3.3611 | lr 2.78e-04 | 1376 tok/s | fwd_bwd 5793ms data 0ms clip 20ms optim 111ms step 5932ms mem 1452/3311MB
step 157,310 | loss 1.4861 | lr 2.78e-04 | 1378 tok/s | fwd_bwd 5789ms data 0ms clip 20ms optim 111ms step 5927ms mem 1452/3311MB
step 157,320 | loss 2.5365 | lr 2.78e-04 | 1376 tok/s | fwd_bwd 5798ms data 0ms clip 20ms optim 111ms step 5935ms mem 1493/3311MB
step 157,330 | loss 3.0455 | lr 2.78e-04 | 1373 tok/s | fwd_bwd 5700ms data 1ms clip 20ms optim 111ms step 5843ms mem 1493/3311MB
step 157,340 | loss 1.3604 | lr 2.78e-04 | 1373 tok/s | fwd_bwd 5787ms data 1ms clip 20ms optim 111ms step 5932ms mem 1493/3311MB
step 157,350 | loss 1.4522 | lr 2.78e-04 | 1374 tok/s | fwd_bwd 5806ms data 0ms clip 20ms optim 111ms step 5945ms mem 1493/3311MB
step 157,360 | loss 1.2827 | lr 2.78e-04 | 1371 tok/s | fwd_bwd 5824ms data 1ms clip 20ms optim 111ms step 5972ms mem 1493/3311MB
step 157,370 | loss 3.3298 | lr 2.78e-04 | 1369 tok/s | fwd_bwd 5809ms data 1ms clip 20ms optim 111ms step 5953ms mem 1493/3311MB
step 157,380 | loss 2.5039 | lr 2.78e-04 | 1367 tok/s | fwd_bwd 5855ms data 0ms clip 20ms optim 112ms step 5992ms mem 1452/3311MB
step 157,390 | loss 3.0979 | lr 2.78e-04 | 1366 tok/s | fwd_bwd 5845ms data 0ms clip 20ms optim 112ms step 5984ms mem 1493/3311MB
step 157,400 | loss 3.0697 | lr 2.78e-04 | 1362 tok/s | fwd_bwd 5883ms data 0ms clip 20ms optim 111ms step 6017ms mem 1493/3311MB
step 157,410 | loss 1.2251 | lr 2.78e-04 | 1361 tok/s | fwd_bwd 5866ms data 0ms clip 20ms optim 111ms step 6002ms mem 1452/3311MB
step 157,420 | loss 2.7028 | lr 2.78e-04 | 1363 tok/s | fwd_bwd 5854ms data 0ms clip 20ms optim 112ms step 5993ms mem 1451/3311MB
step 157,430 | loss 1.3873 | lr 2.78e-04 | 1364 tok/s | fwd_bwd 5842ms data 1ms clip 20ms optim 111ms step 5988ms mem 1493/3311MB
step 157,440 | loss 3.2995 | lr 2.78e-04 | 1361 tok/s | fwd_bwd 5882ms data 0ms clip 20ms optim 111ms step 6021ms mem 1452/3311MB
step 157,450 | loss 2.0195 | lr 2.78e-04 | 1362 tok/s | fwd_bwd 5825ms data 0ms clip 20ms optim 111ms step 5966ms mem 1493/3311MB
step 157,460 | loss 1.2992 | lr 2.78e-04 | 1368 tok/s | fwd_bwd 5823ms data 0ms clip 20ms optim 111ms step 5960ms mem 1493/3311MB
step 157,470 | loss 3.3915 | lr 2.78e-04 | 1375 tok/s | fwd_bwd 5782ms data 1ms clip 20ms optim 111ms step 5925ms mem 1458/3311MB
step 157,480 | loss 2.4337 | lr 2.78e-04 | 1381 tok/s | fwd_bwd 5771ms data 0ms clip 20ms optim 111ms step 5908ms mem 1493/3311MB
step 157,490 | loss 2.7362 | lr 2.78e-04 | 1386 tok/s | fwd_bwd 5758ms data 0ms clip 20ms optim 111ms step 5897ms mem 1452/3311MB
step 157,500 | loss 2.6017 | lr 2.78e-04 | 1387 tok/s | fwd_bwd 5728ms data 0ms clip 20ms optim 111ms step 5869ms mem 1493/3311MB
  [eval] step 157500 | val_loss 3.3412 | ppl 28.25
step 157,510 | loss 3.2521 | lr 2.78e-04 | 785 tok/s | fwd_bwd 5712ms data 0ms clip 20ms optim 111ms step 5854ms mem 1493/3311MB
step 157,520 | loss 3.4541 | lr 2.78e-04 | 1392 tok/s | fwd_bwd 5738ms data 1ms clip 20ms optim 111ms step 5882ms mem 1493/3311MB
step 157,530 | loss 3.7480 | lr 2.77e-04 | 1387 tok/s | fwd_bwd 5785ms data 0ms clip 20ms optim 111ms step 5919ms mem 1493/3311MB
step 157,540 | loss 1.9906 | lr 2.77e-04 | 1383 tok/s | fwd_bwd 5687ms data 1ms clip 20ms optim 111ms step 5834ms mem 1493/3311MB
step 157,550 | loss 3.1476 | lr 2.77e-04 | 1382 tok/s | fwd_bwd 5785ms data 0ms clip 20ms optim 111ms step 5920ms mem 1493/3311MB
step 157,560 | loss 2.5929 | lr 2.77e-04 | 1383 tok/s | fwd_bwd 5780ms data 0ms clip 20ms optim 111ms step 5917ms mem 1493/3311MB
step 157,570 | loss 2.1687 | lr 2.77e-04 | 1384 tok/s | fwd_bwd 5760ms data 0ms clip 20ms optim 112ms step 5899ms mem 1493/3311MB
step 157,580 | loss 3.1094 | lr 2.77e-04 | 1381 tok/s | fwd_bwd 5784ms data 0ms clip 20ms optim 111ms step 5922ms mem 1452/3311MB
step 157,590 | loss 1.3815 | lr 2.77e-04 | 1381 tok/s | fwd_bwd 5788ms data 0ms clip 20ms optim 111ms step 5927ms mem 1493/3311MB
step 157,600 | loss 1.2944 | lr 2.77e-04 | 1375 tok/s | fwd_bwd 5824ms data 0ms clip 20ms optim 111ms step 5964ms mem 1452/3311MB
step 157,610 | loss 3.1257 | lr 2.77e-04 | 1374 tok/s | fwd_bwd 5806ms data 0ms clip 20ms optim 111ms step 5944ms mem 1493/3311MB
step 157,620 | loss 1.7194 | lr 2.77e-04 | 1375 tok/s | fwd_bwd 5794ms data 0ms clip 20ms optim 111ms step 5933ms mem 1493/3311MB
step 157,630 | loss 3.4997 | lr 2.77e-04 | 1375 tok/s | fwd_bwd 5798ms data 0ms clip 20ms optim 112ms step 5936ms mem 1451/3311MB
step 157,640 | loss 2.6932 | lr 2.77e-04 | 1372 tok/s | fwd_bwd 5812ms data 0ms clip 20ms optim 111ms step 5953ms mem 1493/3311MB
step 157,650 | loss 1.9578 | lr 2.77e-04 | 1366 tok/s | fwd_bwd 5852ms data 0ms clip 20ms optim 112ms step 5990ms mem 1448/3311MB
step 157,660 | loss 3.6573 | lr 2.77e-04 | 1366 tok/s | fwd_bwd 5847ms data 0ms clip 20ms optim 112ms step 5981ms mem 1452/3311MB
step 157,670 | loss 1.3973 | lr 2.77e-04 | 1369 tok/s | fwd_bwd 5831ms data 0ms clip 20ms optim 111ms step 5968ms mem 1493/3311MB
step 157,680 | loss 3.2259 | lr 2.77e-04 | 1368 tok/s | fwd_bwd 5839ms data 0ms clip 20ms optim 111ms step 5973ms mem 1452/3311MB
step 157,690 | loss 2.9694 | lr 2.77e-04 | 1370 tok/s | fwd_bwd 5836ms data 1ms clip 20ms optim 112ms step 5979ms mem 1452/3311MB
step 157,700 | loss 1.9915 | lr 2.77e-04 | 1360 tok/s | fwd_bwd 5860ms data 0ms clip 20ms optim 111ms step 5999ms mem 1452/3311MB
step 157,710 | loss 1.1809 | lr 2.77e-04 | 1360 tok/s | fwd_bwd 5879ms data 1ms clip 20ms optim 112ms step 6029ms mem 1493/3311MB
step 157,720 | loss 2.7877 | lr 2.77e-04 | 1365 tok/s | fwd_bwd 5838ms data 0ms clip 20ms optim 112ms step 5977ms mem 1452/3311MB
step 157,730 | loss 3.0523 | lr 2.77e-04 | 1368 tok/s | fwd_bwd 5784ms data 0ms clip 20ms optim 111ms step 5925ms mem 1493/3311MB
step 157,740 | loss 2.6338 | lr 2.77e-04 | 1364 tok/s | fwd_bwd 5913ms data 1ms clip 23ms optim 119ms step 6073ms mem 1448/3311MB
step 157,750 | loss 1.5230 | lr 2.77e-04 | 1368 tok/s | fwd_bwd 5852ms data 0ms clip 20ms optim 111ms step 5989ms mem 1451/3311MB
step 157,760 | loss 2.3537 | lr 2.77e-04 | 1364 tok/s | fwd_bwd 5857ms data 0ms clip 20ms optim 112ms step 5997ms mem 1493/3311MB
step 157,770 | loss 2.3365 | lr 2.77e-04 | 1363 tok/s | fwd_bwd 5870ms data 0ms clip 20ms optim 112ms step 6004ms mem 1493/3311MB
step 157,780 | loss 2.8312 | lr 2.77e-04 | 1363 tok/s | fwd_bwd 5850ms data 1ms clip 20ms optim 111ms step 5996ms mem 1493/3311MB
step 157,790 | loss 1.7480 | lr 2.77e-04 | 1363 tok/s | fwd_bwd 5839ms data 1ms clip 20ms optim 111ms step 5985ms mem 1493/3311MB
step 157,800 | loss 1.6835 | lr 2.77e-04 | 1361 tok/s | fwd_bwd 5997ms data 0ms clip 23ms optim 119ms step 6146ms mem 1482/3311MB
Checkpoint saved: checkpoints/step_157805
  Pruning old checkpoint: checkpoints/step_156621
step 157,810 | loss 3.1863 | lr 2.77e-04 | 1346 tok/s | fwd_bwd 5911ms data 0ms clip 20ms optim 111ms step 6051ms mem 1493/3311MB
step 157,820 | loss 2.9915 | lr 2.77e-04 | 1356 tok/s | fwd_bwd 5872ms data 0ms clip 20ms optim 111ms step 6014ms mem 1493/3311MB
step 157,830 | loss 3.2164 | lr 2.77e-04 | 1359 tok/s | fwd_bwd 5892ms data 0ms clip 20ms optim 112ms step 6028ms mem 1493/3311MB
step 157,840 | loss 3.1133 | lr 2.77e-04 | 1361 tok/s | fwd_bwd 5884ms data 0ms clip 20ms optim 111ms step 6020ms mem 1493/3311MB
step 157,850 | loss 3.4495 | lr 2.77e-04 | 1358 tok/s | fwd_bwd 5896ms data 0ms clip 20ms optim 112ms step 6034ms mem 1452/3311MB
step 157,860 | loss 2.8525 | lr 2.77e-04 | 1357 tok/s | fwd_bwd 5869ms data 0ms clip 20ms optim 112ms step 6010ms mem 1493/3311MB
step 157,870 | loss 3.3063 | lr 2.77e-04 | 1360 tok/s | fwd_bwd 5879ms data 0ms clip 20ms optim 111ms step 6014ms mem 1451/3311MB
step 157,880 | loss 3.3746 | lr 2.77e-04 | 1359 tok/s | fwd_bwd 5863ms data 1ms clip 20ms optim 111ms step 6008ms mem 1493/3311MB
step 157,890 | loss 2.0771 | lr 2.77e-04 | 1358 tok/s | fwd_bwd 5874ms data 0ms clip 20ms optim 111ms step 6016ms mem 1493/3311MB
step 157,900 | loss 2.8590 | lr 2.77e-04 | 1357 tok/s | fwd_bwd 5907ms data 0ms clip 20ms optim 111ms step 6042ms mem 1493/3311MB
step 157,910 | loss 3.1672 | lr 2.77e-04 | 1354 tok/s | fwd_bwd 5888ms data 1ms clip 20ms optim 111ms step 6034ms mem 1451/3311MB
step 157,920 | loss 2.2378 | lr 2.77e-04 | 1356 tok/s | fwd_bwd 5877ms data 0ms clip 20ms optim 111ms step 6018ms mem 1493/3311MB
step 157,930 | loss 2.5046 | lr 2.77e-04 | 1358 tok/s | fwd_bwd 5872ms data 0ms clip 20ms optim 111ms step 6014ms mem 1493/3311MB
step 157,940 | loss 1.4112 | lr 2.77e-04 | 1356 tok/s | fwd_bwd 5891ms data 0ms clip 20ms optim 111ms step 6031ms mem 1452/3311MB
step 157,950 | loss 3.3321 | lr 2.77e-04 | 1353 tok/s | fwd_bwd 5908ms data 0ms clip 20ms optim 111ms step 6047ms mem 1493/3311MB
step 157,960 | loss 3.5308 | lr 2.77e-04 | 1352 tok/s | fwd_bwd 5896ms data 0ms clip 20ms optim 112ms step 6036ms mem 1452/3311MB
step 157,970 | loss 2.6195 | lr 2.77e-04 | 1355 tok/s | fwd_bwd 5872ms data 0ms clip 20ms optim 112ms step 6013ms mem 1493/3311MB
step 157,980 | loss 2.3764 | lr 2.77e-04 | 1355 tok/s | fwd_bwd 5900ms data 0ms clip 20ms optim 111ms step 6036ms mem 1493/3311MB
step 157,990 | loss 2.1319 | lr 2.77e-04 | 1356 tok/s | fwd_bwd 5818ms data 0ms clip 20ms optim 111ms step 5960ms mem 1493/3311MB
step 158,000 | loss 2.2282 | lr 2.77e-04 | 1356 tok/s | fwd_bwd 5889ms data 1ms clip 20ms optim 111ms step 6033ms mem 1493/3311MB
  [eval] step 158000 | val_loss 3.1968 | ppl 24.45
Checkpoint saved: checkpoints/step_158000
  [samples] wrote checkpoints/step_158000/samples.txt
  Pruning old checkpoint: checkpoints/step_157000
step 158,010 | loss 3.4192 | lr 2.77e-04 | 577 tok/s | fwd_bwd 5913ms data 1ms clip 20ms optim 111ms step 6055ms mem 1493/3311MB
step 158,020 | loss 1.3779 | lr 2.77e-04 | 1348 tok/s | fwd_bwd 5905ms data 1ms clip 20ms optim 112ms step 6049ms mem 1493/3311MB
step 158,030 | loss 1.8645 | lr 2.77e-04 | 1352 tok/s | fwd_bwd 5883ms data 0ms clip 20ms optim 111ms step 6023ms mem 1493/3311MB
step 158,040 | loss 3.6605 | lr 2.77e-04 | 1353 tok/s | fwd_bwd 5906ms data 0ms clip 20ms optim 111ms step 6046ms mem 1493/3311MB
step 158,050 | loss 2.0802 | lr 2.77e-04 | 1351 tok/s | fwd_bwd 5908ms data 0ms clip 20ms optim 111ms step 6047ms mem 1493/3311MB
step 158,060 | loss 2.9855 | lr 2.77e-04 | 1351 tok/s | fwd_bwd 5902ms data 0ms clip 20ms optim 112ms step 6042ms mem 1493/3311MB
step 158,070 | loss 1.4840 | lr 2.77e-04 | 1352 tok/s | fwd_bwd 5894ms data 0ms clip 20ms optim 111ms step 6034ms mem 1493/3311MB
step 158,080 | loss 3.3041 | lr 2.77e-04 | 1356 tok/s | fwd_bwd 5872ms data 0ms clip 20ms optim 111ms step 6012ms mem 1493/3311MB
step 158,090 | loss 3.7010 | lr 2.77e-04 | 1358 tok/s | fwd_bwd 5845ms data 0ms clip 20ms optim 111ms step 5987ms mem 1464/3311MB
step 158,100 | loss 2.9488 | lr 2.77e-04 | 1360 tok/s | fwd_bwd 5861ms data 1ms clip 20ms optim 112ms step 6008ms mem 1452/3311MB
step 158,110 | loss 3.9803 | lr 2.77e-04 | 1353 tok/s | fwd_bwd 5907ms data 0ms clip 20ms optim 113ms step 6047ms mem 1493/3311MB
step 158,120 | loss 0.8148 | lr 2.77e-04 | 1347 tok/s | fwd_bwd 5923ms data 0ms clip 20ms optim 111ms step 6057ms mem 1493/3311MB
step 158,130 | loss 1.8441 | lr 2.77e-04 | 1346 tok/s | fwd_bwd 5928ms data 0ms clip 20ms optim 111ms step 6068ms mem 1452/3311MB
step 158,140 | loss 2.3400 | lr 2.77e-04 | 1348 tok/s | fwd_bwd 5911ms data 1ms clip 20ms optim 111ms step 6057ms mem 1493/3311MB
step 158,150 | loss 2.8216 | lr 2.77e-04 | 1347 tok/s | fwd_bwd 5926ms data 0ms clip 20ms optim 111ms step 6060ms mem 1493/3311MB
step 158,160 | loss 3.1948 | lr 2.77e-04 | 1346 tok/s | fwd_bwd 5921ms data 1ms clip 20ms optim 111ms step 6063ms mem 1493/3311MB
step 158,170 | loss 1.1985 | lr 2.77e-04 | 1347 tok/s | fwd_bwd 5916ms data 0ms clip 20ms optim 112ms step 6052ms mem 1493/3311MB
step 158,180 | loss 3.3460 | lr 2.77e-04 | 1350 tok/s | fwd_bwd 5896ms data 1ms clip 20ms optim 111ms step 6042ms mem 1493/3311MB
step 158,190 | loss 2.4869 | lr 2.77e-04 | 1348 tok/s | fwd_bwd 5922ms data 0ms clip 20ms optim 111ms step 6059ms mem 1493/3311MB
step 158,200 | loss 2.2852 | lr 2.77e-04 | 1349 tok/s | fwd_bwd 5926ms data 1ms clip 20ms optim 111ms step 6072ms mem 1493/3311MB
step 158,210 | loss 2.4806 | lr 2.77e-04 | 1342 tok/s | fwd_bwd 5927ms data 0ms clip 20ms optim 112ms step 6071ms mem 1493/3311MB
step 158,220 | loss 2.9957 | lr 2.77e-04 | 1340 tok/s | fwd_bwd 5945ms data 0ms clip 20ms optim 111ms step 6085ms mem 1493/3311MB
step 158,230 | loss 2.2587 | lr 2.77e-04 | 1336 tok/s | fwd_bwd 5983ms data 0ms clip 20ms optim 112ms step 6123ms mem 1452/3311MB
step 158,240 | loss 2.9011 | lr 2.77e-04 | 1335 tok/s | fwd_bwd 5951ms data 0ms clip 20ms optim 112ms step 6094ms mem 1452/3311MB
step 158,250 | loss 3.2970 | lr 2.77e-04 | 1336 tok/s | fwd_bwd 5948ms data 1ms clip 20ms optim 111ms step 6093ms mem 1493/3311MB
step 158,260 | loss 3.7268 | lr 2.76e-04 | 1345 tok/s | fwd_bwd 5915ms data 0ms clip 20ms optim 112ms step 6056ms mem 1493/3311MB
step 158,270 | loss 2.0056 | lr 2.76e-04 | 1344 tok/s | fwd_bwd 5921ms data 0ms clip 20ms optim 112ms step 6057ms mem 1493/3311MB
step 158,280 | loss 2.0529 | lr 2.76e-04 | 1348 tok/s | fwd_bwd 5912ms data 0ms clip 20ms optim 111ms step 6052ms mem 1493/3311MB
step 158,290 | loss 1.4459 | lr 2.76e-04 | 1350 tok/s | fwd_bwd 5922ms data 0ms clip 20ms optim 111ms step 6060ms mem 1493/3311MB
step 158,300 | loss 3.4498 | lr 2.76e-04 | 1347 tok/s | fwd_bwd 5922ms data 0ms clip 20ms optim 111ms step 6058ms mem 1493/3311MB
step 158,310 | loss 2.3912 | lr 2.76e-04 | 1348 tok/s | fwd_bwd 5914ms data 0ms clip 20ms optim 111ms step 6051ms mem 1493/3311MB
step 158,320 | loss 4.0901 | lr 2.76e-04 | 1347 tok/s | fwd_bwd 6120ms data 0ms clip 20ms optim 112ms step 6258ms mem 1489/3311MB
step 158,330 | loss 3.3186 | lr 2.76e-04 | 1350 tok/s | fwd_bwd 5903ms data 0ms clip 20ms optim 111ms step 6043ms mem 1493/3311MB
step 158,340 | loss 2.9671 | lr 2.76e-04 | 1351 tok/s | fwd_bwd 5908ms data 0ms clip 20ms optim 111ms step 6047ms mem 1493/3311MB
step 158,350 | loss 2.0344 | lr 2.76e-04 | 1351 tok/s | fwd_bwd 5908ms data 1ms clip 20ms optim 111ms step 6051ms mem 1493/3311MB
step 158,360 | loss 2.7247 | lr 2.76e-04 | 1352 tok/s | fwd_bwd 5903ms data 0ms clip 20ms optim 111ms step 6038ms mem 1493/3311MB
step 158,370 | loss 2.6550 | lr 2.76e-04 | 1352 tok/s | fwd_bwd 5932ms data 0ms clip 20ms optim 112ms step 6070ms mem 1493/3311MB
step 158,380 | loss 2.5293 | lr 2.76e-04 | 1348 tok/s | fwd_bwd 5914ms data 1ms clip 21ms optim 124ms step 6079ms mem 1493/3311MB
Checkpoint saved: checkpoints/step_158386
  Pruning old checkpoint: checkpoints/step_157209
step 158,390 | loss 2.4558 | lr 2.76e-04 | 1336 tok/s | fwd_bwd 5915ms data 1ms clip 20ms optim 111ms step 6060ms mem 1452/3311MB
step 158,400 | loss 3.0232 | lr 2.76e-04 | 1351 tok/s | fwd_bwd 5911ms data 0ms clip 20ms optim 111ms step 6048ms mem 1451/3311MB
step 158,410 | loss 3.2240 | lr 2.76e-04 | 1351 tok/s | fwd_bwd 5891ms data 0ms clip 20ms optim 111ms step 6032ms mem 1493/3311MB
step 158,420 | loss 3.1837 | lr 2.76e-04 | 1355 tok/s | fwd_bwd 5908ms data 0ms clip 20ms optim 111ms step 6046ms mem 1493/3311MB
step 158,430 | loss 1.7831 | lr 2.76e-04 | 1352 tok/s | fwd_bwd 5908ms data 0ms clip 20ms optim 111ms step 6050ms mem 1493/3311MB
step 158,440 | loss 2.5365 | lr 2.76e-04 | 1354 tok/s | fwd_bwd 5908ms data 0ms clip 20ms optim 112ms step 6048ms mem 1448/3311MB
step 158,450 | loss 3.0091 | lr 2.76e-04 | 1351 tok/s | fwd_bwd 5919ms data 0ms clip 20ms optim 111ms step 6054ms mem 1452/3311MB
step 158,460 | loss 1.5242 | lr 2.76e-04 | 1349 tok/s | fwd_bwd 5935ms data 1ms clip 20ms optim 111ms step 6082ms mem 1493/3311MB
step 158,470 | loss 3.0873 | lr 2.76e-04 | 1349 tok/s | fwd_bwd 5960ms data 1ms clip 20ms optim 112ms step 6111ms mem 1493/3311MB
step 158,480 | loss 1.9463 | lr 2.76e-04 | 1349 tok/s | fwd_bwd 5932ms data 0ms clip 20ms optim 111ms step 6069ms mem 1493/3311MB
step 158,490 | loss 2.8357 | lr 2.76e-04 | 1349 tok/s | fwd_bwd 5911ms data 0ms clip 20ms optim 112ms step 6050ms mem 1493/3311MB
step 158,500 | loss 3.3145 | lr 2.76e-04 | 1353 tok/s | fwd_bwd 5909ms data 0ms clip 20ms optim 112ms step 6044ms mem 1451/3311MB
  [eval] step 158500 | val_loss 2.4203 | ppl 11.25
step 158,510 | loss 3.3422 | lr 2.76e-04 | 762 tok/s | fwd_bwd 5898ms data 0ms clip 20ms optim 112ms step 6040ms mem 1493/3311MB
step 158,520 | loss 2.4418 | lr 2.76e-04 | 1351 tok/s | fwd_bwd 5903ms data 0ms clip 20ms optim 111ms step 6040ms mem 1452/3311MB
step 158,530 | loss 2.4879 | lr 2.76e-04 | 1353 tok/s | fwd_bwd 5907ms data 0ms clip 20ms optim 111ms step 6047ms mem 1493/3311MB
step 158,540 | loss 3.0106 | lr 2.76e-04 | 1354 tok/s | fwd_bwd 5890ms data 0ms clip 20ms optim 111ms step 6031ms mem 1493/3311MB
step 158,550 | loss 3.7820 | lr 2.76e-04 | 1356 tok/s | fwd_bwd 5897ms data 0ms clip 20ms optim 112ms step 6033ms mem 1493/3311MB
step 158,560 | loss 3.5711 | lr 2.76e-04 | 1355 tok/s | fwd_bwd 5927ms data 0ms clip 20ms optim 112ms step 6065ms mem 1493/3311MB
step 158,570 | loss 3.4431 | lr 2.76e-04 | 1354 tok/s | fwd_bwd 5886ms data 1ms clip 20ms optim 111ms step 6034ms mem 1488/3311MB
step 158,580 | loss 3.2664 | lr 2.76e-04 | 1360 tok/s | fwd_bwd 5866ms data 0ms clip 20ms optim 111ms step 6005ms mem 1493/3311MB
step 158,590 | loss 2.3487 | lr 2.76e-04 | 1359 tok/s | fwd_bwd 5860ms data 1ms clip 20ms optim 111ms step 6003ms mem 1493/3311MB
step 158,600 | loss 2.7206 | lr 2.76e-04 | 1356 tok/s | fwd_bwd 5874ms data 0ms clip 20ms optim 111ms step 6017ms mem 1493/3311MB
step 158,610 | loss 3.4477 | lr 2.76e-04 | 1353 tok/s | fwd_bwd 5936ms data 0ms clip 20ms optim 111ms step 6075ms mem 1493/3311MB
step 158,620 | loss 3.1628 | lr 2.76e-04 | 1350 tok/s | fwd_bwd 5921ms data 1ms clip 20ms optim 111ms step 6067ms mem 1493/3311MB
step 158,630 | loss 3.4798 | lr 2.76e-04 | 1348 tok/s | fwd_bwd 5935ms data 0ms clip 20ms optim 111ms step 6072ms mem 1493/3311MB
step 158,640 | loss 1.9531 | lr 2.76e-04 | 1343 tok/s | fwd_bwd 6000ms data 1ms clip 23ms optim 118ms step 6161ms mem 1493/3311MB
step 158,650 | loss 3.9379 | lr 2.76e-04 | 1349 tok/s | fwd_bwd 5940ms data 0ms clip 20ms optim 111ms step 6080ms mem 1493/3311MB
step 158,660 | loss 2.8970 | lr 2.76e-04 | 1351 tok/s | fwd_bwd 5885ms data 0ms clip 20ms optim 111ms step 6025ms mem 1448/3311MB
step 158,670 | loss 2.6238 | lr 2.76e-04 | 1358 tok/s | fwd_bwd 5894ms data 0ms clip 20ms optim 111ms step 6032ms mem 1493/3311MB
step 158,680 | loss 1.9231 | lr 2.76e-04 | 1353 tok/s | fwd_bwd 5927ms data 1ms clip 20ms optim 111ms step 6076ms mem 1493/3311MB
step 158,690 | loss 3.0729 | lr 2.76e-04 | 1350 tok/s | fwd_bwd 5925ms data 0ms clip 20ms optim 111ms step 6064ms mem 1451/3311MB
step 158,700 | loss 3.5732 | lr 2.76e-04 | 1346 tok/s | fwd_bwd 5933ms data 0ms clip 20ms optim 111ms step 6072ms mem 1452/3311MB
step 158,710 | loss 3.1994 | lr 2.76e-04 | 1343 tok/s | fwd_bwd 5977ms data 1ms clip 20ms optim 112ms step 6126ms mem 1493/3311MB
step 158,720 | loss 1.7333 | lr 2.76e-04 | 1337 tok/s | fwd_bwd 6051ms data 0ms clip 20ms optim 111ms step 6186ms mem 1493/3311MB
step 158,730 | loss 2.7019 | lr 2.76e-04 | 1337 tok/s | fwd_bwd 5972ms data 0ms clip 20ms optim 111ms step 6109ms mem 1452/3311MB
step 158,740 | loss 2.2597 | lr 2.76e-04 | 1338 tok/s | fwd_bwd 5967ms data 0ms clip 20ms optim 111ms step 6106ms mem 1493/3311MB
step 158,750 | loss 1.5044 | lr 2.76e-04 | 1341 tok/s | fwd_bwd 5947ms data 0ms clip 20ms optim 111ms step 6087ms mem 1452/3311MB
step 158,760 | loss 0.0154 | lr 2.76e-04 | 1340 tok/s | fwd_bwd 5993ms data 1ms clip 20ms optim 111ms step 6139ms mem 1493/3311MB
step 158,770 | loss 2.2982 | lr 2.76e-04 | 1338 tok/s | fwd_bwd 5977ms data 0ms clip 20ms optim 112ms step 6117ms mem 1493/3311MB
step 158,780 | loss 2.4611 | lr 2.76e-04 | 1342 tok/s | fwd_bwd 5926ms data 0ms clip 20ms optim 112ms step 6064ms mem 1451/3311MB
step 158,790 | loss 1.7369 | lr 2.76e-04 | 1345 tok/s | fwd_bwd 5943ms data 0ms clip 20ms optim 111ms step 6081ms mem 1452/3311MB
step 158,800 | loss 3.1594 | lr 2.76e-04 | 1344 tok/s | fwd_bwd 5940ms data 0ms clip 20ms optim 111ms step 6078ms mem 1493/3311MB
step 158,810 | loss 3.2799 | lr 2.76e-04 | 1344 tok/s | fwd_bwd 5953ms data 1ms clip 20ms optim 111ms step 6098ms mem 1493/3311MB
step 158,820 | loss 3.2635 | lr 2.76e-04 | 1342 tok/s | fwd_bwd 5950ms data 0ms clip 20ms optim 111ms step 6090ms mem 1493/3311MB
step 158,830 | loss 3.2743 | lr 2.76e-04 | 1343 tok/s | fwd_bwd 5868ms data 0ms clip 20ms optim 111ms step 6008ms mem 1493/3311MB
step 158,840 | loss 2.5917 | lr 2.76e-04 | 1343 tok/s | fwd_bwd 5939ms data 0ms clip 20ms optim 111ms step 6081ms mem 1493/3311MB
step 158,850 | loss 3.2537 | lr 2.76e-04 | 1341 tok/s | fwd_bwd 5953ms data 0ms clip 20ms optim 112ms step 6091ms mem 1493/3311MB
step 158,860 | loss 3.0256 | lr 2.76e-04 | 1341 tok/s | fwd_bwd 6022ms data 1ms clip 21ms optim 111ms step 6173ms mem 1493/3311MB
step 158,870 | loss 3.3779 | lr 2.76e-04 | 1346 tok/s | fwd_bwd 5939ms data 0ms clip 20ms optim 111ms step 6076ms mem 1448/3311MB
step 158,880 | loss 3.1731 | lr 2.76e-04 | 1343 tok/s | fwd_bwd 5944ms data 1ms clip 20ms optim 111ms step 6090ms mem 1493/3311MB
step 158,890 | loss 3.6557 | lr 2.76e-04 | 1346 tok/s | fwd_bwd 5916ms data 0ms clip 20ms optim 111ms step 6057ms mem 1452/3311MB
step 158,900 | loss 3.6824 | lr 2.76e-04 | 1351 tok/s | fwd_bwd 5904ms data 0ms clip 20ms optim 112ms step 6039ms mem 1451/3311MB
step 158,910 | loss 2.7975 | lr 2.76e-04 | 1351 tok/s | fwd_bwd 5943ms data 1ms clip 20ms optim 111ms step 6094ms mem 1493/3311MB
step 158,920 | loss 3.6335 | lr 2.76e-04 | 1352 tok/s | fwd_bwd 5905ms data 0ms clip 20ms optim 111ms step 6040ms mem 1493/3311MB
step 158,930 | loss 3.2648 | lr 2.76e-04 | 1352 tok/s | fwd_bwd 5911ms data 0ms clip 20ms optim 111ms step 6047ms mem 1449/3311MB
step 158,940 | loss 3.1391 | lr 2.76e-04 | 1350 tok/s | fwd_bwd 5922ms data 0ms clip 20ms optim 111ms step 6061ms mem 1493/3311MB
step 158,950 | loss 3.9681 | lr 2.76e-04 | 1348 tok/s | fwd_bwd 5907ms data 1ms clip 20ms optim 111ms step 6053ms mem 1493/3311MB
step 158,960 | loss 3.2945 | lr 2.76e-04 | 1350 tok/s | fwd_bwd 5942ms data 1ms clip 20ms optim 112ms step 6090ms mem 1493/3311MB
step 158,970 | loss 3.8920 | lr 2.76e-04 | 1341 tok/s | fwd_bwd 5953ms data 0ms clip 20ms optim 111ms step 6093ms mem 1493/3311MB
Checkpoint saved: checkpoints/step_158971
  Pruning old checkpoint: checkpoints/step_157805
step 158,980 | loss 1.6095 | lr 2.76e-04 | 1333 tok/s | fwd_bwd 5926ms data 1ms clip 20ms optim 111ms step 6073ms mem 1493/3311MB
step 158,990 | loss 2.6632 | lr 2.75e-04 | 1349 tok/s | fwd_bwd 5908ms data 0ms clip 20ms optim 111ms step 6050ms mem 1493/3311MB
step 159,000 | loss 2.3952 | lr 2.75e-04 | 1344 tok/s | fwd_bwd 5906ms data 0ms clip 20ms optim 111ms step 6049ms mem 1493/3311MB
  [eval] step 159000 | val_loss 3.2954 | ppl 26.99
Checkpoint saved: checkpoints/step_159000
  [samples] wrote checkpoints/step_159000/samples.txt
  Pruning old checkpoint: checkpoints/step_158000
step 159,010 | loss 3.3757 | lr 2.75e-04 | 582 tok/s | fwd_bwd 5965ms data 0ms clip 20ms optim 111ms step 6103ms mem 1493/3311MB
step 159,020 | loss 2.7742 | lr 2.75e-04 | 1337 tok/s | fwd_bwd 5951ms data 0ms clip 20ms optim 111ms step 6089ms mem 1493/3311MB
step 159,030 | loss 1.5517 | lr 2.75e-04 | 1343 tok/s | fwd_bwd 5943ms data 0ms clip 20ms optim 111ms step 6080ms mem 1493/3311MB
step 159,040 | loss 1.5868 | lr 2.75e-04 | 1341 tok/s | fwd_bwd 5949ms data 0ms clip 20ms optim 111ms step 6089ms mem 1493/3311MB
step 159,050 | loss 3.4054 | lr 2.75e-04 | 1338 tok/s | fwd_bwd 5991ms data 0ms clip 20ms optim 111ms step 6132ms mem 1493/3311MB
step 159,060 | loss 1.6993 | lr 2.75e-04 | 1331 tok/s | fwd_bwd 5971ms data 1ms clip 20ms optim 111ms step 6114ms mem 1493/3311MB
step 159,070 | loss 2.3094 | lr 2.75e-04 | 1334 tok/s | fwd_bwd 6041ms data 1ms clip 23ms optim 119ms step 6201ms mem 1493/3311MB
step 159,080 | loss 2.6420 | lr 2.75e-04 | 1337 tok/s | fwd_bwd 5981ms data 0ms clip 20ms optim 111ms step 6120ms mem 1452/3311MB
step 159,090 | loss 2.7503 | lr 2.75e-04 | 1331 tok/s | fwd_bwd 6009ms data 0ms clip 20ms optim 111ms step 6149ms mem 1493/3311MB
step 159,100 | loss 2.8524 | lr 2.75e-04 | 1329 tok/s | fwd_bwd 6017ms data 0ms clip 20ms optim 111ms step 6154ms mem 1493/3311MB
step 159,110 | loss 2.9007 | lr 2.75e-04 | 1328 tok/s | fwd_bwd 6070ms data 1ms clip 20ms optim 112ms step 6219ms mem 1451/3311MB
step 159,120 | loss 1.6132 | lr 2.75e-04 | 1331 tok/s | fwd_bwd 6005ms data 1ms clip 20ms optim 111ms step 6150ms mem 1493/3311MB
step 159,130 | loss 3.3144 | lr 2.75e-04 | 1331 tok/s | fwd_bwd 6003ms data 0ms clip 20ms optim 112ms step 6144ms mem 1493/3311MB
step 159,140 | loss 2.5402 | lr 2.75e-04 | 1329 tok/s | fwd_bwd 6006ms data 0ms clip 20ms optim 111ms step 6145ms mem 1452/3311MB
step 159,150 | loss 2.6431 | lr 2.75e-04 | 1330 tok/s | fwd_bwd 6000ms data 0ms clip 20ms optim 111ms step 6137ms mem 1493/3311MB
step 159,160 | loss 3.5281 | lr 2.75e-04 | 1330 tok/s | fwd_bwd 6005ms data 0ms clip 20ms optim 112ms step 6144ms mem 1493/3311MB
step 159,170 | loss 2.9803 | lr 2.75e-04 | 1327 tok/s | fwd_bwd 5944ms data 1ms clip 20ms optim 112ms step 6088ms mem 1470/3311MB
step 159,180 | loss 3.0120 | lr 2.75e-04 | 1328 tok/s | fwd_bwd 6009ms data 0ms clip 20ms optim 111ms step 6145ms mem 1482/3311MB
step 159,190 | loss 3.3103 | lr 2.75e-04 | 1329 tok/s | fwd_bwd 6005ms data 0ms clip 20ms optim 112ms step 6141ms mem 1493/3311MB
step 159,200 | loss 3.4438 | lr 2.75e-04 | 1326 tok/s | fwd_bwd 6015ms data 0ms clip 20ms optim 111ms step 6151ms mem 1493/3311MB
step 159,210 | loss 3.4892 | lr 2.75e-04 | 1326 tok/s | fwd_bwd 6038ms data 0ms clip 20ms optim 111ms step 6176ms mem 1493/3311MB
step 159,220 | loss 2.6033 | lr 2.75e-04 | 1330 tok/s | fwd_bwd 5991ms data 0ms clip 20ms optim 111ms step 6130ms mem 1493/3311MB
step 159,230 | loss 3.3144 | lr 2.75e-04 | 1330 tok/s | fwd_bwd 6006ms data 0ms clip 20ms optim 111ms step 6141ms mem 1493/3311MB
step 159,240 | loss 2.2276 | lr 2.75e-04 | 1328 tok/s | fwd_bwd 6018ms data 0ms clip 20ms optim 113ms step 6156ms mem 1493/3311MB
step 159,250 | loss 3.5602 | lr 2.75e-04 | 1326 tok/s | fwd_bwd 6037ms data 1ms clip 20ms optim 111ms step 6184ms mem 1493/3311MB
step 159,260 | loss 3.4790 | lr 2.75e-04 | 1328 tok/s | fwd_bwd 5995ms data 0ms clip 20ms optim 111ms step 6132ms mem 1493/3311MB
step 159,270 | loss 3.4673 | lr 2.75e-04 | 1332 tok/s | fwd_bwd 5990ms data 1ms clip 20ms optim 112ms step 6133ms mem 1493/3311MB
step 159,280 | loss 3.2437 | lr 2.75e-04 | 1332 tok/s | fwd_bwd 5968ms data 1ms clip 20ms optim 111ms step 6112ms mem 1492/3311MB
step 159,290 | loss 2.8133 | lr 2.75e-04 | 1326 tok/s | fwd_bwd 6023ms data 0ms clip 20ms optim 111ms step 6160ms mem 1493/3311MB
step 159,300 | loss 2.4121 | lr 2.75e-04 | 1327 tok/s | fwd_bwd 5947ms data 0ms clip 20ms optim 112ms step 6087ms mem 1493/3311MB
step 159,310 | loss 1.2884 | lr 2.75e-04 | 1327 tok/s | fwd_bwd 6016ms data 1ms clip 20ms optim 112ms step 6158ms mem 1493/3311MB
step 159,320 | loss 3.2717 | lr 2.75e-04 | 1327 tok/s | fwd_bwd 6038ms data 1ms clip 20ms optim 111ms step 6187ms mem 1451/3311MB
step 159,330 | loss 2.3732 | lr 2.75e-04 | 1328 tok/s | fwd_bwd 6022ms data 0ms clip 20ms optim 112ms step 6162ms mem 1493/3311MB
step 159,340 | loss 3.2884 | lr 2.75e-04 | 1324 tok/s | fwd_bwd 6025ms data 0ms clip 20ms optim 112ms step 6166ms mem 1493/3311MB
step 159,350 | loss 2.2701 | lr 2.75e-04 | 1323 tok/s | fwd_bwd 6052ms data 0ms clip 20ms optim 111ms step 6186ms mem 1451/3311MB
step 159,360 | loss 2.8705 | lr 2.75e-04 | 1324 tok/s | fwd_bwd 6070ms data 1ms clip 23ms optim 119ms step 6231ms mem 1451/3311MB
step 159,370 | loss 3.3981 | lr 2.75e-04 | 1327 tok/s | fwd_bwd 6015ms data 0ms clip 20ms optim 111ms step 6153ms mem 1493/3311MB
step 159,380 | loss 2.7818 | lr 2.75e-04 | 1327 tok/s | fwd_bwd 6002ms data 0ms clip 20ms optim 111ms step 6137ms mem 1493/3311MB
step 159,390 | loss 2.9926 | lr 2.75e-04 | 1330 tok/s | fwd_bwd 6001ms data 0ms clip 20ms optim 111ms step 6140ms mem 1493/3311MB
step 159,400 | loss 3.0197 | lr 2.75e-04 | 1328 tok/s | fwd_bwd 6016ms data 0ms clip 20ms optim 111ms step 6158ms mem 1451/3311MB
step 159,410 | loss 1.9327 | lr 2.75e-04 | 1328 tok/s | fwd_bwd 5998ms data 0ms clip 20ms optim 111ms step 6137ms mem 1493/3311MB
step 159,420 | loss 3.0108 | lr 2.75e-04 | 1329 tok/s | fwd_bwd 6022ms data 0ms clip 20ms optim 111ms step 6159ms mem 1452/3311MB
step 159,430 | loss 3.2639 | lr 2.75e-04 | 1325 tok/s | fwd_bwd 5925ms data 1ms clip 20ms optim 111ms step 6067ms mem 1493/3311MB
step 159,440 | loss 1.5014 | lr 2.75e-04 | 1325 tok/s | fwd_bwd 6038ms data 0ms clip 20ms optim 111ms step 6180ms mem 1493/3311MB
step 159,450 | loss 3.6343 | lr 2.75e-04 | 1330 tok/s | fwd_bwd 5981ms data 0ms clip 20ms optim 111ms step 6120ms mem 1493/3311MB
step 159,460 | loss 3.2693 | lr 2.75e-04 | 1334 tok/s | fwd_bwd 5987ms data 0ms clip 20ms optim 111ms step 6125ms mem 1452/3311MB
step 159,470 | loss 3.4634 | lr 2.75e-04 | 1341 tok/s | fwd_bwd 5942ms data 0ms clip 20ms optim 111ms step 6076ms mem 1493/3311MB
step 159,480 | loss 1.3870 | lr 2.75e-04 | 1346 tok/s | fwd_bwd 5930ms data 0ms clip 20ms optim 114ms step 6074ms mem 1451/3311MB
step 159,490 | loss 3.2509 | lr 2.75e-04 | 1339 tok/s | fwd_bwd 5959ms data 0ms clip 20ms optim 112ms step 6101ms mem 1493/3311MB
step 159,500 | loss 2.0851 | lr 2.75e-04 | 1341 tok/s | fwd_bwd 5941ms data 0ms clip 20ms optim 111ms step 6080ms mem 1493/3311MB
  [eval] step 159500 | val_loss 3.1464 | ppl 23.25
step 159,510 | loss 1.7633 | lr 2.75e-04 | 759 tok/s | fwd_bwd 5931ms data 0ms clip 20ms optim 112ms step 6072ms mem 1451/3311MB
step 159,520 | loss 2.1324 | lr 2.75e-04 | 1344 tok/s | fwd_bwd 5937ms data 0ms clip 20ms optim 111ms step 6074ms mem 1493/3311MB
step 159,530 | loss 2.8296 | lr 2.75e-04 | 1331 tok/s | fwd_bwd 6211ms data 1ms clip 20ms optim 112ms step 6357ms mem 1452/3311MB
Checkpoint saved: checkpoints/step_159536
  Pruning old checkpoint: checkpoints/step_158386
step 159,540 | loss 2.7448 | lr 2.75e-04 | 1318 tok/s | fwd_bwd 6020ms data 0ms clip 20ms optim 111ms step 6158ms mem 1452/3311MB
step 159,550 | loss 3.1662 | lr 2.75e-04 | 1330 tok/s | fwd_bwd 6009ms data 0ms clip 20ms optim 111ms step 6146ms mem 1451/3311MB
step 159,560 | loss 2.1205 | lr 2.75e-04 | 1330 tok/s | fwd_bwd 5989ms data 0ms clip 20ms optim 111ms step 6131ms mem 1448/3311MB
step 159,570 | loss 2.8682 | lr 2.75e-04 | 1331 tok/s | fwd_bwd 5996ms data 1ms clip 20ms optim 111ms step 6142ms mem 1492/3311MB
step 159,580 | loss 3.0520 | lr 2.75e-04 | 1329 tok/s | fwd_bwd 6019ms data 0ms clip 20ms optim 112ms step 6154ms mem 1493/3311MB
step 159,590 | loss 2.4175 | lr 2.75e-04 | 1325 tok/s | fwd_bwd 6013ms data 1ms clip 20ms optim 111ms step 6160ms mem 1493/3311MB
step 159,600 | loss 4.0921 | lr 2.75e-04 | 1336 tok/s | fwd_bwd 5973ms data 0ms clip 20ms optim 111ms step 6111ms mem 1482/3311MB
step 159,610 | loss 2.2632 | lr 2.75e-04 | 1337 tok/s | fwd_bwd 5975ms data 0ms clip 20ms optim 112ms step 6111ms mem 1490/3311MB
step 159,620 | loss 2.4229 | lr 2.75e-04 | 1336 tok/s | fwd_bwd 5988ms data 0ms clip 20ms optim 111ms step 6129ms mem 1451/3311MB
step 159,630 | loss 3.7587 | lr 2.75e-04 | 1336 tok/s | fwd_bwd 5975ms data 0ms clip 20ms optim 111ms step 6119ms mem 1493/3311MB
step 159,640 | loss 2.4677 | lr 2.75e-04 | 1335 tok/s | fwd_bwd 5992ms data 0ms clip 20ms optim 112ms step 6129ms mem 1451/3311MB
step 159,650 | loss 2.0209 | lr 2.75e-04 | 1333 tok/s | fwd_bwd 6000ms data 0ms clip 20ms optim 111ms step 6136ms mem 1451/3311MB
step 159,660 | loss 3.7103 | lr 2.75e-04 | 1335 tok/s | fwd_bwd 5970ms data 1ms clip 20ms optim 111ms step 6111ms mem 1451/3311MB
step 159,670 | loss 2.1665 | lr 2.75e-04 | 1330 tok/s | fwd_bwd 5977ms data 0ms clip 20ms optim 111ms step 6116ms mem 1493/3311MB
step 159,680 | loss 3.1140 | lr 2.75e-04 | 1337 tok/s | fwd_bwd 5961ms data 0ms clip 20ms optim 111ms step 6100ms mem 1451/3311MB
step 159,690 | loss 2.2269 | lr 2.75e-04 | 1341 tok/s | fwd_bwd 5949ms data 0ms clip 20ms optim 111ms step 6090ms mem 1493/3311MB
step 159,700 | loss 3.0405 | lr 2.74e-04 | 1340 tok/s | fwd_bwd 5954ms data 1ms clip 20ms optim 112ms step 6101ms mem 1448/3311MB
step 159,710 | loss 3.7936 | lr 2.74e-04 | 1338 tok/s | fwd_bwd 5955ms data 0ms clip 20ms optim 112ms step 6096ms mem 1493/3311MB
step 159,720 | loss 2.5204 | lr 2.74e-04 | 1339 tok/s | fwd_bwd 5999ms data 1ms clip 20ms optim 111ms step 6147ms mem 1448/3311MB
step 159,730 | loss 1.8961 | lr 2.74e-04 | 1335 tok/s | fwd_bwd 5983ms data 0ms clip 20ms optim 111ms step 6122ms mem 1493/3311MB
step 159,740 | loss 1.9824 | lr 2.74e-04 | 1334 tok/s | fwd_bwd 6008ms data 1ms clip 23ms optim 119ms step 6170ms mem 1470/3311MB
step 159,750 | loss 1.8646 | lr 2.74e-04 | 1334 tok/s | fwd_bwd 5954ms data 1ms clip 20ms optim 111ms step 6097ms mem 1451/3311MB
step 159,760 | loss 1.4809 | lr 2.74e-04 | 1331 tok/s | fwd_bwd 5957ms data 0ms clip 20ms optim 111ms step 6095ms mem 1450/3311MB
step 159,770 | loss 2.7279 | lr 2.74e-04 | 1337 tok/s | fwd_bwd 5980ms data 0ms clip 20ms optim 111ms step 6122ms mem 1493/3311MB
step 159,780 | loss 3.3040 | lr 2.74e-04 | 1334 tok/s | fwd_bwd 5956ms data 1ms clip 20ms optim 111ms step 6103ms mem 1493/3311MB
step 159,790 | loss 2.7769 | lr 2.74e-04 | 1335 tok/s | fwd_bwd 5969ms data 0ms clip 20ms optim 111ms step 6108ms mem 1493/3311MB
step 159,800 | loss 2.8985 | lr 2.74e-04 | 1337 tok/s | fwd_bwd 5976ms data 0ms clip 20ms optim 111ms step 6117ms mem 1493/3311MB
step 159,810 | loss 2.9019 | lr 2.74e-04 | 1338 tok/s | fwd_bwd 5958ms data 0ms clip 20ms optim 112ms step 6101ms mem 1493/3311MB
step 159,820 | loss 2.9960 | lr 2.74e-04 | 1341 tok/s | fwd_bwd 5966ms data 1ms clip 20ms optim 111ms step 6113ms mem 1493/3311MB
step 159,830 | loss 2.7295 | lr 2.74e-04 | 1341 tok/s | fwd_bwd 5946ms data 1ms clip 20ms optim 111ms step 6089ms mem 1451/3311MB
step 159,840 | loss 3.7872 | lr 2.74e-04 | 1341 tok/s | fwd_bwd 5946ms data 0ms clip 20ms optim 111ms step 6087ms mem 1493/3311MB
step 159,850 | loss 2.7499 | lr 2.74e-04 | 1342 tok/s | fwd_bwd 5966ms data 0ms clip 20ms optim 112ms step 6106ms mem 1493/3311MB
step 159,860 | loss 1.5934 | lr 2.74e-04 | 1340 tok/s | fwd_bwd 5969ms data 0ms clip 20ms optim 111ms step 6105ms mem 1493/3311MB
step 159,870 | loss 0.0361 | lr 2.74e-04 | 1339 tok/s | fwd_bwd 5996ms data 0ms clip 20ms optim 111ms step 6130ms mem 1493/3311MB
step 159,880 | loss 3.0361 | lr 2.74e-04 | 1336 tok/s | fwd_bwd 5982ms data 0ms clip 20ms optim 111ms step 6120ms mem 1493/3311MB
step 159,890 | loss 3.3654 | lr 2.74e-04 | 1329 tok/s | fwd_bwd 5987ms data 1ms clip 20ms optim 111ms step 6131ms mem 1470/3311MB
step 159,900 | loss 1.5790 | lr 2.74e-04 | 1331 tok/s | fwd_bwd 5984ms data 0ms clip 20ms optim 112ms step 6125ms mem 1493/3311MB
step 159,910 | loss 2.1721 | lr 2.74e-04 | 1334 tok/s | fwd_bwd 5981ms data 0ms clip 20ms optim 112ms step 6122ms mem 1493/3311MB
step 159,920 | loss 2.2717 | lr 2.74e-04 | 1332 tok/s | fwd_bwd 5996ms data 0ms clip 20ms optim 111ms step 6133ms mem 1452/3311MB
step 159,930 | loss 2.8724 | lr 2.74e-04 | 1330 tok/s | fwd_bwd 6009ms data 0ms clip 20ms optim 111ms step 6144ms mem 1493/3311MB
step 159,940 | loss 1.5047 | lr 2.74e-04 | 1330 tok/s | fwd_bwd 6022ms data 0ms clip 20ms optim 111ms step 6159ms mem 1493/3311MB
step 159,950 | loss 2.7157 | lr 2.74e-04 | 1326 tok/s | fwd_bwd 6039ms data 0ms clip 20ms optim 112ms step 6176ms mem 1451/3311MB
step 159,960 | loss 2.4676 | lr 2.74e-04 | 1326 tok/s | fwd_bwd 6023ms data 0ms clip 20ms optim 111ms step 6160ms mem 1452/3311MB
step 159,970 | loss 2.5243 | lr 2.74e-04 | 1328 tok/s | fwd_bwd 6025ms data 0ms clip 20ms optim 111ms step 6162ms mem 1493/3311MB
step 159,980 | loss 2.8532 | lr 2.74e-04 | 1325 tok/s | fwd_bwd 6020ms data 1ms clip 20ms optim 111ms step 6166ms mem 1493/3311MB
step 159,990 | loss 0.0196 | lr 2.74e-04 | 1325 tok/s | fwd_bwd 5928ms data 0ms clip 20ms optim 111ms step 6063ms mem 1449/3311MB
step 160,000 | loss 3.4633 | lr 2.74e-04 | 1319 tok/s | fwd_bwd 6336ms data 0ms clip 21ms optim 114ms step 6477ms mem 1452/3311MB
  [eval] step 160000 | val_loss 3.2026 | ppl 24.60
Checkpoint saved: checkpoints/step_160000
  [samples] wrote checkpoints/step_160000/samples.txt
  Pruning old checkpoint: checkpoints/step_158971
step 160,010 | loss 3.0763 | lr 2.74e-04 | 571 tok/s | fwd_bwd 6073ms data 1ms clip 20ms optim 111ms step 6216ms mem 1493/3311MB
step 160,020 | loss 2.4266 | lr 2.74e-04 | 1316 tok/s | fwd_bwd 6057ms data 1ms clip 20ms optim 111ms step 6200ms mem 1493/3311MB
step 160,030 | loss 3.7333 | lr 2.74e-04 | 1321 tok/s | fwd_bwd 6047ms data 1ms clip 20ms optim 111ms step 6190ms mem 1493/3311MB
step 160,040 | loss 3.9475 | lr 2.74e-04 | 1322 tok/s | fwd_bwd 6032ms data 0ms clip 20ms optim 111ms step 6174ms mem 1493/3311MB
step 160,050 | loss 1.9680 | lr 2.74e-04 | 1314 tok/s | fwd_bwd 6051ms data 1ms clip 20ms optim 112ms step 6196ms mem 1493/3311MB
step 160,060 | loss 4.0303 | lr 2.74e-04 | 1313 tok/s | fwd_bwd 6060ms data 0ms clip 20ms optim 111ms step 6196ms mem 1493/3311MB
step 160,070 | loss 2.6230 | lr 2.74e-04 | 1318 tok/s | fwd_bwd 6070ms data 0ms clip 20ms optim 112ms step 6208ms mem 1452/3311MB
step 160,080 | loss 2.2177 | lr 2.74e-04 | 1321 tok/s | fwd_bwd 5951ms data 0ms clip 20ms optim 112ms step 6091ms mem 1493/3311MB
step 160,090 | loss 3.3543 | lr 2.74e-04 | 1323 tok/s | fwd_bwd 6037ms data 0ms clip 20ms optim 112ms step 6173ms mem 1493/3311MB
step 160,100 | loss 2.5256 | lr 2.74e-04 | 1318 tok/s | fwd_bwd 6056ms data 0ms clip 20ms optim 112ms step 6195ms mem 1493/3311MB
Checkpoint saved: checkpoints/step_160108
  Pruning old checkpoint: checkpoints/step_159000
step 160,110 | loss 3.7378 | lr 2.74e-04 | 1303 tok/s | fwd_bwd 6065ms data 0ms clip 20ms optim 111ms step 6205ms mem 1492/3311MB
step 160,120 | loss 2.2436 | lr 2.74e-04 | 1319 tok/s | fwd_bwd 6060ms data 0ms clip 20ms optim 112ms step 6201ms mem 1451/3311MB
step 160,130 | loss 2.9832 | lr 2.74e-04 | 1324 tok/s | fwd_bwd 6025ms data 1ms clip 20ms optim 111ms step 6172ms mem 1451/3311MB
step 160,140 | loss 2.9013 | lr 2.74e-04 | 1326 tok/s | fwd_bwd 6033ms data 0ms clip 20ms optim 112ms step 6173ms mem 1451/3311MB
step 160,150 | loss 1.6762 | lr 2.74e-04 | 1325 tok/s | fwd_bwd 6034ms data 0ms clip 20ms optim 112ms step 6176ms mem 1493/3311MB
step 160,160 | loss 3.3458 | lr 2.74e-04 | 1325 tok/s | fwd_bwd 6027ms data 0ms clip 20ms optim 111ms step 6167ms mem 1493/3311MB
step 160,170 | loss 2.3057 | lr 2.74e-04 | 1322 tok/s | fwd_bwd 6032ms data 0ms clip 20ms optim 111ms step 6171ms mem 1493/3311MB
step 160,180 | loss 0.2248 | lr 2.74e-04 | 1327 tok/s | fwd_bwd 6014ms data 0ms clip 20ms optim 111ms step 6152ms mem 1493/3311MB
step 160,190 | loss 0.3766 | lr 2.74e-04 | 1325 tok/s | fwd_bwd 6087ms data 1ms clip 21ms optim 113ms step 6239ms mem 1493/3311MB
step 160,200 | loss 3.1183 | lr 2.74e-04 | 1324 tok/s | fwd_bwd 6030ms data 0ms clip 20ms optim 111ms step 6169ms mem 1493/3311MB
step 160,210 | loss 1.8446 | lr 2.74e-04 | 1324 tok/s | fwd_bwd 6046ms data 1ms clip 20ms optim 111ms step 6191ms mem 1493/3311MB
step 160,220 | loss 2.4282 | lr 2.74e-04 | 1324 tok/s | fwd_bwd 6031ms data 0ms clip 20ms optim 111ms step 6168ms mem 1493/3311MB
step 160,230 | loss 2.1647 | lr 2.74e-04 | 1327 tok/s | fwd_bwd 6026ms data 0ms clip 20ms optim 111ms step 6168ms mem 1493/3311MB
step 160,240 | loss 2.7414 | lr 2.74e-04 | 1327 tok/s | fwd_bwd 6005ms data 0ms clip 20ms optim 112ms step 6144ms mem 1450/3311MB
step 160,250 | loss 2.1419 | lr 2.74e-04 | 1330 tok/s | fwd_bwd 6012ms data 0ms clip 20ms optim 111ms step 6153ms mem 1448/3311MB
step 160,260 | loss 1.6319 | lr 2.74e-04 | 1332 tok/s | fwd_bwd 5984ms data 0ms clip 20ms optim 112ms step 6122ms mem 1493/3311MB
step 160,270 | loss 1.6951 | lr 2.74e-04 | 1334 tok/s | fwd_bwd 5989ms data 0ms clip 20ms optim 112ms step 6128ms mem 1493/3311MB
step 160,280 | loss 3.5793 | lr 2.74e-04 | 1333 tok/s | fwd_bwd 5987ms data 1ms clip 20ms optim 111ms step 6133ms mem 1451/3311MB
step 160,290 | loss 3.9125 | lr 2.74e-04 | 1332 tok/s | fwd_bwd 5993ms data 0ms clip 20ms optim 112ms step 6131ms mem 1448/3311MB
step 160,300 | loss 1.7343 | lr 2.74e-04 | 1331 tok/s | fwd_bwd 5985ms data 0ms clip 20ms optim 111ms step 6122ms mem 1451/3311MB
step 160,310 | loss 1.4327 | lr 2.74e-04 | 1326 tok/s | fwd_bwd 6007ms data 0ms clip 20ms optim 111ms step 6142ms mem 1448/3311MB
step 160,320 | loss 2.7109 | lr 2.74e-04 | 1331 tok/s | fwd_bwd 6002ms data 0ms clip 20ms optim 111ms step 6139ms mem 1493/3311MB
step 160,330 | loss 3.4981 | lr 2.74e-04 | 1330 tok/s | fwd_bwd 6014ms data 0ms clip 20ms optim 111ms step 6151ms mem 1493/3311MB
step 160,340 | loss 3.2264 | lr 2.74e-04 | 1327 tok/s | fwd_bwd 6030ms data 1ms clip 20ms optim 111ms step 6177ms mem 1493/3311MB
step 160,350 | loss 4.1519 | lr 2.74e-04 | 1333 tok/s | fwd_bwd 5986ms data 0ms clip 20ms optim 111ms step 6121ms mem 1452/3311MB
step 160,360 | loss 2.6052 | lr 2.74e-04 | 1339 tok/s | fwd_bwd 5953ms data 0ms clip 20ms optim 111ms step 6093ms mem 1493/3311MB
step 160,370 | loss 2.7046 | lr 2.74e-04 | 1340 tok/s | fwd_bwd 5960ms data 0ms clip 20ms optim 112ms step 6096ms mem 1493/3311MB
step 160,380 | loss 1.6296 | lr 2.74e-04 | 1337 tok/s | fwd_bwd 5987ms data 0ms clip 20ms optim 111ms step 6124ms mem 1451/3311MB
step 160,390 | loss 0.6456 | lr 2.74e-04 | 1340 tok/s | fwd_bwd 5956ms data 0ms clip 20ms optim 111ms step 6093ms mem 1493/3311MB
step 160,400 | loss 3.1083 | lr 2.73e-04 | 1341 tok/s | fwd_bwd 5917ms data 0ms clip 20ms optim 111ms step 6054ms mem 1493/3311MB
step 160,410 | loss 3.7035 | lr 2.73e-04 | 1340 tok/s | fwd_bwd 5968ms data 1ms clip 20ms optim 111ms step 6114ms mem 1493/3311MB
step 160,420 | loss 3.2991 | lr 2.73e-04 | 1336 tok/s | fwd_bwd 5985ms data 0ms clip 20ms optim 111ms step 6124ms mem 1493/3311MB
step 160,430 | loss 2.1902 | lr 2.73e-04 | 1335 tok/s | fwd_bwd 5974ms data 0ms clip 20ms optim 111ms step 6116ms mem 1493/3311MB
step 160,440 | loss 2.6681 | lr 2.73e-04 | 1332 tok/s | fwd_bwd 5998ms data 0ms clip 20ms optim 111ms step 6133ms mem 1493/3311MB
step 160,450 | loss 2.8623 | lr 2.73e-04 | 1332 tok/s | fwd_bwd 6015ms data 1ms clip 20ms optim 111ms step 6162ms mem 1493/3311MB
step 160,460 | loss 1.6443 | lr 2.73e-04 | 1334 tok/s | fwd_bwd 5980ms data 0ms clip 20ms optim 112ms step 6117ms mem 1451/3311MB
step 160,470 | loss 2.3046 | lr 2.73e-04 | 1338 tok/s | fwd_bwd 5974ms data 0ms clip 20ms optim 111ms step 6112ms mem 1493/3311MB
step 160,480 | loss 2.3892 | lr 2.73e-04 | 1337 tok/s | fwd_bwd 5965ms data 0ms clip 20ms optim 112ms step 6107ms mem 1493/3311MB
step 160,490 | loss 3.7317 | lr 2.73e-04 | 1334 tok/s | fwd_bwd 5978ms data 0ms clip 20ms optim 111ms step 6113ms mem 1493/3311MB
step 160,500 | loss 2.9648 | lr 2.73e-04 | 1337 tok/s | fwd_bwd 5969ms data 1ms clip 20ms optim 111ms step 6113ms mem 1493/3311MB
  [eval] step 160500 | val_loss 3.2383 | ppl 25.49
step 160,510 | loss 2.2237 | lr 2.73e-04 | 755 tok/s | fwd_bwd 5939ms data 0ms clip 20ms optim 113ms step 6077ms mem 1492/3311MB
step 160,520 | loss 1.0118 | lr 2.73e-04 | 1341 tok/s | fwd_bwd 5957ms data 0ms clip 20ms optim 111ms step 6094ms mem 1493/3311MB
step 160,530 | loss 1.6345 | lr 2.73e-04 | 1337 tok/s | fwd_bwd 5973ms data 0ms clip 20ms optim 111ms step 6110ms mem 1493/3311MB
step 160,540 | loss 2.1809 | lr 2.73e-04 | 1335 tok/s | fwd_bwd 5978ms data 0ms clip 20ms optim 111ms step 6117ms mem 1493/3311MB
step 160,550 | loss 3.0983 | lr 2.73e-04 | 1334 tok/s | fwd_bwd 5986ms data 0ms clip 20ms optim 111ms step 6130ms mem 1493/3311MB
step 160,560 | loss 3.5595 | lr 2.73e-04 | 1331 tok/s | fwd_bwd 5987ms data 0ms clip 20ms optim 112ms step 6123ms mem 1493/3311MB
step 160,570 | loss 3.4261 | lr 2.73e-04 | 1329 tok/s | fwd_bwd 5999ms data 0ms clip 20ms optim 111ms step 6139ms mem 1493/3311MB
step 160,580 | loss 2.9290 | lr 2.73e-04 | 1333 tok/s | fwd_bwd 6002ms data 0ms clip 20ms optim 112ms step 6142ms mem 1452/3311MB
step 160,590 | loss 3.0943 | lr 2.73e-04 | 1332 tok/s | fwd_bwd 5977ms data 0ms clip 20ms optim 112ms step 6114ms mem 1493/3311MB
step 160,600 | loss 3.3726 | lr 2.73e-04 | 1335 tok/s | fwd_bwd 5992ms data 0ms clip 20ms optim 111ms step 6133ms mem 1452/3311MB
step 160,610 | loss 1.0241 | lr 2.73e-04 | 1332 tok/s | fwd_bwd 5998ms data 0ms clip 20ms optim 111ms step 6134ms mem 1493/3311MB
step 160,620 | loss 2.0801 | lr 2.73e-04 | 1330 tok/s | fwd_bwd 6027ms data 0ms clip 20ms optim 112ms step 6163ms mem 1493/3311MB
step 160,630 | loss 3.6935 | lr 2.73e-04 | 1328 tok/s | fwd_bwd 6017ms data 1ms clip 20ms optim 111ms step 6163ms mem 1493/3311MB
step 160,640 | loss 3.8231 | lr 2.73e-04 | 1329 tok/s | fwd_bwd 6017ms data 0ms clip 20ms optim 111ms step 6152ms mem 1452/3311MB
step 160,650 | loss 2.0791 | lr 2.73e-04 | 1329 tok/s | fwd_bwd 5921ms data 0ms clip 20ms optim 112ms step 6059ms mem 1452/3311MB
step 160,660 | loss 2.8373 | lr 2.73e-04 | 1332 tok/s | fwd_bwd 6001ms data 0ms clip 20ms optim 111ms step 6142ms mem 1493/3311MB
step 160,670 | loss 3.3956 | lr 2.73e-04 | 1327 tok/s | fwd_bwd 6038ms data 1ms clip 20ms optim 111ms step 6186ms mem 1451/3311MB
step 160,680 | loss 3.5389 | lr 2.73e-04 | 1322 tok/s | fwd_bwd 6003ms data 1ms clip 20ms optim 111ms step 6148ms mem 1493/3311MB
Checkpoint saved: checkpoints/step_160686
  Pruning old checkpoint: checkpoints/step_159536
step 160,690 | loss 3.3151 | lr 2.73e-04 | 1312 tok/s | fwd_bwd 6009ms data 0ms clip 20ms optim 111ms step 6150ms mem 1493/3311MB
step 160,700 | loss 3.5929 | lr 2.73e-04 | 1327 tok/s | fwd_bwd 6027ms data 1ms clip 20ms optim 111ms step 6174ms mem 1493/3311MB
step 160,710 | loss 3.3862 | lr 2.73e-04 | 1328 tok/s | fwd_bwd 6028ms data 0ms clip 20ms optim 112ms step 6166ms mem 1493/3311MB
step 160,720 | loss 1.9345 | lr 2.73e-04 | 1327 tok/s | fwd_bwd 6013ms data 0ms clip 20ms optim 111ms step 6152ms mem 1451/3311MB
step 160,730 | loss 3.1288 | lr 2.73e-04 | 1327 tok/s | fwd_bwd 6084ms data 1ms clip 23ms optim 120ms step 6246ms mem 1464/3311MB
step 160,740 | loss 2.9038 | lr 2.73e-04 | 1328 tok/s | fwd_bwd 6012ms data 0ms clip 20ms optim 111ms step 6149ms mem 1493/3311MB
step 160,750 | loss 3.6953 | lr 2.73e-04 | 1329 tok/s | fwd_bwd 6009ms data 1ms clip 20ms optim 111ms step 6155ms mem 1452/3311MB
step 160,760 | loss 3.2563 | lr 2.73e-04 | 1327 tok/s | fwd_bwd 6011ms data 0ms clip 20ms optim 111ms step 6153ms mem 1493/3311MB
step 160,770 | loss 1.9367 | lr 2.73e-04 | 1325 tok/s | fwd_bwd 6028ms data 0ms clip 20ms optim 112ms step 6167ms mem 1493/3311MB
step 160,780 | loss 2.9321 | lr 2.73e-04 | 1326 tok/s | fwd_bwd 6000ms data 0ms clip 20ms optim 111ms step 6142ms mem 1451/3311MB
step 160,790 | loss 3.6570 | lr 2.73e-04 | 1326 tok/s | fwd_bwd 6030ms data 0ms clip 20ms optim 111ms step 6164ms mem 1470/3311MB
step 160,800 | loss 2.6184 | lr 2.73e-04 | 1329 tok/s | fwd_bwd 5976ms data 0ms clip 20ms optim 112ms step 6116ms mem 1493/3311MB
step 160,810 | loss 2.9049 | lr 2.73e-04 | 1329 tok/s | fwd_bwd 6030ms data 0ms clip 20ms optim 111ms step 6170ms mem 1451/3311MB
step 160,820 | loss 2.7320 | lr 2.73e-04 | 1327 tok/s | fwd_bwd 6001ms data 0ms clip 20ms optim 111ms step 6145ms mem 1493/3311MB
step 160,830 | loss 2.8246 | lr 2.73e-04 | 1326 tok/s | fwd_bwd 6025ms data 0ms clip 20ms optim 111ms step 6165ms mem 1451/3311MB
step 160,840 | loss 2.0595 | lr 2.73e-04 | 1330 tok/s | fwd_bwd 5994ms data 0ms clip 20ms optim 111ms step 6136ms mem 1493/3311MB
step 160,850 | loss 1.9562 | lr 2.73e-04 | 1332 tok/s | fwd_bwd 5991ms data 0ms clip 20ms optim 111ms step 6132ms mem 1493/3311MB
step 160,860 | loss 2.5928 | lr 2.73e-04 | 1329 tok/s | fwd_bwd 5998ms data 0ms clip 20ms optim 112ms step 6140ms mem 1451/3311MB
step 160,870 | loss 2.8978 | lr 2.73e-04 | 1332 tok/s | fwd_bwd 5998ms data 0ms clip 20ms optim 111ms step 6134ms mem 1493/3311MB
step 160,880 | loss 2.8629 | lr 2.73e-04 | 1331 tok/s | fwd_bwd 6009ms data 0ms clip 20ms optim 111ms step 6147ms mem 1493/3311MB
step 160,890 | loss 2.2319 | lr 2.73e-04 | 1328 tok/s | fwd_bwd 6007ms data 0ms clip 20ms optim 112ms step 6147ms mem 1493/3311MB
step 160,900 | loss 1.1398 | lr 2.73e-04 | 1330 tok/s | fwd_bwd 5966ms data 0ms clip 20ms optim 111ms step 6107ms mem 1452/3311MB
step 160,910 | loss 2.9021 | lr 2.73e-04 | 1333 tok/s | fwd_bwd 5999ms data 0ms clip 20ms optim 111ms step 6138ms mem 1493/3311MB
step 160,920 | loss 3.4962 | lr 2.73e-04 | 1328 tok/s | fwd_bwd 6080ms data 1ms clip 21ms optim 113ms step 6232ms mem 1492/3311MB
step 160,930 | loss 3.8343 | lr 2.73e-04 | 1328 tok/s | fwd_bwd 6084ms data 1ms clip 21ms optim 113ms step 6235ms mem 1490/3311MB
step 160,940 | loss 2.6126 | lr 2.73e-04 | 1333 tok/s | fwd_bwd 5990ms data 0ms clip 20ms optim 111ms step 6127ms mem 1493/3311MB
step 160,950 | loss 2.7529 | lr 2.73e-04 | 1332 tok/s | fwd_bwd 6001ms data 0ms clip 20ms optim 111ms step 6136ms mem 1493/3311MB
step 160,960 | loss 3.5832 | lr 2.73e-04 | 1330 tok/s | fwd_bwd 6010ms data 0ms clip 20ms optim 111ms step 6148ms mem 1493/3311MB
step 160,970 | loss 2.3440 | lr 2.73e-04 | 1329 tok/s | fwd_bwd 6006ms data 0ms clip 20ms optim 111ms step 6144ms mem 1493/3311MB
step 160,980 | loss 3.4272 | lr 2.73e-04 | 1326 tok/s | fwd_bwd 6003ms data 0ms clip 20ms optim 112ms step 6140ms mem 1448/3311MB
step 160,990 | loss 2.2648 | lr 2.73e-04 | 1327 tok/s | fwd_bwd 6019ms data 0ms clip 20ms optim 111ms step 6154ms mem 1493/3311MB
step 161,000 | loss 1.9377 | lr 2.73e-04 | 1325 tok/s | fwd_bwd 5996ms data 1ms clip 20ms optim 112ms step 6140ms mem 1493/3311MB
  [eval] step 161000 | val_loss 3.2812 | ppl 26.61
Checkpoint saved: checkpoints/step_161000
  [samples] wrote checkpoints/step_161000/samples.txt
  Pruning old checkpoint: checkpoints/step_160000
step 161,010 | loss 3.9175 | lr 2.73e-04 | 563 tok/s | fwd_bwd 6062ms data 0ms clip 20ms optim 112ms step 6197ms mem 1493/3311MB
step 161,020 | loss 3.0187 | lr 2.73e-04 | 1318 tok/s | fwd_bwd 6053ms data 0ms clip 20ms optim 111ms step 6193ms mem 1493/3311MB
step 161,030 | loss 3.7233 | lr 2.73e-04 | 1324 tok/s | fwd_bwd 6026ms data 1ms clip 20ms optim 111ms step 6174ms mem 1493/3311MB
step 161,040 | loss 2.1483 | lr 2.73e-04 | 1328 tok/s | fwd_bwd 6021ms data 0ms clip 20ms optim 111ms step 6157ms mem 1493/3311MB
step 161,050 | loss 3.7850 | lr 2.73e-04 | 1327 tok/s | fwd_bwd 6022ms data 0ms clip 20ms optim 112ms step 6163ms mem 1493/3311MB
step 161,060 | loss 2.7871 | lr 2.73e-04 | 1327 tok/s | fwd_bwd 6037ms data 1ms clip 20ms optim 111ms step 6186ms mem 1493/3311MB
step 161,070 | loss 2.8770 | lr 2.73e-04 | 1331 tok/s | fwd_bwd 5995ms data 1ms clip 20ms optim 111ms step 6139ms mem 1493/3311MB
step 161,080 | loss 1.6645 | lr 2.73e-04 | 1329 tok/s | fwd_bwd 5998ms data 1ms clip 20ms optim 112ms step 6142ms mem 1482/3311MB
step 161,090 | loss 2.5372 | lr 2.72e-04 | 1326 tok/s | fwd_bwd 6048ms data 1ms clip 23ms optim 119ms step 6210ms mem 1493/3311MB
step 161,100 | loss 3.6841 | lr 2.72e-04 | 1324 tok/s | fwd_bwd 6006ms data 1ms clip 20ms optim 111ms step 6151ms mem 1452/3311MB
step 161,110 | loss 3.0641 | lr 2.72e-04 | 1323 tok/s | fwd_bwd 6026ms data 0ms clip 20ms optim 111ms step 6164ms mem 1493/3311MB
step 161,120 | loss 2.5925 | lr 2.72e-04 | 1324 tok/s | fwd_bwd 6022ms data 0ms clip 20ms optim 111ms step 6162ms mem 1493/3311MB
step 161,130 | loss 3.1810 | lr 2.72e-04 | 1328 tok/s | fwd_bwd 6010ms data 1ms clip 20ms optim 111ms step 6154ms mem 1493/3311MB
step 161,140 | loss 2.7632 | lr 2.72e-04 | 1328 tok/s | fwd_bwd 5994ms data 0ms clip 20ms optim 111ms step 6134ms mem 1476/3311MB
step 161,150 | loss 2.4694 | lr 2.72e-04 | 1328 tok/s | fwd_bwd 6007ms data 1ms clip 20ms optim 111ms step 6152ms mem 1488/3311MB
step 161,160 | loss 2.0666 | lr 2.72e-04 | 1329 tok/s | fwd_bwd 6000ms data 0ms clip 20ms optim 112ms step 6138ms mem 1493/3311MB
step 161,170 | loss 1.4990 | lr 2.72e-04 | 1329 tok/s | fwd_bwd 6002ms data 1ms clip 20ms optim 111ms step 6145ms mem 1493/3311MB
step 161,180 | loss 3.5948 | lr 2.72e-04 | 1330 tok/s | fwd_bwd 5999ms data 0ms clip 20ms optim 111ms step 6137ms mem 1493/3311MB
step 161,190 | loss 2.2488 | lr 2.72e-04 | 1331 tok/s | fwd_bwd 5984ms data 1ms clip 20ms optim 111ms step 6126ms mem 1493/3311MB
step 161,200 | loss 2.9767 | lr 2.72e-04 | 1332 tok/s | fwd_bwd 5974ms data 0ms clip 20ms optim 111ms step 6112ms mem 1493/3311MB
step 161,210 | loss 3.7949 | lr 2.72e-04 | 1328 tok/s | fwd_bwd 5938ms data 0ms clip 20ms optim 111ms step 6075ms mem 1493/3311MB
step 161,220 | loss 2.4783 | lr 2.72e-04 | 1330 tok/s | fwd_bwd 6000ms data 0ms clip 20ms optim 111ms step 6141ms mem 1452/3311MB
step 161,230 | loss 3.0093 | lr 2.72e-04 | 1326 tok/s | fwd_bwd 6087ms data 1ms clip 23ms optim 119ms step 6247ms mem 1493/3311MB
step 161,240 | loss 1.7975 | lr 2.72e-04 | 1333 tok/s | fwd_bwd 5920ms data 0ms clip 20ms optim 111ms step 6058ms mem 1493/3311MB
step 161,250 | loss 2.5747 | lr 2.72e-04 | 1327 tok/s | fwd_bwd 6008ms data 0ms clip 20ms optim 112ms step 6149ms mem 1493/3311MB
Checkpoint saved: checkpoints/step_161257
  Pruning old checkpoint: checkpoints/step_160108
step 161,260 | loss 3.0222 | lr 2.72e-04 | 1317 tok/s | fwd_bwd 6022ms data 0ms clip 20ms optim 111ms step 6159ms mem 1493/3311MB
step 161,270 | loss 3.8306 | lr 2.72e-04 | 1330 tok/s | fwd_bwd 5921ms data 0ms clip 20ms optim 111ms step 6059ms mem 1451/3311MB
step 161,280 | loss 1.7194 | lr 2.72e-04 | 1328 tok/s | fwd_bwd 6026ms data 1ms clip 21ms optim 112ms step 6173ms mem 1493/3311MB
step 161,290 | loss 2.8295 | lr 2.72e-04 | 1327 tok/s | fwd_bwd 6037ms data 0ms clip 20ms optim 111ms step 6176ms mem 1493/3311MB
step 161,300 | loss 2.5663 | lr 2.72e-04 | 1318 tok/s | fwd_bwd 6058ms data 0ms clip 20ms optim 112ms step 6196ms mem 1493/3311MB
step 161,310 | loss 2.9919 | lr 2.72e-04 | 1325 tok/s | fwd_bwd 6025ms data 0ms clip 20ms optim 111ms step 6162ms mem 1493/3311MB
step 161,320 | loss 2.0216 | lr 2.72e-04 | 1333 tok/s | fwd_bwd 5976ms data 0ms clip 20ms optim 111ms step 6115ms mem 1452/3311MB
step 161,330 | loss 3.2127 | lr 2.72e-04 | 1332 tok/s | fwd_bwd 6002ms data 0ms clip 20ms optim 111ms step 6139ms mem 1451/3311MB
step 161,340 | loss 3.0061 | lr 2.72e-04 | 1331 tok/s | fwd_bwd 6001ms data 0ms clip 20ms optim 111ms step 6142ms mem 1493/3311MB
step 161,350 | loss 3.0992 | lr 2.72e-04 | 1329 tok/s | fwd_bwd 6013ms data 0ms clip 20ms optim 112ms step 6155ms mem 1452/3311MB
step 161,360 | loss 3.0431 | lr 2.72e-04 | 1329 tok/s | fwd_bwd 6007ms data 0ms clip 20ms optim 111ms step 6142ms mem 1451/3311MB
step 161,370 | loss 1.6024 | lr 2.72e-04 | 1332 tok/s | fwd_bwd 5986ms data 0ms clip 20ms optim 112ms step 6131ms mem 1451/3311MB
step 161,380 | loss 2.1508 | lr 2.72e-04 | 1334 tok/s | fwd_bwd 5977ms data 0ms clip 20ms optim 112ms step 6115ms mem 1493/3311MB
step 161,390 | loss 3.3063 | lr 2.72e-04 | 1331 tok/s | fwd_bwd 6001ms data 0ms clip 20ms optim 112ms step 6142ms mem 1451/3311MB
step 161,400 | loss 2.1400 | lr 2.72e-04 | 1334 tok/s | fwd_bwd 5978ms data 0ms clip 20ms optim 111ms step 6115ms mem 1448/3311MB
step 161,410 | loss 1.9421 | lr 2.72e-04 | 1337 tok/s | fwd_bwd 5978ms data 0ms clip 20ms optim 111ms step 6120ms mem 1452/3311MB
step 161,420 | loss 2.8610 | lr 2.72e-04 | 1336 tok/s | fwd_bwd 5974ms data 0ms clip 20ms optim 111ms step 6113ms mem 1493/3311MB
step 161,430 | loss 1.3677 | lr 2.72e-04 | 1333 tok/s | fwd_bwd 5899ms data 0ms clip 20ms optim 111ms step 6040ms mem 1493/3311MB
step 161,440 | loss 4.0287 | lr 2.72e-04 | 1334 tok/s | fwd_bwd 6005ms data 0ms clip 20ms optim 112ms step 6141ms mem 1448/3311MB
step 161,450 | loss 3.1299 | lr 2.72e-04 | 1331 tok/s | fwd_bwd 6025ms data 1ms clip 20ms optim 111ms step 6172ms mem 1493/3311MB
step 161,460 | loss 1.7751 | lr 2.72e-04 | 1331 tok/s | fwd_bwd 6004ms data 0ms clip 20ms optim 111ms step 6143ms mem 1493/3311MB
step 161,470 | loss 2.0304 | lr 2.72e-04 | 1330 tok/s | fwd_bwd 6003ms data 0ms clip 20ms optim 111ms step 6144ms mem 1452/3311MB
step 161,480 | loss 1.3230 | lr 2.72e-04 | 1329 tok/s | fwd_bwd 6006ms data 1ms clip 20ms optim 111ms step 6153ms mem 1493/3311MB
step 161,490 | loss 2.4690 | lr 2.72e-04 | 1329 tok/s | fwd_bwd 5912ms data 0ms clip 20ms optim 111ms step 6050ms mem 1492/3311MB
step 161,500 | loss 4.0706 | lr 2.72e-04 | 1329 tok/s | fwd_bwd 6008ms data 1ms clip 20ms optim 112ms step 6154ms mem 1493/3311MB
  [eval] step 161500 | val_loss 3.2381 | ppl 25.49
step 161,510 | loss 3.2050 | lr 2.72e-04 | 748 tok/s | fwd_bwd 6021ms data 0ms clip 20ms optim 112ms step 6159ms mem 1493/3311MB
step 161,520 | loss 1.4027 | lr 2.72e-04 | 1326 tok/s | fwd_bwd 6058ms data 0ms clip 20ms optim 111ms step 6195ms mem 1493/3311MB
step 161,530 | loss 1.3461 | lr 2.72e-04 | 1327 tok/s | fwd_bwd 6031ms data 0ms clip 20ms optim 112ms step 6170ms mem 1493/3311MB
step 161,540 | loss 3.2150 | lr 2.72e-04 | 1324 tok/s | fwd_bwd 6092ms data 1ms clip 23ms optim 119ms step 6252ms mem 1493/3311MB
step 161,550 | loss 3.1735 | lr 2.72e-04 | 1329 tok/s | fwd_bwd 6023ms data 0ms clip 20ms optim 112ms step 6163ms mem 1452/3311MB
step 161,560 | loss 1.4024 | lr 2.72e-04 | 1328 tok/s | fwd_bwd 6026ms data 0ms clip 20ms optim 111ms step 6163ms mem 1470/3311MB
step 161,570 | loss 2.8055 | lr 2.72e-04 | 1323 tok/s | fwd_bwd 6030ms data 0ms clip 20ms optim 111ms step 6165ms mem 1493/3311MB
step 161,580 | loss 2.9717 | lr 2.72e-04 | 1316 tok/s | fwd_bwd 6058ms data 0ms clip 20ms optim 111ms step 6196ms mem 1448/3311MB
step 161,590 | loss 1.5480 | lr 2.72e-04 | 1321 tok/s | fwd_bwd 6037ms data 0ms clip 20ms optim 112ms step 6179ms mem 1493/3311MB
step 161,600 | loss 1.9429 | lr 2.72e-04 | 1325 tok/s | fwd_bwd 6008ms data 0ms clip 20ms optim 111ms step 6144ms mem 1493/3311MB
step 161,610 | loss 3.2302 | lr 2.72e-04 | 1328 tok/s | fwd_bwd 6010ms data 0ms clip 20ms optim 111ms step 6149ms mem 1493/3311MB
step 161,620 | loss 1.2385 | lr 2.72e-04 | 1326 tok/s | fwd_bwd 6029ms data 0ms clip 20ms optim 111ms step 6170ms mem 1452/3311MB
step 161,630 | loss 3.2079 | lr 2.72e-04 | 1327 tok/s | fwd_bwd 6008ms data 0ms clip 20ms optim 111ms step 6145ms mem 1451/3311MB
step 161,640 | loss 1.9113 | lr 2.72e-04 | 1329 tok/s | fwd_bwd 6057ms data 1ms clip 20ms optim 111ms step 6206ms mem 1452/3311MB
step 161,650 | loss 2.9718 | lr 2.72e-04 | 1330 tok/s | fwd_bwd 6014ms data 0ms clip 20ms optim 111ms step 6149ms mem 1451/3311MB
step 161,660 | loss 2.8996 | lr 2.72e-04 | 1326 tok/s | fwd_bwd 6033ms data 0ms clip 20ms optim 112ms step 6168ms mem 1451/3311MB
step 161,670 | loss 2.6470 | lr 2.72e-04 | 1323 tok/s | fwd_bwd 6049ms data 0ms clip 20ms optim 111ms step 6186ms mem 1493/3311MB
step 161,680 | loss 2.3441 | lr 2.72e-04 | 1328 tok/s | fwd_bwd 6001ms data 0ms clip 20ms optim 111ms step 6141ms mem 1451/3311MB
step 161,690 | loss 3.3848 | lr 2.72e-04 | 1332 tok/s | fwd_bwd 5988ms data 0ms clip 20ms optim 112ms step 6131ms mem 1451/3311MB
step 161,700 | loss 1.9428 | lr 2.72e-04 | 1332 tok/s | fwd_bwd 5992ms data 0ms clip 20ms optim 112ms step 6130ms mem 1493/3311MB
step 161,710 | loss 2.0866 | lr 2.72e-04 | 1331 tok/s | fwd_bwd 5997ms data 0ms clip 20ms optim 111ms step 6136ms mem 1493/3311MB
step 161,720 | loss 2.2351 | lr 2.72e-04 | 1327 tok/s | fwd_bwd 6013ms data 0ms clip 20ms optim 112ms step 6153ms mem 1493/3311MB
step 161,730 | loss 1.9432 | lr 2.72e-04 | 1327 tok/s | fwd_bwd 6007ms data 0ms clip 20ms optim 111ms step 6149ms mem 1493/3311MB
step 161,740 | loss 2.2535 | lr 2.72e-04 | 1330 tok/s | fwd_bwd 6002ms data 0ms clip 20ms optim 111ms step 6142ms mem 1493/3311MB
step 161,750 | loss 2.7754 | lr 2.72e-04 | 1333 tok/s | fwd_bwd 5996ms data 0ms clip 20ms optim 111ms step 6136ms mem 1451/3311MB
step 161,760 | loss 3.3161 | lr 2.71e-04 | 1333 tok/s | fwd_bwd 5986ms data 0ms clip 20ms optim 111ms step 6125ms mem 1493/3311MB
step 161,770 | loss 1.9133 | lr 2.71e-04 | 1330 tok/s | fwd_bwd 6007ms data 1ms clip 20ms optim 111ms step 6153ms mem 1493/3311MB
step 161,780 | loss 3.7874 | lr 2.71e-04 | 1328 tok/s | fwd_bwd 6020ms data 0ms clip 20ms optim 111ms step 6159ms mem 1451/3311MB
step 161,790 | loss 3.8260 | lr 2.71e-04 | 1327 tok/s | fwd_bwd 6047ms data 1ms clip 20ms optim 111ms step 6196ms mem 1493/3311MB
step 161,800 | loss 3.5189 | lr 2.71e-04 | 1330 tok/s | fwd_bwd 6079ms data 0ms clip 20ms optim 111ms step 6218ms mem 1452/3311MB
step 161,810 | loss 2.4448 | lr 2.71e-04 | 1332 tok/s | fwd_bwd 5991ms data 0ms clip 20ms optim 111ms step 6126ms mem 1451/3311MB
step 161,820 | loss 0.0699 | lr 2.71e-04 | 1333 tok/s | fwd_bwd 5983ms data 0ms clip 20ms optim 111ms step 6122ms mem 1492/3311MB
step 161,830 | loss 3.5922 | lr 2.71e-04 | 1325 tok/s | fwd_bwd 6014ms data 1ms clip 20ms optim 111ms step 6160ms mem 1452/3311MB
Checkpoint saved: checkpoints/step_161834
  Pruning old checkpoint: checkpoints/step_160686
step 161,840 | loss 3.7342 | lr 2.71e-04 | 1315 tok/s | fwd_bwd 5938ms data 1ms clip 20ms optim 111ms step 6083ms mem 1451/3311MB
step 161,850 | loss 3.6280 | lr 2.71e-04 | 1333 tok/s | fwd_bwd 5994ms data 0ms clip 20ms optim 111ms step 6133ms mem 1493/3311MB
step 161,860 | loss 2.5050 | lr 2.71e-04 | 1333 tok/s | fwd_bwd 5988ms data 0ms clip 20ms optim 111ms step 6127ms mem 1451/3311MB
step 161,870 | loss 3.3763 | lr 2.71e-04 | 1331 tok/s | fwd_bwd 5926ms data 0ms clip 20ms optim 111ms step 6064ms mem 1458/3311MB
step 161,880 | loss 3.4736 | lr 2.71e-04 | 1330 tok/s | fwd_bwd 6008ms data 1ms clip 20ms optim 111ms step 6154ms mem 1493/3311MB
step 161,890 | loss 2.4773 | lr 2.71e-04 | 1327 tok/s | fwd_bwd 6018ms data 0ms clip 20ms optim 111ms step 6158ms mem 1493/3311MB
step 161,900 | loss 3.0153 | lr 2.71e-04 | 1330 tok/s | fwd_bwd 6009ms data 0ms clip 20ms optim 111ms step 6148ms mem 1493/3311MB
step 161,910 | loss 3.2538 | lr 2.71e-04 | 1331 tok/s | fwd_bwd 5995ms data 0ms clip 20ms optim 111ms step 6130ms mem 1493/3311MB
step 161,920 | loss 0.6378 | lr 2.71e-04 | 1332 tok/s | fwd_bwd 6003ms data 0ms clip 20ms optim 111ms step 6142ms mem 1493/3311MB
step 161,930 | loss 3.8805 | lr 2.71e-04 | 1327 tok/s | fwd_bwd 6042ms data 1ms clip 23ms optim 119ms step 6204ms mem 1452/3311MB
step 161,940 | loss 3.7229 | lr 2.71e-04 | 1332 tok/s | fwd_bwd 5989ms data 0ms clip 20ms optim 111ms step 6126ms mem 1493/3311MB
step 161,950 | loss 3.8905 | lr 2.71e-04 | 1328 tok/s | fwd_bwd 6024ms data 0ms clip 20ms optim 111ms step 6163ms mem 1493/3311MB
step 161,960 | loss 0.6952 | lr 2.71e-04 | 1325 tok/s | fwd_bwd 6099ms data 1ms clip 20ms optim 112ms step 6250ms mem 1493/3311MB
step 161,970 | loss 3.0242 | lr 2.71e-04 | 1325 tok/s | fwd_bwd 5960ms data 0ms clip 20ms optim 111ms step 6098ms mem 1493/3311MB
step 161,980 | loss 2.4932 | lr 2.71e-04 | 1328 tok/s | fwd_bwd 5986ms data 0ms clip 20ms optim 111ms step 6126ms mem 1493/3311MB
step 161,990 | loss 3.2525 | lr 2.71e-04 | 1339 tok/s | fwd_bwd 5937ms data 0ms clip 20ms optim 111ms step 6074ms mem 1451/3311MB
step 162,000 | loss 2.0301 | lr 2.71e-04 | 1353 tok/s | fwd_bwd 5906ms data 0ms clip 20ms optim 111ms step 6045ms mem 1493/3311MB
  [eval] step 162000 | val_loss 3.1266 | ppl 22.80
Checkpoint saved: checkpoints/step_162000
  [samples] wrote checkpoints/step_162000/samples.txt
  Pruning old checkpoint: checkpoints/step_161000
step 162,010 | loss 3.7746 | lr 2.71e-04 | 587 tok/s | fwd_bwd 5870ms data 1ms clip 23ms optim 119ms step 6031ms mem 1493/3311MB
step 162,020 | loss 3.2715 | lr 2.71e-04 | 1376 tok/s | fwd_bwd 5766ms data 1ms clip 20ms optim 111ms step 5912ms mem 1493/3311MB
step 162,030 | loss 3.0709 | lr 2.71e-04 | 1381 tok/s | fwd_bwd 5766ms data 0ms clip 20ms optim 111ms step 5906ms mem 1448/3311MB
step 162,040 | loss 3.1582 | lr 2.71e-04 | 1387 tok/s | fwd_bwd 5751ms data 0ms clip 20ms optim 111ms step 5894ms mem 1493/3311MB
step 162,050 | loss 2.9765 | lr 2.71e-04 | 1380 tok/s | fwd_bwd 5793ms data 1ms clip 20ms optim 112ms step 5943ms mem 1493/3311MB
step 162,060 | loss 3.3650 | lr 2.71e-04 | 1386 tok/s | fwd_bwd 5727ms data 0ms clip 20ms optim 111ms step 5870ms mem 1448/3311MB
step 162,070 | loss 3.3545 | lr 2.71e-04 | 1390 tok/s | fwd_bwd 5759ms data 0ms clip 20ms optim 112ms step 5897ms mem 1493/3311MB
step 162,080 | loss 2.6900 | lr 2.71e-04 | 1386 tok/s | fwd_bwd 5751ms data 0ms clip 20ms optim 111ms step 5893ms mem 1493/3311MB
step 162,090 | loss 3.2225 | lr 2.71e-04 | 1385 tok/s | fwd_bwd 5754ms data 0ms clip 20ms optim 111ms step 5896ms mem 1448/3311MB
step 162,100 | loss 2.9569 | lr 2.71e-04 | 1387 tok/s | fwd_bwd 5745ms data 0ms clip 20ms optim 111ms step 5882ms mem 1493/3311MB
step 162,110 | loss 3.6875 | lr 2.71e-04 | 1382 tok/s | fwd_bwd 5769ms data 0ms clip 20ms optim 111ms step 5906ms mem 1482/3311MB
step 162,120 | loss 3.1625 | lr 2.71e-04 | 1383 tok/s | fwd_bwd 5675ms data 1ms clip 20ms optim 111ms step 5820ms mem 1448/3311MB
step 162,130 | loss 2.5174 | lr 2.71e-04 | 1387 tok/s | fwd_bwd 5752ms data 0ms clip 20ms optim 111ms step 5889ms mem 1493/3311MB
step 162,140 | loss 2.6802 | lr 2.71e-04 | 1386 tok/s | fwd_bwd 5764ms data 0ms clip 20ms optim 112ms step 5906ms mem 1493/3311MB
step 162,150 | loss 2.7476 | lr 2.71e-04 | 1377 tok/s | fwd_bwd 5798ms data 0ms clip 20ms optim 111ms step 5937ms mem 1448/3311MB
step 162,160 | loss 3.1502 | lr 2.71e-04 | 1379 tok/s | fwd_bwd 5795ms data 0ms clip 20ms optim 111ms step 5937ms mem 1493/3311MB
step 162,170 | loss 1.5595 | lr 2.71e-04 | 1379 tok/s | fwd_bwd 5779ms data 0ms clip 20ms optim 111ms step 5916ms mem 1493/3311MB
step 162,180 | loss 3.3048 | lr 2.71e-04 | 1390 tok/s | fwd_bwd 5725ms data 0ms clip 20ms optim 111ms step 5864ms mem 1448/3311MB
step 162,190 | loss 2.5928 | lr 2.71e-04 | 1390 tok/s | fwd_bwd 5745ms data 0ms clip 21ms optim 112ms step 5884ms mem 1493/3311MB
step 162,200 | loss 3.1986 | lr 2.71e-04 | 1383 tok/s | fwd_bwd 5833ms data 0ms clip 20ms optim 112ms step 5968ms mem 1493/3311MB
step 162,210 | loss 2.9274 | lr 2.71e-04 | 1376 tok/s | fwd_bwd 5800ms data 0ms clip 20ms optim 112ms step 5940ms mem 1448/3311MB
step 162,220 | loss 2.9195 | lr 2.71e-04 | 1380 tok/s | fwd_bwd 5773ms data 1ms clip 20ms optim 111ms step 5918ms mem 1452/3311MB
step 162,230 | loss 3.4688 | lr 2.71e-04 | 1381 tok/s | fwd_bwd 5767ms data 0ms clip 20ms optim 111ms step 5904ms mem 1493/3311MB
step 162,240 | loss 3.8513 | lr 2.71e-04 | 1380 tok/s | fwd_bwd 5791ms data 0ms clip 20ms optim 112ms step 5928ms mem 1448/3311MB
step 162,250 | loss 2.6153 | lr 2.71e-04 | 1375 tok/s | fwd_bwd 5803ms data 1ms clip 20ms optim 111ms step 5947ms mem 1493/3311MB
step 162,260 | loss 2.7178 | lr 2.71e-04 | 1372 tok/s | fwd_bwd 5746ms data 1ms clip 20ms optim 111ms step 5888ms mem 1452/3311MB
step 162,270 | loss 3.3702 | lr 2.71e-04 | 1372 tok/s | fwd_bwd 5828ms data 0ms clip 20ms optim 111ms step 5963ms mem 1448/3311MB
step 162,280 | loss 2.4916 | lr 2.71e-04 | 1376 tok/s | fwd_bwd 5819ms data 1ms clip 23ms optim 120ms step 5980ms mem 1493/3311MB
step 162,290 | loss 1.8258 | lr 2.71e-04 | 1380 tok/s | fwd_bwd 5806ms data 0ms clip 20ms optim 111ms step 5941ms mem 1493/3311MB
step 162,300 | loss 3.2462 | lr 2.71e-04 | 1380 tok/s | fwd_bwd 5800ms data 0ms clip 20ms optim 111ms step 5936ms mem 1448/3311MB
step 162,310 | loss 3.6338 | lr 2.71e-04 | 1381 tok/s | fwd_bwd 5781ms data 0ms clip 20ms optim 111ms step 5916ms mem 1493/3311MB
step 162,320 | loss 3.0554 | lr 2.71e-04 | 1382 tok/s | fwd_bwd 5769ms data 0ms clip 20ms optim 111ms step 5910ms mem 1451/3311MB
step 162,330 | loss 3.7757 | lr 2.71e-04 | 1381 tok/s | fwd_bwd 5779ms data 0ms clip 20ms optim 111ms step 5919ms mem 1448/3311MB
step 162,340 | loss 2.9058 | lr 2.71e-04 | 1378 tok/s | fwd_bwd 5798ms data 0ms clip 20ms optim 111ms step 5935ms mem 1493/3311MB
step 162,350 | loss 3.4186 | lr 2.71e-04 | 1378 tok/s | fwd_bwd 5771ms data 0ms clip 20ms optim 112ms step 5912ms mem 1493/3311MB
step 162,360 | loss 2.5502 | lr 2.71e-04 | 1382 tok/s | fwd_bwd 5781ms data 0ms clip 20ms optim 111ms step 5919ms mem 1448/3311MB
step 162,370 | loss 3.6261 | lr 2.71e-04 | 1378 tok/s | fwd_bwd 5826ms data 0ms clip 20ms optim 112ms step 5961ms mem 1493/3311MB
step 162,380 | loss 2.2244 | lr 2.71e-04 | 1367 tok/s | fwd_bwd 5871ms data 0ms clip 20ms optim 111ms step 6009ms mem 1493/3311MB
step 162,390 | loss 2.1991 | lr 2.71e-04 | 1362 tok/s | fwd_bwd 5865ms data 0ms clip 20ms optim 111ms step 6001ms mem 1493/3311MB
step 162,400 | loss 3.5729 | lr 2.71e-04 | 1366 tok/s | fwd_bwd 5826ms data 0ms clip 20ms optim 111ms step 5967ms mem 1451/3311MB
step 162,410 | loss 2.2461 | lr 2.71e-04 | 1364 tok/s | fwd_bwd 5885ms data 0ms clip 20ms optim 111ms step 6021ms mem 1493/3311MB
step 162,420 | loss 4.0053 | lr 2.71e-04 | 1347 tok/s | fwd_bwd 5924ms data 0ms clip 20ms optim 112ms step 6065ms mem 1493/3311MB
Checkpoint saved: checkpoints/step_162421
  Pruning old checkpoint: checkpoints/step_161257
step 162,430 | loss 0.9697 | lr 2.70e-04 | 1319 tok/s | fwd_bwd 6219ms data 1ms clip 23ms optim 120ms step 6374ms mem 1452/3311MB
step 162,440 | loss 2.8812 | lr 2.70e-04 | 1103 tok/s | fwd_bwd 5939ms data 1ms clip 20ms optim 111ms step 6086ms mem 1493/3311MB
step 162,450 | loss 2.6433 | lr 2.70e-04 | 1328 tok/s | fwd_bwd 5966ms data 0ms clip 20ms optim 112ms step 6104ms mem 1448/3311MB
step 162,460 | loss 3.7487 | lr 2.70e-04 | 1346 tok/s | fwd_bwd 5905ms data 0ms clip 20ms optim 112ms step 6047ms mem 1493/3311MB
step 162,470 | loss 2.7766 | lr 2.70e-04 | 1353 tok/s | fwd_bwd 5809ms data 0ms clip 20ms optim 111ms step 5947ms mem 1451/3311MB
step 162,480 | loss 2.3832 | lr 2.70e-04 | 1358 tok/s | fwd_bwd 5814ms data 1ms clip 23ms optim 119ms step 5976ms mem 1493/3311MB
step 162,490 | loss 2.4271 | lr 2.70e-04 | 1362 tok/s | fwd_bwd 5872ms data 0ms clip 20ms optim 112ms step 6015ms mem 1493/3311MB
step 162,500 | loss 2.0511 | lr 2.70e-04 | 1356 tok/s | fwd_bwd 5914ms data 0ms clip 20ms optim 111ms step 6050ms mem 1493/3311MB
  [eval] step 162500 | val_loss 3.1358 | ppl 23.01
step 162,510 | loss 2.4491 | lr 2.70e-04 | 767 tok/s | fwd_bwd 5843ms data 0ms clip 20ms optim 111ms step 5978ms mem 1493/3311MB
step 162,520 | loss 2.5740 | lr 2.70e-04 | 1367 tok/s | fwd_bwd 5874ms data 0ms clip 20ms optim 111ms step 6011ms mem 1493/3311MB
step 162,530 | loss 3.2087 | lr 2.70e-04 | 1364 tok/s | fwd_bwd 5818ms data 1ms clip 20ms optim 111ms step 5967ms mem 1493/3311MB
step 162,540 | loss 2.8218 | lr 2.70e-04 | 1366 tok/s | fwd_bwd 5833ms data 0ms clip 20ms optim 111ms step 5973ms mem 1452/3311MB
step 162,550 | loss 3.4503 | lr 2.70e-04 | 1368 tok/s | fwd_bwd 5833ms data 0ms clip 20ms optim 111ms step 5972ms mem 1448/3311MB
step 162,560 | loss 2.6890 | lr 2.70e-04 | 1371 tok/s | fwd_bwd 5833ms data 0ms clip 20ms optim 111ms step 5975ms mem 1493/3311MB
step 162,570 | loss 3.8669 | lr 2.70e-04 | 1362 tok/s | fwd_bwd 5933ms data 1ms clip 23ms optim 120ms step 6095ms mem 1493/3311MB
step 162,580 | loss 2.9440 | lr 2.70e-04 | 1363 tok/s | fwd_bwd 5840ms data 0ms clip 20ms optim 111ms step 5982ms mem 1493/3311MB
step 162,590 | loss 3.7156 | lr 2.70e-04 | 1369 tok/s | fwd_bwd 5810ms data 0ms clip 20ms optim 112ms step 5949ms mem 1493/3311MB
step 162,600 | loss 1.9718 | lr 2.70e-04 | 1376 tok/s | fwd_bwd 5816ms data 0ms clip 20ms optim 112ms step 5954ms mem 1448/3311MB
step 162,610 | loss 3.2781 | lr 2.70e-04 | 1377 tok/s | fwd_bwd 5866ms data 1ms clip 23ms optim 117ms step 6024ms mem 1493/3311MB
step 162,620 | loss 3.2514 | lr 2.70e-04 | 1371 tok/s | fwd_bwd 5882ms data 1ms clip 23ms optim 119ms step 6042ms mem 1464/3311MB
step 162,630 | loss 2.6607 | lr 2.70e-04 | 1372 tok/s | fwd_bwd 5831ms data 0ms clip 20ms optim 112ms step 5969ms mem 1448/3311MB
step 162,640 | loss 2.2691 | lr 2.70e-04 | 1366 tok/s | fwd_bwd 5905ms data 1ms clip 20ms optim 112ms step 6056ms mem 1493/3311MB
step 162,650 | loss 3.9988 | lr 2.70e-04 | 1369 tok/s | fwd_bwd 5814ms data 0ms clip 20ms optim 111ms step 5955ms mem 1493/3311MB
step 162,660 | loss 3.6513 | lr 2.70e-04 | 1366 tok/s | fwd_bwd 5860ms data 1ms clip 20ms optim 111ms step 6005ms mem 1493/3311MB
step 162,670 | loss 3.5885 | lr 2.70e-04 | 1359 tok/s | fwd_bwd 5870ms data 1ms clip 20ms optim 112ms step 6016ms mem 1493/3311MB
step 162,680 | loss 2.8541 | lr 2.70e-04 | 1359 tok/s | fwd_bwd 5873ms data 0ms clip 20ms optim 111ms step 6015ms mem 1493/3311MB
step 162,690 | loss 4.0138 | lr 2.70e-04 | 1336 tok/s | fwd_bwd 6709ms data 0ms clip 20ms optim 111ms step 6845ms mem 1451/3311MB
step 162,700 | loss 3.3117 | lr 2.70e-04 | 1352 tok/s | fwd_bwd 5999ms data 1ms clip 20ms optim 111ms step 6144ms mem 1452/3311MB
step 162,710 | loss 3.0474 | lr 2.70e-04 | 1356 tok/s | fwd_bwd 5854ms data 0ms clip 20ms optim 111ms step 5993ms mem 1451/3311MB
step 162,720 | loss 3.0616 | lr 2.70e-04 | 1367 tok/s | fwd_bwd 5857ms data 1ms clip 20ms optim 111ms step 6007ms mem 1493/3311MB
step 162,730 | loss 2.8211 | lr 2.70e-04 | 1373 tok/s | fwd_bwd 5800ms data 0ms clip 20ms optim 111ms step 5939ms mem 1493/3311MB
step 162,740 | loss 3.5520 | lr 2.70e-04 | 1374 tok/s | fwd_bwd 5784ms data 1ms clip 20ms optim 111ms step 5929ms mem 1493/3311MB
step 162,750 | loss 3.1662 | lr 2.70e-04 | 1375 tok/s | fwd_bwd 5781ms data 1ms clip 20ms optim 111ms step 5927ms mem 1452/3311MB
step 162,760 | loss 2.6303 | lr 2.70e-04 | 1385 tok/s | fwd_bwd 5760ms data 0ms clip 20ms optim 111ms step 5899ms mem 1493/3311MB
step 162,770 | loss 2.7581 | lr 2.70e-04 | 1384 tok/s | fwd_bwd 5767ms data 0ms clip 20ms optim 112ms step 5907ms mem 1493/3311MB
step 162,780 | loss 3.8796 | lr 2.70e-04 | 1378 tok/s | fwd_bwd 5799ms data 0ms clip 20ms optim 111ms step 5938ms mem 1452/3311MB
step 162,790 | loss 3.9692 | lr 2.70e-04 | 1370 tok/s | fwd_bwd 5849ms data 0ms clip 20ms optim 111ms step 5986ms mem 1451/3311MB
step 162,800 | loss 2.3008 | lr 2.70e-04 | 1367 tok/s | fwd_bwd 5808ms data 1ms clip 20ms optim 112ms step 5949ms mem 1493/3311MB
step 162,810 | loss 3.4383 | lr 2.70e-04 | 1365 tok/s | fwd_bwd 5854ms data 0ms clip 20ms optim 112ms step 5989ms mem 1448/3311MB
step 162,820 | loss 3.4371 | lr 2.70e-04 | 1368 tok/s | fwd_bwd 5818ms data 0ms clip 20ms optim 111ms step 5955ms mem 1493/3311MB
step 162,830 | loss 3.1637 | lr 2.70e-04 | 1377 tok/s | fwd_bwd 5771ms data 1ms clip 20ms optim 111ms step 5913ms mem 1493/3311MB
step 162,840 | loss 3.0274 | lr 2.70e-04 | 1370 tok/s | fwd_bwd 5838ms data 1ms clip 23ms optim 119ms step 5998ms mem 1448/3311MB
step 162,850 | loss 3.5434 | lr 2.70e-04 | 1385 tok/s | fwd_bwd 5766ms data 0ms clip 20ms optim 112ms step 5904ms mem 1493/3311MB
step 162,860 | loss 1.6767 | lr 2.70e-04 | 1385 tok/s | fwd_bwd 5752ms data 1ms clip 20ms optim 111ms step 5897ms mem 1452/3311MB
step 162,870 | loss 2.4186 | lr 2.70e-04 | 1383 tok/s | fwd_bwd 5764ms data 0ms clip 20ms optim 111ms step 5904ms mem 1448/3311MB
step 162,880 | loss 2.9942 | lr 2.70e-04 | 1382 tok/s | fwd_bwd 5766ms data 1ms clip 20ms optim 112ms step 5912ms mem 1493/3311MB
step 162,890 | loss 2.6668 | lr 2.70e-04 | 1371 tok/s | fwd_bwd 5862ms data 1ms clip 20ms optim 111ms step 6011ms mem 1451/3311MB
step 162,900 | loss 3.0150 | lr 2.70e-04 | 1366 tok/s | fwd_bwd 5771ms data 1ms clip 20ms optim 111ms step 5919ms mem 1476/3311MB
step 162,910 | loss 3.9772 | lr 2.70e-04 | 1364 tok/s | fwd_bwd 5838ms data 1ms clip 20ms optim 111ms step 5984ms mem 1448/3311MB
step 162,920 | loss 1.7824 | lr 2.70e-04 | 1364 tok/s | fwd_bwd 5875ms data 0ms clip 20ms optim 111ms step 6012ms mem 1448/3311MB
step 162,930 | loss 2.8190 | lr 2.70e-04 | 1365 tok/s | fwd_bwd 5842ms data 0ms clip 20ms optim 111ms step 5981ms mem 1493/3311MB
step 162,940 | loss 3.9746 | lr 2.70e-04 | 1368 tok/s | fwd_bwd 5901ms data 0ms clip 20ms optim 111ms step 6038ms mem 1493/3311MB
step 162,950 | loss 3.6316 | lr 2.70e-04 | 1367 tok/s | fwd_bwd 5820ms data 1ms clip 20ms optim 111ms step 5968ms mem 1450/3311MB
step 162,960 | loss 2.8855 | lr 2.70e-04 | 1364 tok/s | fwd_bwd 5785ms data 0ms clip 20ms optim 111ms step 5927ms mem 1493/3311MB
step 162,970 | loss 3.2250 | lr 2.70e-04 | 1367 tok/s | fwd_bwd 5792ms data 0ms clip 20ms optim 111ms step 5928ms mem 1452/3311MB
step 162,980 | loss 3.0351 | lr 2.70e-04 | 1372 tok/s | fwd_bwd 5815ms data 0ms clip 20ms optim 111ms step 5954ms mem 1448/3311MB
step 162,990 | loss 3.1793 | lr 2.70e-04 | 1364 tok/s | fwd_bwd 5883ms data 0ms clip 20ms optim 111ms step 6021ms mem 1493/3311MB
step 163,000 | loss 2.6712 | lr 2.70e-04 | 1357 tok/s | fwd_bwd 5888ms data 0ms clip 20ms optim 111ms step 6023ms mem 1449/3311MB
  [eval] step 163000 | val_loss 3.2796 | ppl 26.56
Checkpoint saved: checkpoints/step_163000
  [samples] wrote checkpoints/step_163000/samples.txt
  Pruning old checkpoint: checkpoints/step_161834
Checkpoint saved: checkpoints/step_163000
step 163,010 | loss 2.1990 | lr 2.70e-04 | 576 tok/s | fwd_bwd 5799ms data 0ms clip 20ms optim 112ms step 5942ms mem 1452/3311MB
step 163,020 | loss 2.7161 | lr 2.70e-04 | 1365 tok/s | fwd_bwd 5853ms data 0ms clip 20ms optim 112ms step 5993ms mem 1493/3311MB
step 163,030 | loss 2.4306 | lr 2.70e-04 | 1361 tok/s | fwd_bwd 5872ms data 0ms clip 20ms optim 111ms step 6009ms mem 1493/3311MB
step 163,040 | loss 3.6468 | lr 2.70e-04 | 1364 tok/s | fwd_bwd 5854ms data 0ms clip 20ms optim 111ms step 5991ms mem 1452/3311MB
step 163,050 | loss 2.6614 | lr 2.70e-04 | 1367 tok/s | fwd_bwd 5823ms data 0ms clip 20ms optim 111ms step 5960ms mem 1493/3311MB
step 163,060 | loss 2.6348 | lr 2.70e-04 | 1368 tok/s | fwd_bwd 5833ms data 0ms clip 20ms optim 111ms step 5970ms mem 1493/3311MB
step 163,070 | loss 3.2569 | lr 2.70e-04 | 1373 tok/s | fwd_bwd 5790ms data 0ms clip 20ms optim 111ms step 5930ms mem 1493/3311MB
step 163,080 | loss 3.4772 | lr 2.69e-04 | 1374 tok/s | fwd_bwd 5807ms data 0ms clip 20ms optim 111ms step 5944ms mem 1493/3311MB
step 163,090 | loss 2.5881 | lr 2.69e-04 | 1374 tok/s | fwd_bwd 5781ms data 1ms clip 20ms optim 112ms step 5925ms mem 1493/3311MB
step 163,100 | loss 2.7855 | lr 2.69e-04 | 1373 tok/s | fwd_bwd 5796ms data 0ms clip 20ms optim 111ms step 5934ms mem 1493/3311MB
step 163,110 | loss 3.2842 | lr 2.69e-04 | 1376 tok/s | fwd_bwd 5783ms data 0ms clip 20ms optim 111ms step 5921ms mem 1493/3311MB
step 163,120 | loss 2.9932 | lr 2.69e-04 | 1375 tok/s | fwd_bwd 5775ms data 0ms clip 20ms optim 111ms step 5917ms mem 1493/3311MB
step 163,130 | loss 3.6322 | lr 2.69e-04 | 1379 tok/s | fwd_bwd 5784ms data 0ms clip 20ms optim 111ms step 5926ms mem 1493/3311MB
step 163,140 | loss 2.8149 | lr 2.69e-04 | 1380 tok/s | fwd_bwd 5769ms data 0ms clip 20ms optim 112ms step 5907ms mem 1493/3311MB
step 163,150 | loss 3.4991 | lr 2.69e-04 | 1389 tok/s | fwd_bwd 5729ms data 0ms clip 20ms optim 112ms step 5866ms mem 1493/3311MB
step 163,160 | loss 1.1735 | lr 2.69e-04 | 1389 tok/s | fwd_bwd 5753ms data 0ms clip 20ms optim 112ms step 5894ms mem 1452/3311MB
step 163,170 | loss 2.6836 | lr 2.69e-04 | 1377 tok/s | fwd_bwd 5710ms data 0ms clip 20ms optim 112ms step 5851ms mem 1492/3311MB
step 163,180 | loss 4.1631 | lr 2.69e-04 | 1368 tok/s | fwd_bwd 5841ms data 0ms clip 20ms optim 112ms step 5981ms mem 1448/3311MB
step 163,190 | loss 1.7913 | lr 2.69e-04 | 1364 tok/s | fwd_bwd 5853ms data 0ms clip 20ms optim 112ms step 5988ms mem 1448/3311MB
step 163,200 | loss 3.2709 | lr 2.69e-04 | 1370 tok/s | fwd_bwd 5812ms data 0ms clip 20ms optim 111ms step 5949ms mem 1493/3311MB
step 163,210 | loss 2.1277 | lr 2.69e-04 | 1373 tok/s | fwd_bwd 5817ms data 0ms clip 20ms optim 111ms step 5952ms mem 1452/3311MB
step 163,220 | loss 3.0342 | lr 2.69e-04 | 1371 tok/s | fwd_bwd 5838ms data 0ms clip 20ms optim 111ms step 5976ms mem 1448/3311MB
step 163,230 | loss 2.4431 | lr 2.69e-04 | 1365 tok/s | fwd_bwd 5865ms data 0ms clip 20ms optim 111ms step 6002ms mem 1493/3311MB
step 163,240 | loss 2.1813 | lr 2.69e-04 | 1362 tok/s | fwd_bwd 5832ms data 0ms clip 20ms optim 111ms step 5972ms mem 1493/3311MB
step 163,250 | loss 3.2497 | lr 2.69e-04 | 1366 tok/s | fwd_bwd 5746ms data 0ms clip 20ms optim 111ms step 5885ms mem 1493/3311MB
step 163,260 | loss 2.1169 | lr 2.69e-04 | 1369 tok/s | fwd_bwd 5819ms data 0ms clip 20ms optim 112ms step 5959ms mem 1448/3311MB
step 163,270 | loss 3.2605 | lr 2.69e-04 | 1366 tok/s | fwd_bwd 5829ms data 1ms clip 20ms optim 112ms step 5973ms mem 1493/3311MB
step 163,280 | loss 3.2804 | lr 2.69e-04 | 1356 tok/s | fwd_bwd 5905ms data 0ms clip 20ms optim 111ms step 6041ms mem 1493/3311MB
step 163,290 | loss 2.1058 | lr 2.69e-04 | 1354 tok/s | fwd_bwd 5902ms data 1ms clip 20ms optim 114ms step 6047ms mem 1493/3311MB
step 163,300 | loss 3.6597 | lr 2.69e-04 | 1359 tok/s | fwd_bwd 5852ms data 0ms clip 20ms optim 111ms step 5988ms mem 1493/3311MB
step 163,310 | loss 3.4344 | lr 2.69e-04 | 1379 tok/s | fwd_bwd 5768ms data 0ms clip 20ms optim 111ms step 5906ms mem 1451/3311MB
step 163,320 | loss 2.9079 | lr 2.69e-04 | 1384 tok/s | fwd_bwd 5697ms data 1ms clip 20ms optim 111ms step 5837ms mem 1452/3311MB
step 163,330 | loss 2.6378 | lr 2.69e-04 | 1375 tok/s | fwd_bwd 5832ms data 0ms clip 20ms optim 112ms step 5972ms mem 1493/3311MB
step 163,340 | loss 3.2116 | lr 2.69e-04 | 1362 tok/s | fwd_bwd 5874ms data 1ms clip 20ms optim 111ms step 6016ms mem 1493/3311MB
step 163,350 | loss 3.3357 | lr 2.69e-04 | 1357 tok/s | fwd_bwd 5897ms data 0ms clip 20ms optim 111ms step 6036ms mem 1493/3311MB
step 163,360 | loss 3.0529 | lr 2.69e-04 | 1358 tok/s | fwd_bwd 5857ms data 0ms clip 20ms optim 111ms step 5996ms mem 1493/3311MB
step 163,370 | loss 3.6665 | lr 2.69e-04 | 1363 tok/s | fwd_bwd 5858ms data 0ms clip 20ms optim 111ms step 5996ms mem 1493/3311MB
step 163,380 | loss 3.4135 | lr 2.69e-04 | 1360 tok/s | fwd_bwd 5804ms data 0ms clip 20ms optim 112ms step 5942ms mem 1451/3311MB
step 163,390 | loss 3.2915 | lr 2.69e-04 | 1359 tok/s | fwd_bwd 5889ms data 0ms clip 20ms optim 111ms step 6029ms mem 1493/3311MB
step 163,400 | loss 1.9611 | lr 2.69e-04 | 1352 tok/s | fwd_bwd 5919ms data 0ms clip 20ms optim 111ms step 6053ms mem 1452/3311MB
step 163,410 | loss 3.2705 | lr 2.69e-04 | 1352 tok/s | fwd_bwd 5880ms data 1ms clip 20ms optim 112ms step 6027ms mem 1493/3311MB
step 163,420 | loss 3.2124 | lr 2.69e-04 | 1351 tok/s | fwd_bwd 5894ms data 0ms clip 20ms optim 111ms step 6033ms mem 1493/3311MB
step 163,430 | loss 3.6426 | lr 2.69e-04 | 1352 tok/s | fwd_bwd 5901ms data 0ms clip 20ms optim 111ms step 6041ms mem 1452/3311MB
step 163,440 | loss 2.7998 | lr 2.69e-04 | 1354 tok/s | fwd_bwd 5883ms data 0ms clip 20ms optim 111ms step 6020ms mem 1493/3311MB
step 163,450 | loss 2.8932 | lr 2.69e-04 | 1364 tok/s | fwd_bwd 5851ms data 0ms clip 20ms optim 111ms step 5990ms mem 1493/3311MB
step 163,460 | loss 3.6916 | lr 2.69e-04 | 1361 tok/s | fwd_bwd 5862ms data 0ms clip 20ms optim 111ms step 6000ms mem 1493/3311MB
step 163,470 | loss 2.5994 | lr 2.69e-04 | 1359 tok/s | fwd_bwd 5936ms data 1ms clip 20ms optim 111ms step 6085ms mem 1493/3311MB
step 163,480 | loss 2.9537 | lr 2.69e-04 | 1357 tok/s | fwd_bwd 5869ms data 0ms clip 20ms optim 111ms step 6004ms mem 1493/3311MB
step 163,490 | loss 3.1428 | lr 2.69e-04 | 1359 tok/s | fwd_bwd 5879ms data 0ms clip 20ms optim 112ms step 6020ms mem 1493/3311MB
step 163,500 | loss 3.1658 | lr 2.69e-04 | 1361 tok/s | fwd_bwd 5854ms data 0ms clip 20ms optim 111ms step 5991ms mem 1493/3311MB
  [eval] step 163500 | val_loss 3.1464 | ppl 23.25
step 163,510 | loss 2.9828 | lr 2.69e-04 | 773 tok/s | fwd_bwd 5797ms data 0ms clip 20ms optim 112ms step 5935ms mem 1493/3311MB
step 163,520 | loss 2.6043 | lr 2.69e-04 | 1378 tok/s | fwd_bwd 5859ms data 1ms clip 21ms optim 115ms step 6009ms mem 1493/3311MB
step 163,530 | loss 3.2537 | lr 2.69e-04 | 1375 tok/s | fwd_bwd 5763ms data 1ms clip 20ms optim 111ms step 5907ms mem 1493/3311MB
step 163,540 | loss 2.8369 | lr 2.69e-04 | 1385 tok/s | fwd_bwd 5737ms data 0ms clip 20ms optim 111ms step 5878ms mem 1493/3311MB
step 163,550 | loss 1.8656 | lr 2.69e-04 | 1393 tok/s | fwd_bwd 5678ms data 1ms clip 20ms optim 111ms step 5829ms mem 1493/3311MB
step 163,560 | loss 3.3946 | lr 2.69e-04 | 1399 tok/s | fwd_bwd 5732ms data 0ms clip 20ms optim 111ms step 5869ms mem 1482/3311MB
step 163,570 | loss 3.0976 | lr 2.69e-04 | 1393 tok/s | fwd_bwd 5741ms data 1ms clip 20ms optim 111ms step 5890ms mem 1493/3311MB
step 163,580 | loss 3.2753 | lr 2.69e-04 | 1387 tok/s | fwd_bwd 5772ms data 1ms clip 20ms optim 112ms step 5921ms mem 1451/3311MB
step 163,590 | loss 4.3650 | lr 2.69e-04 | 1378 tok/s | fwd_bwd 5750ms data 0ms clip 20ms optim 111ms step 5887ms mem 1493/3311MB
Checkpoint saved: checkpoints/step_163594
  Pruning old checkpoint: checkpoints/step_162000
step 163,600 | loss 2.8563 | lr 2.69e-04 | 1374 tok/s | fwd_bwd 5764ms data 0ms clip 20ms optim 112ms step 5903ms mem 1493/3311MB
step 163,610 | loss 2.9626 | lr 2.69e-04 | 1384 tok/s | fwd_bwd 5766ms data 1ms clip 20ms optim 111ms step 5911ms mem 1452/3311MB
step 163,620 | loss 3.1832 | lr 2.69e-04 | 1372 tok/s | fwd_bwd 5841ms data 0ms clip 20ms optim 111ms step 5980ms mem 1448/3311MB
step 163,630 | loss 2.4833 | lr 2.69e-04 | 1362 tok/s | fwd_bwd 5882ms data 0ms clip 20ms optim 112ms step 6020ms mem 1448/3311MB
step 163,640 | loss 3.9780 | lr 2.69e-04 | 1355 tok/s | fwd_bwd 5903ms data 0ms clip 20ms optim 112ms step 6044ms mem 1448/3311MB
step 163,650 | loss 3.3565 | lr 2.69e-04 | 1350 tok/s | fwd_bwd 5970ms data 0ms clip 20ms optim 111ms step 6109ms mem 1448/3311MB
step 163,660 | loss 2.8526 | lr 2.69e-04 | 1346 tok/s | fwd_bwd 5960ms data 0ms clip 20ms optim 112ms step 6097ms mem 1448/3311MB
step 163,670 | loss 4.3553 | lr 2.69e-04 | 1342 tok/s | fwd_bwd 5848ms data 0ms clip 20ms optim 111ms step 5988ms mem 1448/3311MB
step 163,680 | loss 3.0821 | lr 2.69e-04 | 1342 tok/s | fwd_bwd 5960ms data 0ms clip 20ms optim 111ms step 6100ms mem 1448/3311MB
step 163,690 | loss 3.6888 | lr 2.69e-04 | 1338 tok/s | fwd_bwd 5964ms data 0ms clip 20ms optim 112ms step 6106ms mem 1448/3311MB
step 163,700 | loss 3.2772 | lr 2.69e-04 | 1339 tok/s | fwd_bwd 5870ms data 1ms clip 20ms optim 112ms step 6013ms mem 1448/3311MB
step 163,710 | loss 2.7615 | lr 2.69e-04 | 1337 tok/s | fwd_bwd 5973ms data 0ms clip 20ms optim 112ms step 6114ms mem 1448/3311MB
step 163,720 | loss 2.7130 | lr 2.69e-04 | 1336 tok/s | fwd_bwd 5986ms data 0ms clip 20ms optim 111ms step 6123ms mem 1448/3311MB
step 163,730 | loss 2.7861 | lr 2.68e-04 | 1335 tok/s | fwd_bwd 5973ms data 1ms clip 20ms optim 112ms step 6115ms mem 1448/3311MB
step 163,740 | loss 3.0167 | lr 2.68e-04 | 1333 tok/s | fwd_bwd 6000ms data 0ms clip 20ms optim 112ms step 6140ms mem 1448/3311MB
step 163,750 | loss 3.6305 | lr 2.68e-04 | 1333 tok/s | fwd_bwd 5984ms data 0ms clip 20ms optim 112ms step 6122ms mem 1448/3311MB
step 163,760 | loss 3.4221 | lr 2.68e-04 | 1334 tok/s | fwd_bwd 5988ms data 0ms clip 21ms optim 112ms step 6126ms mem 1448/3311MB
step 163,770 | loss 2.9044 | lr 2.68e-04 | 1333 tok/s | fwd_bwd 6002ms data 0ms clip 20ms optim 112ms step 6139ms mem 1448/3311MB
step 163,780 | loss 3.6780 | lr 2.68e-04 | 1333 tok/s | fwd_bwd 5987ms data 0ms clip 20ms optim 111ms step 6124ms mem 1448/3311MB
step 163,790 | loss 2.8750 | lr 2.68e-04 | 1330 tok/s | fwd_bwd 6005ms data 0ms clip 20ms optim 111ms step 6144ms mem 1448/3311MB
step 163,800 | loss 3.7803 | lr 2.68e-04 | 1329 tok/s | fwd_bwd 5994ms data 1ms clip 20ms optim 112ms step 6143ms mem 1448/3311MB
step 163,810 | loss 2.5497 | lr 2.68e-04 | 1332 tok/s | fwd_bwd 5993ms data 1ms clip 20ms optim 111ms step 6137ms mem 1448/3311MB
step 163,820 | loss 3.8262 | lr 2.68e-04 | 1331 tok/s | fwd_bwd 5986ms data 0ms clip 20ms optim 112ms step 6121ms mem 1448/3311MB
step 163,830 | loss 3.3141 | lr 2.68e-04 | 1333 tok/s | fwd_bwd 5993ms data 0ms clip 20ms optim 112ms step 6133ms mem 1448/3311MB
step 163,840 | loss 3.2298 | lr 2.68e-04 | 1329 tok/s | fwd_bwd 6067ms data 1ms clip 24ms optim 119ms step 6229ms mem 1448/3311MB
step 163,850 | loss 3.3336 | lr 2.68e-04 | 1333 tok/s | fwd_bwd 6009ms data 0ms clip 20ms optim 112ms step 6147ms mem 1448/3311MB
step 163,860 | loss 2.8405 | lr 2.68e-04 | 1333 tok/s | fwd_bwd 6012ms data 0ms clip 20ms optim 111ms step 6151ms mem 1448/3311MB
step 163,870 | loss 3.1226 | lr 2.68e-04 | 1331 tok/s | fwd_bwd 6005ms data 0ms clip 20ms optim 112ms step 6142ms mem 1448/3311MB
step 163,880 | loss 3.8240 | lr 2.68e-04 | 1330 tok/s | fwd_bwd 5996ms data 0ms clip 20ms optim 111ms step 6136ms mem 1448/3311MB
step 163,890 | loss 3.2833 | lr 2.68e-04 | 1328 tok/s | fwd_bwd 6003ms data 0ms clip 20ms optim 111ms step 6142ms mem 1448/3311MB
step 163,900 | loss 2.8642 | lr 2.68e-04 | 1326 tok/s | fwd_bwd 6001ms data 1ms clip 20ms optim 111ms step 6143ms mem 1448/3311MB
step 163,910 | loss 3.2490 | lr 2.68e-04 | 1330 tok/s | fwd_bwd 6003ms data 0ms clip 20ms optim 112ms step 6138ms mem 1448/3311MB
step 163,920 | loss 2.8491 | lr 2.68e-04 | 1330 tok/s | fwd_bwd 6006ms data 0ms clip 20ms optim 111ms step 6147ms mem 1448/3311MB
step 163,930 | loss 3.1512 | lr 2.68e-04 | 1330 tok/s | fwd_bwd 6012ms data 0ms clip 20ms optim 112ms step 6150ms mem 1448/3311MB
step 163,940 | loss 3.0398 | lr 2.68e-04 | 1330 tok/s | fwd_bwd 6010ms data 0ms clip 20ms optim 111ms step 6145ms mem 1448/3311MB
step 163,950 | loss 3.2471 | lr 2.68e-04 | 1331 tok/s | fwd_bwd 5996ms data 0ms clip 20ms optim 112ms step 6135ms mem 1448/3311MB
step 163,960 | loss 2.7241 | lr 2.68e-04 | 1332 tok/s | fwd_bwd 5962ms data 0ms clip 20ms optim 112ms step 6103ms mem 1448/3311MB
step 163,970 | loss 3.0888 | lr 2.68e-04 | 1331 tok/s | fwd_bwd 5995ms data 0ms clip 20ms optim 112ms step 6133ms mem 1448/3311MB
step 163,980 | loss 3.5083 | lr 2.68e-04 | 1329 tok/s | fwd_bwd 6009ms data 0ms clip 20ms optim 112ms step 6148ms mem 1448/3311MB
step 163,990 | loss 3.0563 | lr 2.68e-04 | 1331 tok/s | fwd_bwd 5988ms data 1ms clip 20ms optim 111ms step 6134ms mem 1448/3311MB
step 164,000 | loss 2.9230 | lr 2.68e-04 | 1332 tok/s | fwd_bwd 6038ms data 1ms clip 20ms optim 111ms step 6188ms mem 1448/3311MB
  [eval] step 164000 | val_loss 3.3443 | ppl 28.34
Checkpoint saved: checkpoints/step_164000
  [samples] wrote checkpoints/step_164000/samples.txt
  Pruning old checkpoint: checkpoints/step_162421
step 164,010 | loss 3.6756 | lr 2.68e-04 | 534 tok/s | fwd_bwd 8122ms data 1ms clip 34ms optim 176ms step 8346ms mem 1448/3311MB
step 164,020 | loss 3.0213 | lr 2.68e-04 | 1210 tok/s | fwd_bwd 6051ms data 1ms clip 20ms optim 112ms step 6194ms mem 1493/3311MB
step 164,030 | loss 4.0746 | lr 2.68e-04 | 1326 tok/s | fwd_bwd 5894ms data 0ms clip 20ms optim 112ms step 6033ms mem 1451/3311MB
step 164,040 | loss 3.1395 | lr 2.68e-04 | 1328 tok/s | fwd_bwd 6018ms data 1ms clip 20ms optim 111ms step 6162ms mem 1493/3311MB
step 164,050 | loss 2.7311 | lr 2.68e-04 | 1326 tok/s | fwd_bwd 5996ms data 1ms clip 20ms optim 112ms step 6139ms mem 1448/3311MB
step 164,060 | loss 1.7496 | lr 2.68e-04 | 1322 tok/s | fwd_bwd 6024ms data 1ms clip 24ms optim 117ms step 6182ms mem 1493/3311MB
step 164,070 | loss 1.9783 | lr 2.68e-04 | 1277 tok/s | fwd_bwd 6091ms data 1ms clip 20ms optim 112ms step 6236ms mem 1493/3311MB
step 164,080 | loss 3.1871 | lr 2.68e-04 | 1313 tok/s | fwd_bwd 5996ms data 1ms clip 23ms optim 120ms step 6158ms mem 1493/3311MB
step 164,090 | loss 4.5977 | lr 2.68e-04 | 1328 tok/s | fwd_bwd 6022ms data 1ms clip 20ms optim 112ms step 6171ms mem 1493/3311MB
step 164,100 | loss 2.9534 | lr 2.68e-04 | 1329 tok/s | fwd_bwd 5998ms data 0ms clip 20ms optim 111ms step 6138ms mem 1451/3311MB
step 164,110 | loss 2.2614 | lr 2.68e-04 | 1328 tok/s | fwd_bwd 6000ms data 0ms clip 20ms optim 111ms step 6141ms mem 1493/3311MB
step 164,120 | loss 2.6127 | lr 2.68e-04 | 1330 tok/s | fwd_bwd 5989ms data 0ms clip 20ms optim 112ms step 6132ms mem 1493/3311MB
step 164,130 | loss 3.7624 | lr 2.68e-04 | 1333 tok/s | fwd_bwd 5975ms data 0ms clip 20ms optim 111ms step 6112ms mem 1493/3311MB
step 164,140 | loss 2.3762 | lr 2.68e-04 | 1330 tok/s | fwd_bwd 5987ms data 0ms clip 20ms optim 112ms step 6122ms mem 1451/3311MB
step 164,150 | loss 3.1416 | lr 2.68e-04 | 1325 tok/s | fwd_bwd 6044ms data 1ms clip 23ms optim 120ms step 6206ms mem 1470/3311MB
step 164,160 | loss 2.9728 | lr 2.68e-04 | 1329 tok/s | fwd_bwd 5996ms data 0ms clip 20ms optim 112ms step 6136ms mem 1493/3311MB
Checkpoint saved: checkpoints/step_164165
  Pruning old checkpoint: checkpoints/step_163000
step 164,170 | loss 3.9566 | lr 2.68e-04 | 1315 tok/s | fwd_bwd 6000ms data 0ms clip 20ms optim 111ms step 6137ms mem 1451/3311MB
step 164,180 | loss 3.3095 | lr 2.68e-04 | 1329 tok/s | fwd_bwd 5996ms data 1ms clip 20ms optim 112ms step 6138ms mem 1493/3311MB
step 164,190 | loss 1.8744 | lr 2.68e-04 | 1326 tok/s | fwd_bwd 6002ms data 1ms clip 20ms optim 111ms step 6144ms mem 1493/3311MB
step 164,200 | loss 3.4602 | lr 2.68e-04 | 1330 tok/s | fwd_bwd 5995ms data 0ms clip 20ms optim 112ms step 6133ms mem 1493/3311MB
step 164,210 | loss 3.7662 | lr 2.68e-04 | 1333 tok/s | fwd_bwd 5985ms data 0ms clip 20ms optim 111ms step 6120ms mem 1493/3311MB
step 164,220 | loss 3.3330 | lr 2.68e-04 | 1329 tok/s | fwd_bwd 5993ms data 0ms clip 20ms optim 111ms step 6130ms mem 1493/3311MB
step 164,230 | loss 3.1530 | lr 2.68e-04 | 1328 tok/s | fwd_bwd 6004ms data 1ms clip 20ms optim 114ms step 6153ms mem 1493/3311MB
step 164,240 | loss 4.1644 | lr 2.68e-04 | 1330 tok/s | fwd_bwd 5997ms data 0ms clip 20ms optim 111ms step 6132ms mem 1493/3311MB
step 164,250 | loss 3.1922 | lr 2.68e-04 | 1330 tok/s | fwd_bwd 6015ms data 0ms clip 20ms optim 112ms step 6154ms mem 1451/3311MB
step 164,260 | loss 3.3020 | lr 2.68e-04 | 1329 tok/s | fwd_bwd 6000ms data 0ms clip 20ms optim 111ms step 6138ms mem 1493/3311MB
step 164,270 | loss 3.6144 | lr 2.68e-04 | 1330 tok/s | fwd_bwd 6005ms data 1ms clip 20ms optim 112ms step 6148ms mem 1493/3311MB
step 164,280 | loss 3.1166 | lr 2.68e-04 | 1329 tok/s | fwd_bwd 5998ms data 1ms clip 20ms optim 111ms step 6139ms mem 1493/3311MB
step 164,290 | loss 2.6879 | lr 2.68e-04 | 1331 tok/s | fwd_bwd 6016ms data 1ms clip 23ms optim 119ms step 6178ms mem 1493/3311MB
step 164,300 | loss 3.1742 | lr 2.68e-04 | 1331 tok/s | fwd_bwd 6001ms data 1ms clip 20ms optim 112ms step 6147ms mem 1448/3311MB
step 164,310 | loss 3.1812 | lr 2.68e-04 | 1332 tok/s | fwd_bwd 5989ms data 1ms clip 20ms optim 111ms step 6136ms mem 1493/3311MB
step 164,320 | loss 3.2049 | lr 2.68e-04 | 1331 tok/s | fwd_bwd 6063ms data 1ms clip 22ms optim 121ms step 6225ms mem 1493/3311MB
step 164,330 | loss 3.7286 | lr 2.68e-04 | 1332 tok/s | fwd_bwd 5967ms data 0ms clip 20ms optim 111ms step 6104ms mem 1450/3311MB
step 164,340 | loss 3.0732 | lr 2.68e-04 | 1326 tok/s | fwd_bwd 5964ms data 0ms clip 21ms optim 112ms step 6107ms mem 1493/3311MB
step 164,350 | loss 3.3515 | lr 2.68e-04 | 1323 tok/s | fwd_bwd 6035ms data 0ms clip 20ms optim 112ms step 6171ms mem 1452/3311MB
step 164,360 | loss 2.9559 | lr 2.67e-04 | 1326 tok/s | fwd_bwd 6000ms data 1ms clip 20ms optim 111ms step 6143ms mem 1488/3311MB
step 164,370 | loss 3.2402 | lr 2.67e-04 | 1332 tok/s | fwd_bwd 5978ms data 1ms clip 20ms optim 112ms step 6123ms mem 1493/3311MB
step 164,380 | loss 2.7189 | lr 2.67e-04 | 1331 tok/s | fwd_bwd 5888ms data 1ms clip 20ms optim 112ms step 6031ms mem 1451/3311MB
step 164,390 | loss 3.0065 | lr 2.67e-04 | 1331 tok/s | fwd_bwd 5998ms data 0ms clip 20ms optim 112ms step 6138ms mem 1493/3311MB
step 164,400 | loss 3.3535 | lr 2.67e-04 | 1331 tok/s | fwd_bwd 5989ms data 0ms clip 20ms optim 112ms step 6125ms mem 1451/3311MB
step 164,410 | loss 2.8386 | lr 2.67e-04 | 1332 tok/s | fwd_bwd 5982ms data 0ms clip 20ms optim 112ms step 6121ms mem 1493/3311MB
step 164,420 | loss 3.0555 | lr 2.67e-04 | 1325 tok/s | fwd_bwd 6294ms data 1ms clip 20ms optim 111ms step 6439ms mem 1493/3311MB
step 164,430 | loss 3.2705 | lr 2.67e-04 | 1331 tok/s | fwd_bwd 5981ms data 0ms clip 20ms optim 111ms step 6119ms mem 1493/3311MB
step 164,440 | loss 3.1100 | lr 2.67e-04 | 1344 tok/s | fwd_bwd 5894ms data 1ms clip 20ms optim 111ms step 6038ms mem 1451/3311MB
step 164,450 | loss 3.2125 | lr 2.67e-04 | 1356 tok/s | fwd_bwd 5890ms data 0ms clip 20ms optim 112ms step 6028ms mem 1493/3311MB
step 164,460 | loss 4.0088 | lr 2.67e-04 | 1357 tok/s | fwd_bwd 5936ms data 0ms clip 20ms optim 112ms step 6072ms mem 1452/3311MB
step 164,470 | loss 3.0480 | lr 2.67e-04 | 1352 tok/s | fwd_bwd 5885ms data 1ms clip 20ms optim 112ms step 6030ms mem 1493/3311MB
step 164,480 | loss 4.2143 | lr 2.67e-04 | 1351 tok/s | fwd_bwd 5893ms data 0ms clip 20ms optim 111ms step 6032ms mem 1493/3311MB
step 164,490 | loss 3.2092 | lr 2.67e-04 | 1351 tok/s | fwd_bwd 5878ms data 1ms clip 20ms optim 112ms step 6021ms mem 1452/3311MB
step 164,500 | loss 3.2019 | lr 2.67e-04 | 1354 tok/s | fwd_bwd 5875ms data 1ms clip 20ms optim 112ms step 6017ms mem 1493/3311MB
  [eval] step 164500 | val_loss 3.2793 | ppl 26.56
step 164,510 | loss 2.6036 | lr 2.67e-04 | 767 tok/s | fwd_bwd 5877ms data 0ms clip 20ms optim 111ms step 6014ms mem 1493/3311MB
step 164,520 | loss 3.9777 | lr 2.67e-04 | 1358 tok/s | fwd_bwd 5877ms data 0ms clip 20ms optim 112ms step 6018ms mem 1493/3311MB
step 164,530 | loss 0.1799 | lr 2.67e-04 | 1359 tok/s | fwd_bwd 5868ms data 1ms clip 20ms optim 112ms step 6014ms mem 1493/3311MB
step 164,540 | loss 2.7086 | lr 2.67e-04 | 1360 tok/s | fwd_bwd 5868ms data 0ms clip 20ms optim 112ms step 6008ms mem 1493/3311MB
step 164,550 | loss 3.6822 | lr 2.67e-04 | 1365 tok/s | fwd_bwd 5853ms data 0ms clip 20ms optim 112ms step 5996ms mem 1489/3311MB
step 164,560 | loss 4.0970 | lr 2.67e-04 | 1363 tok/s | fwd_bwd 5768ms data 1ms clip 20ms optim 111ms step 5915ms mem 1493/3311MB
step 164,570 | loss 3.9497 | lr 2.67e-04 | 1362 tok/s | fwd_bwd 5829ms data 0ms clip 20ms optim 111ms step 5971ms mem 1493/3311MB
step 164,580 | loss 3.1441 | lr 2.67e-04 | 1368 tok/s | fwd_bwd 5811ms data 0ms clip 20ms optim 111ms step 5950ms mem 1448/3311MB
step 164,590 | loss 3.6363 | lr 2.67e-04 | 1376 tok/s | fwd_bwd 5711ms data 0ms clip 20ms optim 111ms step 5852ms mem 1493/3311MB
step 164,600 | loss 4.2502 | lr 2.67e-04 | 1370 tok/s | fwd_bwd 5863ms data 1ms clip 20ms optim 111ms step 6010ms mem 1493/3311MB
step 164,610 | loss 3.2455 | lr 2.67e-04 | 1366 tok/s | fwd_bwd 5861ms data 0ms clip 20ms optim 111ms step 5998ms mem 1448/3311MB
step 164,620 | loss 3.1918 | lr 2.67e-04 | 1367 tok/s | fwd_bwd 5835ms data 0ms clip 20ms optim 111ms step 5974ms mem 1493/3311MB
step 164,630 | loss 4.1110 | lr 2.67e-04 | 1359 tok/s | fwd_bwd 5874ms data 0ms clip 20ms optim 112ms step 6017ms mem 1452/3311MB
step 164,640 | loss 3.7396 | lr 2.67e-04 | 1352 tok/s | fwd_bwd 5932ms data 0ms clip 20ms optim 111ms step 6069ms mem 1452/3311MB
step 164,650 | loss 2.8711 | lr 2.67e-04 | 1348 tok/s | fwd_bwd 5905ms data 0ms clip 20ms optim 112ms step 6044ms mem 1448/3311MB
step 164,660 | loss 3.2158 | lr 2.67e-04 | 1354 tok/s | fwd_bwd 5912ms data 0ms clip 20ms optim 111ms step 6050ms mem 1493/3311MB
step 164,670 | loss 2.1898 | lr 2.67e-04 | 1352 tok/s | fwd_bwd 5910ms data 0ms clip 20ms optim 112ms step 6046ms mem 1493/3311MB
step 164,680 | loss 3.3961 | lr 2.67e-04 | 1328 tok/s | fwd_bwd 6006ms data 1ms clip 23ms optim 119ms step 6168ms mem 1452/3311MB
step 164,690 | loss 3.6128 | lr 2.67e-04 | 1340 tok/s | fwd_bwd 5979ms data 0ms clip 20ms optim 111ms step 6116ms mem 1493/3311MB
step 164,700 | loss 3.1743 | lr 2.67e-04 | 1334 tok/s | fwd_bwd 5979ms data 1ms clip 20ms optim 111ms step 6125ms mem 1452/3311MB
step 164,710 | loss 3.2945 | lr 2.67e-04 | 1333 tok/s | fwd_bwd 5899ms data 0ms clip 20ms optim 111ms step 6034ms mem 1493/3311MB
step 164,720 | loss 3.7362 | lr 2.67e-04 | 1333 tok/s | fwd_bwd 5987ms data 1ms clip 20ms optim 111ms step 6132ms mem 1493/3311MB
step 164,730 | loss 4.4297 | lr 2.67e-04 | 1334 tok/s | fwd_bwd 5989ms data 0ms clip 20ms optim 112ms step 6124ms mem 1493/3311MB
step 164,740 | loss 3.4005 | lr 2.67e-04 | 1325 tok/s | fwd_bwd 6047ms data 0ms clip 20ms optim 111ms step 6189ms mem 1493/3311MB
Checkpoint saved: checkpoints/step_164747
  Pruning old checkpoint: checkpoints/step_163594
step 164,750 | loss 2.9503 | lr 2.67e-04 | 1313 tok/s | fwd_bwd 6027ms data 0ms clip 20ms optim 111ms step 6165ms mem 1493/3311MB
step 164,760 | loss 3.0759 | lr 2.67e-04 | 1322 tok/s | fwd_bwd 6036ms data 0ms clip 20ms optim 111ms step 6175ms mem 1493/3311MB
step 164,770 | loss 3.8259 | lr 2.67e-04 | 1327 tok/s | fwd_bwd 6000ms data 1ms clip 20ms optim 111ms step 6145ms mem 1493/3311MB
step 164,780 | loss 3.3792 | lr 2.67e-04 | 1325 tok/s | fwd_bwd 6045ms data 0ms clip 20ms optim 111ms step 6185ms mem 1493/3311MB
step 164,790 | loss 2.5416 | lr 2.67e-04 | 1324 tok/s | fwd_bwd 6013ms data 1ms clip 20ms optim 111ms step 6156ms mem 1452/3311MB
step 164,800 | loss 3.9135 | lr 2.67e-04 | 1325 tok/s | fwd_bwd 6025ms data 1ms clip 20ms optim 112ms step 6172ms mem 1493/3311MB
step 164,810 | loss 2.7844 | lr 2.67e-04 | 1324 tok/s | fwd_bwd 6045ms data 1ms clip 20ms optim 111ms step 6194ms mem 1493/3311MB
step 164,820 | loss 3.5484 | lr 2.67e-04 | 1324 tok/s | fwd_bwd 6022ms data 0ms clip 20ms optim 111ms step 6159ms mem 1493/3311MB
step 164,830 | loss 1.4710 | lr 2.67e-04 | 1326 tok/s | fwd_bwd 6025ms data 0ms clip 20ms optim 112ms step 6162ms mem 1493/3311MB
step 164,840 | loss 2.6177 | lr 2.67e-04 | 1325 tok/s | fwd_bwd 6029ms data 0ms clip 20ms optim 111ms step 6168ms mem 1493/3311MB
step 164,850 | loss 4.0767 | lr 2.67e-04 | 1325 tok/s | fwd_bwd 6041ms data 0ms clip 20ms optim 111ms step 6181ms mem 1493/3311MB
step 164,860 | loss 3.9392 | lr 2.67e-04 | 1324 tok/s | fwd_bwd 6034ms data 1ms clip 20ms optim 111ms step 6178ms mem 1493/3311MB
step 164,870 | loss 3.7568 | lr 2.67e-04 | 1323 tok/s | fwd_bwd 6045ms data 0ms clip 20ms optim 112ms step 6186ms mem 1493/3311MB
step 164,880 | loss 3.3067 | lr 2.67e-04 | 1323 tok/s | fwd_bwd 6031ms data 0ms clip 20ms optim 111ms step 6168ms mem 1451/3311MB
step 164,890 | loss 3.8237 | lr 2.67e-04 | 1325 tok/s | fwd_bwd 6036ms data 0ms clip 20ms optim 111ms step 6175ms mem 1451/3311MB
step 164,900 | loss 3.2983 | lr 2.67e-04 | 1324 tok/s | fwd_bwd 6021ms data 0ms clip 20ms optim 112ms step 6158ms mem 1493/3311MB
step 164,910 | loss 2.6896 | lr 2.67e-04 | 1327 tok/s | fwd_bwd 6019ms data 0ms clip 20ms optim 111ms step 6157ms mem 1493/3311MB
step 164,920 | loss 3.0886 | lr 2.67e-04 | 1325 tok/s | fwd_bwd 6022ms data 0ms clip 20ms optim 112ms step 6160ms mem 1493/3311MB
step 164,930 | loss 3.2555 | lr 2.67e-04 | 1325 tok/s | fwd_bwd 6022ms data 0ms clip 20ms optim 112ms step 6157ms mem 1493/3311MB
step 164,940 | loss 4.1446 | lr 2.67e-04 | 1325 tok/s | fwd_bwd 6020ms data 0ms clip 20ms optim 111ms step 6158ms mem 1493/3311MB
step 164,950 | loss 4.0251 | lr 2.67e-04 | 1327 tok/s | fwd_bwd 6026ms data 0ms clip 20ms optim 112ms step 6164ms mem 1451/3311MB
step 164,960 | loss 3.1212 | lr 2.67e-04 | 1325 tok/s | fwd_bwd 6023ms data 0ms clip 20ms optim 112ms step 6164ms mem 1451/3311MB
step 164,970 | loss 3.6407 | lr 2.67e-04 | 1325 tok/s | fwd_bwd 6015ms data 0ms clip 20ms optim 111ms step 6154ms mem 1493/3311MB
step 164,980 | loss 3.0712 | lr 2.67e-04 | 1327 tok/s | fwd_bwd 6013ms data 0ms clip 20ms optim 112ms step 6153ms mem 1493/3311MB
step 164,990 | loss 3.3245 | lr 2.66e-04 | 1327 tok/s | fwd_bwd 6014ms data 0ms clip 20ms optim 113ms step 6153ms mem 1451/3311MB
step 165,000 | loss 3.3455 | lr 2.66e-04 | 1325 tok/s | fwd_bwd 6048ms data 0ms clip 20ms optim 112ms step 6186ms mem 1493/3311MB
  [eval] step 165000 | val_loss 3.1920 | ppl 24.34
Checkpoint saved: checkpoints/step_165000
  [samples] wrote checkpoints/step_165000/samples.txt
  Pruning old checkpoint: checkpoints/step_164000
step 165,010 | loss 3.0813 | lr 2.66e-04 | 570 tok/s | fwd_bwd 6041ms data 0ms clip 20ms optim 111ms step 6180ms mem 1493/3311MB
step 165,020 | loss 3.0510 | lr 2.66e-04 | 1317 tok/s | fwd_bwd 6054ms data 0ms clip 20ms optim 111ms step 6191ms mem 1493/3311MB
step 165,030 | loss 3.0569 | lr 2.66e-04 | 1325 tok/s | fwd_bwd 6007ms data 0ms clip 20ms optim 111ms step 6143ms mem 1452/3311MB
step 165,040 | loss 3.8483 | lr 2.66e-04 | 1331 tok/s | fwd_bwd 5984ms data 0ms clip 20ms optim 111ms step 6123ms mem 1493/3311MB
step 165,050 | loss 3.3075 | lr 2.66e-04 | 1333 tok/s | fwd_bwd 5987ms data 0ms clip 20ms optim 111ms step 6124ms mem 1493/3311MB
step 165,060 | loss 3.8727 | lr 2.66e-04 | 1334 tok/s | fwd_bwd 5976ms data 1ms clip 20ms optim 112ms step 6121ms mem 1493/3311MB
step 165,070 | loss 4.0069 | lr 2.66e-04 | 1332 tok/s | fwd_bwd 6028ms data 1ms clip 23ms optim 121ms step 6192ms mem 1452/3311MB
step 165,080 | loss 3.2158 | lr 2.66e-04 | 1338 tok/s | fwd_bwd 5977ms data 0ms clip 20ms optim 111ms step 6116ms mem 1493/3311MB
step 165,090 | loss 3.8967 | lr 2.66e-04 | 1334 tok/s | fwd_bwd 5984ms data 0ms clip 20ms optim 111ms step 6118ms mem 1493/3311MB
step 165,100 | loss 2.9122 | lr 2.66e-04 | 1339 tok/s | fwd_bwd 5974ms data 0ms clip 20ms optim 111ms step 6109ms mem 1493/3311MB
step 165,110 | loss 3.0803 | lr 2.66e-04 | 1337 tok/s | fwd_bwd 5961ms data 0ms clip 20ms optim 111ms step 6099ms mem 1493/3311MB
step 165,120 | loss 3.8963 | lr 2.66e-04 | 1338 tok/s | fwd_bwd 5967ms data 0ms clip 20ms optim 112ms step 6106ms mem 1493/3311MB
step 165,130 | loss 4.0402 | lr 2.66e-04 | 1339 tok/s | fwd_bwd 5957ms data 0ms clip 20ms optim 111ms step 6092ms mem 1464/3311MB
step 165,140 | loss 3.1016 | lr 2.66e-04 | 1338 tok/s | fwd_bwd 5957ms data 0ms clip 20ms optim 111ms step 6092ms mem 1493/3311MB
step 165,150 | loss 3.0506 | lr 2.66e-04 | 1337 tok/s | fwd_bwd 5972ms data 1ms clip 20ms optim 111ms step 6115ms mem 1493/3311MB
step 165,160 | loss 3.7829 | lr 2.66e-04 | 1334 tok/s | fwd_bwd 5995ms data 0ms clip 20ms optim 112ms step 6133ms mem 1452/3311MB
step 165,170 | loss 3.0942 | lr 2.66e-04 | 1332 tok/s | fwd_bwd 5981ms data 0ms clip 20ms optim 112ms step 6121ms mem 1493/3311MB
step 165,180 | loss 3.2858 | lr 2.66e-04 | 1333 tok/s | fwd_bwd 5976ms data 0ms clip 20ms optim 112ms step 6112ms mem 1493/3311MB
step 165,190 | loss 2.9437 | lr 2.66e-04 | 1335 tok/s | fwd_bwd 5972ms data 1ms clip 20ms optim 112ms step 6115ms mem 1492/3311MB
step 165,200 | loss 3.7534 | lr 2.66e-04 | 1327 tok/s | fwd_bwd 5986ms data 0ms clip 20ms optim 111ms step 6125ms mem 1493/3311MB
step 165,210 | loss 2.7695 | lr 2.66e-04 | 1334 tok/s | fwd_bwd 5968ms data 1ms clip 20ms optim 112ms step 6113ms mem 1493/3311MB
step 165,220 | loss 3.3031 | lr 2.66e-04 | 1337 tok/s | fwd_bwd 5964ms data 0ms clip 20ms optim 111ms step 6103ms mem 1493/3311MB
step 165,230 | loss 2.3256 | lr 2.66e-04 | 1330 tok/s | fwd_bwd 5952ms data 0ms clip 20ms optim 111ms step 6091ms mem 1493/3311MB
step 165,240 | loss 3.5270 | lr 2.66e-04 | 1341 tok/s | fwd_bwd 5973ms data 0ms clip 20ms optim 112ms step 6116ms mem 1493/3311MB
step 165,250 | loss 3.3778 | lr 2.66e-04 | 1338 tok/s | fwd_bwd 5962ms data 0ms clip 20ms optim 111ms step 6101ms mem 1493/3311MB
step 165,260 | loss 3.6115 | lr 2.66e-04 | 1340 tok/s | fwd_bwd 5960ms data 0ms clip 20ms optim 111ms step 6097ms mem 1493/3311MB
step 165,270 | loss 3.1029 | lr 2.66e-04 | 1339 tok/s | fwd_bwd 5958ms data 0ms clip 20ms optim 112ms step 6099ms mem 1493/3311MB
step 165,280 | loss 3.4111 | lr 2.66e-04 | 1340 tok/s | fwd_bwd 5943ms data 0ms clip 20ms optim 111ms step 6083ms mem 1493/3311MB
step 165,290 | loss 3.7906 | lr 2.66e-04 | 1341 tok/s | fwd_bwd 5953ms data 0ms clip 20ms optim 111ms step 6090ms mem 1452/3311MB
step 165,300 | loss 3.1078 | lr 2.66e-04 | 1340 tok/s | fwd_bwd 5957ms data 1ms clip 20ms optim 111ms step 6102ms mem 1493/3311MB
step 165,310 | loss 3.7348 | lr 2.66e-04 | 1332 tok/s | fwd_bwd 5964ms data 0ms clip 20ms optim 111ms step 6104ms mem 1493/3311MB
Checkpoint saved: checkpoints/step_165319
  Pruning old checkpoint: checkpoints/step_164165
step 165,320 | loss 3.3430 | lr 2.66e-04 | 1324 tok/s | fwd_bwd 5680ms data 1ms clip 20ms optim 111ms step 5824ms mem 1452/3311MB
step 165,330 | loss 3.7339 | lr 2.66e-04 | 1338 tok/s | fwd_bwd 5987ms data 0ms clip 20ms optim 112ms step 6126ms mem 1493/3311MB
step 165,340 | loss 2.7382 | lr 2.66e-04 | 1339 tok/s | fwd_bwd 5945ms data 0ms clip 20ms optim 111ms step 6088ms mem 1449/3311MB
step 165,350 | loss 3.6159 | lr 2.66e-04 | 1344 tok/s | fwd_bwd 5929ms data 0ms clip 20ms optim 112ms step 6067ms mem 1451/3311MB
step 165,360 | loss 3.7672 | lr 2.66e-04 | 1345 tok/s | fwd_bwd 5955ms data 0ms clip 20ms optim 112ms step 6097ms mem 1493/3311MB
step 165,370 | loss 2.2628 | lr 2.66e-04 | 1341 tok/s | fwd_bwd 5958ms data 0ms clip 20ms optim 112ms step 6093ms mem 1493/3311MB
step 165,380 | loss 3.8022 | lr 2.66e-04 | 1342 tok/s | fwd_bwd 5949ms data 0ms clip 20ms optim 111ms step 6089ms mem 1448/3311MB
step 165,390 | loss 3.1949 | lr 2.66e-04 | 1344 tok/s | fwd_bwd 6013ms data 1ms clip 23ms optim 120ms step 6173ms mem 1492/3311MB
step 165,400 | loss 2.0231 | lr 2.66e-04 | 1346 tok/s | fwd_bwd 5936ms data 1ms clip 20ms optim 112ms step 6081ms mem 1493/3311MB
step 165,410 | loss 3.4861 | lr 2.66e-04 | 1346 tok/s | fwd_bwd 5933ms data 0ms clip 20ms optim 111ms step 6071ms mem 1493/3311MB
step 165,420 | loss 3.1457 | lr 2.66e-04 | 1342 tok/s | fwd_bwd 5962ms data 0ms clip 20ms optim 111ms step 6099ms mem 1493/3311MB
step 165,430 | loss 3.1159 | lr 2.66e-04 | 1340 tok/s | fwd_bwd 5945ms data 0ms clip 20ms optim 112ms step 6088ms mem 1493/3311MB
step 165,440 | loss 3.0630 | lr 2.66e-04 | 1343 tok/s | fwd_bwd 5946ms data 0ms clip 20ms optim 111ms step 6083ms mem 1493/3311MB
step 165,450 | loss 3.7753 | lr 2.66e-04 | 1345 tok/s | fwd_bwd 5926ms data 1ms clip 20ms optim 111ms step 6070ms mem 1493/3311MB
step 165,460 | loss 3.8098 | lr 2.66e-04 | 1343 tok/s | fwd_bwd 5943ms data 0ms clip 20ms optim 112ms step 6080ms mem 1493/3311MB
step 165,470 | loss 3.7898 | lr 2.66e-04 | 1345 tok/s | fwd_bwd 5926ms data 0ms clip 20ms optim 112ms step 6064ms mem 1451/3311MB
step 165,480 | loss 3.2207 | lr 2.66e-04 | 1347 tok/s | fwd_bwd 5924ms data 0ms clip 20ms optim 111ms step 6065ms mem 1451/3311MB
step 165,490 | loss 2.8909 | lr 2.66e-04 | 1346 tok/s | fwd_bwd 5939ms data 0ms clip 20ms optim 112ms step 6081ms mem 1493/3311MB
step 165,500 | loss 3.0325 | lr 2.66e-04 | 1343 tok/s | fwd_bwd 5949ms data 0ms clip 20ms optim 112ms step 6089ms mem 1452/3311MB
  [eval] step 165500 | val_loss 3.0629 | ppl 21.39
step 165,510 | loss 3.0112 | lr 2.66e-04 | 758 tok/s | fwd_bwd 5938ms data 1ms clip 20ms optim 111ms step 6087ms mem 1493/3311MB
step 165,520 | loss 3.7608 | lr 2.66e-04 | 1349 tok/s | fwd_bwd 5937ms data 0ms clip 20ms optim 111ms step 6076ms mem 1493/3311MB
step 165,530 | loss 3.5025 | lr 2.66e-04 | 1345 tok/s | fwd_bwd 5945ms data 0ms clip 20ms optim 111ms step 6082ms mem 1493/3311MB
step 165,540 | loss 2.8202 | lr 2.66e-04 | 1340 tok/s | fwd_bwd 6001ms data 1ms clip 20ms optim 111ms step 6151ms mem 1448/3311MB
step 165,550 | loss 3.1319 | lr 2.66e-04 | 1343 tok/s | fwd_bwd 5944ms data 0ms clip 20ms optim 111ms step 6082ms mem 1493/3311MB
step 165,560 | loss 3.4266 | lr 2.66e-04 | 1343 tok/s | fwd_bwd 5943ms data 1ms clip 20ms optim 111ms step 6089ms mem 1451/3311MB
step 165,570 | loss 3.5475 | lr 2.66e-04 | 1320 tok/s | fwd_bwd 5946ms data 0ms clip 20ms optim 111ms step 6081ms mem 1493/3311MB
step 165,580 | loss 4.0234 | lr 2.66e-04 | 1337 tok/s | fwd_bwd 5972ms data 0ms clip 20ms optim 111ms step 6110ms mem 1493/3311MB
step 165,590 | loss 3.4061 | lr 2.66e-04 | 1340 tok/s | fwd_bwd 5967ms data 0ms clip 20ms optim 111ms step 6105ms mem 1493/3311MB
step 165,600 | loss 3.0780 | lr 2.66e-04 | 1333 tok/s | fwd_bwd 5985ms data 0ms clip 20ms optim 111ms step 6124ms mem 1493/3311MB
step 165,610 | loss 3.9037 | lr 2.65e-04 | 1340 tok/s | fwd_bwd 5939ms data 0ms clip 20ms optim 111ms step 6076ms mem 1493/3311MB
step 165,620 | loss 2.9464 | lr 2.65e-04 | 1343 tok/s | fwd_bwd 5953ms data 1ms clip 20ms optim 111ms step 6099ms mem 1451/3311MB
step 165,630 | loss 2.9806 | lr 2.65e-04 | 1342 tok/s | fwd_bwd 5951ms data 0ms clip 20ms optim 111ms step 6088ms mem 1493/3311MB
step 165,640 | loss 3.2670 | lr 2.65e-04 | 1342 tok/s | fwd_bwd 5950ms data 0ms clip 20ms optim 112ms step 6090ms mem 1490/3311MB
step 165,650 | loss 3.3470 | lr 2.65e-04 | 1345 tok/s | fwd_bwd 5948ms data 0ms clip 20ms optim 111ms step 6088ms mem 1493/3311MB
step 165,660 | loss 3.3780 | lr 2.65e-04 | 1345 tok/s | fwd_bwd 5938ms data 0ms clip 20ms optim 111ms step 6075ms mem 1493/3311MB
step 165,670 | loss 2.9527 | lr 2.65e-04 | 1340 tok/s | fwd_bwd 5945ms data 1ms clip 20ms optim 111ms step 6092ms mem 1493/3311MB
step 165,680 | loss 2.5422 | lr 2.65e-04 | 1340 tok/s | fwd_bwd 5962ms data 0ms clip 20ms optim 112ms step 6102ms mem 1493/3311MB
step 165,690 | loss 2.7481 | lr 2.65e-04 | 1340 tok/s | fwd_bwd 5972ms data 0ms clip 20ms optim 112ms step 6114ms mem 1448/3311MB
step 165,700 | loss 3.0193 | lr 2.65e-04 | 1340 tok/s | fwd_bwd 5969ms data 0ms clip 20ms optim 111ms step 6106ms mem 1493/3311MB
step 165,710 | loss 3.4595 | lr 2.65e-04 | 1341 tok/s | fwd_bwd 5963ms data 0ms clip 20ms optim 112ms step 6102ms mem 1448/3311MB
step 165,720 | loss 3.6328 | lr 2.65e-04 | 1242 tok/s | fwd_bwd 7838ms data 1ms clip 41ms optim 205ms step 8095ms mem 1493/3311MB
step 165,730 | loss 2.3855 | lr 2.65e-04 | 1153 tok/s | fwd_bwd 6019ms data 1ms clip 20ms optim 111ms step 6171ms mem 1448/3311MB
step 165,740 | loss 3.6393 | lr 2.65e-04 | 1334 tok/s | fwd_bwd 5942ms data 1ms clip 20ms optim 112ms step 6085ms mem 1448/3311MB
step 165,750 | loss 2.7920 | lr 2.65e-04 | 1350 tok/s | fwd_bwd 5820ms data 0ms clip 20ms optim 112ms step 5961ms mem 1448/3311MB
step 165,760 | loss 4.0988 | lr 2.65e-04 | 1366 tok/s | fwd_bwd 5856ms data 0ms clip 20ms optim 111ms step 5990ms mem 1493/3311MB
step 165,770 | loss 3.4901 | lr 2.65e-04 | 1362 tok/s | fwd_bwd 5896ms data 0ms clip 20ms optim 111ms step 6035ms mem 1493/3311MB
step 165,780 | loss 3.5937 | lr 2.65e-04 | 1349 tok/s | fwd_bwd 5919ms data 1ms clip 20ms optim 112ms step 6066ms mem 1493/3311MB
step 165,790 | loss 2.6721 | lr 2.65e-04 | 1354 tok/s | fwd_bwd 5864ms data 0ms clip 20ms optim 111ms step 6003ms mem 1493/3311MB
step 165,800 | loss 3.5460 | lr 2.65e-04 | 1370 tok/s | fwd_bwd 5726ms data 0ms clip 20ms optim 111ms step 5866ms mem 1493/3311MB
step 165,810 | loss 3.0673 | lr 2.65e-04 | 1376 tok/s | fwd_bwd 5816ms data 1ms clip 20ms optim 111ms step 5966ms mem 1448/3311MB
step 165,820 | loss 1.7976 | lr 2.65e-04 | 1385 tok/s | fwd_bwd 5751ms data 1ms clip 20ms optim 112ms step 5898ms mem 1493/3311MB
step 165,830 | loss 2.8271 | lr 2.65e-04 | 1390 tok/s | fwd_bwd 5733ms data 0ms clip 20ms optim 111ms step 5872ms mem 1493/3311MB
step 165,840 | loss 3.4643 | lr 2.65e-04 | 1394 tok/s | fwd_bwd 5642ms data 0ms clip 20ms optim 112ms step 5780ms mem 1448/3311MB
step 165,850 | loss 3.6012 | lr 2.65e-04 | 1394 tok/s | fwd_bwd 5769ms data 1ms clip 20ms optim 112ms step 5919ms mem 1493/3311MB
step 165,860 | loss 3.6191 | lr 2.65e-04 | 1391 tok/s | fwd_bwd 5675ms data 0ms clip 20ms optim 111ms step 5815ms mem 1493/3311MB
step 165,870 | loss 3.7471 | lr 2.65e-04 | 1381 tok/s | fwd_bwd 5717ms data 1ms clip 23ms optim 120ms step 5879ms mem 1448/3311MB
step 165,880 | loss 3.4332 | lr 2.65e-04 | 1309 tok/s | fwd_bwd 5792ms data 0ms clip 20ms optim 112ms step 5933ms mem 1448/3311MB
step 165,890 | loss 3.1583 | lr 2.65e-04 | 1353 tok/s | fwd_bwd 5909ms data 1ms clip 20ms optim 111ms step 6060ms mem 1448/3311MB
step 165,900 | loss 2.8151 | lr 2.65e-04 | 1357 tok/s | fwd_bwd 5853ms data 1ms clip 20ms optim 111ms step 5999ms mem 1448/3311MB
Checkpoint saved: checkpoints/step_165902
  Pruning old checkpoint: checkpoints/step_164747
step 165,910 | loss 3.7536 | lr 2.65e-04 | 1323 tok/s | fwd_bwd 5868ms data 0ms clip 20ms optim 112ms step 6007ms mem 1448/3311MB
Resuming from checkpoint: checkpoints/step_165902
  Resumed at step 165902

============================================================
  Unrealistic 187M — Training
  Parameters: 189,748,992
  Dtype: bfloat16
  Optimizer: AdamW (mlx)
  Micro-batch: 1 × 8 accum
  Effective batch: 8
  Memory: 534 MB
============================================================

step 165,910 | loss 2.7070 | lr 2.65e-04 | 1447 tok/s | fwd_bwd 4808ms data 1ms clip 22ms optim 118ms step 4961ms mem 1493/3311MB
step 165,920 | loss 2.9536 | lr 2.65e-04 | 1661 tok/s | fwd_bwd 4755ms data 1ms clip 20ms optim 110ms step 4901ms mem 1493/3311MB
step 165,930 | loss 3.8221 | lr 2.65e-04 | 1661 tok/s | fwd_bwd 4767ms data 1ms clip 23ms optim 119ms step 4928ms mem 1452/3311MB
step 165,940 | loss 3.4236 | lr 2.65e-04 | 1659 tok/s | fwd_bwd 4766ms data 1ms clip 22ms optim 119ms step 4925ms mem 1493/3311MB
step 165,950 | loss 3.4807 | lr 2.65e-04 | 1631 tok/s | fwd_bwd 5072ms data 1ms clip 20ms optim 111ms step 5218ms mem 1451/3311MB
step 165,960 | loss 3.4712 | lr 2.65e-04 | 1489 tok/s | fwd_bwd 5965ms data 0ms clip 22ms optim 118ms step 6115ms mem 1448/3311MB
step 165,970 | loss 3.1977 | lr 2.65e-04 | 1030 tok/s | fwd_bwd 8520ms data 0ms clip 23ms optim 127ms step 8676ms mem 1493/3311MB
step 165,980 | loss 2.9068 | lr 2.65e-04 | 927 tok/s | fwd_bwd 8709ms data 0ms clip 25ms optim 132ms step 8870ms mem 1493/3311MB
step 165,990 | loss 3.8255 | lr 2.65e-04 | 1130 tok/s | fwd_bwd 6549ms data 0ms clip 21ms optim 119ms step 6698ms mem 1448/3311MB
step 166,000 | loss 3.1312 | lr 2.65e-04 | 1241 tok/s | fwd_bwd 6477ms data 0ms clip 20ms optim 122ms step 6623ms mem 1448/3311MB
  [eval] step 166000 | val_loss 3.2097 | ppl 24.77
Checkpoint saved: checkpoints/step_166000
  [samples] wrote checkpoints/step_166000/samples.txt
  Pruning old checkpoint: checkpoints/step_165000
step 166,010 | loss 2.4847 | lr 2.65e-04 | 517 tok/s | fwd_bwd 6705ms data 0ms clip 23ms optim 122ms step 6855ms mem 1493/3311MB
step 166,020 | loss 3.4118 | lr 2.65e-04 | 1125 tok/s | fwd_bwd 6659ms data 0ms clip 23ms optim 123ms step 6813ms mem 1448/3311MB
step 166,030 | loss 3.8701 | lr 2.65e-04 | 1213 tok/s | fwd_bwd 6568ms data 0ms clip 24ms optim 125ms step 6721ms mem 1448/3311MB
step 166,040 | loss 3.5637 | lr 2.65e-04 | 1227 tok/s | fwd_bwd 6496ms data 0ms clip 23ms optim 124ms step 6649ms mem 1448/3311MB
step 166,050 | loss 2.5794 | lr 2.65e-04 | 1228 tok/s | fwd_bwd 6515ms data 0ms clip 22ms optim 125ms step 6669ms mem 1448/3311MB
step 166,060 | loss 3.5158 | lr 2.65e-04 | 1220 tok/s | fwd_bwd 6956ms data 2ms clip 23ms optim 132ms step 7134ms mem 1448/3311MB
step 166,070 | loss 3.0787 | lr 2.65e-04 | 1317 tok/s | fwd_bwd 5949ms data 1ms clip 20ms optim 111ms step 6094ms mem 1448/3311MB
step 166,080 | loss 2.9362 | lr 2.65e-04 | 1344 tok/s | fwd_bwd 5911ms data 1ms clip 20ms optim 111ms step 6052ms mem 1448/3311MB
step 166,090 | loss 3.1470 | lr 2.65e-04 | 1350 tok/s | fwd_bwd 5906ms data 0ms clip 20ms optim 112ms step 6046ms mem 1448/3311MB
step 166,100 | loss 2.1915 | lr 2.65e-04 | 1349 tok/s | fwd_bwd 5813ms data 1ms clip 20ms optim 112ms step 5955ms mem 1448/3311MB
step 166,110 | loss 2.1397 | lr 2.65e-04 | 1341 tok/s | fwd_bwd 5887ms data 0ms clip 20ms optim 112ms step 6022ms mem 1448/3311MB
step 166,120 | loss 3.7062 | lr 2.65e-04 | 1339 tok/s | fwd_bwd 5966ms data 0ms clip 20ms optim 111ms step 6104ms mem 1448/3311MB
step 166,130 | loss 3.9772 | lr 2.65e-04 | 1337 tok/s | fwd_bwd 5896ms data 0ms clip 20ms optim 112ms step 6034ms mem 1448/3311MB
step 166,140 | loss 3.3104 | lr 2.65e-04 | 1338 tok/s | fwd_bwd 5964ms data 1ms clip 23ms optim 119ms step 6128ms mem 1448/3311MB
step 166,150 | loss 2.3226 | lr 2.65e-04 | 1337 tok/s | fwd_bwd 5982ms data 0ms clip 20ms optim 111ms step 6122ms mem 1448/3311MB
step 166,160 | loss 3.1408 | lr 2.65e-04 | 1333 tok/s | fwd_bwd 5999ms data 0ms clip 20ms optim 111ms step 6134ms mem 1448/3311MB
step 166,170 | loss 2.7875 | lr 2.65e-04 | 1332 tok/s | fwd_bwd 5997ms data 0ms clip 20ms optim 112ms step 6136ms mem 1448/3311MB
step 166,180 | loss 2.4545 | lr 2.65e-04 | 1334 tok/s | fwd_bwd 5981ms data 0ms clip 20ms optim 112ms step 6119ms mem 1448/3311MB
step 166,190 | loss 3.1818 | lr 2.65e-04 | 1331 tok/s | fwd_bwd 5913ms data 1ms clip 20ms optim 112ms step 6060ms mem 1448/3311MB
step 166,200 | loss 1.4340 | lr 2.65e-04 | 1330 tok/s | fwd_bwd 6016ms data 0ms clip 20ms optim 111ms step 6152ms mem 1448/3311MB
step 166,210 | loss 2.8389 | lr 2.65e-04 | 1330 tok/s | fwd_bwd 5989ms data 1ms clip 20ms optim 112ms step 6137ms mem 1448/3311MB
step 166,220 | loss 3.3146 | lr 2.64e-04 | 1333 tok/s | fwd_bwd 5996ms data 1ms clip 20ms optim 112ms step 6144ms mem 1448/3311MB
step 166,230 | loss 3.2733 | lr 2.64e-04 | 1329 tok/s | fwd_bwd 6039ms data 1ms clip 20ms optim 112ms step 6190ms mem 1448/3311MB
step 166,240 | loss 2.9835 | lr 2.64e-04 | 1329 tok/s | fwd_bwd 5971ms data 1ms clip 24ms optim 120ms step 6135ms mem 1448/3311MB
step 166,250 | loss 2.3612 | lr 2.64e-04 | 1328 tok/s | fwd_bwd 6007ms data 1ms clip 20ms optim 112ms step 6151ms mem 1448/3311MB
step 166,260 | loss 1.3148 | lr 2.64e-04 | 1326 tok/s | fwd_bwd 6020ms data 1ms clip 20ms optim 112ms step 6166ms mem 1448/3311MB
step 166,270 | loss 3.2368 | lr 2.64e-04 | 1312 tok/s | fwd_bwd 6221ms data 0ms clip 21ms optim 114ms step 6363ms mem 1448/3311MB
step 166,280 | loss 3.1663 | lr 2.64e-04 | 1259 tok/s | fwd_bwd 6143ms data 0ms clip 20ms optim 112ms step 6282ms mem 1448/3311MB
step 166,290 | loss 3.1321 | lr 2.64e-04 | 1311 tok/s | fwd_bwd 6069ms data 1ms clip 23ms optim 120ms step 6233ms mem 1448/3311MB
step 166,300 | loss 1.4319 | lr 2.64e-04 | 1330 tok/s | fwd_bwd 6025ms data 0ms clip 20ms optim 112ms step 6160ms mem 1448/3311MB
step 166,310 | loss 2.7341 | lr 2.64e-04 | 1329 tok/s | fwd_bwd 6007ms data 0ms clip 20ms optim 112ms step 6144ms mem 1448/3311MB
step 166,320 | loss 1.9371 | lr 2.64e-04 | 1327 tok/s | fwd_bwd 6037ms data 1ms clip 20ms optim 112ms step 6181ms mem 1448/3311MB
step 166,330 | loss 1.8338 | lr 2.64e-04 | 1326 tok/s | fwd_bwd 6005ms data 1ms clip 20ms optim 111ms step 6148ms mem 1448/3311MB
step 166,340 | loss 2.2453 | lr 2.64e-04 | 1323 tok/s | fwd_bwd 6023ms data 0ms clip 20ms optim 111ms step 6161ms mem 1448/3311MB
step 166,350 | loss 3.1111 | lr 2.64e-04 | 1321 tok/s | fwd_bwd 5974ms data 1ms clip 20ms optim 112ms step 6122ms mem 1448/3311MB
step 166,360 | loss 3.0869 | lr 2.64e-04 | 1323 tok/s | fwd_bwd 6023ms data 1ms clip 20ms optim 112ms step 6167ms mem 1448/3311MB
step 166,370 | loss 2.9182 | lr 2.64e-04 | 1323 tok/s | fwd_bwd 6062ms data 1ms clip 23ms optim 120ms step 6227ms mem 1448/3311MB
step 166,380 | loss 2.5845 | lr 2.64e-04 | 1326 tok/s | fwd_bwd 6010ms data 0ms clip 20ms optim 112ms step 6149ms mem 1448/3311MB
step 166,390 | loss 2.8351 | lr 2.64e-04 | 1324 tok/s | fwd_bwd 6043ms data 1ms clip 20ms optim 111ms step 6192ms mem 1448/3311MB
step 166,400 | loss 2.5567 | lr 2.64e-04 | 1322 tok/s | fwd_bwd 6088ms data 0ms clip 20ms optim 111ms step 6227ms mem 1448/3311MB
step 166,410 | loss 2.1336 | lr 2.64e-04 | 1323 tok/s | fwd_bwd 6031ms data 1ms clip 20ms optim 112ms step 6174ms mem 1448/3311MB
step 166,420 | loss 2.7128 | lr 2.64e-04 | 1322 tok/s | fwd_bwd 6033ms data 0ms clip 20ms optim 112ms step 6171ms mem 1448/3311MB
step 166,430 | loss 2.8366 | lr 2.64e-04 | 1326 tok/s | fwd_bwd 6028ms data 0ms clip 20ms optim 111ms step 6166ms mem 1448/3311MB
step 166,440 | loss 3.0058 | lr 2.64e-04 | 1329 tok/s | fwd_bwd 6003ms data 0ms clip 20ms optim 112ms step 6144ms mem 1448/3311MB
step 166,450 | loss 2.8741 | lr 2.64e-04 | 1330 tok/s | fwd_bwd 6063ms data 1ms clip 23ms optim 120ms step 6228ms mem 1448/3311MB
step 166,460 | loss 3.0209 | lr 2.64e-04 | 1329 tok/s | fwd_bwd 6022ms data 0ms clip 20ms optim 112ms step 6162ms mem 1448/3311MB
Checkpoint saved: checkpoints/step_166465
  Pruning old checkpoint: checkpoints/step_165319
step 166,470 | loss 1.9201 | lr 2.64e-04 | 1308 tok/s | fwd_bwd 6030ms data 1ms clip 20ms optim 112ms step 6174ms mem 1448/3311MB
step 166,480 | loss 2.2704 | lr 2.64e-04 | 1320 tok/s | fwd_bwd 6043ms data 0ms clip 20ms optim 112ms step 6181ms mem 1448/3311MB
step 166,490 | loss 2.6639 | lr 2.64e-04 | 1323 tok/s | fwd_bwd 6027ms data 0ms clip 20ms optim 112ms step 6163ms mem 1448/3311MB
step 166,500 | loss 2.7549 | lr 2.64e-04 | 1324 tok/s | fwd_bwd 6022ms data 0ms clip 20ms optim 112ms step 6163ms mem 1448/3311MB
  [eval] step 166500 | val_loss 3.2131 | ppl 24.86
step 166,510 | loss 3.0642 | lr 2.64e-04 | 747 tok/s | fwd_bwd 5998ms data 1ms clip 20ms optim 111ms step 6145ms mem 1493/3311MB
step 166,520 | loss 2.8047 | lr 2.64e-04 | 1325 tok/s | fwd_bwd 6036ms data 1ms clip 20ms optim 112ms step 6179ms mem 1493/3311MB
step 166,530 | loss 1.8745 | lr 2.64e-04 | 1323 tok/s | fwd_bwd 6018ms data 0ms clip 20ms optim 112ms step 6154ms mem 1493/3311MB
step 166,540 | loss 1.7406 | lr 2.64e-04 | 1320 tok/s | fwd_bwd 6052ms data 0ms clip 21ms optim 113ms step 6192ms mem 1470/3311MB
step 166,550 | loss 2.5760 | lr 2.64e-04 | 1318 tok/s | fwd_bwd 6100ms data 0ms clip 20ms optim 114ms step 6241ms mem 1493/3311MB
step 166,560 | loss 3.5035 | lr 2.64e-04 | 1318 tok/s | fwd_bwd 6041ms data 0ms clip 20ms optim 113ms step 6183ms mem 1493/3311MB
step 166,570 | loss 3.0612 | lr 2.64e-04 | 1323 tok/s | fwd_bwd 6032ms data 0ms clip 20ms optim 112ms step 6170ms mem 1493/3311MB
step 166,580 | loss 3.4709 | lr 2.64e-04 | 1318 tok/s | fwd_bwd 6023ms data 0ms clip 20ms optim 112ms step 6161ms mem 1452/3311MB
step 166,590 | loss 2.4170 | lr 2.64e-04 | 1320 tok/s | fwd_bwd 6025ms data 0ms clip 20ms optim 112ms step 6166ms mem 1493/3311MB
step 166,600 | loss 1.5895 | lr 2.64e-04 | 1320 tok/s | fwd_bwd 6026ms data 0ms clip 20ms optim 112ms step 6165ms mem 1493/3311MB
step 166,610 | loss 2.1593 | lr 2.64e-04 | 1322 tok/s | fwd_bwd 6026ms data 1ms clip 20ms optim 112ms step 6175ms mem 1493/3311MB
step 166,620 | loss 1.8195 | lr 2.64e-04 | 1323 tok/s | fwd_bwd 6028ms data 0ms clip 20ms optim 112ms step 6164ms mem 1493/3311MB
step 166,630 | loss 2.3491 | lr 2.64e-04 | 1319 tok/s | fwd_bwd 6050ms data 0ms clip 20ms optim 112ms step 6186ms mem 1470/3311MB
step 166,640 | loss 2.7433 | lr 2.64e-04 | 1318 tok/s | fwd_bwd 6063ms data 0ms clip 20ms optim 112ms step 6202ms mem 1470/3311MB
step 166,650 | loss 2.6706 | lr 2.64e-04 | 1320 tok/s | fwd_bwd 5959ms data 1ms clip 20ms optim 112ms step 6103ms mem 1493/3311MB
step 166,660 | loss 3.3524 | lr 2.64e-04 | 1320 tok/s | fwd_bwd 5979ms data 1ms clip 20ms optim 111ms step 6123ms mem 1493/3311MB
step 166,670 | loss 2.4278 | lr 2.64e-04 | 1318 tok/s | fwd_bwd 6046ms data 1ms clip 20ms optim 112ms step 6197ms mem 1493/3311MB
step 166,680 | loss 3.3367 | lr 2.64e-04 | 1323 tok/s | fwd_bwd 6020ms data 1ms clip 20ms optim 112ms step 6166ms mem 1493/3311MB
step 166,690 | loss 2.7784 | lr 2.64e-04 | 1319 tok/s | fwd_bwd 6070ms data 0ms clip 20ms optim 112ms step 6209ms mem 1464/3311MB
step 166,700 | loss 1.5655 | lr 2.64e-04 | 1319 tok/s | fwd_bwd 6034ms data 0ms clip 20ms optim 112ms step 6175ms mem 1452/3311MB
step 166,710 | loss 1.9282 | lr 2.64e-04 | 1322 tok/s | fwd_bwd 6051ms data 0ms clip 21ms optim 112ms step 6190ms mem 1452/3311MB
step 166,720 | loss 1.5051 | lr 2.64e-04 | 1318 tok/s | fwd_bwd 6037ms data 1ms clip 20ms optim 112ms step 6184ms mem 1493/3311MB
step 166,730 | loss 3.1637 | lr 2.64e-04 | 1315 tok/s | fwd_bwd 6074ms data 0ms clip 20ms optim 112ms step 6215ms mem 1493/3311MB
step 166,740 | loss 1.2665 | lr 2.64e-04 | 1315 tok/s | fwd_bwd 6057ms data 0ms clip 20ms optim 112ms step 6193ms mem 1493/3311MB
step 166,750 | loss 1.8479 | lr 2.64e-04 | 1316 tok/s | fwd_bwd 5996ms data 0ms clip 20ms optim 112ms step 6135ms mem 1493/3311MB
step 166,760 | loss 3.3906 | lr 2.64e-04 | 1315 tok/s | fwd_bwd 6108ms data 1ms clip 20ms optim 112ms step 6263ms mem 1451/3311MB
step 166,770 | loss 2.2731 | lr 2.64e-04 | 1316 tok/s | fwd_bwd 6060ms data 1ms clip 20ms optim 112ms step 6204ms mem 1452/3311MB
step 166,780 | loss 2.8983 | lr 2.64e-04 | 1315 tok/s | fwd_bwd 6049ms data 0ms clip 20ms optim 111ms step 6186ms mem 1493/3311MB
step 166,790 | loss 2.7090 | lr 2.64e-04 | 1315 tok/s | fwd_bwd 6059ms data 0ms clip 20ms optim 112ms step 6197ms mem 1493/3311MB
step 166,800 | loss 2.3612 | lr 2.64e-04 | 1318 tok/s | fwd_bwd 6073ms data 0ms clip 20ms optim 112ms step 6211ms mem 1493/3311MB
step 166,810 | loss 2.7584 | lr 2.64e-04 | 1318 tok/s | fwd_bwd 6045ms data 1ms clip 20ms optim 112ms step 6191ms mem 1493/3311MB
step 166,820 | loss 1.7428 | lr 2.64e-04 | 1316 tok/s | fwd_bwd 6133ms data 1ms clip 20ms optim 112ms step 6287ms mem 1493/3311MB
step 166,830 | loss 3.3535 | lr 2.63e-04 | 1319 tok/s | fwd_bwd 6046ms data 0ms clip 20ms optim 111ms step 6181ms mem 1493/3311MB
step 166,840 | loss 3.1123 | lr 2.63e-04 | 1318 tok/s | fwd_bwd 6059ms data 0ms clip 20ms optim 112ms step 6198ms mem 1493/3311MB
step 166,850 | loss 3.1173 | lr 2.63e-04 | 1315 tok/s | fwd_bwd 6079ms data 1ms clip 20ms optim 112ms step 6221ms mem 1493/3311MB
step 166,860 | loss 1.8668 | lr 2.63e-04 | 1314 tok/s | fwd_bwd 6045ms data 0ms clip 20ms optim 112ms step 6181ms mem 1493/3311MB
step 166,870 | loss 3.3499 | lr 2.63e-04 | 1317 tok/s | fwd_bwd 6037ms data 0ms clip 20ms optim 111ms step 6174ms mem 1493/3311MB
step 166,880 | loss 2.8538 | lr 2.63e-04 | 1317 tok/s | fwd_bwd 6049ms data 0ms clip 20ms optim 112ms step 6187ms mem 1493/3311MB
step 166,890 | loss 1.8987 | lr 2.63e-04 | 1317 tok/s | fwd_bwd 6066ms data 0ms clip 20ms optim 111ms step 6204ms mem 1492/3311MB
step 166,900 | loss 2.8617 | lr 2.63e-04 | 1318 tok/s | fwd_bwd 6041ms data 1ms clip 20ms optim 112ms step 6184ms mem 1493/3311MB
step 166,910 | loss 2.4670 | lr 2.63e-04 | 1319 tok/s | fwd_bwd 6033ms data 1ms clip 20ms optim 112ms step 6179ms mem 1493/3311MB
step 166,920 | loss 1.8008 | lr 2.63e-04 | 1318 tok/s | fwd_bwd 6044ms data 1ms clip 20ms optim 111ms step 6185ms mem 1488/3311MB
step 166,930 | loss 2.7025 | lr 2.63e-04 | 1316 tok/s | fwd_bwd 6065ms data 0ms clip 20ms optim 112ms step 6200ms mem 1476/3311MB
step 166,940 | loss 2.9976 | lr 2.63e-04 | 1315 tok/s | fwd_bwd 6069ms data 0ms clip 20ms optim 111ms step 6209ms mem 1493/3311MB
step 166,950 | loss 1.4161 | lr 2.63e-04 | 1319 tok/s | fwd_bwd 6047ms data 1ms clip 20ms optim 112ms step 6194ms mem 1493/3311MB
step 166,960 | loss 2.8542 | lr 2.63e-04 | 1318 tok/s | fwd_bwd 5961ms data 0ms clip 20ms optim 112ms step 6097ms mem 1492/3311MB
step 166,970 | loss 2.9803 | lr 2.63e-04 | 1320 tok/s | fwd_bwd 6055ms data 0ms clip 20ms optim 112ms step 6193ms mem 1476/3311MB
step 166,980 | loss 2.5364 | lr 2.63e-04 | 1311 tok/s | fwd_bwd 6083ms data 0ms clip 20ms optim 113ms step 6223ms mem 1476/3311MB
step 166,990 | loss 3.5275 | lr 2.63e-04 | 1309 tok/s | fwd_bwd 6082ms data 0ms clip 20ms optim 112ms step 6221ms mem 1493/3311MB
step 167,000 | loss 2.9133 | lr 2.63e-04 | 1311 tok/s | fwd_bwd 6082ms data 0ms clip 21ms optim 112ms step 6222ms mem 1482/3311MB
  [eval] step 167000 | val_loss 3.3853 | ppl 29.53
Checkpoint saved: checkpoints/step_167000
  [samples] wrote checkpoints/step_167000/samples.txt
  Pruning old checkpoint: checkpoints/step_165902
step 167,010 | loss 1.6722 | lr 2.63e-04 | 567 tok/s | fwd_bwd 6116ms data 1ms clip 20ms optim 111ms step 6257ms mem 1493/3311MB
step 167,020 | loss 3.1320 | lr 2.63e-04 | 1308 tok/s | fwd_bwd 6082ms data 1ms clip 20ms optim 112ms step 6223ms mem 1493/3311MB
Checkpoint saved: checkpoints/step_167024
  Pruning old checkpoint: checkpoints/step_166000
step 167,030 | loss 2.9926 | lr 2.63e-04 | 1292 tok/s | fwd_bwd 6192ms data 1ms clip 24ms optim 119ms step 6352ms mem 1488/3311MB
step 167,040 | loss 1.6432 | lr 2.63e-04 | 1309 tok/s | fwd_bwd 6112ms data 1ms clip 20ms optim 111ms step 6262ms mem 1493/3311MB
step 167,050 | loss 1.9976 | lr 2.63e-04 | 1310 tok/s | fwd_bwd 6109ms data 0ms clip 20ms optim 112ms step 6250ms mem 1448/3311MB
step 167,060 | loss 3.2829 | lr 2.63e-04 | 1308 tok/s | fwd_bwd 6095ms data 0ms clip 20ms optim 112ms step 6235ms mem 1493/3311MB
step 167,070 | loss 2.7747 | lr 2.63e-04 | 1311 tok/s | fwd_bwd 6096ms data 1ms clip 20ms optim 112ms step 6243ms mem 1470/3311MB
step 167,080 | loss 2.0910 | lr 2.63e-04 | 1312 tok/s | fwd_bwd 6083ms data 0ms clip 20ms optim 111ms step 6220ms mem 1452/3311MB
step 167,090 | loss 3.3485 | lr 2.63e-04 | 1311 tok/s | fwd_bwd 6077ms data 0ms clip 20ms optim 112ms step 6221ms mem 1451/3311MB
step 167,100 | loss 2.6288 | lr 2.63e-04 | 1312 tok/s | fwd_bwd 6092ms data 0ms clip 20ms optim 112ms step 6231ms mem 1493/3311MB
step 167,110 | loss 2.6818 | lr 2.63e-04 | 1313 tok/s | fwd_bwd 6093ms data 0ms clip 20ms optim 112ms step 6229ms mem 1449/3311MB
step 167,120 | loss 2.1377 | lr 2.63e-04 | 1310 tok/s | fwd_bwd 6029ms data 0ms clip 20ms optim 113ms step 6171ms mem 1493/3311MB
step 167,130 | loss 2.0955 | lr 2.63e-04 | 1309 tok/s | fwd_bwd 6099ms data 0ms clip 20ms optim 112ms step 6243ms mem 1493/3311MB
step 167,140 | loss 0.3653 | lr 2.63e-04 | 1310 tok/s | fwd_bwd 6095ms data 0ms clip 20ms optim 111ms step 6238ms mem 1452/3311MB
step 167,150 | loss 2.4707 | lr 2.63e-04 | 1309 tok/s | fwd_bwd 6095ms data 0ms clip 20ms optim 112ms step 6233ms mem 1493/3311MB
step 167,160 | loss 3.3616 | lr 2.63e-04 | 1312 tok/s | fwd_bwd 6081ms data 0ms clip 20ms optim 112ms step 6221ms mem 1493/3311MB
step 167,170 | loss 3.2085 | lr 2.63e-04 | 1311 tok/s | fwd_bwd 6086ms data 0ms clip 20ms optim 112ms step 6222ms mem 1493/3311MB
step 167,180 | loss 2.4132 | lr 2.63e-04 | 1314 tok/s | fwd_bwd 6058ms data 0ms clip 20ms optim 112ms step 6196ms mem 1493/3311MB
step 167,190 | loss 2.1864 | lr 2.63e-04 | 1317 tok/s | fwd_bwd 6072ms data 0ms clip 20ms optim 112ms step 6212ms mem 1450/3311MB
step 167,200 | loss 2.4405 | lr 2.63e-04 | 1313 tok/s | fwd_bwd 6010ms data 0ms clip 20ms optim 112ms step 6149ms mem 1493/3311MB
step 167,210 | loss 2.6988 | lr 2.63e-04 | 1310 tok/s | fwd_bwd 6156ms data 1ms clip 20ms optim 112ms step 6307ms mem 1493/3311MB
step 167,220 | loss 1.5230 | lr 2.63e-04 | 1313 tok/s | fwd_bwd 5994ms data 0ms clip 20ms optim 111ms step 6134ms mem 1493/3311MB
step 167,230 | loss 1.9856 | lr 2.63e-04 | 1314 tok/s | fwd_bwd 6089ms data 0ms clip 20ms optim 111ms step 6227ms mem 1493/3311MB
step 167,240 | loss 3.3866 | lr 2.63e-04 | 1314 tok/s | fwd_bwd 6083ms data 0ms clip 20ms optim 112ms step 6223ms mem 1449/3311MB
step 167,250 | loss 2.2435 | lr 2.63e-04 | 1313 tok/s | fwd_bwd 6087ms data 0ms clip 20ms optim 112ms step 6228ms mem 1448/3311MB
step 167,260 | loss 2.8139 | lr 2.63e-04 | 1313 tok/s | fwd_bwd 6076ms data 0ms clip 20ms optim 112ms step 6219ms mem 1493/3311MB
step 167,270 | loss 2.1333 | lr 2.63e-04 | 1311 tok/s | fwd_bwd 6098ms data 0ms clip 20ms optim 112ms step 6237ms mem 1493/3311MB
step 167,280 | loss 2.7894 | lr 2.63e-04 | 1310 tok/s | fwd_bwd 6093ms data 0ms clip 20ms optim 112ms step 6233ms mem 1451/3311MB
step 167,290 | loss 3.3287 | lr 2.63e-04 | 1310 tok/s | fwd_bwd 6115ms data 1ms clip 20ms optim 113ms step 6262ms mem 1451/3311MB
step 167,300 | loss 2.4935 | lr 2.63e-04 | 1304 tok/s | fwd_bwd 6156ms data 0ms clip 20ms optim 112ms step 6295ms mem 1493/3311MB
step 167,310 | loss 3.0051 | lr 2.63e-04 | 1310 tok/s | fwd_bwd 6089ms data 0ms clip 20ms optim 112ms step 6230ms mem 1452/3311MB
step 167,320 | loss 2.6899 | lr 2.63e-04 | 1311 tok/s | fwd_bwd 6080ms data 0ms clip 20ms optim 112ms step 6218ms mem 1493/3311MB
step 167,330 | loss 2.8808 | lr 2.63e-04 | 1319 tok/s | fwd_bwd 6053ms data 0ms clip 20ms optim 112ms step 6196ms mem 1493/3311MB
step 167,340 | loss 0.7645 | lr 2.63e-04 | 1315 tok/s | fwd_bwd 6112ms data 1ms clip 20ms optim 113ms step 6259ms mem 1493/3311MB
step 167,350 | loss 3.0630 | lr 2.63e-04 | 1315 tok/s | fwd_bwd 6063ms data 0ms clip 20ms optim 112ms step 6202ms mem 1493/3311MB
step 167,360 | loss 3.0408 | lr 2.63e-04 | 1315 tok/s | fwd_bwd 6069ms data 0ms clip 20ms optim 112ms step 6210ms mem 1493/3311MB
step 167,370 | loss 1.9396 | lr 2.63e-04 | 1315 tok/s | fwd_bwd 6070ms data 0ms clip 20ms optim 111ms step 6209ms mem 1451/3311MB
step 167,380 | loss 3.0375 | lr 2.63e-04 | 1315 tok/s | fwd_bwd 6083ms data 1ms clip 20ms optim 112ms step 6229ms mem 1493/3311MB
step 167,390 | loss 3.0127 | lr 2.63e-04 | 1312 tok/s | fwd_bwd 6090ms data 1ms clip 20ms optim 112ms step 6237ms mem 1493/3311MB
step 167,400 | loss 1.9483 | lr 2.63e-04 | 1310 tok/s | fwd_bwd 6084ms data 0ms clip 20ms optim 112ms step 6222ms mem 1493/3311MB
step 167,410 | loss 2.1979 | lr 2.63e-04 | 1308 tok/s | fwd_bwd 6105ms data 1ms clip 20ms optim 111ms step 6250ms mem 1493/3311MB
step 167,420 | loss 2.2493 | lr 2.63e-04 | 1312 tok/s | fwd_bwd 6074ms data 0ms clip 20ms optim 112ms step 6213ms mem 1493/3311MB
step 167,430 | loss 2.6156 | lr 2.62e-04 | 1310 tok/s | fwd_bwd 5995ms data 0ms clip 20ms optim 112ms step 6134ms mem 1493/3311MB
step 167,440 | loss 2.0590 | lr 2.62e-04 | 1314 tok/s | fwd_bwd 6084ms data 0ms clip 20ms optim 112ms step 6226ms mem 1493/3311MB
step 167,450 | loss 1.5934 | lr 2.62e-04 | 1310 tok/s | fwd_bwd 6083ms data 1ms clip 20ms optim 112ms step 6228ms mem 1493/3311MB
step 167,460 | loss 1.9590 | lr 2.62e-04 | 1311 tok/s | fwd_bwd 6098ms data 0ms clip 20ms optim 112ms step 6237ms mem 1452/3311MB
step 167,470 | loss 2.0953 | lr 2.62e-04 | 1311 tok/s | fwd_bwd 6099ms data 0ms clip 20ms optim 112ms step 6239ms mem 1493/3311MB
step 167,480 | loss 2.3354 | lr 2.62e-04 | 1311 tok/s | fwd_bwd 6088ms data 0ms clip 21ms optim 111ms step 6229ms mem 1493/3311MB
step 167,490 | loss 2.4320 | lr 2.62e-04 | 1311 tok/s | fwd_bwd 6108ms data 1ms clip 20ms optim 112ms step 6255ms mem 1448/3311MB
step 167,500 | loss 2.4118 | lr 2.62e-04 | 1307 tok/s | fwd_bwd 6121ms data 0ms clip 20ms optim 112ms step 6262ms mem 1493/3311MB
  [eval] step 167500 | val_loss 3.2917 | ppl 26.89
step 167,510 | loss 1.7445 | lr 2.62e-04 | 739 tok/s | fwd_bwd 6071ms data 0ms clip 20ms optim 112ms step 6214ms mem 1493/3311MB
step 167,520 | loss 3.5327 | lr 2.62e-04 | 1310 tok/s | fwd_bwd 6104ms data 0ms clip 20ms optim 112ms step 6245ms mem 1452/3311MB
step 167,530 | loss 1.5886 | lr 2.62e-04 | 1307 tok/s | fwd_bwd 6104ms data 0ms clip 21ms optim 116ms step 6244ms mem 1493/3311MB
step 167,540 | loss 3.4541 | lr 2.62e-04 | 1306 tok/s | fwd_bwd 6122ms data 0ms clip 20ms optim 112ms step 6263ms mem 1493/3311MB
step 167,550 | loss 1.4397 | lr 2.62e-04 | 1306 tok/s | fwd_bwd 6070ms data 0ms clip 20ms optim 112ms step 6208ms mem 1493/3311MB
step 167,560 | loss 1.2947 | lr 2.62e-04 | 1311 tok/s | fwd_bwd 6089ms data 0ms clip 20ms optim 112ms step 6231ms mem 1449/3311MB
step 167,570 | loss 1.4961 | lr 2.62e-04 | 1311 tok/s | fwd_bwd 6085ms data 0ms clip 20ms optim 112ms step 6224ms mem 1493/3311MB
step 167,580 | loss 2.9051 | lr 2.62e-04 | 1309 tok/s | fwd_bwd 6110ms data 1ms clip 20ms optim 111ms step 6255ms mem 1493/3311MB
step 167,590 | loss 2.7811 | lr 2.62e-04 | 1303 tok/s | fwd_bwd 6126ms data 0ms clip 20ms optim 112ms step 6265ms mem 1470/3311MB
Checkpoint saved: checkpoints/step_167593
  Pruning old checkpoint: checkpoints/step_166465
step 167,600 | loss 3.4318 | lr 2.62e-04 | 1287 tok/s | fwd_bwd 6156ms data 1ms clip 23ms optim 119ms step 6320ms mem 1493/3311MB
step 167,610 | loss 2.7969 | lr 2.62e-04 | 1305 tok/s | fwd_bwd 6116ms data 0ms clip 20ms optim 112ms step 6258ms mem 1451/3311MB
step 167,620 | loss 2.9587 | lr 2.62e-04 | 1308 tok/s | fwd_bwd 6005ms data 0ms clip 20ms optim 112ms step 6142ms mem 1493/3311MB
step 167,630 | loss 2.8306 | lr 2.62e-04 | 1311 tok/s | fwd_bwd 6098ms data 0ms clip 20ms optim 112ms step 6239ms mem 1493/3311MB
step 167,640 | loss 2.0057 | lr 2.62e-04 | 1309 tok/s | fwd_bwd 6097ms data 0ms clip 20ms optim 112ms step 6234ms mem 1451/3311MB
step 167,650 | loss 1.3812 | lr 2.62e-04 | 1311 tok/s | fwd_bwd 6037ms data 1ms clip 20ms optim 112ms step 6187ms mem 1493/3311MB
step 167,660 | loss 2.4400 | lr 2.62e-04 | 1312 tok/s | fwd_bwd 6097ms data 0ms clip 20ms optim 112ms step 6236ms mem 1493/3311MB
step 167,670 | loss 2.7353 | lr 2.62e-04 | 1309 tok/s | fwd_bwd 6087ms data 0ms clip 20ms optim 112ms step 6223ms mem 1493/3311MB
step 167,680 | loss 1.7562 | lr 2.62e-04 | 1313 tok/s | fwd_bwd 6009ms data 0ms clip 20ms optim 112ms step 6148ms mem 1452/3311MB
step 167,690 | loss 2.2875 | lr 2.62e-04 | 1308 tok/s | fwd_bwd 6199ms data 1ms clip 22ms optim 119ms step 6363ms mem 1476/3311MB
step 167,700 | loss 2.8553 | lr 2.62e-04 | 1315 tok/s | fwd_bwd 6080ms data 0ms clip 20ms optim 112ms step 6218ms mem 1493/3311MB
step 167,710 | loss 2.4818 | lr 2.62e-04 | 1310 tok/s | fwd_bwd 6111ms data 1ms clip 20ms optim 112ms step 6259ms mem 1493/3311MB
step 167,720 | loss 2.5581 | lr 2.62e-04 | 1304 tok/s | fwd_bwd 6263ms data 0ms clip 20ms optim 112ms step 6400ms mem 1493/3311MB
step 167,730 | loss 3.9687 | lr 2.62e-04 | 1302 tok/s | fwd_bwd 6145ms data 0ms clip 20ms optim 111ms step 6282ms mem 1493/3311MB
step 167,740 | loss 2.5280 | lr 2.62e-04 | 1305 tok/s | fwd_bwd 6123ms data 0ms clip 20ms optim 112ms step 6262ms mem 1493/3311MB
step 167,750 | loss 1.2041 | lr 2.62e-04 | 1308 tok/s | fwd_bwd 6101ms data 0ms clip 20ms optim 111ms step 6236ms mem 1493/3311MB
step 167,760 | loss 2.8724 | lr 2.62e-04 | 1308 tok/s | fwd_bwd 6173ms data 1ms clip 24ms optim 120ms step 6338ms mem 1490/3311MB
step 167,770 | loss 2.5578 | lr 2.62e-04 | 1311 tok/s | fwd_bwd 6123ms data 0ms clip 20ms optim 111ms step 6264ms mem 1451/3311MB
step 167,780 | loss 2.0558 | lr 2.62e-04 | 1310 tok/s | fwd_bwd 6098ms data 1ms clip 20ms optim 111ms step 6246ms mem 1493/3311MB
step 167,790 | loss 2.0143 | lr 2.62e-04 | 1310 tok/s | fwd_bwd 6102ms data 0ms clip 20ms optim 112ms step 6244ms mem 1452/3311MB
step 167,800 | loss 3.1568 | lr 2.62e-04 | 1304 tok/s | fwd_bwd 6110ms data 1ms clip 20ms optim 111ms step 6255ms mem 1493/3311MB
step 167,810 | loss 1.5747 | lr 2.62e-04 | 1307 tok/s | fwd_bwd 6113ms data 0ms clip 20ms optim 111ms step 6254ms mem 1493/3311MB
step 167,820 | loss 2.1277 | lr 2.62e-04 | 1307 tok/s | fwd_bwd 6096ms data 0ms clip 20ms optim 112ms step 6237ms mem 1493/3311MB
step 167,830 | loss 1.7071 | lr 2.62e-04 | 1309 tok/s | fwd_bwd 6113ms data 0ms clip 20ms optim 112ms step 6254ms mem 1493/3311MB
step 167,840 | loss 3.7648 | lr 2.62e-04 | 1309 tok/s | fwd_bwd 6094ms data 1ms clip 20ms optim 111ms step 6239ms mem 1493/3311MB
step 167,850 | loss 3.0304 | lr 2.62e-04 | 1309 tok/s | fwd_bwd 6098ms data 0ms clip 20ms optim 112ms step 6236ms mem 1493/3311MB
step 167,860 | loss 1.1903 | lr 2.62e-04 | 1306 tok/s | fwd_bwd 6072ms data 0ms clip 20ms optim 112ms step 6213ms mem 1493/3311MB
step 167,870 | loss 1.5568 | lr 2.62e-04 | 1306 tok/s | fwd_bwd 6020ms data 0ms clip 20ms optim 111ms step 6159ms mem 1493/3311MB
step 167,880 | loss 3.6585 | lr 2.62e-04 | 1308 tok/s | fwd_bwd 6108ms data 0ms clip 20ms optim 112ms step 6251ms mem 1493/3311MB
step 167,890 | loss 2.9366 | lr 2.62e-04 | 1306 tok/s | fwd_bwd 6128ms data 0ms clip 20ms optim 112ms step 6266ms mem 1451/3311MB
step 167,900 | loss 3.4767 | lr 2.62e-04 | 1303 tok/s | fwd_bwd 6127ms data 0ms clip 20ms optim 112ms step 6265ms mem 1493/3311MB
step 167,910 | loss 2.7173 | lr 2.62e-04 | 1305 tok/s | fwd_bwd 6106ms data 0ms clip 20ms optim 112ms step 6244ms mem 1493/3311MB
step 167,920 | loss 2.0163 | lr 2.62e-04 | 1302 tok/s | fwd_bwd 6142ms data 0ms clip 20ms optim 112ms step 6283ms mem 1493/3311MB
step 167,930 | loss 1.5976 | lr 2.62e-04 | 1302 tok/s | fwd_bwd 6138ms data 0ms clip 20ms optim 112ms step 6279ms mem 1493/3311MB
step 167,940 | loss 1.7808 | lr 2.62e-04 | 1301 tok/s | fwd_bwd 6133ms data 0ms clip 20ms optim 112ms step 6271ms mem 1451/3311MB
step 167,950 | loss 1.5683 | lr 2.62e-04 | 1299 tok/s | fwd_bwd 6115ms data 0ms clip 20ms optim 111ms step 6253ms mem 1493/3311MB
step 167,960 | loss 3.0656 | lr 2.62e-04 | 1300 tok/s | fwd_bwd 6132ms data 0ms clip 20ms optim 111ms step 6267ms mem 1493/3311MB
step 167,970 | loss 1.5489 | lr 2.62e-04 | 1300 tok/s | fwd_bwd 6160ms data 0ms clip 20ms optim 112ms step 6304ms mem 1450/3311MB
step 167,980 | loss 2.1166 | lr 2.62e-04 | 1298 tok/s | fwd_bwd 6141ms data 0ms clip 20ms optim 112ms step 6277ms mem 1493/3311MB
step 167,990 | loss 0.6969 | lr 2.62e-04 | 1302 tok/s | fwd_bwd 6154ms data 0ms clip 20ms optim 112ms step 6295ms mem 1451/3311MB
step 168,000 | loss 3.7147 | lr 2.62e-04 | 1300 tok/s | fwd_bwd 6214ms data 1ms clip 23ms optim 120ms step 6379ms mem 1493/3311MB
  [eval] step 168000 | val_loss 3.1320 | ppl 22.92
Checkpoint saved: checkpoints/step_168000
  [samples] wrote checkpoints/step_168000/samples.txt
  Pruning old checkpoint: checkpoints/step_167000
step 168,010 | loss 1.6456 | lr 2.62e-04 | 561 tok/s | fwd_bwd 6117ms data 0ms clip 20ms optim 111ms step 6256ms mem 1452/3311MB
step 168,020 | loss 3.7775 | lr 2.61e-04 | 1308 tok/s | fwd_bwd 6103ms data 1ms clip 20ms optim 111ms step 6249ms mem 1493/3311MB
step 168,030 | loss 3.6643 | lr 2.61e-04 | 1308 tok/s | fwd_bwd 6093ms data 0ms clip 20ms optim 112ms step 6232ms mem 1493/3311MB
step 168,040 | loss 2.8459 | lr 2.61e-04 | 1306 tok/s | fwd_bwd 6105ms data 0ms clip 20ms optim 111ms step 6240ms mem 1493/3311MB
step 168,050 | loss 2.2527 | lr 2.61e-04 | 1306 tok/s | fwd_bwd 6093ms data 0ms clip 20ms optim 112ms step 6232ms mem 1470/3311MB
step 168,060 | loss 3.4508 | lr 2.61e-04 | 1306 tok/s | fwd_bwd 6170ms data 1ms clip 23ms optim 122ms step 6334ms mem 1493/3311MB
step 168,070 | loss 3.5368 | lr 2.61e-04 | 1308 tok/s | fwd_bwd 6108ms data 0ms clip 20ms optim 112ms step 6246ms mem 1452/3311MB
step 168,080 | loss 1.4978 | lr 2.61e-04 | 1307 tok/s | fwd_bwd 6107ms data 0ms clip 20ms optim 112ms step 6246ms mem 1493/3311MB
step 168,090 | loss 2.9872 | lr 2.61e-04 | 1309 tok/s | fwd_bwd 6084ms data 0ms clip 20ms optim 112ms step 6225ms mem 1493/3311MB
step 168,100 | loss 0.9715 | lr 2.61e-04 | 1309 tok/s | fwd_bwd 6088ms data 0ms clip 20ms optim 111ms step 6226ms mem 1493/3311MB
step 168,110 | loss 2.6555 | lr 2.61e-04 | 1307 tok/s | fwd_bwd 6179ms data 1ms clip 24ms optim 120ms step 6345ms mem 1448/3311MB
step 168,120 | loss 1.4164 | lr 2.61e-04 | 1308 tok/s | fwd_bwd 6107ms data 0ms clip 20ms optim 114ms step 6245ms mem 1452/3311MB
step 168,130 | loss 3.0640 | lr 2.61e-04 | 1307 tok/s | fwd_bwd 6163ms data 1ms clip 23ms optim 121ms step 6329ms mem 1493/3311MB
step 168,140 | loss 2.7002 | lr 2.61e-04 | 1313 tok/s | fwd_bwd 6068ms data 0ms clip 20ms optim 112ms step 6204ms mem 1493/3311MB
step 168,150 | loss 2.0084 | lr 2.61e-04 | 1309 tok/s | fwd_bwd 6178ms data 1ms clip 20ms optim 112ms step 6322ms mem 1493/3311MB
Checkpoint saved: checkpoints/step_168154
  Pruning old checkpoint: checkpoints/step_167024
step 168,160 | loss 3.7532 | lr 2.61e-04 | 1299 tok/s | fwd_bwd 6084ms data 0ms clip 20ms optim 112ms step 6219ms mem 1451/3311MB
step 168,170 | loss 1.2984 | lr 2.61e-04 | 1313 tok/s | fwd_bwd 6070ms data 1ms clip 20ms optim 112ms step 6217ms mem 1493/3311MB
step 168,180 | loss 2.8301 | lr 2.61e-04 | 1316 tok/s | fwd_bwd 6079ms data 0ms clip 20ms optim 112ms step 6223ms mem 1493/3311MB
step 168,190 | loss 1.9149 | lr 2.61e-04 | 1311 tok/s | fwd_bwd 6094ms data 0ms clip 20ms optim 112ms step 6232ms mem 1493/3311MB
step 168,200 | loss 3.4940 | lr 2.61e-04 | 1310 tok/s | fwd_bwd 6111ms data 0ms clip 20ms optim 112ms step 6252ms mem 1493/3311MB
step 168,210 | loss 2.8975 | lr 2.61e-04 | 1313 tok/s | fwd_bwd 6070ms data 0ms clip 20ms optim 112ms step 6208ms mem 1493/3311MB
step 168,220 | loss 1.6329 | lr 2.61e-04 | 1312 tok/s | fwd_bwd 6080ms data 0ms clip 20ms optim 112ms step 6219ms mem 1451/3311MB
step 168,230 | loss 3.0905 | lr 2.61e-04 | 1314 tok/s | fwd_bwd 6071ms data 0ms clip 20ms optim 112ms step 6212ms mem 1493/3311MB
step 168,240 | loss 1.6978 | lr 2.61e-04 | 1312 tok/s | fwd_bwd 6110ms data 0ms clip 20ms optim 112ms step 6251ms mem 1448/3311MB
step 168,250 | loss 2.0240 | lr 2.61e-04 | 1307 tok/s | fwd_bwd 6136ms data 1ms clip 20ms optim 112ms step 6282ms mem 1493/3311MB
step 168,260 | loss 1.3153 | lr 2.61e-04 | 1303 tok/s | fwd_bwd 6216ms data 1ms clip 24ms optim 120ms step 6382ms mem 1452/3311MB
step 168,270 | loss 2.4819 | lr 2.61e-04 | 1314 tok/s | fwd_bwd 6082ms data 0ms clip 20ms optim 111ms step 6222ms mem 1489/3311MB
step 168,280 | loss 2.3341 | lr 2.61e-04 | 1315 tok/s | fwd_bwd 6060ms data 1ms clip 20ms optim 112ms step 6211ms mem 1493/3311MB
step 168,290 | loss 2.3905 | lr 2.61e-04 | 1319 tok/s | fwd_bwd 6049ms data 0ms clip 20ms optim 112ms step 6190ms mem 1452/3311MB
step 168,300 | loss 3.9478 | lr 2.61e-04 | 1316 tok/s | fwd_bwd 6075ms data 0ms clip 20ms optim 112ms step 6215ms mem 1448/3311MB
step 168,310 | loss 3.3610 | lr 2.61e-04 | 1314 tok/s | fwd_bwd 6080ms data 0ms clip 20ms optim 112ms step 6223ms mem 1493/3311MB
step 168,320 | loss 2.4094 | lr 2.61e-04 | 1312 tok/s | fwd_bwd 6091ms data 0ms clip 20ms optim 112ms step 6231ms mem 1451/3311MB
step 168,330 | loss 3.2965 | lr 2.61e-04 | 1316 tok/s | fwd_bwd 6061ms data 0ms clip 20ms optim 112ms step 6197ms mem 1493/3311MB
step 168,340 | loss 1.3094 | lr 2.61e-04 | 1311 tok/s | fwd_bwd 6082ms data 0ms clip 20ms optim 111ms step 6220ms mem 1493/3311MB
step 168,350 | loss 3.4475 | lr 2.61e-04 | 1311 tok/s | fwd_bwd 6088ms data 1ms clip 20ms optim 112ms step 6234ms mem 1451/3311MB
step 168,360 | loss 2.0763 | lr 2.61e-04 | 1314 tok/s | fwd_bwd 6081ms data 0ms clip 20ms optim 112ms step 6219ms mem 1493/3311MB
step 168,370 | loss 3.4759 | lr 2.61e-04 | 1316 tok/s | fwd_bwd 6071ms data 0ms clip 21ms optim 112ms step 6208ms mem 1451/3311MB
step 168,380 | loss 1.6699 | lr 2.61e-04 | 1314 tok/s | fwd_bwd 6055ms data 0ms clip 20ms optim 112ms step 6193ms mem 1451/3311MB
step 168,390 | loss 1.6600 | lr 2.61e-04 | 1313 tok/s | fwd_bwd 6080ms data 0ms clip 20ms optim 112ms step 6215ms mem 1493/3311MB
step 168,400 | loss 3.0565 | lr 2.61e-04 | 1303 tok/s | fwd_bwd 6113ms data 0ms clip 20ms optim 111ms step 6252ms mem 1493/3311MB
step 168,410 | loss 3.1496 | lr 2.61e-04 | 1311 tok/s | fwd_bwd 6085ms data 0ms clip 20ms optim 112ms step 6221ms mem 1493/3311MB
step 168,420 | loss 1.4413 | lr 2.61e-04 | 1314 tok/s | fwd_bwd 6091ms data 1ms clip 20ms optim 112ms step 6237ms mem 1493/3311MB
step 168,430 | loss 2.3506 | lr 2.61e-04 | 1300 tok/s | fwd_bwd 6121ms data 0ms clip 20ms optim 112ms step 6263ms mem 1452/3311MB
step 168,440 | loss 2.9609 | lr 2.61e-04 | 1304 tok/s | fwd_bwd 6117ms data 0ms clip 20ms optim 112ms step 6255ms mem 1493/3311MB
step 168,450 | loss 2.8665 | lr 2.61e-04 | 1312 tok/s | fwd_bwd 6095ms data 0ms clip 20ms optim 111ms step 6230ms mem 1493/3311MB
step 168,460 | loss 2.6560 | lr 2.61e-04 | 1312 tok/s | fwd_bwd 6065ms data 0ms clip 20ms optim 112ms step 6202ms mem 1493/3311MB
step 168,470 | loss 3.0677 | lr 2.61e-04 | 1313 tok/s | fwd_bwd 6057ms data 0ms clip 20ms optim 112ms step 6194ms mem 1451/3311MB
step 168,480 | loss 3.1278 | lr 2.61e-04 | 1314 tok/s | fwd_bwd 6087ms data 0ms clip 20ms optim 112ms step 6229ms mem 1493/3311MB
step 168,490 | loss 1.8752 | lr 2.61e-04 | 1312 tok/s | fwd_bwd 6069ms data 0ms clip 20ms optim 111ms step 6207ms mem 1464/3311MB
step 168,500 | loss 2.4750 | lr 2.61e-04 | 1315 tok/s | fwd_bwd 6057ms data 1ms clip 20ms optim 112ms step 6201ms mem 1493/3311MB
  [eval] step 168500 | val_loss 3.1602 | ppl 23.57
step 168,510 | loss 3.4738 | lr 2.61e-04 | 740 tok/s | fwd_bwd 6096ms data 1ms clip 20ms optim 111ms step 6246ms mem 1451/3311MB
step 168,520 | loss 2.9460 | lr 2.61e-04 | 1310 tok/s | fwd_bwd 6105ms data 0ms clip 20ms optim 111ms step 6246ms mem 1493/3311MB
step 168,530 | loss 3.3681 | lr 2.61e-04 | 1308 tok/s | fwd_bwd 6030ms data 0ms clip 20ms optim 111ms step 6170ms mem 1448/3311MB
step 168,540 | loss 3.4213 | lr 2.61e-04 | 1306 tok/s | fwd_bwd 6144ms data 1ms clip 20ms optim 112ms step 6290ms mem 1470/3311MB
step 168,550 | loss 3.2301 | lr 2.61e-04 | 1306 tok/s | fwd_bwd 6117ms data 0ms clip 20ms optim 112ms step 6258ms mem 1493/3311MB
step 168,560 | loss 1.6993 | lr 2.61e-04 | 1306 tok/s | fwd_bwd 6125ms data 0ms clip 20ms optim 112ms step 6264ms mem 1493/3311MB
step 168,570 | loss 2.8018 | lr 2.61e-04 | 1303 tok/s | fwd_bwd 6108ms data 0ms clip 20ms optim 112ms step 6250ms mem 1493/3311MB
step 168,580 | loss 2.3528 | lr 2.61e-04 | 1307 tok/s | fwd_bwd 6103ms data 1ms clip 20ms optim 112ms step 6249ms mem 1493/3311MB
step 168,590 | loss 2.9837 | lr 2.61e-04 | 1310 tok/s | fwd_bwd 6104ms data 0ms clip 20ms optim 112ms step 6246ms mem 1493/3311MB
step 168,600 | loss 3.2788 | lr 2.60e-04 | 1310 tok/s | fwd_bwd 6147ms data 1ms clip 22ms optim 117ms step 6306ms mem 1493/3311MB
step 168,610 | loss 2.1205 | lr 2.60e-04 | 1314 tok/s | fwd_bwd 6085ms data 0ms clip 20ms optim 112ms step 6221ms mem 1493/3311MB
step 168,620 | loss 0.9824 | lr 2.60e-04 | 1307 tok/s | fwd_bwd 6099ms data 1ms clip 20ms optim 112ms step 6244ms mem 1493/3311MB
step 168,630 | loss 1.9873 | lr 2.60e-04 | 1310 tok/s | fwd_bwd 6062ms data 1ms clip 20ms optim 112ms step 6206ms mem 1452/3311MB
step 168,640 | loss 1.0989 | lr 2.60e-04 | 1319 tok/s | fwd_bwd 6053ms data 0ms clip 20ms optim 112ms step 6191ms mem 1493/3311MB
step 168,650 | loss 2.2638 | lr 2.60e-04 | 1325 tok/s | fwd_bwd 6028ms data 0ms clip 20ms optim 112ms step 6166ms mem 1450/3311MB
step 168,660 | loss 3.4884 | lr 2.60e-04 | 1311 tok/s | fwd_bwd 6044ms data 0ms clip 20ms optim 112ms step 6184ms mem 1493/3311MB
step 168,670 | loss 2.1169 | lr 2.60e-04 | 1316 tok/s | fwd_bwd 6054ms data 0ms clip 20ms optim 112ms step 6196ms mem 1493/3311MB
step 168,680 | loss 1.5826 | lr 2.60e-04 | 1323 tok/s | fwd_bwd 5963ms data 1ms clip 20ms optim 111ms step 6115ms mem 1493/3311MB
step 168,690 | loss 3.0553 | lr 2.60e-04 | 1325 tok/s | fwd_bwd 6039ms data 0ms clip 20ms optim 113ms step 6179ms mem 1493/3311MB
step 168,700 | loss 2.8883 | lr 2.60e-04 | 1323 tok/s | fwd_bwd 6073ms data 1ms clip 20ms optim 112ms step 6227ms mem 1493/3311MB
step 168,710 | loss 1.8652 | lr 2.60e-04 | 1325 tok/s | fwd_bwd 6036ms data 0ms clip 20ms optim 111ms step 6172ms mem 1493/3311MB
step 168,720 | loss 1.8530 | lr 2.60e-04 | 1317 tok/s | fwd_bwd 6025ms data 0ms clip 20ms optim 112ms step 6161ms mem 1493/3311MB
Checkpoint saved: checkpoints/step_168724
  Pruning old checkpoint: checkpoints/step_167593
step 168,730 | loss 2.3032 | lr 2.60e-04 | 1306 tok/s | fwd_bwd 6051ms data 0ms clip 20ms optim 112ms step 6189ms mem 1493/3311MB
step 168,740 | loss 2.8441 | lr 2.60e-04 | 1324 tok/s | fwd_bwd 6015ms data 0ms clip 20ms optim 112ms step 6158ms mem 1493/3311MB
step 168,750 | loss 3.9259 | lr 2.60e-04 | 1324 tok/s | fwd_bwd 6102ms data 0ms clip 20ms optim 112ms step 6243ms mem 1451/3311MB
step 168,760 | loss 3.3639 | lr 2.60e-04 | 1318 tok/s | fwd_bwd 6069ms data 1ms clip 20ms optim 112ms step 6215ms mem 1493/3311MB
step 168,770 | loss 2.7193 | lr 2.60e-04 | 1314 tok/s | fwd_bwd 6083ms data 0ms clip 20ms optim 112ms step 6225ms mem 1493/3311MB
step 168,780 | loss 3.0915 | lr 2.60e-04 | 1312 tok/s | fwd_bwd 6104ms data 0ms clip 20ms optim 111ms step 6241ms mem 1493/3311MB
step 168,790 | loss 3.2741 | lr 2.60e-04 | 1308 tok/s | fwd_bwd 6114ms data 1ms clip 20ms optim 112ms step 6263ms mem 1451/3311MB
step 168,800 | loss 1.8482 | lr 2.60e-04 | 1302 tok/s | fwd_bwd 6141ms data 1ms clip 20ms optim 111ms step 6285ms mem 1493/3311MB
step 168,810 | loss 3.2832 | lr 2.60e-04 | 1299 tok/s | fwd_bwd 6152ms data 0ms clip 20ms optim 111ms step 6292ms mem 1451/3311MB
step 168,820 | loss 2.9219 | lr 2.60e-04 | 1297 tok/s | fwd_bwd 6215ms data 1ms clip 24ms optim 120ms step 6380ms mem 1489/3311MB
step 168,830 | loss 2.9046 | lr 2.60e-04 | 1301 tok/s | fwd_bwd 6136ms data 1ms clip 20ms optim 112ms step 6281ms mem 1451/3311MB
step 168,840 | loss 2.7856 | lr 2.60e-04 | 1302 tok/s | fwd_bwd 6141ms data 0ms clip 20ms optim 112ms step 6281ms mem 1470/3311MB
step 168,850 | loss 2.7386 | lr 2.60e-04 | 1302 tok/s | fwd_bwd 6137ms data 0ms clip 20ms optim 112ms step 6280ms mem 1493/3311MB
step 168,860 | loss 2.8672 | lr 2.60e-04 | 1297 tok/s | fwd_bwd 6152ms data 0ms clip 20ms optim 112ms step 6290ms mem 1493/3311MB
step 168,870 | loss 3.2075 | lr 2.60e-04 | 1297 tok/s | fwd_bwd 6161ms data 0ms clip 20ms optim 112ms step 6302ms mem 1450/3311MB
step 168,880 | loss 1.7179 | lr 2.60e-04 | 1299 tok/s | fwd_bwd 6143ms data 0ms clip 20ms optim 112ms step 6281ms mem 1448/3311MB
step 168,890 | loss 2.5093 | lr 2.60e-04 | 1301 tok/s | fwd_bwd 6138ms data 0ms clip 20ms optim 111ms step 6276ms mem 1451/3311MB
step 168,900 | loss 3.1687 | lr 2.60e-04 | 1298 tok/s | fwd_bwd 6163ms data 0ms clip 20ms optim 111ms step 6303ms mem 1452/3311MB
step 168,910 | loss 2.6036 | lr 2.60e-04 | 1295 tok/s | fwd_bwd 6172ms data 0ms clip 20ms optim 112ms step 6313ms mem 1493/3311MB
step 168,920 | loss 2.8142 | lr 2.60e-04 | 1293 tok/s | fwd_bwd 6180ms data 0ms clip 20ms optim 112ms step 6323ms mem 1493/3311MB
step 168,930 | loss 2.6224 | lr 2.60e-04 | 1294 tok/s | fwd_bwd 6138ms data 0ms clip 20ms optim 112ms step 6279ms mem 1493/3311MB
step 168,940 | loss 3.0457 | lr 2.60e-04 | 1296 tok/s | fwd_bwd 6141ms data 0ms clip 20ms optim 112ms step 6285ms mem 1493/3311MB
step 168,950 | loss 1.9077 | lr 2.60e-04 | 1298 tok/s | fwd_bwd 6143ms data 0ms clip 20ms optim 112ms step 6286ms mem 1490/3311MB
step 168,960 | loss 1.5287 | lr 2.60e-04 | 1296 tok/s | fwd_bwd 6149ms data 0ms clip 20ms optim 112ms step 6286ms mem 1488/3311MB
step 168,970 | loss 3.5798 | lr 2.60e-04 | 1290 tok/s | fwd_bwd 6200ms data 0ms clip 20ms optim 112ms step 6341ms mem 1493/3311MB
step 168,980 | loss 4.1285 | lr 2.60e-04 | 1291 tok/s | fwd_bwd 6148ms data 0ms clip 20ms optim 112ms step 6283ms mem 1493/3311MB
step 168,990 | loss 3.1951 | lr 2.60e-04 | 1302 tok/s | fwd_bwd 6135ms data 0ms clip 20ms optim 112ms step 6273ms mem 1493/3311MB
step 169,000 | loss 3.4519 | lr 2.60e-04 | 1297 tok/s | fwd_bwd 6162ms data 0ms clip 20ms optim 112ms step 6303ms mem 1493/3311MB
  [eval] step 169000 | val_loss 3.1456 | ppl 23.23
Checkpoint saved: checkpoints/step_169000
  [samples] wrote checkpoints/step_169000/samples.txt
  Pruning old checkpoint: checkpoints/step_168000
step 169,010 | loss 3.3418 | lr 2.60e-04 | 551 tok/s | fwd_bwd 6186ms data 1ms clip 20ms optim 112ms step 6330ms mem 1493/3311MB
step 169,020 | loss 3.9058 | lr 2.60e-04 | 1291 tok/s | fwd_bwd 6255ms data 1ms clip 23ms optim 122ms step 6420ms mem 1493/3311MB
step 169,030 | loss 3.0028 | lr 2.60e-04 | 1299 tok/s | fwd_bwd 6160ms data 0ms clip 20ms optim 112ms step 6296ms mem 1476/3311MB
step 169,040 | loss 1.6068 | lr 2.60e-04 | 1294 tok/s | fwd_bwd 6156ms data 1ms clip 20ms optim 112ms step 6300ms mem 1493/3311MB
step 169,050 | loss 1.7195 | lr 2.60e-04 | 1296 tok/s | fwd_bwd 6155ms data 0ms clip 20ms optim 112ms step 6294ms mem 1493/3311MB
step 169,060 | loss 1.9603 | lr 2.60e-04 | 1293 tok/s | fwd_bwd 6176ms data 0ms clip 21ms optim 112ms step 6317ms mem 1493/3311MB
step 169,070 | loss 3.5066 | lr 2.60e-04 | 1290 tok/s | fwd_bwd 6181ms data 0ms clip 20ms optim 112ms step 6319ms mem 1493/3311MB
step 169,080 | loss 3.7788 | lr 2.60e-04 | 1288 tok/s | fwd_bwd 6215ms data 0ms clip 20ms optim 112ms step 6352ms mem 1493/3311MB
step 169,090 | loss 2.4051 | lr 2.60e-04 | 1288 tok/s | fwd_bwd 6192ms data 0ms clip 20ms optim 111ms step 6331ms mem 1492/3311MB
step 169,100 | loss 2.3364 | lr 2.60e-04 | 1289 tok/s | fwd_bwd 6183ms data 0ms clip 20ms optim 111ms step 6322ms mem 1493/3311MB
step 169,110 | loss 2.9466 | lr 2.60e-04 | 1288 tok/s | fwd_bwd 6192ms data 0ms clip 20ms optim 111ms step 6332ms mem 1493/3311MB
step 169,120 | loss 2.3972 | lr 2.60e-04 | 1291 tok/s | fwd_bwd 6093ms data 0ms clip 20ms optim 111ms step 6229ms mem 1493/3311MB
step 169,130 | loss 3.2183 | lr 2.60e-04 | 1288 tok/s | fwd_bwd 6201ms data 0ms clip 20ms optim 112ms step 6340ms mem 1493/3311MB
step 169,140 | loss 2.9091 | lr 2.60e-04 | 1286 tok/s | fwd_bwd 6197ms data 0ms clip 20ms optim 112ms step 6336ms mem 1493/3311MB
step 169,150 | loss 2.6081 | lr 2.60e-04 | 1290 tok/s | fwd_bwd 6167ms data 0ms clip 20ms optim 111ms step 6305ms mem 1493/3311MB
step 169,160 | loss 1.8567 | lr 2.60e-04 | 1293 tok/s | fwd_bwd 6166ms data 0ms clip 20ms optim 111ms step 6309ms mem 1493/3311MB
step 169,170 | loss 2.6668 | lr 2.60e-04 | 1293 tok/s | fwd_bwd 6182ms data 0ms clip 20ms optim 111ms step 6322ms mem 1493/3311MB
step 169,180 | loss 2.3864 | lr 2.59e-04 | 1289 tok/s | fwd_bwd 6273ms data 1ms clip 23ms optim 122ms step 6441ms mem 1493/3311MB
step 169,190 | loss 2.8837 | lr 2.59e-04 | 1290 tok/s | fwd_bwd 6196ms data 0ms clip 20ms optim 111ms step 6334ms mem 1493/3311MB
step 169,200 | loss 3.1915 | lr 2.59e-04 | 1287 tok/s | fwd_bwd 6203ms data 0ms clip 20ms optim 112ms step 6345ms mem 1493/3311MB
step 169,210 | loss 3.2850 | lr 2.59e-04 | 1287 tok/s | fwd_bwd 6221ms data 1ms clip 20ms optim 112ms step 6373ms mem 1482/3311MB
step 169,220 | loss 1.6610 | lr 2.59e-04 | 1291 tok/s | fwd_bwd 6204ms data 0ms clip 20ms optim 112ms step 6345ms mem 1452/3311MB
step 169,230 | loss 3.5331 | lr 2.59e-04 | 1290 tok/s | fwd_bwd 6184ms data 0ms clip 20ms optim 111ms step 6324ms mem 1493/3311MB
step 169,240 | loss 2.2988 | lr 2.59e-04 | 1290 tok/s | fwd_bwd 6195ms data 1ms clip 20ms optim 111ms step 6344ms mem 1452/3311MB
step 169,250 | loss 1.9243 | lr 2.59e-04 | 1294 tok/s | fwd_bwd 6174ms data 0ms clip 20ms optim 112ms step 6313ms mem 1490/3311MB
step 169,260 | loss 2.3372 | lr 2.59e-04 | 1288 tok/s | fwd_bwd 6232ms data 1ms clip 20ms optim 112ms step 6378ms mem 1482/3311MB
step 169,270 | loss 3.3619 | lr 2.59e-04 | 1282 tok/s | fwd_bwd 6207ms data 1ms clip 20ms optim 112ms step 6351ms mem 1452/3311MB
step 169,280 | loss 2.2428 | lr 2.59e-04 | 1286 tok/s | fwd_bwd 6179ms data 0ms clip 20ms optim 112ms step 6315ms mem 1458/3311MB
Checkpoint saved: checkpoints/step_169281
  Pruning old checkpoint: checkpoints/step_168154
step 169,290 | loss 3.7739 | lr 2.59e-04 | 1277 tok/s | fwd_bwd 6191ms data 0ms clip 20ms optim 112ms step 6332ms mem 1493/3311MB
step 169,300 | loss 3.1452 | lr 2.59e-04 | 1291 tok/s | fwd_bwd 6188ms data 0ms clip 20ms optim 111ms step 6324ms mem 1493/3311MB
step 169,310 | loss 3.1838 | lr 2.59e-04 | 1292 tok/s | fwd_bwd 6185ms data 0ms clip 20ms optim 112ms step 6327ms mem 1493/3311MB
step 169,320 | loss 2.4864 | lr 2.59e-04 | 1293 tok/s | fwd_bwd 6162ms data 0ms clip 20ms optim 112ms step 6298ms mem 1493/3311MB
step 169,330 | loss 2.6997 | lr 2.59e-04 | 1292 tok/s | fwd_bwd 6181ms data 0ms clip 20ms optim 112ms step 6319ms mem 1451/3311MB
step 169,340 | loss 2.1706 | lr 2.59e-04 | 1291 tok/s | fwd_bwd 6259ms data 1ms clip 23ms optim 121ms step 6424ms mem 1452/3311MB
step 169,350 | loss 2.6243 | lr 2.59e-04 | 1296 tok/s | fwd_bwd 6182ms data 1ms clip 20ms optim 112ms step 6330ms mem 1493/3311MB
step 169,360 | loss 1.7919 | lr 2.59e-04 | 1289 tok/s | fwd_bwd 6233ms data 1ms clip 20ms optim 112ms step 6383ms mem 1493/3311MB
step 169,370 | loss 3.5287 | lr 2.59e-04 | 1287 tok/s | fwd_bwd 6106ms data 0ms clip 20ms optim 112ms step 6246ms mem 1493/3311MB
step 169,380 | loss 3.6634 | lr 2.59e-04 | 1286 tok/s | fwd_bwd 6205ms data 0ms clip 20ms optim 112ms step 6346ms mem 1493/3311MB
step 169,390 | loss 3.5828 | lr 2.59e-04 | 1291 tok/s | fwd_bwd 6179ms data 1ms clip 20ms optim 111ms step 6326ms mem 1493/3311MB
step 169,400 | loss 3.1338 | lr 2.59e-04 | 1294 tok/s | fwd_bwd 6167ms data 0ms clip 20ms optim 112ms step 6308ms mem 1452/3311MB
step 169,410 | loss 3.2701 | lr 2.59e-04 | 1287 tok/s | fwd_bwd 6207ms data 0ms clip 20ms optim 112ms step 6346ms mem 1451/3311MB
step 169,420 | loss 3.7831 | lr 2.59e-04 | 1286 tok/s | fwd_bwd 6189ms data 0ms clip 20ms optim 112ms step 6328ms mem 1451/3311MB
step 169,430 | loss 2.2177 | lr 2.59e-04 | 1290 tok/s | fwd_bwd 6160ms data 0ms clip 20ms optim 112ms step 6303ms mem 1449/3311MB
step 169,440 | loss 1.2765 | lr 2.59e-04 | 1291 tok/s | fwd_bwd 6267ms data 1ms clip 23ms optim 120ms step 6431ms mem 1452/3311MB
step 169,450 | loss 3.2152 | lr 2.59e-04 | 1289 tok/s | fwd_bwd 6220ms data 1ms clip 20ms optim 112ms step 6366ms mem 1493/3311MB
step 169,460 | loss 3.5599 | lr 2.59e-04 | 1285 tok/s | fwd_bwd 6216ms data 0ms clip 20ms optim 112ms step 6356ms mem 1493/3311MB
step 169,470 | loss 3.7056 | lr 2.59e-04 | 1287 tok/s | fwd_bwd 6197ms data 0ms clip 20ms optim 112ms step 6337ms mem 1493/3311MB
step 169,480 | loss 2.8731 | lr 2.59e-04 | 1291 tok/s | fwd_bwd 6171ms data 1ms clip 20ms optim 112ms step 6317ms mem 1451/3311MB
step 169,490 | loss 3.0943 | lr 2.59e-04 | 1291 tok/s | fwd_bwd 6198ms data 0ms clip 20ms optim 112ms step 6336ms mem 1493/3311MB
step 169,500 | loss 3.5128 | lr 2.59e-04 | 1290 tok/s | fwd_bwd 6193ms data 0ms clip 20ms optim 112ms step 6332ms mem 1493/3311MB
  [eval] step 169500 | val_loss 3.1291 | ppl 22.85
step 169,510 | loss 2.6798 | lr 2.59e-04 | 728 tok/s | fwd_bwd 6181ms data 0ms clip 20ms optim 112ms step 6319ms mem 1492/3311MB
step 169,520 | loss 3.6722 | lr 2.59e-04 | 1293 tok/s | fwd_bwd 6191ms data 0ms clip 20ms optim 112ms step 6332ms mem 1451/3311MB
step 169,530 | loss 3.2744 | lr 2.59e-04 | 1288 tok/s | fwd_bwd 6218ms data 0ms clip 20ms optim 112ms step 6360ms mem 1493/3311MB
step 169,540 | loss 3.0420 | lr 2.59e-04 | 1285 tok/s | fwd_bwd 6227ms data 0ms clip 20ms optim 112ms step 6366ms mem 1493/3311MB
step 169,550 | loss 1.2114 | lr 2.59e-04 | 1282 tok/s | fwd_bwd 6217ms data 1ms clip 23ms optim 120ms step 6382ms mem 1493/3311MB
step 169,560 | loss 3.4817 | lr 2.59e-04 | 1290 tok/s | fwd_bwd 6224ms data 0ms clip 20ms optim 112ms step 6368ms mem 1451/3311MB
step 169,570 | loss 1.3120 | lr 2.59e-04 | 1281 tok/s | fwd_bwd 6228ms data 0ms clip 20ms optim 112ms step 6369ms mem 1493/3311MB
step 169,580 | loss 2.7268 | lr 2.59e-04 | 1282 tok/s | fwd_bwd 6178ms data 1ms clip 20ms optim 111ms step 6323ms mem 1493/3311MB
step 169,590 | loss 1.8031 | lr 2.59e-04 | 1286 tok/s | fwd_bwd 6200ms data 1ms clip 20ms optim 112ms step 6346ms mem 1451/3311MB
step 169,600 | loss 1.2530 | lr 2.59e-04 | 1289 tok/s | fwd_bwd 6199ms data 0ms clip 20ms optim 112ms step 6335ms mem 1493/3311MB
step 169,610 | loss 3.3649 | lr 2.59e-04 | 1289 tok/s | fwd_bwd 6182ms data 0ms clip 20ms optim 112ms step 6321ms mem 1493/3311MB
step 169,620 | loss 3.5310 | lr 2.59e-04 | 1288 tok/s | fwd_bwd 6204ms data 0ms clip 21ms optim 111ms step 6347ms mem 1493/3311MB
step 169,630 | loss 3.0583 | lr 2.59e-04 | 1287 tok/s | fwd_bwd 6185ms data 0ms clip 20ms optim 111ms step 6321ms mem 1493/3311MB
step 169,640 | loss 1.9941 | lr 2.59e-04 | 1287 tok/s | fwd_bwd 6194ms data 0ms clip 20ms optim 112ms step 6331ms mem 1493/3311MB
step 169,650 | loss 3.5311 | lr 2.59e-04 | 1289 tok/s | fwd_bwd 6141ms data 1ms clip 20ms optim 112ms step 6287ms mem 1448/3311MB
step 169,660 | loss 2.2899 | lr 2.59e-04 | 1284 tok/s | fwd_bwd 6525ms data 0ms clip 20ms optim 112ms step 6667ms mem 1493/3311MB
step 169,670 | loss 1.4667 | lr 2.59e-04 | 1285 tok/s | fwd_bwd 6249ms data 1ms clip 20ms optim 112ms step 6399ms mem 1493/3311MB
step 169,680 | loss 2.1350 | lr 2.59e-04 | 1286 tok/s | fwd_bwd 6209ms data 0ms clip 20ms optim 112ms step 6345ms mem 1493/3311MB
step 169,690 | loss 1.5631 | lr 2.59e-04 | 1283 tok/s | fwd_bwd 6225ms data 1ms clip 20ms optim 112ms step 6370ms mem 1493/3311MB
step 169,700 | loss 1.0442 | lr 2.59e-04 | 1286 tok/s | fwd_bwd 6294ms data 1ms clip 23ms optim 120ms step 6457ms mem 1476/3311MB
step 169,710 | loss 2.7353 | lr 2.59e-04 | 1290 tok/s | fwd_bwd 6169ms data 0ms clip 20ms optim 112ms step 6308ms mem 1448/3311MB
step 169,720 | loss 2.7077 | lr 2.59e-04 | 1287 tok/s | fwd_bwd 6224ms data 1ms clip 20ms optim 112ms step 6371ms mem 1493/3311MB
step 169,730 | loss 1.2111 | lr 2.59e-04 | 1284 tok/s | fwd_bwd 6218ms data 0ms clip 20ms optim 111ms step 6354ms mem 1493/3311MB
step 169,740 | loss 2.1150 | lr 2.59e-04 | 1277 tok/s | fwd_bwd 6247ms data 0ms clip 20ms optim 112ms step 6388ms mem 1493/3311MB
step 169,750 | loss 2.4683 | lr 2.58e-04 | 1278 tok/s | fwd_bwd 6233ms data 0ms clip 20ms optim 112ms step 6372ms mem 1448/3311MB
step 169,760 | loss 2.4845 | lr 2.58e-04 | 1281 tok/s | fwd_bwd 6231ms data 0ms clip 20ms optim 111ms step 6369ms mem 1493/3311MB
step 169,770 | loss 2.8921 | lr 2.58e-04 | 1279 tok/s | fwd_bwd 6245ms data 0ms clip 20ms optim 111ms step 6386ms mem 1452/3311MB
step 169,780 | loss 3.3693 | lr 2.58e-04 | 1281 tok/s | fwd_bwd 6242ms data 0ms clip 20ms optim 112ms step 6382ms mem 1452/3311MB
step 169,790 | loss 2.5957 | lr 2.58e-04 | 1279 tok/s | fwd_bwd 6326ms data 1ms clip 20ms optim 112ms step 6481ms mem 1493/3311MB
step 169,800 | loss 2.3666 | lr 2.58e-04 | 1280 tok/s | fwd_bwd 6232ms data 1ms clip 20ms optim 112ms step 6378ms mem 1452/3311MB
step 169,810 | loss 2.9836 | lr 2.58e-04 | 1283 tok/s | fwd_bwd 6220ms data 1ms clip 20ms optim 112ms step 6365ms mem 1493/3311MB
step 169,820 | loss 3.4134 | lr 2.58e-04 | 1287 tok/s | fwd_bwd 6198ms data 0ms clip 20ms optim 112ms step 6339ms mem 1493/3311MB
step 169,830 | loss 3.3691 | lr 2.58e-04 | 1284 tok/s | fwd_bwd 6235ms data 0ms clip 20ms optim 112ms step 6376ms mem 1448/3311MB
Checkpoint saved: checkpoints/step_169839
  Pruning old checkpoint: checkpoints/step_168724
step 169,840 | loss 3.4462 | lr 2.58e-04 | 1260 tok/s | fwd_bwd 5966ms data 1ms clip 20ms optim 112ms step 6119ms mem 1493/3311MB
step 169,850 | loss 2.1479 | lr 2.58e-04 | 1283 tok/s | fwd_bwd 6237ms data 0ms clip 20ms optim 112ms step 6377ms mem 1493/3311MB
step 169,860 | loss 3.1344 | lr 2.58e-04 | 1252 tok/s | fwd_bwd 6248ms data 0ms clip 20ms optim 112ms step 6384ms mem 1493/3311MB
step 169,870 | loss 2.7560 | lr 2.58e-04 | 1279 tok/s | fwd_bwd 6221ms data 0ms clip 20ms optim 112ms step 6357ms mem 1493/3311MB
step 169,880 | loss 1.0282 | lr 2.58e-04 | 1286 tok/s | fwd_bwd 6186ms data 0ms clip 20ms optim 112ms step 6325ms mem 1493/3311MB
step 169,890 | loss 3.4415 | lr 2.58e-04 | 1285 tok/s | fwd_bwd 6272ms data 1ms clip 20ms optim 112ms step 6422ms mem 1493/3311MB
step 169,900 | loss 2.6662 | lr 2.58e-04 | 1282 tok/s | fwd_bwd 6221ms data 0ms clip 20ms optim 112ms step 6359ms mem 1493/3311MB
step 169,910 | loss 2.8958 | lr 2.58e-04 | 1286 tok/s | fwd_bwd 6204ms data 0ms clip 20ms optim 112ms step 6342ms mem 1493/3311MB
step 169,920 | loss 4.1260 | lr 2.58e-04 | 1285 tok/s | fwd_bwd 6226ms data 0ms clip 20ms optim 112ms step 6365ms mem 1493/3311MB
step 169,930 | loss 2.5854 | lr 2.58e-04 | 1287 tok/s | fwd_bwd 6195ms data 0ms clip 20ms optim 112ms step 6337ms mem 1493/3311MB
step 169,940 | loss 2.1250 | lr 2.58e-04 | 1287 tok/s | fwd_bwd 6218ms data 0ms clip 20ms optim 112ms step 6362ms mem 1448/3311MB
step 169,950 | loss 2.6424 | lr 2.58e-04 | 1285 tok/s | fwd_bwd 6202ms data 0ms clip 20ms optim 111ms step 6341ms mem 1493/3311MB
step 169,960 | loss 2.0952 | lr 2.58e-04 | 1287 tok/s | fwd_bwd 6200ms data 0ms clip 20ms optim 112ms step 6341ms mem 1448/3311MB
step 169,970 | loss 2.6630 | lr 2.58e-04 | 1287 tok/s | fwd_bwd 6222ms data 0ms clip 20ms optim 112ms step 6366ms mem 1493/3311MB
step 169,980 | loss 2.8179 | lr 2.58e-04 | 1285 tok/s | fwd_bwd 6217ms data 0ms clip 20ms optim 111ms step 6358ms mem 1452/3311MB
step 169,990 | loss 2.1357 | lr 2.58e-04 | 1286 tok/s | fwd_bwd 6222ms data 0ms clip 20ms optim 112ms step 6361ms mem 1493/3311MB
step 170,000 | loss 3.2180 | lr 2.58e-04 | 1284 tok/s | fwd_bwd 6226ms data 0ms clip 22ms optim 113ms step 6367ms mem 1451/3311MB
  [eval] step 170000 | val_loss 3.2703 | ppl 26.32
Checkpoint saved: checkpoints/step_170000
  [samples] wrote checkpoints/step_170000/samples.txt
  Pruning old checkpoint: checkpoints/step_169000
step 170,010 | loss 1.6455 | lr 2.58e-04 | 550 tok/s | fwd_bwd 6224ms data 0ms clip 20ms optim 112ms step 6360ms mem 1493/3311MB
step 170,020 | loss 2.1220 | lr 2.58e-04 | 1281 tok/s | fwd_bwd 6232ms data 0ms clip 20ms optim 112ms step 6368ms mem 1493/3311MB
step 170,030 | loss 1.8431 | lr 2.58e-04 | 1282 tok/s | fwd_bwd 6197ms data 0ms clip 20ms optim 112ms step 6338ms mem 1493/3311MB
step 170,040 | loss 3.3541 | lr 2.58e-04 | 1288 tok/s | fwd_bwd 6220ms data 0ms clip 20ms optim 113ms step 6363ms mem 1493/3311MB
step 170,050 | loss 3.7602 | lr 2.58e-04 | 1283 tok/s | fwd_bwd 6188ms data 1ms clip 20ms optim 112ms step 6334ms mem 1493/3311MB
step 170,060 | loss 2.5406 | lr 2.58e-04 | 1282 tok/s | fwd_bwd 6232ms data 0ms clip 20ms optim 112ms step 6371ms mem 1493/3311MB
step 170,070 | loss 3.1483 | lr 2.58e-04 | 1283 tok/s | fwd_bwd 6208ms data 0ms clip 20ms optim 112ms step 6346ms mem 1493/3311MB
step 170,080 | loss 2.0342 | lr 2.58e-04 | 1284 tok/s | fwd_bwd 6227ms data 0ms clip 20ms optim 111ms step 6365ms mem 1493/3311MB
step 170,090 | loss 3.1688 | lr 2.58e-04 | 1282 tok/s | fwd_bwd 6240ms data 0ms clip 20ms optim 112ms step 6383ms mem 1493/3311MB
step 170,100 | loss 1.9623 | lr 2.58e-04 | 1282 tok/s | fwd_bwd 6238ms data 0ms clip 20ms optim 112ms step 6380ms mem 1458/3311MB
step 170,110 | loss 3.2166 | lr 2.58e-04 | 1277 tok/s | fwd_bwd 6303ms data 1ms clip 23ms optim 121ms step 6470ms mem 1452/3311MB
step 170,120 | loss 2.0422 | lr 2.58e-04 | 1288 tok/s | fwd_bwd 6190ms data 1ms clip 20ms optim 111ms step 6336ms mem 1493/3311MB
step 170,130 | loss 3.0058 | lr 2.58e-04 | 1283 tok/s | fwd_bwd 6303ms data 1ms clip 23ms optim 122ms step 6470ms mem 1452/3311MB
step 170,140 | loss 1.8964 | lr 2.58e-04 | 1289 tok/s | fwd_bwd 6189ms data 0ms clip 20ms optim 112ms step 6330ms mem 1493/3311MB
step 170,150 | loss 2.9566 | lr 2.58e-04 | 1284 tok/s | fwd_bwd 6216ms data 0ms clip 20ms optim 112ms step 6355ms mem 1493/3311MB
step 170,160 | loss 1.9991 | lr 2.58e-04 | 1282 tok/s | fwd_bwd 6215ms data 0ms clip 20ms optim 111ms step 6351ms mem 1493/3311MB
step 170,170 | loss 2.7556 | lr 2.58e-04 | 1280 tok/s | fwd_bwd 6221ms data 0ms clip 20ms optim 112ms step 6359ms mem 1493/3311MB
step 170,180 | loss 2.9650 | lr 2.58e-04 | 1285 tok/s | fwd_bwd 6228ms data 0ms clip 20ms optim 112ms step 6367ms mem 1493/3311MB
step 170,190 | loss 2.4277 | lr 2.58e-04 | 1284 tok/s | fwd_bwd 6221ms data 0ms clip 20ms optim 112ms step 6363ms mem 1493/3311MB
step 170,200 | loss 1.8306 | lr 2.58e-04 | 1284 tok/s | fwd_bwd 6233ms data 0ms clip 20ms optim 112ms step 6374ms mem 1493/3311MB
step 170,210 | loss 3.5519 | lr 2.58e-04 | 1283 tok/s | fwd_bwd 6206ms data 0ms clip 20ms optim 112ms step 6344ms mem 1493/3311MB
step 170,220 | loss 2.9848 | lr 2.58e-04 | 1281 tok/s | fwd_bwd 6252ms data 0ms clip 20ms optim 112ms step 6394ms mem 1493/3311MB
step 170,230 | loss 3.2522 | lr 2.58e-04 | 1280 tok/s | fwd_bwd 6217ms data 0ms clip 21ms optim 112ms step 6360ms mem 1493/3311MB
step 170,240 | loss 1.3930 | lr 2.58e-04 | 1284 tok/s | fwd_bwd 6207ms data 0ms clip 20ms optim 111ms step 6348ms mem 1493/3311MB
step 170,250 | loss 2.9836 | lr 2.58e-04 | 1286 tok/s | fwd_bwd 6166ms data 0ms clip 20ms optim 111ms step 6303ms mem 1493/3311MB
step 170,260 | loss 0.8092 | lr 2.58e-04 | 1289 tok/s | fwd_bwd 6168ms data 0ms clip 20ms optim 112ms step 6310ms mem 1470/3311MB
step 170,270 | loss 3.4829 | lr 2.58e-04 | 1287 tok/s | fwd_bwd 6205ms data 0ms clip 20ms optim 112ms step 6346ms mem 1493/3311MB
step 170,280 | loss 2.5274 | lr 2.58e-04 | 1287 tok/s | fwd_bwd 6190ms data 0ms clip 20ms optim 111ms step 6325ms mem 1493/3311MB
step 170,290 | loss 3.1403 | lr 2.58e-04 | 1290 tok/s | fwd_bwd 6254ms data 1ms clip 23ms optim 123ms step 6420ms mem 1493/3311MB
step 170,300 | loss 3.2017 | lr 2.58e-04 | 1293 tok/s | fwd_bwd 6196ms data 1ms clip 20ms optim 111ms step 6345ms mem 1493/3311MB
step 170,310 | loss 3.0108 | lr 2.58e-04 | 1294 tok/s | fwd_bwd 6155ms data 0ms clip 20ms optim 112ms step 6297ms mem 1493/3311MB
step 170,320 | loss 2.9209 | lr 2.57e-04 | 1292 tok/s | fwd_bwd 6190ms data 1ms clip 20ms optim 112ms step 6334ms mem 1493/3311MB
step 170,330 | loss 3.1311 | lr 2.57e-04 | 1285 tok/s | fwd_bwd 6214ms data 1ms clip 20ms optim 112ms step 6359ms mem 1493/3311MB
step 170,340 | loss 3.6659 | lr 2.57e-04 | 1284 tok/s | fwd_bwd 6203ms data 0ms clip 20ms optim 112ms step 6341ms mem 1493/3311MB
step 170,350 | loss 3.1807 | lr 2.57e-04 | 1287 tok/s | fwd_bwd 6185ms data 0ms clip 20ms optim 112ms step 6327ms mem 1493/3311MB
step 170,360 | loss 1.8740 | lr 2.57e-04 | 1290 tok/s | fwd_bwd 6192ms data 1ms clip 20ms optim 111ms step 6340ms mem 1493/3311MB
step 170,370 | loss 1.6933 | lr 2.57e-04 | 1291 tok/s | fwd_bwd 6176ms data 0ms clip 20ms optim 112ms step 6317ms mem 1493/3311MB
step 170,380 | loss 2.5177 | lr 2.57e-04 | 1293 tok/s | fwd_bwd 6166ms data 0ms clip 20ms optim 112ms step 6310ms mem 1493/3311MB
step 170,390 | loss 3.3179 | lr 2.57e-04 | 1289 tok/s | fwd_bwd 6190ms data 0ms clip 20ms optim 112ms step 6329ms mem 1493/3311MB
Checkpoint saved: checkpoints/step_170391
  Pruning old checkpoint: checkpoints/step_169281
step 170,400 | loss 2.3015 | lr 2.57e-04 | 1275 tok/s | fwd_bwd 6199ms data 0ms clip 20ms optim 111ms step 6342ms mem 1493/3311MB
step 170,410 | loss 2.5549 | lr 2.57e-04 | 1291 tok/s | fwd_bwd 6184ms data 0ms clip 20ms optim 112ms step 6325ms mem 1452/3311MB
step 170,420 | loss 1.8607 | lr 2.57e-04 | 1290 tok/s | fwd_bwd 6086ms data 1ms clip 20ms optim 112ms step 6230ms mem 1451/3311MB
step 170,430 | loss 3.3388 | lr 2.57e-04 | 1290 tok/s | fwd_bwd 6203ms data 0ms clip 20ms optim 112ms step 6343ms mem 1493/3311MB
step 170,440 | loss 3.0280 | lr 2.57e-04 | 1292 tok/s | fwd_bwd 6178ms data 0ms clip 20ms optim 112ms step 6320ms mem 1493/3311MB
step 170,450 | loss 1.9245 | lr 2.57e-04 | 1295 tok/s | fwd_bwd 6174ms data 0ms clip 20ms optim 111ms step 6313ms mem 1493/3311MB
step 170,460 | loss 1.4129 | lr 2.57e-04 | 1293 tok/s | fwd_bwd 6172ms data 1ms clip 20ms optim 112ms step 6316ms mem 1448/3311MB
step 170,470 | loss 3.3813 | lr 2.57e-04 | 1280 tok/s | fwd_bwd 6410ms data 0ms clip 20ms optim 112ms step 6547ms mem 1482/3311MB
step 170,480 | loss 3.0442 | lr 2.57e-04 | 1087 tok/s | fwd_bwd 6711ms data 1ms clip 21ms optim 119ms step 6866ms mem 1448/3311MB
step 170,490 | loss 2.5360 | lr 2.57e-04 | 1253 tok/s | fwd_bwd 6245ms data 1ms clip 20ms optim 111ms step 6391ms mem 1448/3311MB
step 170,500 | loss 2.1099 | lr 2.57e-04 | 1289 tok/s | fwd_bwd 6155ms data 0ms clip 20ms optim 112ms step 6295ms mem 1448/3311MB
  [eval] step 170500 | val_loss 3.1870 | ppl 24.22
step 170,510 | loss 2.0526 | lr 2.57e-04 | 728 tok/s | fwd_bwd 6282ms data 1ms clip 23ms optim 120ms step 6446ms mem 1470/3311MB
step 170,520 | loss 1.8062 | lr 2.57e-04 | 1292 tok/s | fwd_bwd 6180ms data 0ms clip 20ms optim 111ms step 6322ms mem 1493/3311MB
step 170,530 | loss 2.8489 | lr 2.57e-04 | 1290 tok/s | fwd_bwd 6186ms data 1ms clip 20ms optim 112ms step 6334ms mem 1493/3311MB
step 170,540 | loss 1.5646 | lr 2.57e-04 | 1291 tok/s | fwd_bwd 6162ms data 0ms clip 20ms optim 112ms step 6303ms mem 1493/3311MB
step 170,550 | loss 3.2573 | lr 2.57e-04 | 1293 tok/s | fwd_bwd 6181ms data 1ms clip 20ms optim 112ms step 6327ms mem 1493/3311MB
step 170,560 | loss 2.5462 | lr 2.57e-04 | 1291 tok/s | fwd_bwd 6173ms data 0ms clip 20ms optim 112ms step 6314ms mem 1493/3311MB
step 170,570 | loss 2.4006 | lr 2.57e-04 | 1288 tok/s | fwd_bwd 6194ms data 0ms clip 20ms optim 112ms step 6330ms mem 1493/3311MB
step 170,580 | loss 3.3075 | lr 2.57e-04 | 1286 tok/s | fwd_bwd 6189ms data 0ms clip 20ms optim 111ms step 6328ms mem 1452/3311MB
step 170,590 | loss 2.0320 | lr 2.57e-04 | 1295 tok/s | fwd_bwd 6104ms data 0ms clip 20ms optim 112ms step 6245ms mem 1488/3311MB
step 170,600 | loss 1.7529 | lr 2.57e-04 | 1293 tok/s | fwd_bwd 6265ms data 1ms clip 23ms optim 120ms step 6431ms mem 1493/3311MB
step 170,610 | loss 0.0323 | lr 2.57e-04 | 1291 tok/s | fwd_bwd 6193ms data 0ms clip 20ms optim 112ms step 6336ms mem 1493/3311MB
step 170,620 | loss 2.9283 | lr 2.57e-04 | 1284 tok/s | fwd_bwd 6202ms data 1ms clip 23ms optim 121ms step 6367ms mem 1452/3311MB
step 170,630 | loss 3.4638 | lr 2.57e-04 | 1290 tok/s | fwd_bwd 6176ms data 0ms clip 20ms optim 112ms step 6320ms mem 1493/3311MB
step 170,640 | loss 2.0366 | lr 2.57e-04 | 1290 tok/s | fwd_bwd 6239ms data 1ms clip 20ms optim 111ms step 6389ms mem 1493/3311MB
step 170,650 | loss 1.9796 | lr 2.57e-04 | 1284 tok/s | fwd_bwd 6261ms data 1ms clip 24ms optim 120ms step 6426ms mem 1493/3311MB
step 170,660 | loss 1.5451 | lr 2.57e-04 | 1292 tok/s | fwd_bwd 6193ms data 0ms clip 20ms optim 112ms step 6332ms mem 1493/3311MB
step 170,670 | loss 1.2293 | lr 2.57e-04 | 1286 tok/s | fwd_bwd 6233ms data 0ms clip 20ms optim 113ms step 6378ms mem 1493/3311MB
step 170,680 | loss 1.8971 | lr 2.57e-04 | 1284 tok/s | fwd_bwd 6217ms data 0ms clip 20ms optim 111ms step 6357ms mem 1452/3311MB
step 170,690 | loss 3.6786 | lr 2.57e-04 | 1283 tok/s | fwd_bwd 6223ms data 1ms clip 20ms optim 111ms step 6369ms mem 1451/3311MB
step 170,700 | loss 2.2002 | lr 2.57e-04 | 1288 tok/s | fwd_bwd 6196ms data 8ms clip 20ms optim 111ms step 6343ms mem 1493/3311MB
step 170,710 | loss 1.6007 | lr 2.57e-04 | 1288 tok/s | fwd_bwd 6195ms data 0ms clip 20ms optim 111ms step 6336ms mem 1451/3311MB
step 170,720 | loss 2.7344 | lr 2.57e-04 | 1289 tok/s | fwd_bwd 6221ms data 1ms clip 23ms optim 121ms step 6384ms mem 1470/3311MB
step 170,730 | loss 1.5766 | lr 2.57e-04 | 1291 tok/s | fwd_bwd 6098ms data 0ms clip 20ms optim 112ms step 6237ms mem 1493/3311MB
step 170,740 | loss 2.6854 | lr 2.57e-04 | 1286 tok/s | fwd_bwd 6126ms data 0ms clip 21ms optim 112ms step 6266ms mem 1493/3311MB
step 170,750 | loss 2.6543 | lr 2.57e-04 | 1290 tok/s | fwd_bwd 6168ms data 0ms clip 20ms optim 112ms step 6308ms mem 1493/3311MB
step 170,760 | loss 3.2890 | lr 2.57e-04 | 1292 tok/s | fwd_bwd 6090ms data 1ms clip 20ms optim 112ms step 6239ms mem 1452/3311MB
step 170,770 | loss 3.6540 | lr 2.57e-04 | 1301 tok/s | fwd_bwd 6127ms data 0ms clip 20ms optim 112ms step 6265ms mem 1493/3311MB
step 170,780 | loss 2.9004 | lr 2.57e-04 | 1310 tok/s | fwd_bwd 6069ms data 0ms clip 20ms optim 111ms step 6212ms mem 1493/3311MB
step 170,790 | loss 2.2277 | lr 2.57e-04 | 1317 tok/s | fwd_bwd 6009ms data 1ms clip 20ms optim 112ms step 6158ms mem 1493/3311MB
step 170,800 | loss 2.9903 | lr 2.57e-04 | 1318 tok/s | fwd_bwd 6032ms data 0ms clip 20ms optim 112ms step 6170ms mem 1493/3311MB
step 170,810 | loss 3.9659 | lr 2.57e-04 | 1326 tok/s | fwd_bwd 6016ms data 0ms clip 20ms optim 112ms step 6158ms mem 1493/3311MB
step 170,820 | loss 3.6430 | lr 2.57e-04 | 1323 tok/s | fwd_bwd 6120ms data 1ms clip 23ms optim 120ms step 6285ms mem 1493/3311MB
step 170,830 | loss 1.9675 | lr 2.57e-04 | 1325 tok/s | fwd_bwd 6050ms data 0ms clip 20ms optim 112ms step 6191ms mem 1493/3311MB
step 170,840 | loss 3.6277 | lr 2.57e-04 | 1318 tok/s | fwd_bwd 5974ms data 0ms clip 20ms optim 112ms step 6112ms mem 1493/3311MB
step 170,850 | loss 3.3351 | lr 2.57e-04 | 1319 tok/s | fwd_bwd 6036ms data 0ms clip 20ms optim 111ms step 6176ms mem 1493/3311MB
step 170,860 | loss 3.2202 | lr 2.57e-04 | 1324 tok/s | fwd_bwd 6025ms data 0ms clip 20ms optim 112ms step 6163ms mem 1452/3311MB
step 170,870 | loss 3.9170 | lr 2.57e-04 | 1323 tok/s | fwd_bwd 5988ms data 1ms clip 20ms optim 111ms step 6142ms mem 1451/3311MB
step 170,880 | loss 1.9626 | lr 2.56e-04 | 1325 tok/s | fwd_bwd 6004ms data 1ms clip 20ms optim 114ms step 6155ms mem 1493/3311MB
step 170,890 | loss 3.3337 | lr 2.56e-04 | 1323 tok/s | fwd_bwd 6095ms data 1ms clip 23ms optim 120ms step 6260ms mem 1493/3311MB
step 170,900 | loss 2.7271 | lr 2.56e-04 | 1327 tok/s | fwd_bwd 6060ms data 1ms clip 23ms optim 119ms step 6223ms mem 1493/3311MB
step 170,910 | loss 3.5204 | lr 2.56e-04 | 1325 tok/s | fwd_bwd 6046ms data 1ms clip 20ms optim 111ms step 6195ms mem 1493/3311MB
step 170,920 | loss 0.2308 | lr 2.56e-04 | 1318 tok/s | fwd_bwd 6067ms data 1ms clip 20ms optim 112ms step 6212ms mem 1493/3311MB
step 170,930 | loss 0.2511 | lr 2.56e-04 | 1326 tok/s | fwd_bwd 6007ms data 0ms clip 20ms optim 113ms step 6152ms mem 1493/3311MB
step 170,940 | loss 2.5880 | lr 2.56e-04 | 1330 tok/s | fwd_bwd 6009ms data 0ms clip 20ms optim 112ms step 6145ms mem 1493/3311MB
step 170,950 | loss 3.6749 | lr 2.56e-04 | 1325 tok/s | fwd_bwd 6013ms data 0ms clip 20ms optim 112ms step 6152ms mem 1493/3311MB
Checkpoint saved: checkpoints/step_170953
  Pruning old checkpoint: checkpoints/step_169839
step 170,960 | loss 3.4954 | lr 2.56e-04 | 1306 tok/s | fwd_bwd 6085ms data 0ms clip 20ms optim 112ms step 6223ms mem 1451/3311MB
step 170,970 | loss 1.4210 | lr 2.56e-04 | 1311 tok/s | fwd_bwd 6068ms data 1ms clip 20ms optim 112ms step 6214ms mem 1451/3311MB
step 170,980 | loss 3.6525 | lr 2.56e-04 | 1318 tok/s | fwd_bwd 6075ms data 0ms clip 20ms optim 112ms step 6214ms mem 1451/3311MB
step 170,990 | loss 3.3294 | lr 2.56e-04 | 1301 tok/s | fwd_bwd 6206ms data 1ms clip 23ms optim 120ms step 6371ms mem 1452/3311MB
step 171,000 | loss 2.5821 | lr 2.56e-04 | 1295 tok/s | fwd_bwd 6193ms data 0ms clip 20ms optim 112ms step 6333ms mem 1493/3311MB
  [eval] step 171000 | val_loss 3.2586 | ppl 26.01
Checkpoint saved: checkpoints/step_171000
  [samples] wrote checkpoints/step_171000/samples.txt
  Pruning old checkpoint: checkpoints/step_170000
step 171,010 | loss 3.5629 | lr 2.56e-04 | 557 tok/s | fwd_bwd 6232ms data 1ms clip 20ms optim 112ms step 6381ms mem 1493/3311MB
step 171,020 | loss 2.8111 | lr 2.56e-04 | 1286 tok/s | fwd_bwd 6219ms data 0ms clip 20ms optim 112ms step 6360ms mem 1493/3311MB
step 171,030 | loss 3.1357 | lr 2.56e-04 | 1284 tok/s | fwd_bwd 6206ms data 0ms clip 20ms optim 112ms step 6344ms mem 1493/3311MB
step 171,040 | loss 2.0710 | lr 2.56e-04 | 1277 tok/s | fwd_bwd 6235ms data 0ms clip 20ms optim 111ms step 6370ms mem 1493/3311MB
step 171,050 | loss 1.9786 | lr 2.56e-04 | 1282 tok/s | fwd_bwd 6206ms data 0ms clip 20ms optim 112ms step 6348ms mem 1493/3311MB
step 171,060 | loss 3.0587 | lr 2.56e-04 | 1285 tok/s | fwd_bwd 6272ms data 1ms clip 23ms optim 120ms step 6438ms mem 1452/3311MB
step 171,070 | loss 1.2982 | lr 2.56e-04 | 1292 tok/s | fwd_bwd 6208ms data 0ms clip 20ms optim 112ms step 6350ms mem 1493/3311MB
step 171,080 | loss 3.2774 | lr 2.56e-04 | 1284 tok/s | fwd_bwd 6241ms data 0ms clip 20ms optim 112ms step 6382ms mem 1493/3311MB
step 171,090 | loss 2.3088 | lr 2.56e-04 | 1280 tok/s | fwd_bwd 6230ms data 0ms clip 20ms optim 112ms step 6369ms mem 1470/3311MB
step 171,100 | loss 3.4399 | lr 2.56e-04 | 1281 tok/s | fwd_bwd 6306ms data 1ms clip 23ms optim 120ms step 6472ms mem 1493/3311MB
step 171,110 | loss 3.7190 | lr 2.56e-04 | 1288 tok/s | fwd_bwd 6208ms data 0ms clip 20ms optim 112ms step 6348ms mem 1450/3311MB
step 171,120 | loss 2.6991 | lr 2.56e-04 | 1287 tok/s | fwd_bwd 6208ms data 0ms clip 20ms optim 112ms step 6346ms mem 1493/3311MB
step 171,130 | loss 2.8833 | lr 2.56e-04 | 1282 tok/s | fwd_bwd 6243ms data 0ms clip 20ms optim 112ms step 6387ms mem 1452/3311MB
step 171,140 | loss 1.9726 | lr 2.56e-04 | 1278 tok/s | fwd_bwd 6256ms data 0ms clip 20ms optim 112ms step 6395ms mem 1493/3311MB
step 171,150 | loss 3.5410 | lr 2.56e-04 | 1283 tok/s | fwd_bwd 6217ms data 0ms clip 20ms optim 112ms step 6353ms mem 1493/3311MB
step 171,160 | loss 3.4244 | lr 2.56e-04 | 1100 tok/s | fwd_bwd 6229ms data 1ms clip 20ms optim 112ms step 6374ms mem 1448/3311MB
step 171,170 | loss 1.8206 | lr 2.56e-04 | 1270 tok/s | fwd_bwd 6372ms data 1ms clip 23ms optim 123ms step 6537ms mem 1448/3311MB
step 171,180 | loss 2.6297 | lr 2.56e-04 | 1270 tok/s | fwd_bwd 6379ms data 1ms clip 23ms optim 122ms step 6542ms mem 1448/3311MB
step 171,190 | loss 2.2292 | lr 2.56e-04 | 1216 tok/s | fwd_bwd 6262ms data 1ms clip 20ms optim 113ms step 6409ms mem 1448/3311MB
step 171,200 | loss 2.7585 | lr 2.56e-04 | 1231 tok/s | fwd_bwd 6365ms data 1ms clip 23ms optim 123ms step 6530ms mem 1448/3311MB
step 171,210 | loss 3.1467 | lr 2.56e-04 | 1254 tok/s | fwd_bwd 6324ms data 1ms clip 20ms optim 113ms step 6476ms mem 1448/3311MB
step 171,220 | loss 3.2554 | lr 2.56e-04 | 1253 tok/s | fwd_bwd 6263ms data 1ms clip 22ms optim 117ms step 6420ms mem 1448/3311MB
step 171,230 | loss 3.1595 | lr 2.56e-04 | 1255 tok/s | fwd_bwd 6822ms data 0ms clip 23ms optim 118ms step 6969ms mem 1448/3311MB
step 171,240 | loss 3.2312 | lr 2.56e-04 | 1157 tok/s | fwd_bwd 6602ms data 0ms clip 20ms optim 116ms step 6743ms mem 1493/3311MB
step 171,250 | loss 2.6016 | lr 2.56e-04 | 1139 tok/s | fwd_bwd 6908ms data 0ms clip 22ms optim 117ms step 7052ms mem 1452/3311MB
step 171,260 | loss 3.1035 | lr 2.56e-04 | 1202 tok/s | fwd_bwd 6311ms data 0ms clip 20ms optim 112ms step 6447ms mem 1493/3311MB
step 171,270 | loss 2.5696 | lr 2.56e-04 | 1213 tok/s | fwd_bwd 6938ms data 1ms clip 22ms optim 116ms step 7083ms mem 1493/3311MB
step 171,280 | loss 2.9849 | lr 2.56e-04 | 1176 tok/s | fwd_bwd 6482ms data 1ms clip 23ms optim 120ms step 6645ms mem 1452/3311MB
step 171,290 | loss 1.5753 | lr 2.56e-04 | 1209 tok/s | fwd_bwd 6892ms data 1ms clip 22ms optim 117ms step 7037ms mem 1493/3311MB
step 171,300 | loss 1.5241 | lr 2.56e-04 | 1197 tok/s | fwd_bwd 6236ms data 0ms clip 20ms optim 112ms step 6372ms mem 1452/3311MB
step 171,310 | loss 1.9286 | lr 2.56e-04 | 1237 tok/s | fwd_bwd 6489ms data 9ms clip 24ms optim 120ms step 6648ms mem 1493/3311MB
step 171,320 | loss 1.0944 | lr 2.56e-04 | 1212 tok/s | fwd_bwd 6912ms data 0ms clip 21ms optim 117ms step 7057ms mem 1493/3311MB
step 171,330 | loss 3.0331 | lr 2.56e-04 | 1158 tok/s | fwd_bwd 6319ms data 0ms clip 20ms optim 114ms step 6458ms mem 1452/3311MB
step 171,340 | loss 2.2875 | lr 2.56e-04 | 1284 tok/s | fwd_bwd 6150ms data 0ms clip 22ms optim 114ms step 6290ms mem 1493/3311MB
step 171,350 | loss 3.0002 | lr 2.56e-04 | 1243 tok/s | fwd_bwd 6904ms data 1ms clip 22ms optim 118ms step 7050ms mem 1452/3311MB
step 171,360 | loss 2.9139 | lr 2.56e-04 | 1222 tok/s | fwd_bwd 6579ms data 1ms clip 21ms optim 117ms step 6728ms mem 1476/3311MB
step 171,370 | loss 2.5445 | lr 2.56e-04 | 1207 tok/s | fwd_bwd 6283ms data 0ms clip 20ms optim 111ms step 6419ms mem 1493/3311MB
step 171,380 | loss 2.8089 | lr 2.56e-04 | 1246 tok/s | fwd_bwd 6345ms data 0ms clip 20ms optim 112ms step 6480ms mem 1493/3311MB
step 171,390 | loss 2.6088 | lr 2.56e-04 | 1258 tok/s | fwd_bwd 6281ms data 0ms clip 20ms optim 113ms step 6417ms mem 1493/3311MB
step 171,400 | loss 2.5692 | lr 2.56e-04 | 1281 tok/s | fwd_bwd 6205ms data 0ms clip 20ms optim 112ms step 6342ms mem 1493/3311MB
step 171,410 | loss 1.9607 | lr 2.56e-04 | 1261 tok/s | fwd_bwd 6387ms data 0ms clip 23ms optim 116ms step 6532ms mem 1470/3311MB
step 171,420 | loss 3.6383 | lr 2.56e-04 | 1251 tok/s | fwd_bwd 6343ms data 0ms clip 21ms optim 113ms step 6481ms mem 1451/3311MB
step 171,430 | loss 3.0535 | lr 2.55e-04 | 1252 tok/s | fwd_bwd 6283ms data 0ms clip 20ms optim 112ms step 6419ms mem 1493/3311MB
step 171,440 | loss 3.2544 | lr 2.55e-04 | 1275 tok/s | fwd_bwd 6240ms data 1ms clip 22ms optim 119ms step 6402ms mem 1493/3311MB
step 171,450 | loss 3.9167 | lr 2.55e-04 | 1304 tok/s | fwd_bwd 6072ms data 0ms clip 20ms optim 112ms step 6211ms mem 1470/3311MB
step 171,460 | loss 1.8320 | lr 2.55e-04 | 1314 tok/s | fwd_bwd 6114ms data 1ms clip 20ms optim 112ms step 6266ms mem 1452/3311MB
step 171,470 | loss 1.3322 | lr 2.55e-04 | 1314 tok/s | fwd_bwd 5990ms data 1ms clip 20ms optim 112ms step 6134ms mem 1493/3311MB
step 171,480 | loss 1.5592 | lr 2.55e-04 | 1313 tok/s | fwd_bwd 6078ms data 1ms clip 20ms optim 113ms step 6223ms mem 1493/3311MB
step 171,490 | loss 3.3315 | lr 2.55e-04 | 1307 tok/s | fwd_bwd 6085ms data 0ms clip 20ms optim 112ms step 6226ms mem 1451/3311MB
Checkpoint saved: checkpoints/step_171492
  Pruning old checkpoint: checkpoints/step_170391
step 171,500 | loss 3.1149 | lr 2.55e-04 | 1292 tok/s | fwd_bwd 6017ms data 1ms clip 20ms optim 111ms step 6161ms mem 1493/3311MB
  [eval] step 171500 | val_loss 3.2526 | ppl 25.86
step 171,510 | loss 1.9314 | lr 2.55e-04 | 738 tok/s | fwd_bwd 6068ms data 0ms clip 20ms optim 112ms step 6206ms mem 1470/3311MB
step 171,520 | loss 2.7011 | lr 2.55e-04 | 1311 tok/s | fwd_bwd 6049ms data 1ms clip 20ms optim 112ms step 6194ms mem 1493/3311MB
step 171,530 | loss 2.8655 | lr 2.55e-04 | 1315 tok/s | fwd_bwd 5999ms data 0ms clip 20ms optim 111ms step 6137ms mem 1493/3311MB
step 171,540 | loss 3.2111 | lr 2.55e-04 | 1311 tok/s | fwd_bwd 6144ms data 1ms clip 21ms optim 113ms step 6301ms mem 1493/3311MB
step 171,550 | loss 2.4797 | lr 2.55e-04 | 1316 tok/s | fwd_bwd 6067ms data 0ms clip 20ms optim 112ms step 6209ms mem 1493/3311MB
step 171,560 | loss 3.2301 | lr 2.55e-04 | 1315 tok/s | fwd_bwd 6057ms data 0ms clip 20ms optim 112ms step 6199ms mem 1493/3311MB
step 171,570 | loss 3.3119 | lr 2.55e-04 | 1322 tok/s | fwd_bwd 5940ms data 1ms clip 20ms optim 111ms step 6088ms mem 1493/3311MB
step 171,580 | loss 3.1896 | lr 2.55e-04 | 1327 tok/s | fwd_bwd 6025ms data 1ms clip 20ms optim 112ms step 6171ms mem 1493/3311MB
step 171,590 | loss 2.3403 | lr 2.55e-04 | 1320 tok/s | fwd_bwd 6039ms data 1ms clip 20ms optim 112ms step 6186ms mem 1493/3311MB
step 171,600 | loss 2.4662 | lr 2.55e-04 | 1321 tok/s | fwd_bwd 6036ms data 1ms clip 20ms optim 112ms step 6184ms mem 1493/3311MB
step 171,610 | loss 2.2533 | lr 2.55e-04 | 1313 tok/s | fwd_bwd 6032ms data 1ms clip 20ms optim 113ms step 6179ms mem 1493/3311MB
step 171,620 | loss 4.1359 | lr 2.55e-04 | 1320 tok/s | fwd_bwd 6021ms data 0ms clip 20ms optim 112ms step 6157ms mem 1493/3311MB
step 171,630 | loss 2.6657 | lr 2.55e-04 | 1325 tok/s | fwd_bwd 5985ms data 1ms clip 20ms optim 112ms step 6134ms mem 1493/3311MB
step 171,640 | loss 2.4950 | lr 2.55e-04 | 1325 tok/s | fwd_bwd 6029ms data 1ms clip 20ms optim 113ms step 6182ms mem 1493/3311MB
step 171,650 | loss 2.6488 | lr 2.55e-04 | 1324 tok/s | fwd_bwd 6014ms data 0ms clip 20ms optim 113ms step 6151ms mem 1451/3311MB
step 171,660 | loss 3.2655 | lr 2.55e-04 | 1323 tok/s | fwd_bwd 6061ms data 0ms clip 20ms optim 112ms step 6199ms mem 1452/3311MB
step 171,670 | loss 2.5597 | lr 2.55e-04 | 1319 tok/s | fwd_bwd 6095ms data 1ms clip 23ms optim 121ms step 6261ms mem 1452/3311MB
step 171,680 | loss 4.0735 | lr 2.55e-04 | 1321 tok/s | fwd_bwd 6043ms data 1ms clip 20ms optim 111ms step 6185ms mem 1493/3311MB
step 171,690 | loss 3.4704 | lr 2.55e-04 | 1319 tok/s | fwd_bwd 6033ms data 0ms clip 20ms optim 112ms step 6171ms mem 1470/3311MB
step 171,700 | loss 1.6169 | lr 2.55e-04 | 1322 tok/s | fwd_bwd 5932ms data 1ms clip 20ms optim 112ms step 6076ms mem 1493/3311MB
step 171,710 | loss 1.7885 | lr 2.55e-04 | 1321 tok/s | fwd_bwd 6035ms data 1ms clip 20ms optim 112ms step 6182ms mem 1493/3311MB
step 171,720 | loss 1.7416 | lr 2.55e-04 | 1320 tok/s | fwd_bwd 6039ms data 0ms clip 20ms optim 112ms step 6178ms mem 1493/3311MB
step 171,730 | loss 3.4115 | lr 2.55e-04 | 1318 tok/s | fwd_bwd 6047ms data 0ms clip 20ms optim 114ms step 6190ms mem 1493/3311MB
step 171,740 | loss 2.9381 | lr 2.55e-04 | 1319 tok/s | fwd_bwd 6045ms data 0ms clip 20ms optim 112ms step 6184ms mem 1493/3311MB
step 171,750 | loss 2.2093 | lr 2.55e-04 | 1311 tok/s | fwd_bwd 6070ms data 0ms clip 20ms optim 111ms step 6211ms mem 1493/3311MB
step 171,760 | loss 2.6721 | lr 2.55e-04 | 1318 tok/s | fwd_bwd 6048ms data 0ms clip 20ms optim 112ms step 6186ms mem 1493/3311MB
step 171,770 | loss 3.5062 | lr 2.55e-04 | 1320 tok/s | fwd_bwd 6028ms data 0ms clip 20ms optim 111ms step 6166ms mem 1493/3311MB
step 171,780 | loss 1.8769 | lr 2.55e-04 | 1321 tok/s | fwd_bwd 6081ms data 1ms clip 20ms optim 111ms step 6234ms mem 1493/3311MB
step 171,790 | loss 3.1780 | lr 2.55e-04 | 1323 tok/s | fwd_bwd 6041ms data 0ms clip 20ms optim 112ms step 6178ms mem 1493/3311MB
step 171,800 | loss 2.9958 | lr 2.55e-04 | 1323 tok/s | fwd_bwd 6045ms data 1ms clip 20ms optim 112ms step 6189ms mem 1493/3311MB
step 171,810 | loss 3.2620 | lr 2.55e-04 | 1321 tok/s | fwd_bwd 6033ms data 0ms clip 20ms optim 112ms step 6175ms mem 1493/3311MB
step 171,820 | loss 1.6104 | lr 2.55e-04 | 1319 tok/s | fwd_bwd 6072ms data 1ms clip 20ms optim 112ms step 6221ms mem 1448/3311MB
step 171,830 | loss 1.2942 | lr 2.55e-04 | 1283 tok/s | fwd_bwd 6723ms data 0ms clip 22ms optim 123ms step 6874ms mem 1493/3311MB
step 171,840 | loss 2.3706 | lr 2.55e-04 | 1143 tok/s | fwd_bwd 6512ms data 1ms clip 21ms optim 117ms step 6657ms mem 1493/3311MB
step 171,850 | loss 2.7031 | lr 2.55e-04 | 1211 tok/s | fwd_bwd 7000ms data 1ms clip 21ms optim 118ms step 7145ms mem 1452/3311MB
step 171,860 | loss 2.3535 | lr 2.55e-04 | 1290 tok/s | fwd_bwd 6069ms data 1ms clip 20ms optim 111ms step 6212ms mem 1493/3311MB
step 171,870 | loss 2.6666 | lr 2.55e-04 | 1321 tok/s | fwd_bwd 6052ms data 0ms clip 20ms optim 112ms step 6190ms mem 1493/3311MB
step 171,880 | loss 2.4740 | lr 2.55e-04 | 1326 tok/s | fwd_bwd 5927ms data 1ms clip 20ms optim 111ms step 6074ms mem 1493/3311MB
step 171,890 | loss 2.8991 | lr 2.55e-04 | 1326 tok/s | fwd_bwd 5968ms data 0ms clip 20ms optim 112ms step 6109ms mem 1493/3311MB
step 171,900 | loss 1.6052 | lr 2.55e-04 | 1323 tok/s | fwd_bwd 5986ms data 1ms clip 20ms optim 112ms step 6137ms mem 1493/3311MB
step 171,910 | loss 1.7518 | lr 2.55e-04 | 1323 tok/s | fwd_bwd 6015ms data 0ms clip 20ms optim 112ms step 6151ms mem 1489/3311MB
step 171,920 | loss 1.4144 | lr 2.55e-04 | 1325 tok/s | fwd_bwd 6040ms data 6ms clip 20ms optim 112ms step 6188ms mem 1493/3311MB
step 171,930 | loss 2.4082 | lr 2.55e-04 | 1321 tok/s | fwd_bwd 6072ms data 1ms clip 23ms optim 120ms step 6233ms mem 1452/3311MB
step 171,940 | loss 2.4147 | lr 2.55e-04 | 1328 tok/s | fwd_bwd 6014ms data 0ms clip 20ms optim 111ms step 6155ms mem 1493/3311MB
step 171,950 | loss 2.9306 | lr 2.55e-04 | 1324 tok/s | fwd_bwd 6017ms data 0ms clip 20ms optim 111ms step 6160ms mem 1493/3311MB
step 171,960 | loss 1.8205 | lr 2.55e-04 | 1319 tok/s | fwd_bwd 6010ms data 1ms clip 20ms optim 111ms step 6161ms mem 1493/3311MB
step 171,970 | loss 1.5174 | lr 2.55e-04 | 1325 tok/s | fwd_bwd 6025ms data 1ms clip 20ms optim 112ms step 6175ms mem 1493/3311MB
step 171,980 | loss 3.0032 | lr 2.55e-04 | 1330 tok/s | fwd_bwd 6044ms data 1ms clip 23ms optim 121ms step 6209ms mem 1452/3311MB
step 171,990 | loss 2.0620 | lr 2.54e-04 | 1321 tok/s | fwd_bwd 6075ms data 1ms clip 23ms optim 119ms step 6234ms mem 1489/3311MB
step 172,000 | loss 2.3289 | lr 2.54e-04 | 1218 tok/s | fwd_bwd 7131ms data 1ms clip 36ms optim 188ms step 7363ms mem 1452/3311MB
  [eval] step 172000 | val_loss 3.1265 | ppl 22.79
Checkpoint saved: checkpoints/step_172000
  [samples] wrote checkpoints/step_172000/samples.txt
  Pruning old checkpoint: checkpoints/step_170953
step 172,010 | loss 2.2461 | lr 2.54e-04 | 490 tok/s | fwd_bwd 7993ms data 1ms clip 23ms optim 121ms step 8146ms mem 1493/3311MB
step 172,020 | loss 2.9224 | lr 2.54e-04 | 1155 tok/s | fwd_bwd 6838ms data 1ms clip 22ms optim 118ms step 6984ms mem 1493/3311MB
step 172,030 | loss 0.8180 | lr 2.54e-04 | 1091 tok/s | fwd_bwd 8460ms data 1ms clip 36ms optim 171ms step 8674ms mem 1448/3311MB
step 172,040 | loss 2.8482 | lr 2.54e-04 | 1190 tok/s | fwd_bwd 6719ms data 1ms clip 23ms optim 120ms step 6869ms mem 1448/3311MB
Checkpoint saved: checkpoints/step_172040
  Pruning old checkpoint: checkpoints/step_171000
step 172,050 | loss 2.9246 | lr 2.54e-04 | 1201 tok/s | fwd_bwd 6256ms data 0ms clip 20ms optim 112ms step 6397ms mem 1448/3311MB
step 172,060 | loss 1.7046 | lr 2.54e-04 | 1287 tok/s | fwd_bwd 6037ms data 0ms clip 23ms optim 112ms step 6181ms mem 1448/3311MB
step 172,070 | loss 1.0375 | lr 2.54e-04 | 1275 tok/s | fwd_bwd 6350ms data 0ms clip 21ms optim 112ms step 6486ms mem 1448/3311MB
step 172,080 | loss 2.3884 | lr 2.54e-04 | 1240 tok/s | fwd_bwd 6755ms data 1ms clip 22ms optim 119ms step 6902ms mem 1448/3311MB
step 172,090 | loss 2.7405 | lr 2.54e-04 | 1165 tok/s | fwd_bwd 6374ms data 1ms clip 24ms optim 118ms step 6535ms mem 1448/3311MB
step 172,100 | loss 3.9588 | lr 2.54e-04 | 1212 tok/s | fwd_bwd 6594ms data 0ms clip 21ms optim 117ms step 6738ms mem 1448/3311MB
step 172,110 | loss 3.6113 | lr 2.54e-04 | 1259 tok/s | fwd_bwd 6148ms data 0ms clip 20ms optim 116ms step 6296ms mem 1448/3311MB
step 172,120 | loss 2.2841 | lr 2.54e-04 | 1313 tok/s | fwd_bwd 6054ms data 0ms clip 20ms optim 111ms step 6196ms mem 1448/3311MB
step 172,130 | loss 1.7738 | lr 2.54e-04 | 1297 tok/s | fwd_bwd 5984ms data 0ms clip 20ms optim 112ms step 6124ms mem 1448/3311MB
step 172,140 | loss 1.7135 | lr 2.54e-04 | 1123 tok/s | fwd_bwd 7148ms data 0ms clip 21ms optim 113ms step 7286ms mem 1493/3311MB
step 172,150 | loss 1.4219 | lr 2.54e-04 | 1198 tok/s | fwd_bwd 6405ms data 1ms clip 23ms optim 116ms step 6561ms mem 1493/3311MB
step 172,160 | loss 2.7906 | lr 2.54e-04 | 1164 tok/s | fwd_bwd 7266ms data 1ms clip 22ms optim 117ms step 7412ms mem 1448/3311MB
step 172,170 | loss 0.9954 | lr 2.54e-04 | 1140 tok/s | fwd_bwd 6432ms data 1ms clip 23ms optim 117ms step 6581ms mem 1493/3311MB
step 172,180 | loss 1.9419 | lr 2.54e-04 | 1173 tok/s | fwd_bwd 6697ms data 1ms clip 22ms optim 121ms step 6848ms mem 1493/3311MB
step 172,190 | loss 3.1032 | lr 2.54e-04 | 1194 tok/s | fwd_bwd 6394ms data 0ms clip 21ms optim 113ms step 6532ms mem 1493/3311MB
step 172,200 | loss 1.9226 | lr 2.54e-04 | 1193 tok/s | fwd_bwd 6981ms data 1ms clip 22ms optim 117ms step 7127ms mem 1493/3311MB
step 172,210 | loss 1.2304 | lr 2.54e-04 | 1112 tok/s | fwd_bwd 6691ms data 1ms clip 22ms optim 119ms step 6839ms mem 1493/3311MB
step 172,220 | loss 2.9763 | lr 2.54e-04 | 1158 tok/s | fwd_bwd 7163ms data 1ms clip 23ms optim 121ms step 7313ms mem 1493/3311MB
step 172,230 | loss 2.2427 | lr 2.54e-04 | 1138 tok/s | fwd_bwd 7096ms data 1ms clip 22ms optim 123ms step 7250ms mem 1493/3311MB
step 172,240 | loss 2.7372 | lr 2.54e-04 | 1178 tok/s | fwd_bwd 6852ms data 0ms clip 21ms optim 119ms step 6998ms mem 1493/3311MB
step 172,250 | loss 1.8598 | lr 2.54e-04 | 1143 tok/s | fwd_bwd 6622ms data 1ms clip 23ms optim 117ms step 6769ms mem 1493/3311MB
step 172,260 | loss 1.4670 | lr 2.54e-04 | 1152 tok/s | fwd_bwd 7251ms data 1ms clip 21ms optim 120ms step 7399ms mem 1493/3311MB
step 172,270 | loss 2.2533 | lr 2.54e-04 | 1148 tok/s | fwd_bwd 6773ms data 1ms clip 21ms optim 118ms step 6919ms mem 1493/3311MB
step 172,280 | loss 2.6268 | lr 2.54e-04 | 1111 tok/s | fwd_bwd 7399ms data 1ms clip 22ms optim 120ms step 7549ms mem 1493/3311MB
step 172,290 | loss 3.1005 | lr 2.54e-04 | 1130 tok/s | fwd_bwd 6834ms data 1ms clip 22ms optim 118ms step 6980ms mem 1493/3311MB
step 172,300 | loss 3.3989 | lr 2.54e-04 | 1178 tok/s | fwd_bwd 6112ms data 1ms clip 20ms optim 112ms step 6253ms mem 1458/3311MB
step 172,310 | loss 1.0897 | lr 2.54e-04 | 1219 tok/s | fwd_bwd 6769ms data 0ms clip 21ms optim 117ms step 6913ms mem 1493/3311MB
step 172,320 | loss 3.2153 | lr 2.54e-04 | 1164 tok/s | fwd_bwd 7187ms data 1ms clip 23ms optim 121ms step 7338ms mem 1493/3311MB
step 172,330 | loss 0.0180 | lr 2.54e-04 | 1133 tok/s | fwd_bwd 7212ms data 1ms clip 23ms optim 128ms step 7375ms mem 1493/3311MB
step 172,340 | loss 2.4583 | lr 2.54e-04 | 1100 tok/s | fwd_bwd 7248ms data 1ms clip 26ms optim 146ms step 7434ms mem 1493/3311MB
step 172,350 | loss 3.1642 | lr 2.54e-04 | 1147 tok/s | fwd_bwd 6717ms data 1ms clip 21ms optim 117ms step 6862ms mem 1493/3311MB
step 172,360 | loss 1.6635 | lr 2.54e-04 | 1144 tok/s | fwd_bwd 7126ms data 1ms clip 23ms optim 125ms step 7287ms mem 1464/3311MB
step 172,370 | loss 3.3940 | lr 2.54e-04 | 1119 tok/s | fwd_bwd 7488ms data 1ms clip 23ms optim 126ms step 7648ms mem 1493/3311MB
step 172,380 | loss 1.6692 | lr 2.54e-04 | 1138 tok/s | fwd_bwd 6830ms data 1ms clip 21ms optim 119ms step 6976ms mem 1493/3311MB
step 172,390 | loss 2.1162 | lr 2.54e-04 | 1140 tok/s | fwd_bwd 6723ms data 1ms clip 22ms optim 120ms step 6871ms mem 1493/3311MB
step 172,400 | loss 2.2773 | lr 2.54e-04 | 1223 tok/s | fwd_bwd 6092ms data 0ms clip 20ms optim 112ms step 6233ms mem 1493/3311MB
step 172,410 | loss 1.0088 | lr 2.54e-04 | 1325 tok/s | fwd_bwd 5900ms data 1ms clip 20ms optim 112ms step 6044ms mem 1452/3311MB
step 172,420 | loss 3.2258 | lr 2.54e-04 | 1336 tok/s | fwd_bwd 5958ms data 0ms clip 20ms optim 112ms step 6095ms mem 1470/3311MB
step 172,430 | loss 1.5980 | lr 2.54e-04 | 1339 tok/s | fwd_bwd 5959ms data 0ms clip 20ms optim 112ms step 6095ms mem 1464/3311MB
step 172,440 | loss 1.4119 | lr 2.54e-04 | 1336 tok/s | fwd_bwd 5998ms data 0ms clip 20ms optim 112ms step 6140ms mem 1452/3311MB
step 172,450 | loss 3.5470 | lr 2.54e-04 | 1333 tok/s | fwd_bwd 5976ms data 1ms clip 20ms optim 112ms step 6120ms mem 1448/3311MB
step 172,460 | loss 1.9240 | lr 2.54e-04 | 1326 tok/s | fwd_bwd 6016ms data 1ms clip 20ms optim 112ms step 6160ms mem 1493/3311MB
step 172,470 | loss 0.9478 | lr 2.54e-04 | 1322 tok/s | fwd_bwd 5934ms data 1ms clip 20ms optim 112ms step 6076ms mem 1493/3311MB
step 172,480 | loss 3.3585 | lr 2.54e-04 | 1328 tok/s | fwd_bwd 5909ms data 1ms clip 20ms optim 112ms step 6052ms mem 1493/3311MB
step 172,490 | loss 3.3601 | lr 2.54e-04 | 1329 tok/s | fwd_bwd 6019ms data 1ms clip 20ms optim 112ms step 6165ms mem 1493/3311MB
step 172,500 | loss 2.4417 | lr 2.54e-04 | 1330 tok/s | fwd_bwd 5877ms data 1ms clip 20ms optim 112ms step 6020ms mem 1493/3311MB
  [eval] step 172500 | val_loss 3.1772 | ppl 23.98
step 172,510 | loss 2.2230 | lr 2.54e-04 | 751 tok/s | fwd_bwd 6004ms data 1ms clip 20ms optim 111ms step 6155ms mem 1493/3311MB
step 172,520 | loss 1.9071 | lr 2.54e-04 | 1331 tok/s | fwd_bwd 5999ms data 0ms clip 20ms optim 112ms step 6137ms mem 1452/3311MB
step 172,530 | loss 3.4658 | lr 2.53e-04 | 1326 tok/s | fwd_bwd 5999ms data 6ms clip 20ms optim 112ms step 6143ms mem 1493/3311MB
step 172,540 | loss 2.5039 | lr 2.53e-04 | 1326 tok/s | fwd_bwd 6019ms data 0ms clip 20ms optim 112ms step 6161ms mem 1493/3311MB
step 172,550 | loss 3.2226 | lr 2.53e-04 | 1325 tok/s | fwd_bwd 6015ms data 1ms clip 20ms optim 111ms step 6164ms mem 1493/3311MB
step 172,560 | loss 2.8933 | lr 2.53e-04 | 1323 tok/s | fwd_bwd 6171ms data 1ms clip 21ms optim 114ms step 6320ms mem 1470/3311MB
step 172,570 | loss 1.7895 | lr 2.53e-04 | 1327 tok/s | fwd_bwd 6009ms data 1ms clip 20ms optim 111ms step 6154ms mem 1493/3311MB
Checkpoint saved: checkpoints/step_172570
  Pruning old checkpoint: checkpoints/step_171492
step 172,580 | loss 1.7021 | lr 2.53e-04 | 1311 tok/s | fwd_bwd 6023ms data 0ms clip 20ms optim 111ms step 6162ms mem 1493/3311MB
step 172,590 | loss 0.6206 | lr 2.53e-04 | 1325 tok/s | fwd_bwd 6025ms data 0ms clip 20ms optim 113ms step 6165ms mem 1493/3311MB
step 172,600 | loss 2.3071 | lr 2.53e-04 | 1325 tok/s | fwd_bwd 6021ms data 1ms clip 20ms optim 111ms step 6165ms mem 1493/3311MB
step 172,610 | loss 3.4092 | lr 2.53e-04 | 1325 tok/s | fwd_bwd 6014ms data 1ms clip 20ms optim 112ms step 6160ms mem 1470/3311MB
step 172,620 | loss 3.4619 | lr 2.53e-04 | 1323 tok/s | fwd_bwd 6022ms data 0ms clip 20ms optim 112ms step 6162ms mem 1470/3311MB
step 172,630 | loss 3.4315 | lr 2.53e-04 | 1326 tok/s | fwd_bwd 5993ms data 1ms clip 20ms optim 112ms step 6136ms mem 1452/3311MB
step 172,640 | loss 2.6862 | lr 2.53e-04 | 1326 tok/s | fwd_bwd 6013ms data 1ms clip 20ms optim 112ms step 6157ms mem 1493/3311MB
step 172,650 | loss 2.5976 | lr 2.53e-04 | 1327 tok/s | fwd_bwd 6003ms data 0ms clip 20ms optim 112ms step 6142ms mem 1452/3311MB
step 172,660 | loss 1.7154 | lr 2.53e-04 | 1327 tok/s | fwd_bwd 5914ms data 1ms clip 20ms optim 111ms step 6060ms mem 1493/3311MB
step 172,670 | loss 1.9611 | lr 2.53e-04 | 1325 tok/s | fwd_bwd 6003ms data 1ms clip 23ms optim 122ms step 6167ms mem 1488/3311MB
step 172,680 | loss 1.6295 | lr 2.53e-04 | 1330 tok/s | fwd_bwd 6002ms data 1ms clip 20ms optim 112ms step 6149ms mem 1493/3311MB
step 172,690 | loss 2.1972 | lr 2.53e-04 | 1326 tok/s | fwd_bwd 5977ms data 1ms clip 20ms optim 112ms step 6123ms mem 1493/3311MB
step 172,700 | loss 2.4206 | lr 2.53e-04 | 1317 tok/s | fwd_bwd 6102ms data 1ms clip 23ms optim 123ms step 6269ms mem 1493/3311MB
step 172,710 | loss 1.8639 | lr 2.53e-04 | 1296 tok/s | fwd_bwd 6640ms data 0ms clip 22ms optim 119ms step 6786ms mem 1448/3311MB
step 172,720 | loss 3.1571 | lr 2.53e-04 | 1129 tok/s | fwd_bwd 7308ms data 1ms clip 29ms optim 134ms step 7485ms mem 1493/3311MB
step 172,730 | loss 3.3796 | lr 2.53e-04 | 1098 tok/s | fwd_bwd 7432ms data 1ms clip 25ms optim 134ms step 7604ms mem 1448/3311MB
step 172,740 | loss 3.7326 | lr 2.53e-04 | 1079 tok/s | fwd_bwd 7280ms data 1ms clip 22ms optim 202ms step 7517ms mem 1493/3311MB
step 172,750 | loss 2.5938 | lr 2.53e-04 | 1093 tok/s | fwd_bwd 7470ms data 1ms clip 24ms optim 128ms step 7634ms mem 1493/3311MB
step 172,760 | loss 2.5681 | lr 2.53e-04 | 1097 tok/s | fwd_bwd 7332ms data 1ms clip 23ms optim 125ms step 7491ms mem 1448/3311MB
step 172,770 | loss 2.6950 | lr 2.53e-04 | 1093 tok/s | fwd_bwd 7237ms data 1ms clip 22ms optim 118ms step 7383ms mem 1493/3311MB
step 172,780 | loss 2.7334 | lr 2.53e-04 | 1093 tok/s | fwd_bwd 7705ms data 1ms clip 24ms optim 134ms step 7874ms mem 1493/3311MB
step 172,790 | loss 3.0366 | lr 2.53e-04 | 1083 tok/s | fwd_bwd 7330ms data 1ms clip 22ms optim 119ms step 7479ms mem 1448/3311MB
step 172,800 | loss 3.3841 | lr 2.53e-04 | 1133 tok/s | fwd_bwd 6773ms data 0ms clip 22ms optim 119ms step 6920ms mem 1448/3311MB
step 172,810 | loss 2.6900 | lr 2.53e-04 | 1145 tok/s | fwd_bwd 7267ms data 1ms clip 24ms optim 127ms step 7431ms mem 1448/3311MB
step 172,820 | loss 2.7186 | lr 2.53e-04 | 1080 tok/s | fwd_bwd 7208ms data 1ms clip 24ms optim 123ms step 7369ms mem 1493/3311MB
step 172,830 | loss 2.8445 | lr 2.53e-04 | 1135 tok/s | fwd_bwd 6932ms data 1ms clip 23ms optim 125ms step 7091ms mem 1493/3311MB
step 172,840 | loss 2.5275 | lr 2.53e-04 | 1134 tok/s | fwd_bwd 7059ms data 1ms clip 22ms optim 118ms step 7208ms mem 1493/3311MB
step 172,850 | loss 2.6835 | lr 2.53e-04 | 1141 tok/s | fwd_bwd 6691ms data 2ms clip 22ms optim 117ms step 6840ms mem 1492/3311MB
step 172,860 | loss 2.8827 | lr 2.53e-04 | 1187 tok/s | fwd_bwd 6391ms data 1ms clip 21ms optim 117ms step 6537ms mem 1493/3311MB
step 172,870 | loss 2.1998 | lr 2.53e-04 | 1190 tok/s | fwd_bwd 6326ms data 1ms clip 23ms optim 116ms step 6484ms mem 1448/3311MB
step 172,880 | loss 3.7369 | lr 2.53e-04 | 1293 tok/s | fwd_bwd 6102ms data 2ms clip 20ms optim 111ms step 6245ms mem 1493/3311MB
step 172,890 | loss 2.7173 | lr 2.53e-04 | 1307 tok/s | fwd_bwd 5993ms data 0ms clip 20ms optim 112ms step 6131ms mem 1493/3311MB
step 172,900 | loss 1.9967 | lr 2.53e-04 | 1304 tok/s | fwd_bwd 6131ms data 2ms clip 20ms optim 111ms step 6282ms mem 1493/3311MB
step 172,910 | loss 3.1247 | lr 2.53e-04 | 1279 tok/s | fwd_bwd 6216ms data 0ms clip 20ms optim 112ms step 6359ms mem 1448/3311MB
step 172,920 | loss 2.5986 | lr 2.53e-04 | 1291 tok/s | fwd_bwd 6170ms data 0ms clip 20ms optim 111ms step 6308ms mem 1493/3311MB
step 172,930 | loss 3.1342 | lr 2.53e-04 | 1296 tok/s | fwd_bwd 6140ms data 0ms clip 20ms optim 112ms step 6281ms mem 1448/3311MB
step 172,940 | loss 2.7844 | lr 2.53e-04 | 1299 tok/s | fwd_bwd 6127ms data 1ms clip 20ms optim 111ms step 6272ms mem 1493/3311MB
step 172,950 | loss 3.5919 | lr 2.53e-04 | 1302 tok/s | fwd_bwd 6150ms data 2ms clip 20ms optim 111ms step 6295ms mem 1493/3311MB
step 172,960 | loss 3.4134 | lr 2.53e-04 | 1303 tok/s | fwd_bwd 6117ms data 0ms clip 20ms optim 112ms step 6253ms mem 1451/3311MB
step 172,970 | loss 2.0567 | lr 2.53e-04 | 1300 tok/s | fwd_bwd 6179ms data 1ms clip 20ms optim 112ms step 6328ms mem 1493/3311MB
step 172,980 | loss 3.0962 | lr 2.53e-04 | 1300 tok/s | fwd_bwd 6132ms data 1ms clip 20ms optim 111ms step 6276ms mem 1451/3311MB
step 172,990 | loss 3.6123 | lr 2.53e-04 | 1300 tok/s | fwd_bwd 6138ms data 0ms clip 20ms optim 111ms step 6282ms mem 1452/3311MB
step 173,000 | loss 3.4437 | lr 2.53e-04 | 1241 tok/s | fwd_bwd 6194ms data 1ms clip 20ms optim 112ms step 6337ms mem 1451/3311MB
  [eval] step 173000 | val_loss 3.2834 | ppl 26.67
Checkpoint saved: checkpoints/step_173000
  [samples] wrote checkpoints/step_173000/samples.txt
  Pruning old checkpoint: checkpoints/step_172000
step 173,010 | loss 3.4425 | lr 2.53e-04 | 550 tok/s | fwd_bwd 6072ms data 0ms clip 20ms optim 111ms step 6213ms mem 1493/3311MB
step 173,020 | loss 3.4704 | lr 2.53e-04 | 1312 tok/s | fwd_bwd 6001ms data 1ms clip 23ms optim 119ms step 6164ms mem 1452/3311MB
step 173,030 | loss 4.1981 | lr 2.53e-04 | 1322 tok/s | fwd_bwd 6057ms data 1ms clip 23ms optim 120ms step 6222ms mem 1451/3311MB
step 173,040 | loss 3.1386 | lr 2.53e-04 | 1323 tok/s | fwd_bwd 6025ms data 0ms clip 20ms optim 111ms step 6165ms mem 1493/3311MB
step 173,050 | loss 2.3920 | lr 2.53e-04 | 1324 tok/s | fwd_bwd 6025ms data 0ms clip 20ms optim 111ms step 6165ms mem 1493/3311MB
step 173,060 | loss 4.3511 | lr 2.53e-04 | 1314 tok/s | fwd_bwd 6239ms data 1ms clip 21ms optim 118ms step 6390ms mem 1493/3311MB
step 173,070 | loss 2.9396 | lr 2.52e-04 | 1297 tok/s | fwd_bwd 6145ms data 1ms clip 21ms optim 112ms step 6291ms mem 1448/3311MB
step 173,080 | loss 1.9105 | lr 2.52e-04 | 1326 tok/s | fwd_bwd 5998ms data 0ms clip 20ms optim 111ms step 6138ms mem 1470/3311MB
step 173,090 | loss 3.1357 | lr 2.52e-04 | 1325 tok/s | fwd_bwd 6002ms data 1ms clip 20ms optim 111ms step 6149ms mem 1493/3311MB
step 173,100 | loss 2.4637 | lr 2.52e-04 | 1319 tok/s | fwd_bwd 6007ms data 1ms clip 21ms optim 111ms step 6155ms mem 1493/3311MB
Checkpoint saved: checkpoints/step_173105
  Pruning old checkpoint: checkpoints/step_172040
step 173,110 | loss 2.3995 | lr 2.52e-04 | 1260 tok/s | fwd_bwd 6047ms data 0ms clip 20ms optim 111ms step 6187ms mem 1493/3311MB
step 173,120 | loss 2.7624 | lr 2.52e-04 | 1319 tok/s | fwd_bwd 6001ms data 1ms clip 20ms optim 111ms step 6148ms mem 1464/3311MB
step 173,130 | loss 2.5185 | lr 2.52e-04 | 1328 tok/s | fwd_bwd 6030ms data 1ms clip 20ms optim 111ms step 6180ms mem 1452/3311MB
step 173,140 | loss 2.6596 | lr 2.52e-04 | 1336 tok/s | fwd_bwd 5959ms data 0ms clip 20ms optim 111ms step 6099ms mem 1451/3311MB
step 173,150 | loss 2.9783 | lr 2.52e-04 | 1340 tok/s | fwd_bwd 5972ms data 0ms clip 20ms optim 111ms step 6112ms mem 1493/3311MB
step 173,160 | loss 3.2600 | lr 2.52e-04 | 1336 tok/s | fwd_bwd 5962ms data 0ms clip 20ms optim 111ms step 6099ms mem 1493/3311MB
step 173,170 | loss 3.3286 | lr 2.52e-04 | 1340 tok/s | fwd_bwd 5956ms data 0ms clip 20ms optim 111ms step 6094ms mem 1493/3311MB
step 173,180 | loss 3.8744 | lr 2.52e-04 | 1344 tok/s | fwd_bwd 5936ms data 0ms clip 20ms optim 111ms step 6076ms mem 1451/3311MB
step 173,190 | loss 2.2734 | lr 2.52e-04 | 1341 tok/s | fwd_bwd 5974ms data 1ms clip 20ms optim 111ms step 6124ms mem 1470/3311MB
step 173,200 | loss 3.2788 | lr 2.52e-04 | 1343 tok/s | fwd_bwd 5849ms data 1ms clip 20ms optim 111ms step 5996ms mem 1493/3311MB
step 173,210 | loss 2.8133 | lr 2.52e-04 | 1348 tok/s | fwd_bwd 5920ms data 1ms clip 20ms optim 111ms step 6065ms mem 1493/3311MB
step 173,220 | loss 2.8778 | lr 2.52e-04 | 1348 tok/s | fwd_bwd 5969ms data 1ms clip 23ms optim 120ms step 6134ms mem 1470/3311MB
step 173,230 | loss 2.5096 | lr 2.52e-04 | 1346 tok/s | fwd_bwd 5944ms data 0ms clip 20ms optim 111ms step 6081ms mem 1493/3311MB
step 173,240 | loss 2.6512 | lr 2.52e-04 | 1342 tok/s | fwd_bwd 5942ms data 1ms clip 20ms optim 111ms step 6088ms mem 1493/3311MB
step 173,250 | loss 2.0380 | lr 2.52e-04 | 1343 tok/s | fwd_bwd 5927ms data 1ms clip 20ms optim 111ms step 6069ms mem 1493/3311MB
step 173,260 | loss 3.1945 | lr 2.52e-04 | 1353 tok/s | fwd_bwd 5818ms data 0ms clip 20ms optim 111ms step 5956ms mem 1493/3311MB
step 173,270 | loss 3.6411 | lr 2.52e-04 | 1353 tok/s | fwd_bwd 5909ms data 1ms clip 20ms optim 111ms step 6055ms mem 1493/3311MB
step 173,280 | loss 2.8455 | lr 2.52e-04 | 1347 tok/s | fwd_bwd 5844ms data 1ms clip 20ms optim 111ms step 5987ms mem 1493/3311MB
step 173,290 | loss 3.5070 | lr 2.52e-04 | 1351 tok/s | fwd_bwd 5927ms data 0ms clip 20ms optim 112ms step 6065ms mem 1493/3311MB
step 173,300 | loss 3.1683 | lr 2.52e-04 | 1347 tok/s | fwd_bwd 5828ms data 1ms clip 20ms optim 111ms step 5972ms mem 1493/3311MB
step 173,310 | loss 3.3965 | lr 2.52e-04 | 1345 tok/s | fwd_bwd 5909ms data 1ms clip 20ms optim 111ms step 6052ms mem 1493/3311MB
step 173,320 | loss 2.5408 | lr 2.52e-04 | 1349 tok/s | fwd_bwd 5913ms data 0ms clip 20ms optim 111ms step 6054ms mem 1451/3311MB
step 173,330 | loss 2.3564 | lr 2.52e-04 | 1346 tok/s | fwd_bwd 5949ms data 0ms clip 20ms optim 111ms step 6090ms mem 1493/3311MB
step 173,340 | loss 2.6945 | lr 2.52e-04 | 1342 tok/s | fwd_bwd 5961ms data 0ms clip 20ms optim 111ms step 6101ms mem 1493/3311MB
step 173,350 | loss 3.4121 | lr 2.52e-04 | 1344 tok/s | fwd_bwd 5923ms data 0ms clip 20ms optim 111ms step 6063ms mem 1493/3311MB
step 173,360 | loss 2.6411 | lr 2.52e-04 | 1346 tok/s | fwd_bwd 5855ms data 0ms clip 20ms optim 111ms step 5993ms mem 1493/3311MB
step 173,370 | loss 3.0156 | lr 2.52e-04 | 1344 tok/s | fwd_bwd 5952ms data 1ms clip 20ms optim 112ms step 6102ms mem 1493/3311MB
step 173,380 | loss 3.7128 | lr 2.52e-04 | 1348 tok/s | fwd_bwd 5898ms data 0ms clip 20ms optim 111ms step 6038ms mem 1493/3311MB
step 173,390 | loss 2.6401 | lr 2.52e-04 | 1355 tok/s | fwd_bwd 5874ms data 1ms clip 20ms optim 111ms step 6020ms mem 1493/3311MB
step 173,400 | loss 2.4087 | lr 2.52e-04 | 1356 tok/s | fwd_bwd 5894ms data 0ms clip 20ms optim 111ms step 6032ms mem 1493/3311MB
step 173,410 | loss 2.6766 | lr 2.52e-04 | 1350 tok/s | fwd_bwd 5934ms data 0ms clip 20ms optim 112ms step 6070ms mem 1451/3311MB
step 173,420 | loss 2.8145 | lr 2.52e-04 | 1342 tok/s | fwd_bwd 5967ms data 0ms clip 20ms optim 111ms step 6107ms mem 1493/3311MB
step 173,430 | loss 3.0338 | lr 2.52e-04 | 1341 tok/s | fwd_bwd 5873ms data 0ms clip 20ms optim 112ms step 6012ms mem 1493/3311MB
step 173,440 | loss 3.9411 | lr 2.52e-04 | 1342 tok/s | fwd_bwd 5955ms data 0ms clip 20ms optim 112ms step 6096ms mem 1451/3311MB
step 173,450 | loss 2.7363 | lr 2.52e-04 | 1340 tok/s | fwd_bwd 5986ms data 0ms clip 20ms optim 111ms step 6127ms mem 1451/3311MB
step 173,460 | loss 2.6517 | lr 2.52e-04 | 1336 tok/s | fwd_bwd 5949ms data 0ms clip 20ms optim 111ms step 6089ms mem 1493/3311MB
step 173,470 | loss 1.5888 | lr 2.52e-04 | 1344 tok/s | fwd_bwd 5915ms data 1ms clip 20ms optim 112ms step 6061ms mem 1493/3311MB
step 173,480 | loss 2.9667 | lr 2.52e-04 | 1341 tok/s | fwd_bwd 5964ms data 1ms clip 20ms optim 112ms step 6107ms mem 1493/3311MB
step 173,490 | loss 3.2074 | lr 2.52e-04 | 1339 tok/s | fwd_bwd 5871ms data 1ms clip 20ms optim 111ms step 6014ms mem 1451/3311MB
step 173,500 | loss 2.8109 | lr 2.52e-04 | 1337 tok/s | fwd_bwd 5999ms data 1ms clip 23ms optim 121ms step 6165ms mem 1493/3311MB
  [eval] step 173500 | val_loss 3.2334 | ppl 25.37
step 173,510 | loss 2.5344 | lr 2.52e-04 | 756 tok/s | fwd_bwd 5969ms data 1ms clip 20ms optim 111ms step 6121ms mem 1493/3311MB
step 173,520 | loss 2.7071 | lr 2.52e-04 | 1340 tok/s | fwd_bwd 5962ms data 0ms clip 20ms optim 112ms step 6103ms mem 1493/3311MB
step 173,530 | loss 3.0369 | lr 2.52e-04 | 1338 tok/s | fwd_bwd 5969ms data 1ms clip 20ms optim 111ms step 6114ms mem 1493/3311MB
step 173,540 | loss 2.4763 | lr 2.52e-04 | 1337 tok/s | fwd_bwd 5990ms data 1ms clip 20ms optim 111ms step 6139ms mem 1449/3311MB
step 173,550 | loss 2.8922 | lr 2.52e-04 | 1334 tok/s | fwd_bwd 5998ms data 0ms clip 20ms optim 111ms step 6140ms mem 1452/3311MB
step 173,560 | loss 2.8748 | lr 2.52e-04 | 1332 tok/s | fwd_bwd 5997ms data 0ms clip 20ms optim 111ms step 6138ms mem 1493/3311MB
step 173,570 | loss 2.6693 | lr 2.52e-04 | 1333 tok/s | fwd_bwd 5984ms data 1ms clip 20ms optim 111ms step 6132ms mem 1493/3311MB
step 173,580 | loss 2.4445 | lr 2.52e-04 | 1333 tok/s | fwd_bwd 5981ms data 1ms clip 20ms optim 111ms step 6125ms mem 1493/3311MB
step 173,590 | loss 3.2684 | lr 2.52e-04 | 1335 tok/s | fwd_bwd 5970ms data 1ms clip 20ms optim 111ms step 6115ms mem 1493/3311MB
step 173,600 | loss 2.8490 | lr 2.52e-04 | 1336 tok/s | fwd_bwd 5978ms data 0ms clip 20ms optim 111ms step 6116ms mem 1493/3311MB
step 173,610 | loss 2.0978 | lr 2.51e-04 | 1336 tok/s | fwd_bwd 5949ms data 1ms clip 20ms optim 111ms step 6091ms mem 1451/3311MB
step 173,620 | loss 3.1091 | lr 2.51e-04 | 1339 tok/s | fwd_bwd 5975ms data 0ms clip 20ms optim 111ms step 6118ms mem 1493/3311MB
step 173,630 | loss 2.9778 | lr 2.51e-04 | 1337 tok/s | fwd_bwd 5971ms data 1ms clip 20ms optim 111ms step 6119ms mem 1451/3311MB
step 173,640 | loss 3.5205 | lr 2.51e-04 | 1334 tok/s | fwd_bwd 6054ms data 1ms clip 24ms optim 119ms step 6219ms mem 1470/3311MB
step 173,650 | loss 2.5451 | lr 2.51e-04 | 1330 tok/s | fwd_bwd 6024ms data 0ms clip 20ms optim 111ms step 6159ms mem 1493/3311MB
step 173,660 | loss 3.1114 | lr 2.51e-04 | 1329 tok/s | fwd_bwd 6008ms data 0ms clip 20ms optim 111ms step 6150ms mem 1448/3311MB
step 173,670 | loss 2.6825 | lr 2.51e-04 | 1330 tok/s | fwd_bwd 6003ms data 1ms clip 20ms optim 111ms step 6150ms mem 1493/3311MB
step 173,680 | loss 3.7775 | lr 2.51e-04 | 1332 tok/s | fwd_bwd 6031ms data 1ms clip 23ms optim 120ms step 6196ms mem 1493/3311MB
Checkpoint saved: checkpoints/step_173687
  Pruning old checkpoint: checkpoints/step_172570
step 173,690 | loss 3.2820 | lr 2.51e-04 | 1319 tok/s | fwd_bwd 5981ms data 0ms clip 20ms optim 112ms step 6117ms mem 1452/3311MB
step 173,700 | loss 2.7908 | lr 2.51e-04 | 1335 tok/s | fwd_bwd 5985ms data 0ms clip 20ms optim 112ms step 6125ms mem 1448/3311MB
step 173,710 | loss 3.0818 | lr 2.51e-04 | 1342 tok/s | fwd_bwd 5913ms data 1ms clip 20ms optim 112ms step 6057ms mem 1493/3311MB
step 173,720 | loss 1.9864 | lr 2.51e-04 | 1346 tok/s | fwd_bwd 5898ms data 0ms clip 20ms optim 111ms step 6035ms mem 1451/3311MB
step 173,730 | loss 2.9544 | lr 2.51e-04 | 1351 tok/s | fwd_bwd 5928ms data 0ms clip 20ms optim 111ms step 6063ms mem 1493/3311MB
step 173,740 | loss 3.0292 | lr 2.51e-04 | 1343 tok/s | fwd_bwd 5970ms data 0ms clip 20ms optim 111ms step 6109ms mem 1493/3311MB
step 173,750 | loss 2.8287 | lr 2.51e-04 | 1336 tok/s | fwd_bwd 5987ms data 0ms clip 20ms optim 111ms step 6125ms mem 1493/3311MB
step 173,760 | loss 2.4621 | lr 2.51e-04 | 1333 tok/s | fwd_bwd 5905ms data 0ms clip 20ms optim 111ms step 6043ms mem 1452/3311MB
step 173,770 | loss 1.8020 | lr 2.51e-04 | 1332 tok/s | fwd_bwd 5986ms data 1ms clip 20ms optim 111ms step 6131ms mem 1451/3311MB
step 173,780 | loss 2.9163 | lr 2.51e-04 | 1329 tok/s | fwd_bwd 6057ms data 1ms clip 23ms optim 119ms step 6220ms mem 1493/3311MB
step 173,790 | loss 2.4580 | lr 2.51e-04 | 1334 tok/s | fwd_bwd 5996ms data 0ms clip 20ms optim 112ms step 6134ms mem 1493/3311MB
step 173,800 | loss 2.9291 | lr 2.51e-04 | 1335 tok/s | fwd_bwd 5981ms data 0ms clip 20ms optim 114ms step 6122ms mem 1493/3311MB
step 173,810 | loss 2.9378 | lr 2.51e-04 | 1333 tok/s | fwd_bwd 6053ms data 0ms clip 20ms optim 113ms step 6193ms mem 1448/3311MB
step 173,820 | loss 2.7013 | lr 2.51e-04 | 1336 tok/s | fwd_bwd 5957ms data 0ms clip 21ms optim 115ms step 6103ms mem 1493/3311MB
step 173,830 | loss 2.8795 | lr 2.51e-04 | 1341 tok/s | fwd_bwd 5949ms data 0ms clip 20ms optim 112ms step 6087ms mem 1452/3311MB
step 173,840 | loss 4.0103 | lr 2.51e-04 | 1340 tok/s | fwd_bwd 5943ms data 1ms clip 20ms optim 112ms step 6089ms mem 1452/3311MB
step 173,850 | loss 3.1137 | lr 2.51e-04 | 1339 tok/s | fwd_bwd 5975ms data 0ms clip 20ms optim 111ms step 6113ms mem 1493/3311MB
step 173,860 | loss 2.8865 | lr 2.51e-04 | 1336 tok/s | fwd_bwd 5979ms data 0ms clip 20ms optim 112ms step 6120ms mem 1490/3311MB
step 173,870 | loss 3.0341 | lr 2.51e-04 | 1338 tok/s | fwd_bwd 5987ms data 0ms clip 20ms optim 111ms step 6127ms mem 1493/3311MB
step 173,880 | loss 2.5620 | lr 2.51e-04 | 1338 tok/s | fwd_bwd 5953ms data 0ms clip 20ms optim 112ms step 6094ms mem 1451/3311MB
step 173,890 | loss 2.4791 | lr 2.51e-04 | 1340 tok/s | fwd_bwd 5955ms data 1ms clip 20ms optim 112ms step 6101ms mem 1493/3311MB
step 173,900 | loss 3.2595 | lr 2.51e-04 | 1339 tok/s | fwd_bwd 5979ms data 0ms clip 20ms optim 111ms step 6117ms mem 1493/3311MB
step 173,910 | loss 3.7423 | lr 2.51e-04 | 1336 tok/s | fwd_bwd 5979ms data 0ms clip 20ms optim 113ms step 6122ms mem 1448/3311MB
step 173,920 | loss 3.6681 | lr 2.51e-04 | 1317 tok/s | fwd_bwd 6028ms data 0ms clip 20ms optim 112ms step 6168ms mem 1451/3311MB
step 173,930 | loss 0.9455 | lr 2.51e-04 | 1329 tok/s | fwd_bwd 6008ms data 0ms clip 20ms optim 111ms step 6149ms mem 1493/3311MB
step 173,940 | loss 3.2505 | lr 2.51e-04 | 1332 tok/s | fwd_bwd 5986ms data 0ms clip 20ms optim 111ms step 6129ms mem 1493/3311MB
step 173,950 | loss 3.2762 | lr 2.51e-04 | 1333 tok/s | fwd_bwd 5984ms data 0ms clip 20ms optim 111ms step 6127ms mem 1493/3311MB
step 173,960 | loss 3.2126 | lr 2.51e-04 | 1332 tok/s | fwd_bwd 5995ms data 0ms clip 20ms optim 112ms step 6130ms mem 1493/3311MB
step 173,970 | loss 3.1632 | lr 2.51e-04 | 1333 tok/s | fwd_bwd 5986ms data 0ms clip 20ms optim 111ms step 6125ms mem 1449/3311MB
step 173,980 | loss 3.0799 | lr 2.51e-04 | 1334 tok/s | fwd_bwd 5890ms data 0ms clip 20ms optim 111ms step 6030ms mem 1493/3311MB
step 173,990 | loss 2.2030 | lr 2.51e-04 | 1337 tok/s | fwd_bwd 5958ms data 0ms clip 20ms optim 111ms step 6099ms mem 1493/3311MB
step 174,000 | loss 3.1955 | lr 2.51e-04 | 1337 tok/s | fwd_bwd 5928ms data 0ms clip 20ms optim 112ms step 6067ms mem 1451/3311MB
  [eval] step 174000 | val_loss 3.1834 | ppl 24.13
Checkpoint saved: checkpoints/step_174000
  [samples] wrote checkpoints/step_174000/samples.txt
  Pruning old checkpoint: checkpoints/step_173000
step 174,010 | loss 2.9193 | lr 2.51e-04 | 564 tok/s | fwd_bwd 5956ms data 0ms clip 20ms optim 111ms step 6096ms mem 1493/3311MB
step 174,020 | loss 2.8240 | lr 2.51e-04 | 1340 tok/s | fwd_bwd 5981ms data 1ms clip 20ms optim 111ms step 6134ms mem 1470/3311MB
step 174,030 | loss 1.6161 | lr 2.51e-04 | 1345 tok/s | fwd_bwd 5952ms data 1ms clip 20ms optim 111ms step 6104ms mem 1452/3311MB
step 174,040 | loss 2.1375 | lr 2.51e-04 | 1350 tok/s | fwd_bwd 5927ms data 0ms clip 20ms optim 111ms step 6068ms mem 1464/3311MB
step 174,050 | loss 3.7964 | lr 2.51e-04 | 1344 tok/s | fwd_bwd 5946ms data 0ms clip 20ms optim 111ms step 6083ms mem 1493/3311MB
step 174,060 | loss 2.9855 | lr 2.51e-04 | 1337 tok/s | fwd_bwd 5969ms data 0ms clip 20ms optim 112ms step 6110ms mem 1452/3311MB
step 174,070 | loss 3.3822 | lr 2.51e-04 | 1337 tok/s | fwd_bwd 5964ms data 0ms clip 20ms optim 111ms step 6103ms mem 1448/3311MB
step 174,080 | loss 2.0745 | lr 2.51e-04 | 1334 tok/s | fwd_bwd 6023ms data 1ms clip 24ms optim 121ms step 6190ms mem 1452/3311MB
step 174,090 | loss 3.5243 | lr 2.51e-04 | 1335 tok/s | fwd_bwd 6056ms data 0ms clip 20ms optim 111ms step 6192ms mem 1493/3311MB
step 174,100 | loss 3.4743 | lr 2.51e-04 | 1332 tok/s | fwd_bwd 5979ms data 1ms clip 20ms optim 112ms step 6125ms mem 1452/3311MB
step 174,110 | loss 3.5067 | lr 2.51e-04 | 1339 tok/s | fwd_bwd 5961ms data 0ms clip 20ms optim 111ms step 6098ms mem 1493/3311MB
step 174,120 | loss 2.0148 | lr 2.51e-04 | 1338 tok/s | fwd_bwd 5967ms data 0ms clip 20ms optim 112ms step 6102ms mem 1493/3311MB
step 174,130 | loss 3.2972 | lr 2.51e-04 | 1334 tok/s | fwd_bwd 5997ms data 0ms clip 20ms optim 112ms step 6135ms mem 1493/3311MB
step 174,140 | loss 3.3652 | lr 2.50e-04 | 1333 tok/s | fwd_bwd 5978ms data 0ms clip 20ms optim 111ms step 6113ms mem 1493/3311MB
step 174,150 | loss 1.8787 | lr 2.50e-04 | 1337 tok/s | fwd_bwd 5942ms data 1ms clip 20ms optim 112ms step 6091ms mem 1493/3311MB
step 174,160 | loss 3.0782 | lr 2.50e-04 | 1342 tok/s | fwd_bwd 5874ms data 0ms clip 20ms optim 111ms step 6012ms mem 1493/3311MB
step 174,170 | loss 2.6969 | lr 2.50e-04 | 1342 tok/s | fwd_bwd 5946ms data 1ms clip 20ms optim 111ms step 6093ms mem 1493/3311MB
step 174,180 | loss 3.0061 | lr 2.50e-04 | 1334 tok/s | fwd_bwd 5953ms data 1ms clip 20ms optim 112ms step 6100ms mem 1451/3311MB
step 174,190 | loss 2.6412 | lr 2.50e-04 | 1334 tok/s | fwd_bwd 6000ms data 0ms clip 20ms optim 111ms step 6138ms mem 1493/3311MB
step 174,200 | loss 3.5749 | lr 2.50e-04 | 1327 tok/s | fwd_bwd 6039ms data 1ms clip 24ms optim 125ms step 6210ms mem 1493/3311MB
step 174,210 | loss 3.8298 | lr 2.50e-04 | 1341 tok/s | fwd_bwd 5939ms data 0ms clip 20ms optim 111ms step 6082ms mem 1493/3311MB
step 174,220 | loss 2.0776 | lr 2.50e-04 | 1346 tok/s | fwd_bwd 5924ms data 0ms clip 20ms optim 111ms step 6064ms mem 1451/3311MB
step 174,230 | loss 3.4149 | lr 2.50e-04 | 1346 tok/s | fwd_bwd 5931ms data 1ms clip 20ms optim 112ms step 6076ms mem 1452/3311MB
step 174,240 | loss 3.3399 | lr 2.50e-04 | 1336 tok/s | fwd_bwd 5962ms data 0ms clip 20ms optim 111ms step 6102ms mem 1464/3311MB
step 174,250 | loss 2.9812 | lr 2.50e-04 | 1325 tok/s | fwd_bwd 6284ms data 0ms clip 20ms optim 111ms step 6419ms mem 1493/3311MB
step 174,260 | loss 3.4248 | lr 2.50e-04 | 1329 tok/s | fwd_bwd 6002ms data 0ms clip 20ms optim 112ms step 6143ms mem 1492/3311MB
Checkpoint saved: checkpoints/step_174261
  Pruning old checkpoint: checkpoints/step_173105
step 174,270 | loss 2.6294 | lr 2.50e-04 | 1315 tok/s | fwd_bwd 5997ms data 0ms clip 20ms optim 111ms step 6133ms mem 1493/3311MB
step 174,280 | loss 3.0377 | lr 2.50e-04 | 1332 tok/s | fwd_bwd 6018ms data 1ms clip 20ms optim 111ms step 6169ms mem 1452/3311MB
step 174,290 | loss 2.4031 | lr 2.50e-04 | 1336 tok/s | fwd_bwd 5984ms data 0ms clip 20ms optim 111ms step 6119ms mem 1493/3311MB
step 174,300 | loss 2.8046 | lr 2.50e-04 | 1332 tok/s | fwd_bwd 5981ms data 0ms clip 20ms optim 112ms step 6125ms mem 1493/3311MB
step 174,310 | loss 2.2444 | lr 2.50e-04 | 1332 tok/s | fwd_bwd 5996ms data 0ms clip 20ms optim 111ms step 6139ms mem 1493/3311MB
step 174,320 | loss 3.6512 | lr 2.50e-04 | 1329 tok/s | fwd_bwd 5997ms data 0ms clip 20ms optim 111ms step 6135ms mem 1493/3311MB
step 174,330 | loss 3.4809 | lr 2.50e-04 | 1333 tok/s | fwd_bwd 6007ms data 1ms clip 20ms optim 112ms step 6154ms mem 1493/3311MB
step 174,340 | loss 1.8291 | lr 2.50e-04 | 1324 tok/s | fwd_bwd 6047ms data 0ms clip 20ms optim 112ms step 6188ms mem 1451/3311MB
step 174,350 | loss 2.8303 | lr 2.50e-04 | 1319 tok/s | fwd_bwd 6067ms data 0ms clip 20ms optim 111ms step 6203ms mem 1493/3311MB
step 174,360 | loss 3.0914 | lr 2.50e-04 | 1317 tok/s | fwd_bwd 6057ms data 1ms clip 20ms optim 112ms step 6203ms mem 1493/3311MB
step 174,370 | loss 3.8634 | lr 2.50e-04 | 1318 tok/s | fwd_bwd 6062ms data 1ms clip 20ms optim 111ms step 6205ms mem 1493/3311MB
step 174,380 | loss 2.2695 | lr 2.50e-04 | 1314 tok/s | fwd_bwd 6111ms data 0ms clip 20ms optim 111ms step 6248ms mem 1493/3311MB
step 174,390 | loss 3.3375 | lr 2.50e-04 | 1310 tok/s | fwd_bwd 6114ms data 0ms clip 20ms optim 112ms step 6252ms mem 1493/3311MB
step 174,400 | loss 3.8478 | lr 2.50e-04 | 1312 tok/s | fwd_bwd 6076ms data 0ms clip 20ms optim 111ms step 6218ms mem 1451/3311MB
step 174,410 | loss 3.3459 | lr 2.50e-04 | 1315 tok/s | fwd_bwd 6076ms data 0ms clip 20ms optim 111ms step 6216ms mem 1493/3311MB
step 174,420 | loss 3.1152 | lr 2.50e-04 | 1314 tok/s | fwd_bwd 6067ms data 0ms clip 20ms optim 112ms step 6202ms mem 1451/3311MB
step 174,430 | loss 3.1635 | lr 2.50e-04 | 1314 tok/s | fwd_bwd 6071ms data 0ms clip 20ms optim 111ms step 6207ms mem 1493/3311MB
step 174,440 | loss 2.6377 | lr 2.50e-04 | 1316 tok/s | fwd_bwd 6071ms data 0ms clip 20ms optim 112ms step 6208ms mem 1451/3311MB
step 174,450 | loss 2.6123 | lr 2.50e-04 | 1313 tok/s | fwd_bwd 6090ms data 0ms clip 20ms optim 111ms step 6234ms mem 1493/3311MB
step 174,460 | loss 3.8354 | lr 2.50e-04 | 1312 tok/s | fwd_bwd 6090ms data 0ms clip 20ms optim 111ms step 6228ms mem 1493/3311MB
step 174,470 | loss 3.6464 | lr 2.50e-04 | 1312 tok/s | fwd_bwd 6081ms data 0ms clip 20ms optim 111ms step 6222ms mem 1493/3311MB
step 174,480 | loss 2.8868 | lr 2.50e-04 | 1313 tok/s | fwd_bwd 6080ms data 0ms clip 20ms optim 112ms step 6221ms mem 1493/3311MB
step 174,490 | loss 3.1529 | lr 2.50e-04 | 1313 tok/s | fwd_bwd 6096ms data 0ms clip 20ms optim 112ms step 6237ms mem 1493/3311MB
step 174,500 | loss 2.1973 | lr 2.50e-04 | 1316 tok/s | fwd_bwd 6059ms data 0ms clip 20ms optim 111ms step 6196ms mem 1452/3311MB
  [eval] step 174500 | val_loss 3.2262 | ppl 25.18
step 174,510 | loss 3.1141 | lr 2.50e-04 | 717 tok/s | fwd_bwd 6512ms data 0ms clip 21ms optim 112ms step 6649ms mem 1448/3311MB
step 174,520 | loss 3.0888 | lr 2.50e-04 | 1362 tok/s | fwd_bwd 5730ms data 0ms clip 24ms optim 120ms step 5879ms mem 1493/3311MB
step 174,530 | loss 2.1277 | lr 2.50e-04 | 1423 tok/s | fwd_bwd 5621ms data 0ms clip 20ms optim 111ms step 5758ms mem 1493/3311MB
step 174,540 | loss 3.6713 | lr 2.50e-04 | 1378 tok/s | fwd_bwd 5616ms data 0ms clip 20ms optim 112ms step 5755ms mem 1451/3311MB
step 174,550 | loss 2.9418 | lr 2.50e-04 | 1258 tok/s | fwd_bwd 7822ms data 0ms clip 44ms optim 207ms step 8079ms mem 1448/3311MB
step 174,560 | loss 3.5246 | lr 2.50e-04 | 1111 tok/s | fwd_bwd 6136ms data 1ms clip 21ms optim 117ms step 6283ms mem 1493/3311MB
step 174,570 | loss 2.9149 | lr 2.50e-04 | 1311 tok/s | fwd_bwd 6009ms data 0ms clip 21ms optim 116ms step 6152ms mem 1451/3311MB
step 174,580 | loss 2.9537 | lr 2.50e-04 | 1296 tok/s | fwd_bwd 5997ms data 1ms clip 21ms optim 121ms step 6147ms mem 1493/3311MB
step 174,590 | loss 3.2604 | lr 2.50e-04 | 1396 tok/s | fwd_bwd 5624ms data 1ms clip 23ms optim 119ms step 5785ms mem 1448/3311MB
step 174,600 | loss 2.3728 | lr 2.50e-04 | 1182 tok/s | fwd_bwd 7734ms data 0ms clip 35ms optim 172ms step 7947ms mem 1448/3311MB
step 174,610 | loss 3.0008 | lr 2.50e-04 | 1338 tok/s | fwd_bwd 5599ms data 0ms clip 20ms optim 111ms step 5740ms mem 1493/3311MB
step 174,620 | loss 3.4389 | lr 2.50e-04 | 1427 tok/s | fwd_bwd 5485ms data 0ms clip 20ms optim 112ms step 5626ms mem 1493/3311MB
step 174,630 | loss 2.8829 | lr 2.50e-04 | 1430 tok/s | fwd_bwd 5619ms data 1ms clip 22ms optim 119ms step 5781ms mem 1493/3311MB
step 174,640 | loss 3.3729 | lr 2.50e-04 | 1428 tok/s | fwd_bwd 5583ms data 0ms clip 20ms optim 111ms step 5725ms mem 1493/3311MB
step 174,650 | loss 3.5166 | lr 2.50e-04 | 1425 tok/s | fwd_bwd 5595ms data 1ms clip 20ms optim 111ms step 5742ms mem 1449/3311MB
step 174,660 | loss 3.0793 | lr 2.50e-04 | 1421 tok/s | fwd_bwd 5612ms data 1ms clip 20ms optim 111ms step 5761ms mem 1451/3311MB
step 174,670 | loss 3.3751 | lr 2.49e-04 | 1422 tok/s | fwd_bwd 5657ms data 1ms clip 20ms optim 111ms step 5808ms mem 1452/3311MB
step 174,680 | loss 2.6829 | lr 2.49e-04 | 1421 tok/s | fwd_bwd 5606ms data 0ms clip 20ms optim 111ms step 5746ms mem 1452/3311MB
step 174,690 | loss 2.8648 | lr 2.49e-04 | 1420 tok/s | fwd_bwd 5610ms data 0ms clip 20ms optim 112ms step 5753ms mem 1493/3311MB
step 174,700 | loss 2.9051 | lr 2.49e-04 | 1416 tok/s | fwd_bwd 5614ms data 1ms clip 20ms optim 111ms step 5760ms mem 1493/3311MB
step 174,710 | loss 3.4197 | lr 2.49e-04 | 1418 tok/s | fwd_bwd 5631ms data 0ms clip 20ms optim 111ms step 5771ms mem 1493/3311MB
step 174,720 | loss 3.0364 | lr 2.49e-04 | 1378 tok/s | fwd_bwd 5729ms data 1ms clip 23ms optim 119ms step 5893ms mem 1493/3311MB
step 174,730 | loss 2.6422 | lr 2.49e-04 | 1410 tok/s | fwd_bwd 5657ms data 1ms clip 21ms optim 113ms step 5807ms mem 1452/3311MB
step 174,740 | loss 3.0347 | lr 2.49e-04 | 1412 tok/s | fwd_bwd 5573ms data 1ms clip 20ms optim 111ms step 5722ms mem 1493/3311MB
step 174,750 | loss 3.4204 | lr 2.49e-04 | 1412 tok/s | fwd_bwd 5558ms data 1ms clip 20ms optim 112ms step 5698ms mem 1493/3311MB
step 174,760 | loss 3.0820 | lr 2.49e-04 | 1410 tok/s | fwd_bwd 5665ms data 0ms clip 20ms optim 112ms step 5805ms mem 1493/3311MB
step 174,770 | loss 3.6514 | lr 2.49e-04 | 1407 tok/s | fwd_bwd 5673ms data 0ms clip 20ms optim 111ms step 5810ms mem 1493/3311MB
step 174,780 | loss 3.3204 | lr 2.49e-04 | 1408 tok/s | fwd_bwd 5660ms data 1ms clip 20ms optim 112ms step 5803ms mem 1493/3311MB
step 174,790 | loss 3.8273 | lr 2.49e-04 | 1404 tok/s | fwd_bwd 5674ms data 0ms clip 20ms optim 111ms step 5813ms mem 1493/3311MB
step 174,800 | loss 2.5263 | lr 2.49e-04 | 1400 tok/s | fwd_bwd 5717ms data 0ms clip 20ms optim 113ms step 5854ms mem 1452/3311MB
step 174,810 | loss 3.3218 | lr 2.49e-04 | 1399 tok/s | fwd_bwd 5699ms data 0ms clip 20ms optim 111ms step 5837ms mem 1452/3311MB
step 174,820 | loss 3.4702 | lr 2.49e-04 | 1403 tok/s | fwd_bwd 5638ms data 1ms clip 20ms optim 111ms step 5789ms mem 1493/3311MB
step 174,830 | loss 2.7937 | lr 2.49e-04 | 1404 tok/s | fwd_bwd 5662ms data 0ms clip 20ms optim 112ms step 5802ms mem 1493/3311MB
step 174,840 | loss 3.8477 | lr 2.49e-04 | 1397 tok/s | fwd_bwd 5690ms data 0ms clip 20ms optim 111ms step 5830ms mem 1493/3311MB
Checkpoint saved: checkpoints/step_174847
  Pruning old checkpoint: checkpoints/step_173687
step 174,850 | loss 3.0845 | lr 2.49e-04 | 1381 tok/s | fwd_bwd 5681ms data 0ms clip 20ms optim 111ms step 5818ms mem 1448/3311MB
step 174,860 | loss 2.9621 | lr 2.49e-04 | 1397 tok/s | fwd_bwd 5729ms data 0ms clip 20ms optim 111ms step 5866ms mem 1452/3311MB
step 174,870 | loss 2.7895 | lr 2.49e-04 | 1395 tok/s | fwd_bwd 5610ms data 1ms clip 20ms optim 111ms step 5753ms mem 1493/3311MB
step 174,880 | loss 2.7372 | lr 2.49e-04 | 1398 tok/s | fwd_bwd 5668ms data 0ms clip 20ms optim 112ms step 5803ms mem 1448/3311MB
step 174,890 | loss 2.4465 | lr 2.49e-04 | 1396 tok/s | fwd_bwd 5702ms data 0ms clip 20ms optim 111ms step 5836ms mem 1493/3311MB
step 174,900 | loss 2.3809 | lr 2.49e-04 | 1387 tok/s | fwd_bwd 5662ms data 0ms clip 20ms optim 111ms step 5802ms mem 1493/3311MB
step 174,910 | loss 2.8380 | lr 2.49e-04 | 1380 tok/s | fwd_bwd 5799ms data 1ms clip 20ms optim 111ms step 5948ms mem 1448/3311MB
step 174,920 | loss 2.7527 | lr 2.49e-04 | 1379 tok/s | fwd_bwd 5683ms data 1ms clip 20ms optim 112ms step 5829ms mem 1493/3311MB
step 174,930 | loss 3.3953 | lr 2.49e-04 | 1381 tok/s | fwd_bwd 5775ms data 0ms clip 20ms optim 111ms step 5913ms mem 1493/3311MB
step 174,940 | loss 3.0985 | lr 2.49e-04 | 1380 tok/s | fwd_bwd 5817ms data 1ms clip 20ms optim 111ms step 5967ms mem 1448/3311MB
step 174,950 | loss 3.6540 | lr 2.49e-04 | 1366 tok/s | fwd_bwd 5746ms data 0ms clip 20ms optim 112ms step 5890ms mem 1493/3311MB
step 174,960 | loss 3.1604 | lr 2.49e-04 | 1372 tok/s | fwd_bwd 5812ms data 0ms clip 20ms optim 112ms step 5955ms mem 1450/3311MB
step 174,970 | loss 3.0278 | lr 2.49e-04 | 1369 tok/s | fwd_bwd 5807ms data 1ms clip 20ms optim 111ms step 5949ms mem 1451/3311MB
step 174,980 | loss 3.2597 | lr 2.49e-04 | 1371 tok/s | fwd_bwd 5817ms data 0ms clip 20ms optim 112ms step 5958ms mem 1493/3311MB
step 174,990 | loss 4.2023 | lr 2.49e-04 | 1367 tok/s | fwd_bwd 5827ms data 1ms clip 20ms optim 112ms step 5975ms mem 1493/3311MB
step 175,000 | loss 3.4278 | lr 2.49e-04 | 1368 tok/s | fwd_bwd 5819ms data 0ms clip 20ms optim 111ms step 5960ms mem 1452/3311MB
  [eval] step 175000 | val_loss 3.1198 | ppl 22.64
Checkpoint saved: checkpoints/step_175000
  [samples] wrote checkpoints/step_175000/samples.txt
  Pruning old checkpoint: checkpoints/step_174000
step 175,010 | loss 3.0232 | lr 2.49e-04 | 581 tok/s | fwd_bwd 5885ms data 1ms clip 20ms optim 112ms step 6039ms mem 1493/3311MB
step 175,020 | loss 3.3813 | lr 2.49e-04 | 1364 tok/s | fwd_bwd 5843ms data 1ms clip 20ms optim 111ms step 5991ms mem 1493/3311MB
step 175,030 | loss 2.6955 | lr 2.49e-04 | 1366 tok/s | fwd_bwd 5846ms data 1ms clip 20ms optim 111ms step 5996ms mem 1493/3311MB
step 175,040 | loss 3.3587 | lr 2.49e-04 | 1365 tok/s | fwd_bwd 5846ms data 0ms clip 20ms optim 111ms step 5983ms mem 1493/3311MB
step 175,050 | loss 3.1424 | lr 2.49e-04 | 1327 tok/s | fwd_bwd 6145ms data 0ms clip 22ms optim 119ms step 6293ms mem 1493/3311MB
step 175,060 | loss 3.1512 | lr 2.49e-04 | 1022 tok/s | fwd_bwd 6269ms data 0ms clip 21ms optim 115ms step 6413ms mem 1493/3311MB
step 175,070 | loss 3.5968 | lr 2.49e-04 | 1221 tok/s | fwd_bwd 6087ms data 1ms clip 23ms optim 119ms step 6246ms mem 1452/3311MB
step 175,080 | loss 4.0754 | lr 2.49e-04 | 1322 tok/s | fwd_bwd 5988ms data 0ms clip 20ms optim 111ms step 6127ms mem 1493/3311MB
step 175,090 | loss 3.4205 | lr 2.49e-04 | 1338 tok/s | fwd_bwd 5976ms data 1ms clip 20ms optim 112ms step 6128ms mem 1493/3311MB
step 175,100 | loss 3.4276 | lr 2.49e-04 | 1329 tok/s | fwd_bwd 5913ms data 0ms clip 20ms optim 112ms step 6052ms mem 1451/3311MB
step 175,110 | loss 3.7747 | lr 2.49e-04 | 1296 tok/s | fwd_bwd 5975ms data 0ms clip 20ms optim 112ms step 6118ms mem 1493/3311MB
step 175,120 | loss 3.5890 | lr 2.49e-04 | 1314 tok/s | fwd_bwd 5987ms data 0ms clip 20ms optim 112ms step 6124ms mem 1493/3311MB
step 175,130 | loss 3.5242 | lr 2.49e-04 | 1338 tok/s | fwd_bwd 5959ms data 0ms clip 20ms optim 111ms step 6096ms mem 1493/3311MB
step 175,140 | loss 3.8535 | lr 2.49e-04 | 1340 tok/s | fwd_bwd 5858ms data 1ms clip 20ms optim 112ms step 6009ms mem 1493/3311MB
step 175,150 | loss 2.8211 | lr 2.49e-04 | 1338 tok/s | fwd_bwd 5954ms data 0ms clip 20ms optim 112ms step 6097ms mem 1493/3311MB
step 175,160 | loss 3.1974 | lr 2.49e-04 | 1314 tok/s | fwd_bwd 6165ms data 1ms clip 20ms optim 112ms step 6313ms mem 1493/3311MB
step 175,170 | loss 3.2535 | lr 2.49e-04 | 1287 tok/s | fwd_bwd 6199ms data 0ms clip 20ms optim 111ms step 6336ms mem 1493/3311MB
step 175,180 | loss 2.7852 | lr 2.49e-04 | 1287 tok/s | fwd_bwd 6148ms data 0ms clip 20ms optim 112ms step 6288ms mem 1452/3311MB
step 175,190 | loss 2.5634 | lr 2.48e-04 | 1302 tok/s | fwd_bwd 6186ms data 1ms clip 24ms optim 120ms step 6351ms mem 1452/3311MB
step 175,200 | loss 3.7746 | lr 2.48e-04 | 1316 tok/s | fwd_bwd 6067ms data 0ms clip 20ms optim 112ms step 6209ms mem 1451/3311MB
step 175,210 | loss 3.0606 | lr 2.48e-04 | 1315 tok/s | fwd_bwd 6061ms data 0ms clip 20ms optim 112ms step 6204ms mem 1493/3311MB
step 175,220 | loss 2.7801 | lr 2.48e-04 | 1316 tok/s | fwd_bwd 6044ms data 1ms clip 20ms optim 112ms step 6193ms mem 1492/3311MB
step 175,230 | loss 2.4364 | lr 2.48e-04 | 1320 tok/s | fwd_bwd 6040ms data 0ms clip 20ms optim 111ms step 6180ms mem 1493/3311MB
step 175,240 | loss 3.4287 | lr 2.48e-04 | 1322 tok/s | fwd_bwd 6045ms data 0ms clip 20ms optim 112ms step 6186ms mem 1493/3311MB
step 175,250 | loss 3.8106 | lr 2.48e-04 | 1324 tok/s | fwd_bwd 6031ms data 0ms clip 20ms optim 112ms step 6172ms mem 1493/3311MB
step 175,260 | loss 2.8418 | lr 2.48e-04 | 1321 tok/s | fwd_bwd 6043ms data 0ms clip 20ms optim 112ms step 6186ms mem 1493/3311MB
step 175,270 | loss 0.4676 | lr 2.48e-04 | 1318 tok/s | fwd_bwd 6122ms data 1ms clip 23ms optim 120ms step 6287ms mem 1493/3311MB
step 175,280 | loss 3.7892 | lr 2.48e-04 | 1322 tok/s | fwd_bwd 6079ms data 1ms clip 20ms optim 112ms step 6232ms mem 1493/3311MB
step 175,290 | loss 3.0095 | lr 2.48e-04 | 1324 tok/s | fwd_bwd 6043ms data 0ms clip 20ms optim 112ms step 6182ms mem 1493/3311MB
step 175,300 | loss 3.0224 | lr 2.48e-04 | 1321 tok/s | fwd_bwd 6045ms data 0ms clip 20ms optim 112ms step 6187ms mem 1493/3311MB
step 175,310 | loss 3.7799 | lr 2.48e-04 | 1324 tok/s | fwd_bwd 6023ms data 0ms clip 20ms optim 112ms step 6162ms mem 1493/3311MB
step 175,320 | loss 3.7184 | lr 2.48e-04 | 1327 tok/s | fwd_bwd 6027ms data 0ms clip 20ms optim 112ms step 6163ms mem 1493/3311MB
step 175,330 | loss 3.0896 | lr 2.48e-04 | 1328 tok/s | fwd_bwd 6018ms data 1ms clip 20ms optim 112ms step 6169ms mem 1493/3311MB
step 175,340 | loss 3.1747 | lr 2.48e-04 | 1329 tok/s | fwd_bwd 5941ms data 0ms clip 20ms optim 112ms step 6077ms mem 1448/3311MB
step 175,350 | loss 2.7807 | lr 2.48e-04 | 1328 tok/s | fwd_bwd 5934ms data 0ms clip 20ms optim 112ms step 6070ms mem 1448/3311MB
step 175,360 | loss 3.4915 | lr 2.48e-04 | 1329 tok/s | fwd_bwd 5920ms data 0ms clip 20ms optim 111ms step 6058ms mem 1493/3311MB
step 175,370 | loss 2.5450 | lr 2.48e-04 | 1328 tok/s | fwd_bwd 6044ms data 1ms clip 21ms optim 113ms step 6199ms mem 1493/3311MB
step 175,380 | loss 3.0501 | lr 2.48e-04 | 1328 tok/s | fwd_bwd 6048ms data 1ms clip 20ms optim 112ms step 6198ms mem 1493/3311MB
step 175,390 | loss 1.9424 | lr 2.48e-04 | 1327 tok/s | fwd_bwd 6017ms data 0ms clip 20ms optim 112ms step 6156ms mem 1451/3311MB
step 175,400 | loss 2.3886 | lr 2.48e-04 | 1329 tok/s | fwd_bwd 5996ms data 0ms clip 20ms optim 112ms step 6135ms mem 1493/3311MB
step 175,410 | loss 3.5022 | lr 2.48e-04 | 1323 tok/s | fwd_bwd 6004ms data 1ms clip 20ms optim 112ms step 6151ms mem 1488/3311MB
Checkpoint saved: checkpoints/step_175419
  Pruning old checkpoint: checkpoints/step_174261
step 175,420 | loss 2.6650 | lr 2.48e-04 | 1308 tok/s | fwd_bwd 5696ms data 1ms clip 20ms optim 113ms step 5838ms mem 1452/3311MB
step 175,430 | loss 1.9509 | lr 2.48e-04 | 1322 tok/s | fwd_bwd 6076ms data 1ms clip 20ms optim 112ms step 6230ms mem 1493/3311MB
step 175,440 | loss 2.3811 | lr 2.48e-04 | 1325 tok/s | fwd_bwd 6029ms data 1ms clip 20ms optim 112ms step 6173ms mem 1493/3311MB
step 175,450 | loss 4.4145 | lr 2.48e-04 | 1323 tok/s | fwd_bwd 5985ms data 1ms clip 20ms optim 111ms step 6134ms mem 1493/3311MB
step 175,460 | loss 4.3710 | lr 2.48e-04 | 1324 tok/s | fwd_bwd 6064ms data 1ms clip 23ms optim 120ms step 6229ms mem 1452/3311MB
step 175,470 | loss 2.5916 | lr 2.48e-04 | 1325 tok/s | fwd_bwd 5974ms data 1ms clip 20ms optim 111ms step 6127ms mem 1493/3311MB
step 175,480 | loss 1.8878 | lr 2.48e-04 | 1323 tok/s | fwd_bwd 6032ms data 0ms clip 20ms optim 112ms step 6173ms mem 1493/3311MB
step 175,490 | loss 3.3354 | lr 2.48e-04 | 1324 tok/s | fwd_bwd 6032ms data 1ms clip 20ms optim 112ms step 6181ms mem 1493/3311MB
step 175,500 | loss 3.2095 | lr 2.48e-04 | 1323 tok/s | fwd_bwd 6022ms data 1ms clip 20ms optim 112ms step 6167ms mem 1493/3311MB
  [eval] step 175500 | val_loss 3.1183 | ppl 22.61
step 175,510 | loss 3.6977 | lr 2.48e-04 | 750 tok/s | fwd_bwd 5979ms data 0ms clip 20ms optim 112ms step 6117ms mem 1493/3311MB
step 175,520 | loss 3.6886 | lr 2.48e-04 | 1321 tok/s | fwd_bwd 5946ms data 0ms clip 20ms optim 112ms step 6085ms mem 1493/3311MB
step 175,530 | loss 1.3691 | lr 2.48e-04 | 1325 tok/s | fwd_bwd 6013ms data 1ms clip 20ms optim 111ms step 6159ms mem 1493/3311MB
step 175,540 | loss 3.8008 | lr 2.48e-04 | 1256 tok/s | fwd_bwd 6564ms data 1ms clip 20ms optim 112ms step 6709ms mem 1493/3311MB
step 175,550 | loss 2.7632 | lr 2.48e-04 | 1292 tok/s | fwd_bwd 6151ms data 0ms clip 20ms optim 112ms step 6287ms mem 1493/3311MB
step 175,560 | loss 3.9656 | lr 2.48e-04 | 1306 tok/s | fwd_bwd 5977ms data 1ms clip 20ms optim 112ms step 6126ms mem 1470/3311MB
step 175,570 | loss 3.9582 | lr 2.48e-04 | 1321 tok/s | fwd_bwd 6035ms data 0ms clip 20ms optim 112ms step 6174ms mem 1493/3311MB
step 175,580 | loss 3.1698 | lr 2.48e-04 | 1323 tok/s | fwd_bwd 6014ms data 0ms clip 20ms optim 112ms step 6158ms mem 1449/3311MB
step 175,590 | loss 3.4631 | lr 2.48e-04 | 1320 tok/s | fwd_bwd 6107ms data 1ms clip 23ms optim 121ms step 6273ms mem 1452/3311MB
step 175,600 | loss 3.6267 | lr 2.48e-04 | 1320 tok/s | fwd_bwd 6055ms data 0ms clip 20ms optim 112ms step 6193ms mem 1493/3311MB
step 175,610 | loss 4.1235 | lr 2.48e-04 | 1318 tok/s | fwd_bwd 6064ms data 0ms clip 20ms optim 111ms step 6204ms mem 1451/3311MB
step 175,620 | loss 3.5967 | lr 2.48e-04 | 1322 tok/s | fwd_bwd 6028ms data 0ms clip 20ms optim 112ms step 6169ms mem 1470/3311MB
step 175,630 | loss 2.5942 | lr 2.48e-04 | 1326 tok/s | fwd_bwd 6017ms data 0ms clip 20ms optim 111ms step 6155ms mem 1493/3311MB
step 175,640 | loss 3.1225 | lr 2.48e-04 | 1327 tok/s | fwd_bwd 6005ms data 1ms clip 20ms optim 112ms step 6152ms mem 1493/3311MB
step 175,650 | loss 2.8268 | lr 2.48e-04 | 1326 tok/s | fwd_bwd 6017ms data 0ms clip 20ms optim 112ms step 6155ms mem 1493/3311MB
step 175,660 | loss 3.3411 | lr 2.48e-04 | 1327 tok/s | fwd_bwd 6036ms data 1ms clip 20ms optim 111ms step 6187ms mem 1452/3311MB
step 175,670 | loss 2.1906 | lr 2.48e-04 | 1327 tok/s | fwd_bwd 6020ms data 1ms clip 20ms optim 111ms step 6165ms mem 1452/3311MB
step 175,680 | loss 3.2677 | lr 2.48e-04 | 1324 tok/s | fwd_bwd 6026ms data 0ms clip 20ms optim 111ms step 6164ms mem 1493/3311MB
step 175,690 | loss 2.8109 | lr 2.48e-04 | 1325 tok/s | fwd_bwd 6030ms data 0ms clip 20ms optim 112ms step 6169ms mem 1493/3311MB
step 175,700 | loss 3.3969 | lr 2.48e-04 | 1324 tok/s | fwd_bwd 6021ms data 0ms clip 20ms optim 112ms step 6161ms mem 1493/3311MB
step 175,710 | loss 4.1853 | lr 2.47e-04 | 1326 tok/s | fwd_bwd 6021ms data 0ms clip 20ms optim 111ms step 6157ms mem 1493/3311MB
step 175,720 | loss 3.6224 | lr 2.47e-04 | 1323 tok/s | fwd_bwd 6000ms data 0ms clip 20ms optim 112ms step 6136ms mem 1493/3311MB
step 175,730 | loss 3.7562 | lr 2.47e-04 | 1322 tok/s | fwd_bwd 6037ms data 0ms clip 20ms optim 111ms step 6179ms mem 1493/3311MB
step 175,740 | loss 3.4575 | lr 2.47e-04 | 1321 tok/s | fwd_bwd 5999ms data 1ms clip 20ms optim 111ms step 6141ms mem 1493/3311MB
step 175,750 | loss 3.9201 | lr 2.47e-04 | 1321 tok/s | fwd_bwd 6073ms data 1ms clip 23ms optim 120ms step 6238ms mem 1493/3311MB
step 175,760 | loss 3.8623 | lr 2.47e-04 | 1324 tok/s | fwd_bwd 6037ms data 0ms clip 20ms optim 112ms step 6175ms mem 1493/3311MB
step 175,770 | loss 3.2151 | lr 2.47e-04 | 1321 tok/s | fwd_bwd 5946ms data 1ms clip 20ms optim 112ms step 6091ms mem 1452/3311MB
step 175,780 | loss 3.9853 | lr 2.47e-04 | 1321 tok/s | fwd_bwd 6035ms data 0ms clip 20ms optim 112ms step 6171ms mem 1451/3311MB
step 175,790 | loss 3.5705 | lr 2.47e-04 | 1321 tok/s | fwd_bwd 6045ms data 1ms clip 20ms optim 111ms step 6194ms mem 1493/3311MB
step 175,800 | loss 3.5006 | lr 2.47e-04 | 1322 tok/s | fwd_bwd 6022ms data 1ms clip 20ms optim 112ms step 6168ms mem 1493/3311MB
step 175,810 | loss 3.5435 | lr 2.47e-04 | 1323 tok/s | fwd_bwd 5986ms data 1ms clip 23ms optim 116ms step 6144ms mem 1452/3311MB
step 175,820 | loss 4.0555 | lr 2.47e-04 | 1325 tok/s | fwd_bwd 6012ms data 1ms clip 20ms optim 111ms step 6158ms mem 1493/3311MB
step 175,830 | loss 3.0145 | lr 2.47e-04 | 1323 tok/s | fwd_bwd 6049ms data 1ms clip 23ms optim 120ms step 6215ms mem 1452/3311MB
step 175,840 | loss 3.1327 | lr 2.47e-04 | 1323 tok/s | fwd_bwd 6072ms data 1ms clip 21ms optim 112ms step 6223ms mem 1493/3311MB
step 175,850 | loss 2.5299 | lr 2.47e-04 | 1324 tok/s | fwd_bwd 6041ms data 1ms clip 23ms optim 121ms step 6205ms mem 1470/3311MB
step 175,860 | loss 3.4713 | lr 2.47e-04 | 1325 tok/s | fwd_bwd 5954ms data 0ms clip 20ms optim 111ms step 6092ms mem 1493/3311MB
step 175,870 | loss 3.0568 | lr 2.47e-04 | 1325 tok/s | fwd_bwd 6053ms data 1ms clip 23ms optim 120ms step 6216ms mem 1493/3311MB
step 175,880 | loss 2.4893 | lr 2.47e-04 | 1326 tok/s | fwd_bwd 6022ms data 0ms clip 20ms optim 111ms step 6163ms mem 1489/3311MB
step 175,890 | loss 3.8433 | lr 2.47e-04 | 1324 tok/s | fwd_bwd 6020ms data 1ms clip 20ms optim 112ms step 6166ms mem 1452/3311MB
step 175,900 | loss 3.4750 | lr 2.47e-04 | 1326 tok/s | fwd_bwd 5962ms data 1ms clip 20ms optim 112ms step 6103ms mem 1493/3311MB
step 175,910 | loss 3.7622 | lr 2.47e-04 | 1325 tok/s | fwd_bwd 6021ms data 0ms clip 20ms optim 111ms step 6159ms mem 1448/3311MB
step 175,920 | loss 1.8376 | lr 2.47e-04 | 1324 tok/s | fwd_bwd 5997ms data 0ms clip 20ms optim 111ms step 6136ms mem 1452/3311MB
step 175,930 | loss 2.9429 | lr 2.47e-04 | 1324 tok/s | fwd_bwd 6023ms data 1ms clip 20ms optim 111ms step 6172ms mem 1493/3311MB
step 175,940 | loss 2.3394 | lr 2.47e-04 | 1327 tok/s | fwd_bwd 6013ms data 0ms clip 20ms optim 111ms step 6152ms mem 1493/3311MB
step 175,950 | loss 4.1956 | lr 2.47e-04 | 1326 tok/s | fwd_bwd 6052ms data 1ms clip 20ms optim 112ms step 6205ms mem 1493/3311MB
step 175,960 | loss 3.2515 | lr 2.47e-04 | 1327 tok/s | fwd_bwd 6011ms data 1ms clip 20ms optim 112ms step 6155ms mem 1493/3311MB
step 175,970 | loss 3.3315 | lr 2.47e-04 | 1325 tok/s | fwd_bwd 5945ms data 1ms clip 20ms optim 112ms step 6090ms mem 1493/3311MB
step 175,980 | loss 3.4285 | lr 2.47e-04 | 1319 tok/s | fwd_bwd 6255ms data 1ms clip 20ms optim 112ms step 6397ms mem 1450/3311MB
step 175,990 | loss 3.3918 | lr 2.47e-04 | 1323 tok/s | fwd_bwd 6032ms data 0ms clip 20ms optim 112ms step 6172ms mem 1493/3311MB
Checkpoint saved: checkpoints/step_175993
  Pruning old checkpoint: checkpoints/step_174847
step 176,000 | loss 3.3365 | lr 2.47e-04 | 1302 tok/s | fwd_bwd 6075ms data 0ms clip 20ms optim 112ms step 6215ms mem 1493/3311MB
  [eval] step 176000 | val_loss 2.7644 | ppl 15.87
Checkpoint saved: checkpoints/step_176000
  [samples] wrote checkpoints/step_176000/samples.txt
  Pruning old checkpoint: checkpoints/step_175000
step 176,010 | loss 3.7837 | lr 2.47e-04 | 572 tok/s | fwd_bwd 6002ms data 1ms clip 20ms optim 112ms step 6155ms mem 1476/3311MB
step 176,020 | loss 3.6022 | lr 2.47e-04 | 1322 tok/s | fwd_bwd 6011ms data 0ms clip 20ms optim 112ms step 6150ms mem 1452/3311MB
step 176,030 | loss 3.1039 | lr 2.47e-04 | 1346 tok/s | fwd_bwd 5850ms data 1ms clip 21ms optim 114ms step 6006ms mem 1476/3311MB
step 176,040 | loss 0.6358 | lr 2.47e-04 | 1372 tok/s | fwd_bwd 5817ms data 0ms clip 20ms optim 111ms step 5955ms mem 1493/3311MB
step 176,050 | loss 3.8243 | lr 2.47e-04 | 1364 tok/s | fwd_bwd 5914ms data 1ms clip 20ms optim 112ms step 6067ms mem 1493/3311MB
step 176,060 | loss 1.2927 | lr 2.47e-04 | 1357 tok/s | fwd_bwd 5885ms data 0ms clip 20ms optim 111ms step 6023ms mem 1493/3311MB
step 176,070 | loss 2.5589 | lr 2.47e-04 | 1352 tok/s | fwd_bwd 5892ms data 1ms clip 20ms optim 112ms step 6034ms mem 1493/3311MB
step 176,080 | loss 3.4290 | lr 2.47e-04 | 1350 tok/s | fwd_bwd 5866ms data 1ms clip 20ms optim 112ms step 6016ms mem 1493/3311MB
step 176,090 | loss 3.5503 | lr 2.47e-04 | 1355 tok/s | fwd_bwd 5880ms data 1ms clip 20ms optim 111ms step 6032ms mem 1493/3311MB
step 176,100 | loss 3.1133 | lr 2.47e-04 | 1348 tok/s | fwd_bwd 5905ms data 1ms clip 20ms optim 112ms step 6053ms mem 1470/3311MB
step 176,110 | loss 3.9907 | lr 2.47e-04 | 1341 tok/s | fwd_bwd 5938ms data 0ms clip 20ms optim 111ms step 6077ms mem 1493/3311MB
step 176,120 | loss 3.7003 | lr 2.47e-04 | 1343 tok/s | fwd_bwd 5873ms data 0ms clip 20ms optim 112ms step 6014ms mem 1493/3311MB
step 176,130 | loss 3.0206 | lr 2.47e-04 | 1344 tok/s | fwd_bwd 5936ms data 0ms clip 20ms optim 112ms step 6075ms mem 1493/3311MB
step 176,140 | loss 3.4171 | lr 2.47e-04 | 1341 tok/s | fwd_bwd 5942ms data 0ms clip 20ms optim 112ms step 6082ms mem 1490/3311MB
step 176,150 | loss 3.1057 | lr 2.47e-04 | 1331 tok/s | fwd_bwd 5977ms data 0ms clip 20ms optim 112ms step 6114ms mem 1493/3311MB
step 176,160 | loss 2.8497 | lr 2.47e-04 | 1337 tok/s | fwd_bwd 6004ms data 1ms clip 23ms optim 122ms step 6171ms mem 1493/3311MB
step 176,170 | loss 3.0759 | lr 2.47e-04 | 1341 tok/s | fwd_bwd 5980ms data 1ms clip 21ms optim 114ms step 6135ms mem 1493/3311MB
step 176,180 | loss 3.6683 | lr 2.47e-04 | 1342 tok/s | fwd_bwd 5946ms data 0ms clip 20ms optim 112ms step 6086ms mem 1493/3311MB
step 176,190 | loss 3.0654 | lr 2.47e-04 | 1337 tok/s | fwd_bwd 5951ms data 1ms clip 20ms optim 111ms step 6099ms mem 1493/3311MB
step 176,200 | loss 3.9872 | lr 2.47e-04 | 1337 tok/s | fwd_bwd 5943ms data 0ms clip 20ms optim 112ms step 6082ms mem 1492/3311MB
step 176,210 | loss 3.2674 | lr 2.47e-04 | 1337 tok/s | fwd_bwd 5940ms data 1ms clip 20ms optim 112ms step 6086ms mem 1493/3311MB
step 176,220 | loss 3.4675 | lr 2.46e-04 | 1335 tok/s | fwd_bwd 5952ms data 1ms clip 20ms optim 112ms step 6094ms mem 1493/3311MB
step 176,230 | loss 3.3437 | lr 2.46e-04 | 1336 tok/s | fwd_bwd 5952ms data 1ms clip 20ms optim 111ms step 6094ms mem 1493/3311MB
step 176,240 | loss 3.3944 | lr 2.46e-04 | 1336 tok/s | fwd_bwd 5941ms data 1ms clip 20ms optim 112ms step 6083ms mem 1452/3311MB
step 176,250 | loss 3.1947 | lr 2.46e-04 | 1340 tok/s | fwd_bwd 5934ms data 0ms clip 20ms optim 111ms step 6073ms mem 1493/3311MB
step 176,260 | loss 3.3988 | lr 2.46e-04 | 1339 tok/s | fwd_bwd 5959ms data 1ms clip 20ms optim 112ms step 6099ms mem 1493/3311MB
step 176,270 | loss 4.1364 | lr 2.46e-04 | 1338 tok/s | fwd_bwd 5954ms data 1ms clip 20ms optim 112ms step 6094ms mem 1493/3311MB
step 176,280 | loss 3.3908 | lr 2.46e-04 | 1339 tok/s | fwd_bwd 5940ms data 0ms clip 20ms optim 112ms step 6079ms mem 1493/3311MB
step 176,290 | loss 2.6547 | lr 2.46e-04 | 1340 tok/s | fwd_bwd 5969ms data 0ms clip 20ms optim 113ms step 6109ms mem 1493/3311MB
step 176,300 | loss 3.7326 | lr 2.46e-04 | 1340 tok/s | fwd_bwd 5896ms data 1ms clip 20ms optim 111ms step 6037ms mem 1464/3311MB
step 176,310 | loss 2.4604 | lr 2.46e-04 | 1342 tok/s | fwd_bwd 5923ms data 1ms clip 20ms optim 111ms step 6071ms mem 1493/3311MB
step 176,320 | loss 1.5412 | lr 2.46e-04 | 1342 tok/s | fwd_bwd 5936ms data 0ms clip 20ms optim 112ms step 6072ms mem 1452/3311MB
step 176,330 | loss 3.2944 | lr 2.46e-04 | 1341 tok/s | fwd_bwd 5988ms data 1ms clip 20ms optim 112ms step 6143ms mem 1451/3311MB
step 176,340 | loss 3.4755 | lr 2.46e-04 | 1341 tok/s | fwd_bwd 5957ms data 0ms clip 20ms optim 112ms step 6095ms mem 1493/3311MB
step 176,350 | loss 3.0871 | lr 2.46e-04 | 1335 tok/s | fwd_bwd 6019ms data 1ms clip 20ms optim 111ms step 6171ms mem 1493/3311MB
step 176,360 | loss 3.6688 | lr 2.46e-04 | 1335 tok/s | fwd_bwd 5951ms data 1ms clip 20ms optim 111ms step 6095ms mem 1493/3311MB
step 176,370 | loss 3.1573 | lr 2.46e-04 | 1337 tok/s | fwd_bwd 5961ms data 0ms clip 20ms optim 113ms step 6103ms mem 1493/3311MB
step 176,380 | loss 3.1553 | lr 2.46e-04 | 1341 tok/s | fwd_bwd 5924ms data 1ms clip 20ms optim 112ms step 6066ms mem 1493/3311MB
step 176,390 | loss 4.2063 | lr 2.46e-04 | 1341 tok/s | fwd_bwd 5951ms data 1ms clip 20ms optim 112ms step 6092ms mem 1493/3311MB
step 176,400 | loss 3.4433 | lr 2.46e-04 | 1341 tok/s | fwd_bwd 5946ms data 0ms clip 20ms optim 112ms step 6085ms mem 1493/3311MB
step 176,410 | loss 3.6957 | lr 2.46e-04 | 1339 tok/s | fwd_bwd 5959ms data 0ms clip 20ms optim 113ms step 6098ms mem 1493/3311MB
step 176,420 | loss 3.0564 | lr 2.46e-04 | 1337 tok/s | fwd_bwd 5965ms data 1ms clip 20ms optim 112ms step 6117ms mem 1493/3311MB
step 176,430 | loss 3.3079 | lr 2.46e-04 | 1336 tok/s | fwd_bwd 5951ms data 1ms clip 20ms optim 112ms step 6092ms mem 1493/3311MB
step 176,440 | loss 2.1918 | lr 2.46e-04 | 1337 tok/s | fwd_bwd 5975ms data 0ms clip 20ms optim 112ms step 6114ms mem 1452/3311MB
step 176,450 | loss 3.3709 | lr 2.46e-04 | 1336 tok/s | fwd_bwd 5956ms data 0ms clip 20ms optim 112ms step 6096ms mem 1493/3311MB
step 176,460 | loss 2.5206 | lr 2.46e-04 | 1339 tok/s | fwd_bwd 5958ms data 1ms clip 20ms optim 112ms step 6105ms mem 1493/3311MB
step 176,470 | loss 3.1219 | lr 2.46e-04 | 1342 tok/s | fwd_bwd 5922ms data 1ms clip 20ms optim 112ms step 6066ms mem 1493/3311MB
step 176,480 | loss 3.2149 | lr 2.46e-04 | 1342 tok/s | fwd_bwd 5943ms data 0ms clip 20ms optim 112ms step 6085ms mem 1493/3311MB
step 176,490 | loss 2.8467 | lr 2.46e-04 | 1337 tok/s | fwd_bwd 5993ms data 0ms clip 20ms optim 112ms step 6131ms mem 1493/3311MB
step 176,500 | loss 3.7234 | lr 2.46e-04 | 1335 tok/s | fwd_bwd 5972ms data 0ms clip 20ms optim 112ms step 6112ms mem 1493/3311MB
  [eval] step 176500 | val_loss 3.2711 | ppl 26.34
step 176,510 | loss 3.0182 | lr 2.46e-04 | 758 tok/s | fwd_bwd 5898ms data 0ms clip 20ms optim 112ms step 6039ms mem 1451/3311MB
step 176,520 | loss 3.7840 | lr 2.46e-04 | 1355 tok/s | fwd_bwd 5839ms data 1ms clip 20ms optim 112ms step 5987ms mem 1493/3311MB
step 176,530 | loss 3.7863 | lr 2.46e-04 | 1368 tok/s | fwd_bwd 5804ms data 0ms clip 20ms optim 112ms step 5945ms mem 1493/3311MB
step 176,540 | loss 3.2638 | lr 2.46e-04 | 1378 tok/s | fwd_bwd 5773ms data 0ms clip 20ms optim 112ms step 5915ms mem 1493/3311MB
step 176,550 | loss 3.1246 | lr 2.46e-04 | 1374 tok/s | fwd_bwd 5790ms data 1ms clip 20ms optim 113ms step 5938ms mem 1448/3311MB
step 176,560 | loss 3.3825 | lr 2.46e-04 | 1359 tok/s | fwd_bwd 6008ms data 0ms clip 23ms optim 120ms step 6159ms mem 1493/3311MB
Checkpoint saved: checkpoints/step_176563
  Pruning old checkpoint: checkpoints/step_175419
step 176,570 | loss 2.1581 | lr 2.46e-04 | 1332 tok/s | fwd_bwd 5940ms data 0ms clip 20ms optim 111ms step 6075ms mem 1450/3311MB
step 176,580 | loss 2.8769 | lr 2.46e-04 | 1346 tok/s | fwd_bwd 5920ms data 0ms clip 20ms optim 112ms step 6059ms mem 1493/3311MB
step 176,590 | loss 3.5475 | lr 2.46e-04 | 1348 tok/s | fwd_bwd 5937ms data 0ms clip 20ms optim 112ms step 6075ms mem 1493/3311MB
step 176,600 | loss 3.6116 | lr 2.46e-04 | 1348 tok/s | fwd_bwd 5917ms data 1ms clip 20ms optim 112ms step 6066ms mem 1452/3311MB
step 176,610 | loss 3.0887 | lr 2.46e-04 | 1346 tok/s | fwd_bwd 5925ms data 0ms clip 20ms optim 111ms step 6061ms mem 1476/3311MB
step 176,620 | loss 3.8348 | lr 2.46e-04 | 1348 tok/s | fwd_bwd 5934ms data 0ms clip 20ms optim 111ms step 6073ms mem 1451/3311MB
step 176,630 | loss 3.3840 | lr 2.46e-04 | 1346 tok/s | fwd_bwd 5924ms data 0ms clip 20ms optim 112ms step 6067ms mem 1493/3311MB
step 176,640 | loss 3.1322 | lr 2.46e-04 | 1347 tok/s | fwd_bwd 5915ms data 1ms clip 20ms optim 112ms step 6059ms mem 1493/3311MB
step 176,650 | loss 3.0306 | lr 2.46e-04 | 1340 tok/s | fwd_bwd 5872ms data 1ms clip 20ms optim 112ms step 6017ms mem 1493/3311MB
step 176,660 | loss 3.8770 | lr 2.46e-04 | 1342 tok/s | fwd_bwd 5991ms data 1ms clip 20ms optim 111ms step 6144ms mem 1493/3311MB
step 176,670 | loss 2.9411 | lr 2.46e-04 | 1348 tok/s | fwd_bwd 5917ms data 0ms clip 20ms optim 112ms step 6059ms mem 1451/3311MB
step 176,680 | loss 2.2277 | lr 2.46e-04 | 1348 tok/s | fwd_bwd 5928ms data 0ms clip 20ms optim 112ms step 6066ms mem 1493/3311MB
step 176,690 | loss 2.9863 | lr 2.46e-04 | 1352 tok/s | fwd_bwd 5910ms data 0ms clip 20ms optim 111ms step 6052ms mem 1493/3311MB
step 176,700 | loss 3.8529 | lr 2.46e-04 | 1352 tok/s | fwd_bwd 5909ms data 0ms clip 20ms optim 112ms step 6045ms mem 1452/3311MB
step 176,710 | loss 2.8489 | lr 2.46e-04 | 1351 tok/s | fwd_bwd 5905ms data 0ms clip 20ms optim 112ms step 6041ms mem 1493/3311MB
step 176,720 | loss 2.0105 | lr 2.46e-04 | 1351 tok/s | fwd_bwd 5899ms data 0ms clip 20ms optim 112ms step 6036ms mem 1493/3311MB
step 176,730 | loss 2.5093 | lr 2.46e-04 | 1355 tok/s | fwd_bwd 5887ms data 0ms clip 20ms optim 112ms step 6029ms mem 1493/3311MB
step 176,740 | loss 3.1775 | lr 2.45e-04 | 1352 tok/s | fwd_bwd 5810ms data 1ms clip 20ms optim 111ms step 5954ms mem 1452/3311MB
step 176,750 | loss 1.6508 | lr 2.45e-04 | 1349 tok/s | fwd_bwd 5920ms data 0ms clip 20ms optim 112ms step 6055ms mem 1451/3311MB
step 176,760 | loss 3.3082 | lr 2.45e-04 | 1350 tok/s | fwd_bwd 5893ms data 1ms clip 20ms optim 112ms step 6041ms mem 1452/3311MB
step 176,770 | loss 3.2480 | lr 2.45e-04 | 1345 tok/s | fwd_bwd 5935ms data 1ms clip 20ms optim 112ms step 6084ms mem 1493/3311MB
step 176,780 | loss 3.6401 | lr 2.45e-04 | 1345 tok/s | fwd_bwd 5889ms data 0ms clip 20ms optim 112ms step 6031ms mem 1493/3311MB
step 176,790 | loss 2.8250 | lr 2.45e-04 | 1341 tok/s | fwd_bwd 5970ms data 1ms clip 20ms optim 112ms step 6120ms mem 1493/3311MB
step 176,800 | loss 1.3371 | lr 2.45e-04 | 1341 tok/s | fwd_bwd 5940ms data 0ms clip 20ms optim 112ms step 6081ms mem 1493/3311MB
step 176,810 | loss 3.6516 | lr 2.45e-04 | 1340 tok/s | fwd_bwd 5948ms data 0ms clip 20ms optim 112ms step 6090ms mem 1488/3311MB
step 176,820 | loss 3.4073 | lr 2.45e-04 | 1341 tok/s | fwd_bwd 5956ms data 0ms clip 20ms optim 112ms step 6094ms mem 1451/3311MB
step 176,830 | loss 1.8806 | lr 2.45e-04 | 1342 tok/s | fwd_bwd 5934ms data 0ms clip 20ms optim 112ms step 6077ms mem 1451/3311MB
step 176,840 | loss 2.1569 | lr 2.45e-04 | 1341 tok/s | fwd_bwd 5945ms data 1ms clip 20ms optim 112ms step 6091ms mem 1493/3311MB
step 176,850 | loss 3.2139 | lr 2.45e-04 | 1337 tok/s | fwd_bwd 5962ms data 0ms clip 20ms optim 112ms step 6100ms mem 1451/3311MB
step 176,860 | loss 2.3299 | lr 2.45e-04 | 1338 tok/s | fwd_bwd 5965ms data 0ms clip 20ms optim 112ms step 6105ms mem 1448/3311MB
step 176,870 | loss 3.8672 | lr 2.45e-04 | 1341 tok/s | fwd_bwd 5966ms data 0ms clip 20ms optim 112ms step 6105ms mem 1493/3311MB
step 176,880 | loss 2.8293 | lr 2.45e-04 | 1338 tok/s | fwd_bwd 5963ms data 1ms clip 20ms optim 112ms step 6107ms mem 1493/3311MB
step 176,890 | loss 3.2318 | lr 2.45e-04 | 1338 tok/s | fwd_bwd 5952ms data 0ms clip 20ms optim 112ms step 6090ms mem 1493/3311MB
step 176,900 | loss 3.7575 | lr 2.45e-04 | 1339 tok/s | fwd_bwd 5959ms data 1ms clip 20ms optim 112ms step 6105ms mem 1493/3311MB
step 176,910 | loss 2.5323 | lr 2.45e-04 | 1341 tok/s | fwd_bwd 5950ms data 0ms clip 20ms optim 112ms step 6088ms mem 1493/3311MB
step 176,920 | loss 1.2150 | lr 2.45e-04 | 1344 tok/s | fwd_bwd 5954ms data 0ms clip 20ms optim 111ms step 6094ms mem 1493/3311MB
step 176,930 | loss 3.5346 | lr 2.45e-04 | 1341 tok/s | fwd_bwd 5959ms data 1ms clip 20ms optim 112ms step 6102ms mem 1452/3311MB
step 176,940 | loss 3.1525 | lr 2.45e-04 | 1339 tok/s | fwd_bwd 5959ms data 0ms clip 20ms optim 112ms step 6097ms mem 1493/3311MB
step 176,950 | loss 3.0982 | lr 2.45e-04 | 1341 tok/s | fwd_bwd 5956ms data 0ms clip 20ms optim 112ms step 6095ms mem 1493/3311MB
step 176,960 | loss 3.3713 | lr 2.45e-04 | 1340 tok/s | fwd_bwd 5905ms data 0ms clip 20ms optim 111ms step 6044ms mem 1493/3311MB
step 176,970 | loss 3.6522 | lr 2.45e-04 | 1339 tok/s | fwd_bwd 5946ms data 1ms clip 20ms optim 111ms step 6091ms mem 1452/3311MB
step 176,980 | loss 3.5728 | lr 2.45e-04 | 1340 tok/s | fwd_bwd 5955ms data 0ms clip 20ms optim 111ms step 6090ms mem 1493/3311MB
step 176,990 | loss 4.6316 | lr 2.45e-04 | 1340 tok/s | fwd_bwd 5966ms data 0ms clip 20ms optim 112ms step 6105ms mem 1493/3311MB
step 177,000 | loss 1.5530 | lr 2.45e-04 | 1342 tok/s | fwd_bwd 5947ms data 0ms clip 20ms optim 112ms step 6082ms mem 1490/3311MB
  [eval] step 177000 | val_loss 3.2468 | ppl 25.71
Checkpoint saved: checkpoints/step_177000
  [samples] wrote checkpoints/step_177000/samples.txt
  Pruning old checkpoint: checkpoints/step_175993
step 177,010 | loss 3.4260 | lr 2.45e-04 | 574 tok/s | fwd_bwd 5933ms data 0ms clip 20ms optim 111ms step 6072ms mem 1493/3311MB
step 177,020 | loss 2.7934 | lr 2.45e-04 | 1340 tok/s | fwd_bwd 5965ms data 0ms clip 20ms optim 111ms step 6103ms mem 1493/3311MB
step 177,030 | loss 2.8705 | lr 2.45e-04 | 1336 tok/s | fwd_bwd 6001ms data 1ms clip 23ms optim 121ms step 6168ms mem 1493/3311MB
step 177,040 | loss 2.7175 | lr 2.45e-04 | 1341 tok/s | fwd_bwd 5958ms data 0ms clip 20ms optim 112ms step 6098ms mem 1493/3311MB
step 177,050 | loss 4.1325 | lr 2.45e-04 | 1338 tok/s | fwd_bwd 5938ms data 0ms clip 20ms optim 112ms step 6080ms mem 1493/3311MB
step 177,060 | loss 4.0944 | lr 2.45e-04 | 1340 tok/s | fwd_bwd 5953ms data 0ms clip 20ms optim 111ms step 6094ms mem 1493/3311MB
step 177,070 | loss 1.2500 | lr 2.45e-04 | 1336 tok/s | fwd_bwd 5957ms data 1ms clip 20ms optim 111ms step 6100ms mem 1493/3311MB
step 177,080 | loss 3.3194 | lr 2.45e-04 | 1335 tok/s | fwd_bwd 5965ms data 0ms clip 20ms optim 111ms step 6103ms mem 1493/3311MB
step 177,090 | loss 3.4298 | lr 2.45e-04 | 1335 tok/s | fwd_bwd 5994ms data 0ms clip 20ms optim 111ms step 6132ms mem 1493/3311MB
step 177,100 | loss 3.2047 | lr 2.45e-04 | 1331 tok/s | fwd_bwd 5997ms data 0ms clip 20ms optim 111ms step 6137ms mem 1493/3311MB
step 177,110 | loss 2.7274 | lr 2.45e-04 | 1331 tok/s | fwd_bwd 5983ms data 0ms clip 20ms optim 111ms step 6121ms mem 1493/3311MB
step 177,120 | loss 3.6738 | lr 2.45e-04 | 1332 tok/s | fwd_bwd 6000ms data 0ms clip 20ms optim 112ms step 6141ms mem 1493/3311MB
step 177,130 | loss 4.4499 | lr 2.45e-04 | 1325 tok/s | fwd_bwd 6002ms data 0ms clip 20ms optim 112ms step 6141ms mem 1493/3311MB
step 177,140 | loss 2.9440 | lr 2.45e-04 | 1328 tok/s | fwd_bwd 6002ms data 0ms clip 20ms optim 112ms step 6141ms mem 1493/3311MB
Checkpoint saved: checkpoints/step_177140
  Pruning old checkpoint: checkpoints/step_176000
step 177,150 | loss 2.7795 | lr 2.45e-04 | 1318 tok/s | fwd_bwd 5998ms data 1ms clip 20ms optim 112ms step 6141ms mem 1493/3311MB
step 177,160 | loss 2.1198 | lr 2.45e-04 | 1329 tok/s | fwd_bwd 5915ms data 0ms clip 20ms optim 112ms step 6054ms mem 1451/3311MB
step 177,170 | loss 1.5315 | lr 2.45e-04 | 1330 tok/s | fwd_bwd 6030ms data 1ms clip 20ms optim 111ms step 6181ms mem 1451/3311MB
step 177,180 | loss 3.3551 | lr 2.45e-04 | 1330 tok/s | fwd_bwd 6003ms data 0ms clip 20ms optim 111ms step 6143ms mem 1493/3311MB
step 177,190 | loss 3.4155 | lr 2.45e-04 | 1324 tok/s | fwd_bwd 6042ms data 0ms clip 20ms optim 111ms step 6183ms mem 1493/3311MB
step 177,200 | loss 3.5378 | lr 2.45e-04 | 1322 tok/s | fwd_bwd 6038ms data 0ms clip 21ms optim 112ms step 6174ms mem 1451/3311MB
step 177,210 | loss 3.5577 | lr 2.45e-04 | 1324 tok/s | fwd_bwd 6040ms data 0ms clip 20ms optim 112ms step 6179ms mem 1493/3311MB
step 177,220 | loss 3.0147 | lr 2.45e-04 | 1321 tok/s | fwd_bwd 6049ms data 1ms clip 20ms optim 112ms step 6191ms mem 1493/3311MB
step 177,230 | loss 2.9465 | lr 2.45e-04 | 1319 tok/s | fwd_bwd 6061ms data 0ms clip 21ms optim 111ms step 6201ms mem 1493/3311MB
step 177,240 | loss 3.5803 | lr 2.44e-04 | 1318 tok/s | fwd_bwd 6057ms data 0ms clip 20ms optim 112ms step 6197ms mem 1493/3311MB
step 177,250 | loss 3.5962 | lr 2.44e-04 | 1318 tok/s | fwd_bwd 6062ms data 1ms clip 20ms optim 111ms step 6205ms mem 1493/3311MB
step 177,260 | loss 4.0503 | lr 2.44e-04 | 1315 tok/s | fwd_bwd 6069ms data 1ms clip 20ms optim 112ms step 6213ms mem 1452/3311MB
step 177,270 | loss 3.2662 | lr 2.44e-04 | 1314 tok/s | fwd_bwd 6078ms data 0ms clip 20ms optim 112ms step 6217ms mem 1493/3311MB
step 177,280 | loss 3.6097 | lr 2.44e-04 | 1311 tok/s | fwd_bwd 6096ms data 1ms clip 20ms optim 111ms step 6242ms mem 1493/3311MB
step 177,290 | loss 2.4528 | lr 2.44e-04 | 124 tok/s | fwd_bwd 8209ms data 0ms clip 30ms optim 149ms step 8397ms mem 1448/3311MB
step 177,300 | loss 3.2099 | lr 2.44e-04 | 479 tok/s | fwd_bwd 4775ms data 0ms clip 20ms optim 115ms step 4917ms mem 1493/3311MB
step 177,310 | loss 3.0920 | lr 2.44e-04 | 1661 tok/s | fwd_bwd 4755ms data 1ms clip 22ms optim 121ms step 4918ms mem 1451/3311MB
step 177,320 | loss 2.2489 | lr 2.44e-04 | 1647 tok/s | fwd_bwd 4843ms data 1ms clip 20ms optim 111ms step 4984ms mem 1493/3311MB
step 177,330 | loss 3.4075 | lr 2.44e-04 | 1466 tok/s | fwd_bwd 5669ms data 1ms clip 20ms optim 112ms step 5814ms mem 1493/3311MB
step 177,340 | loss 3.2701 | lr 2.44e-04 | 1342 tok/s | fwd_bwd 5939ms data 0ms clip 20ms optim 112ms step 6079ms mem 1493/3311MB
step 177,350 | loss 3.8139 | lr 2.44e-04 | 1357 tok/s | fwd_bwd 5818ms data 1ms clip 21ms optim 114ms step 5965ms mem 1493/3311MB
step 177,360 | loss 3.8815 | lr 2.44e-04 | 1369 tok/s | fwd_bwd 5784ms data 1ms clip 20ms optim 112ms step 5937ms mem 1493/3311MB
step 177,370 | loss 2.7193 | lr 2.44e-04 | 1370 tok/s | fwd_bwd 5821ms data 1ms clip 20ms optim 111ms step 5962ms mem 1470/3311MB
step 177,380 | loss 4.1821 | lr 2.44e-04 | 1364 tok/s | fwd_bwd 5847ms data 0ms clip 20ms optim 113ms step 5988ms mem 1493/3311MB
step 177,390 | loss 3.6019 | lr 2.44e-04 | 1357 tok/s | fwd_bwd 5873ms data 1ms clip 20ms optim 114ms step 6024ms mem 1493/3311MB
step 177,400 | loss 3.4636 | lr 2.44e-04 | 1352 tok/s | fwd_bwd 5897ms data 0ms clip 20ms optim 112ms step 6035ms mem 1493/3311MB
step 177,410 | loss 3.1921 | lr 2.44e-04 | 1341 tok/s | fwd_bwd 5936ms data 1ms clip 20ms optim 112ms step 6085ms mem 1493/3311MB
step 177,420 | loss 3.6038 | lr 2.44e-04 | 1337 tok/s | fwd_bwd 5903ms data 1ms clip 23ms optim 121ms step 6069ms mem 1493/3311MB
step 177,430 | loss 2.6937 | lr 2.44e-04 | 1343 tok/s | fwd_bwd 5962ms data 1ms clip 23ms optim 121ms step 6126ms mem 1488/3311MB
step 177,440 | loss 3.4154 | lr 2.44e-04 | 1341 tok/s | fwd_bwd 5941ms data 1ms clip 24ms optim 122ms step 6107ms mem 1488/3311MB
step 177,450 | loss 3.1520 | lr 2.44e-04 | 1340 tok/s | fwd_bwd 5867ms data 1ms clip 20ms optim 112ms step 6014ms mem 1489/3311MB
step 177,460 | loss 3.4254 | lr 2.44e-04 | 1337 tok/s | fwd_bwd 5935ms data 1ms clip 20ms optim 112ms step 6080ms mem 1493/3311MB
step 177,470 | loss 3.0607 | lr 2.44e-04 | 1339 tok/s | fwd_bwd 5929ms data 1ms clip 20ms optim 113ms step 6076ms mem 1470/3311MB
step 177,480 | loss 3.5417 | lr 2.44e-04 | 1335 tok/s | fwd_bwd 5986ms data 1ms clip 23ms optim 120ms step 6151ms mem 1493/3311MB
step 177,490 | loss 3.9218 | lr 2.44e-04 | 1336 tok/s | fwd_bwd 5952ms data 1ms clip 20ms optim 112ms step 6093ms mem 1493/3311MB
step 177,500 | loss 2.7467 | lr 2.44e-04 | 1328 tok/s | fwd_bwd 6043ms data 1ms clip 24ms optim 121ms step 6207ms mem 1488/3311MB
  [eval] step 177500 | val_loss 3.0601 | ppl 21.33
step 177,510 | loss 3.0956 | lr 2.44e-04 | 751 tok/s | fwd_bwd 5938ms data 1ms clip 23ms optim 118ms step 6100ms mem 1493/3311MB
step 177,520 | loss 3.0333 | lr 2.44e-04 | 1329 tok/s | fwd_bwd 6059ms data 1ms clip 23ms optim 123ms step 6224ms mem 1493/3311MB
step 177,530 | loss 3.3000 | lr 2.44e-04 | 1328 tok/s | fwd_bwd 5973ms data 1ms clip 23ms optim 118ms step 6133ms mem 1493/3311MB
step 177,540 | loss 3.9185 | lr 2.44e-04 | 1327 tok/s | fwd_bwd 6020ms data 0ms clip 20ms optim 112ms step 6159ms mem 1493/3311MB
step 177,550 | loss 2.9677 | lr 2.44e-04 | 1324 tok/s | fwd_bwd 6006ms data 1ms clip 22ms optim 121ms step 6169ms mem 1452/3311MB
step 177,560 | loss 2.0772 | lr 2.44e-04 | 1327 tok/s | fwd_bwd 5942ms data 0ms clip 20ms optim 112ms step 6079ms mem 1493/3311MB
step 177,570 | loss 3.2138 | lr 2.44e-04 | 1325 tok/s | fwd_bwd 5977ms data 0ms clip 20ms optim 112ms step 6114ms mem 1493/3311MB
step 177,580 | loss 3.4352 | lr 2.44e-04 | 1322 tok/s | fwd_bwd 6039ms data 0ms clip 20ms optim 111ms step 6179ms mem 1493/3311MB
step 177,590 | loss 2.7743 | lr 2.44e-04 | 1293 tok/s | fwd_bwd 6196ms data 1ms clip 20ms optim 112ms step 6344ms mem 1451/3311MB
step 177,600 | loss 2.4664 | lr 2.44e-04 | 1304 tok/s | fwd_bwd 5996ms data 0ms clip 20ms optim 112ms step 6137ms mem 1458/3311MB
Checkpoint saved: checkpoints/step_177608
  Pruning old checkpoint: checkpoints/step_176563
step 177,610 | loss 3.0113 | lr 2.44e-04 | 1301 tok/s | fwd_bwd 6067ms data 0ms clip 20ms optim 112ms step 6205ms mem 1493/3311MB
step 177,620 | loss 2.8505 | lr 2.44e-04 | 1318 tok/s | fwd_bwd 6058ms data 0ms clip 20ms optim 112ms step 6196ms mem 1493/3311MB
step 177,630 | loss 2.1869 | lr 2.44e-04 | 1301 tok/s | fwd_bwd 6101ms data 1ms clip 20ms optim 111ms step 6248ms mem 1493/3311MB
step 177,640 | loss 3.6935 | lr 2.44e-04 | 1313 tok/s | fwd_bwd 6055ms data 1ms clip 20ms optim 112ms step 6204ms mem 1492/3311MB
step 177,650 | loss 3.5791 | lr 2.44e-04 | 1318 tok/s | fwd_bwd 6006ms data 0ms clip 20ms optim 111ms step 6146ms mem 1493/3311MB
step 177,660 | loss 3.2040 | lr 2.44e-04 | 1321 tok/s | fwd_bwd 6074ms data 1ms clip 20ms optim 112ms step 6226ms mem 1458/3311MB
step 177,670 | loss 3.3178 | lr 2.44e-04 | 1320 tok/s | fwd_bwd 5932ms data 0ms clip 20ms optim 111ms step 6073ms mem 1493/3311MB
step 177,680 | loss 3.0381 | lr 2.44e-04 | 1318 tok/s | fwd_bwd 6029ms data 0ms clip 20ms optim 113ms step 6168ms mem 1493/3311MB
step 177,690 | loss 3.4891 | lr 2.44e-04 | 1317 tok/s | fwd_bwd 6075ms data 1ms clip 20ms optim 112ms step 6225ms mem 1493/3311MB
step 177,700 | loss 2.8584 | lr 2.44e-04 | 1313 tok/s | fwd_bwd 6076ms data 1ms clip 20ms optim 112ms step 6218ms mem 1448/3311MB
step 177,710 | loss 3.2460 | lr 2.44e-04 | 1315 tok/s | fwd_bwd 6064ms data 1ms clip 20ms optim 111ms step 6208ms mem 1493/3311MB
step 177,720 | loss 3.5113 | lr 2.44e-04 | 1318 tok/s | fwd_bwd 6045ms data 0ms clip 20ms optim 112ms step 6185ms mem 1493/3311MB
step 177,730 | loss 3.4763 | lr 2.44e-04 | 1320 tok/s | fwd_bwd 5967ms data 0ms clip 20ms optim 111ms step 6108ms mem 1493/3311MB
step 177,740 | loss 3.5720 | lr 2.44e-04 | 1318 tok/s | fwd_bwd 6041ms data 1ms clip 20ms optim 112ms step 6185ms mem 1493/3311MB
step 177,750 | loss 2.8590 | lr 2.43e-04 | 1315 tok/s | fwd_bwd 6112ms data 1ms clip 21ms optim 113ms step 6267ms mem 1464/3311MB
step 177,760 | loss 3.3184 | lr 2.43e-04 | 1319 tok/s | fwd_bwd 6038ms data 1ms clip 20ms optim 111ms step 6184ms mem 1490/3311MB
step 177,770 | loss 3.6104 | lr 2.43e-04 | 1312 tok/s | fwd_bwd 5985ms data 1ms clip 20ms optim 111ms step 6129ms mem 1493/3311MB
step 177,780 | loss 2.7847 | lr 2.43e-04 | 1312 tok/s | fwd_bwd 6067ms data 0ms clip 20ms optim 112ms step 6208ms mem 1493/3311MB
step 177,790 | loss 3.8376 | lr 2.43e-04 | 1315 tok/s | fwd_bwd 6063ms data 1ms clip 20ms optim 111ms step 6206ms mem 1493/3311MB
step 177,800 | loss 3.1744 | lr 2.43e-04 | 1319 tok/s | fwd_bwd 5991ms data 1ms clip 20ms optim 111ms step 6136ms mem 1493/3311MB
step 177,810 | loss 3.9973 | lr 2.43e-04 | 1315 tok/s | fwd_bwd 6055ms data 0ms clip 20ms optim 112ms step 6196ms mem 1451/3311MB
step 177,820 | loss 3.4296 | lr 2.43e-04 | 1312 tok/s | fwd_bwd 6125ms data 1ms clip 20ms optim 111ms step 6277ms mem 1493/3311MB
step 177,830 | loss 3.2046 | lr 2.43e-04 | 1313 tok/s | fwd_bwd 6078ms data 0ms clip 21ms optim 112ms step 6215ms mem 1493/3311MB
step 177,840 | loss 3.2995 | lr 2.43e-04 | 1314 tok/s | fwd_bwd 6052ms data 0ms clip 20ms optim 111ms step 6190ms mem 1493/3311MB
step 177,850 | loss 4.0972 | lr 2.43e-04 | 1312 tok/s | fwd_bwd 5981ms data 1ms clip 20ms optim 111ms step 6127ms mem 1493/3311MB
step 177,860 | loss 3.1363 | lr 2.43e-04 | 1316 tok/s | fwd_bwd 6062ms data 1ms clip 20ms optim 112ms step 6208ms mem 1493/3311MB
step 177,870 | loss 2.8384 | lr 2.43e-04 | 1311 tok/s | fwd_bwd 6085ms data 1ms clip 20ms optim 112ms step 6231ms mem 1493/3311MB
step 177,880 | loss 2.7547 | lr 2.43e-04 | 1313 tok/s | fwd_bwd 6046ms data 0ms clip 20ms optim 112ms step 6183ms mem 1452/3311MB
step 177,890 | loss 3.1012 | lr 2.43e-04 | 1316 tok/s | fwd_bwd 6059ms data 1ms clip 20ms optim 111ms step 6207ms mem 1493/3311MB
step 177,900 | loss 3.2434 | lr 2.43e-04 | 1313 tok/s | fwd_bwd 5997ms data 1ms clip 20ms optim 112ms step 6140ms mem 1493/3311MB
step 177,910 | loss 3.6530 | lr 2.43e-04 | 1307 tok/s | fwd_bwd 6099ms data 0ms clip 20ms optim 111ms step 6238ms mem 1451/3311MB
step 177,920 | loss 3.6947 | lr 2.43e-04 | 1308 tok/s | fwd_bwd 6152ms data 1ms clip 23ms optim 122ms step 6318ms mem 1493/3311MB
step 177,930 | loss 4.4170 | lr 2.43e-04 | 1314 tok/s | fwd_bwd 6109ms data 1ms clip 20ms optim 112ms step 6260ms mem 1493/3311MB
step 177,940 | loss 3.1237 | lr 2.43e-04 | 1312 tok/s | fwd_bwd 6103ms data 0ms clip 20ms optim 111ms step 6238ms mem 1493/3311MB
step 177,950 | loss 4.1039 | lr 2.43e-04 | 1311 tok/s | fwd_bwd 6032ms data 0ms clip 20ms optim 111ms step 6170ms mem 1493/3311MB
step 177,960 | loss 3.9724 | lr 2.43e-04 | 1309 tok/s | fwd_bwd 6094ms data 0ms clip 20ms optim 111ms step 6236ms mem 1482/3311MB
step 177,970 | loss 3.9868 | lr 2.43e-04 | 1310 tok/s | fwd_bwd 6080ms data 0ms clip 20ms optim 111ms step 6221ms mem 1493/3311MB
step 177,980 | loss 3.2056 | lr 2.43e-04 | 1312 tok/s | fwd_bwd 6071ms data 0ms clip 20ms optim 112ms step 6212ms mem 1493/3311MB
step 177,990 | loss 3.1624 | lr 2.43e-04 | 1308 tok/s | fwd_bwd 6041ms data 1ms clip 20ms optim 112ms step 6187ms mem 1493/3311MB
step 178,000 | loss 3.3076 | lr 2.43e-04 | 1308 tok/s | fwd_bwd 6095ms data 1ms clip 20ms optim 112ms step 6239ms mem 1493/3311MB
  [eval] step 178000 | val_loss 3.2245 | ppl 25.14
Checkpoint saved: checkpoints/step_178000
  [samples] wrote checkpoints/step_178000/samples.txt
  Pruning old checkpoint: checkpoints/step_177000
step 178,010 | loss 3.3235 | lr 2.43e-04 | 558 tok/s | fwd_bwd 6073ms data 0ms clip 20ms optim 112ms step 6216ms mem 1493/3311MB
step 178,020 | loss 3.8183 | lr 2.43e-04 | 1310 tok/s | fwd_bwd 6094ms data 1ms clip 20ms optim 112ms step 6239ms mem 1493/3311MB
step 178,030 | loss 3.2442 | lr 2.43e-04 | 1310 tok/s | fwd_bwd 6077ms data 1ms clip 20ms optim 112ms step 6223ms mem 1493/3311MB
step 178,040 | loss 2.8405 | lr 2.43e-04 | 1314 tok/s | fwd_bwd 6049ms data 0ms clip 20ms optim 113ms step 6187ms mem 1493/3311MB
step 178,050 | loss 4.0388 | lr 2.43e-04 | 1313 tok/s | fwd_bwd 5980ms data 0ms clip 20ms optim 112ms step 6120ms mem 1493/3311MB
step 178,060 | loss 2.7763 | lr 2.43e-04 | 1310 tok/s | fwd_bwd 6035ms data 0ms clip 20ms optim 112ms step 6171ms mem 1452/3311MB
step 178,070 | loss 3.3366 | lr 2.43e-04 | 1305 tok/s | fwd_bwd 6023ms data 0ms clip 20ms optim 113ms step 6163ms mem 1493/3311MB
step 178,080 | loss 2.4762 | lr 2.43e-04 | 1316 tok/s | fwd_bwd 6052ms data 0ms clip 20ms optim 112ms step 6192ms mem 1493/3311MB
step 178,090 | loss 3.0303 | lr 2.43e-04 | 1315 tok/s | fwd_bwd 6064ms data 0ms clip 20ms optim 112ms step 6205ms mem 1493/3311MB
step 178,100 | loss 3.9632 | lr 2.43e-04 | 1314 tok/s | fwd_bwd 6063ms data 0ms clip 20ms optim 112ms step 6198ms mem 1493/3311MB
step 178,110 | loss 3.1723 | lr 2.43e-04 | 1316 tok/s | fwd_bwd 6076ms data 1ms clip 20ms optim 111ms step 6224ms mem 1493/3311MB
step 178,120 | loss 3.8547 | lr 2.43e-04 | 1313 tok/s | fwd_bwd 6114ms data 1ms clip 20ms optim 112ms step 6265ms mem 1493/3311MB
step 178,130 | loss 3.0178 | lr 2.43e-04 | 1313 tok/s | fwd_bwd 6040ms data 0ms clip 20ms optim 112ms step 6183ms mem 1458/3311MB
step 178,140 | loss 3.2426 | lr 2.43e-04 | 1315 tok/s | fwd_bwd 6069ms data 1ms clip 20ms optim 111ms step 6217ms mem 1493/3311MB
step 178,150 | loss 3.5245 | lr 2.43e-04 | 1315 tok/s | fwd_bwd 6082ms data 1ms clip 20ms optim 113ms step 6229ms mem 1448/3311MB
step 178,160 | loss 2.6818 | lr 2.43e-04 | 1308 tok/s | fwd_bwd 6083ms data 0ms clip 20ms optim 111ms step 6221ms mem 1452/3311MB
step 178,170 | loss 3.3920 | lr 2.43e-04 | 1306 tok/s | fwd_bwd 6101ms data 0ms clip 20ms optim 112ms step 6237ms mem 1493/3311MB
Checkpoint saved: checkpoints/step_178172
  Pruning old checkpoint: checkpoints/step_177140
step 178,180 | loss 3.1046 | lr 2.43e-04 | 1294 tok/s | fwd_bwd 6100ms data 0ms clip 20ms optim 111ms step 6241ms mem 1452/3311MB
step 178,190 | loss 4.0349 | lr 2.43e-04 | 1309 tok/s | fwd_bwd 6075ms data 0ms clip 20ms optim 111ms step 6216ms mem 1452/3311MB
step 178,200 | loss 3.2241 | lr 2.43e-04 | 1310 tok/s | fwd_bwd 6138ms data 1ms clip 23ms optim 121ms step 6304ms mem 1493/3311MB
step 178,210 | loss 2.6299 | lr 2.43e-04 | 1318 tok/s | fwd_bwd 6066ms data 1ms clip 20ms optim 112ms step 6208ms mem 1493/3311MB
step 178,220 | loss 3.7482 | lr 2.43e-04 | 1315 tok/s | fwd_bwd 6063ms data 0ms clip 20ms optim 112ms step 6204ms mem 1450/3311MB
step 178,230 | loss 3.1378 | lr 2.43e-04 | 1312 tok/s | fwd_bwd 6077ms data 0ms clip 20ms optim 111ms step 6218ms mem 1493/3311MB
step 178,240 | loss 3.6651 | lr 2.43e-04 | 1313 tok/s | fwd_bwd 6077ms data 0ms clip 20ms optim 112ms step 6216ms mem 1493/3311MB
step 178,250 | loss 3.0681 | lr 2.42e-04 | 1314 tok/s | fwd_bwd 6090ms data 1ms clip 20ms optim 111ms step 6238ms mem 1493/3311MB
step 178,260 | loss 2.9290 | lr 2.42e-04 | 1310 tok/s | fwd_bwd 6118ms data 1ms clip 21ms optim 112ms step 6273ms mem 1493/3311MB
step 178,270 | loss 2.8393 | lr 2.42e-04 | 1323 tok/s | fwd_bwd 6041ms data 0ms clip 20ms optim 112ms step 6180ms mem 1493/3311MB
step 178,280 | loss 3.3212 | lr 2.42e-04 | 1317 tok/s | fwd_bwd 6056ms data 0ms clip 20ms optim 111ms step 6199ms mem 1493/3311MB
step 178,290 | loss 2.8158 | lr 2.42e-04 | 1316 tok/s | fwd_bwd 6014ms data 1ms clip 20ms optim 112ms step 6159ms mem 1493/3311MB
step 178,300 | loss 3.2827 | lr 2.42e-04 | 1305 tok/s | fwd_bwd 6092ms data 1ms clip 20ms optim 112ms step 6237ms mem 1452/3311MB
step 178,310 | loss 2.6687 | lr 2.42e-04 | 1223 tok/s | fwd_bwd 6298ms data 1ms clip 24ms optim 123ms step 6462ms mem 1493/3311MB
step 178,320 | loss 3.3081 | lr 2.42e-04 | 1232 tok/s | fwd_bwd 6357ms data 1ms clip 20ms optim 112ms step 6511ms mem 1452/3311MB
step 178,330 | loss 2.8703 | lr 2.42e-04 | 1259 tok/s | fwd_bwd 6704ms data 1ms clip 21ms optim 114ms step 6846ms mem 1470/3311MB
step 178,340 | loss 3.2738 | lr 2.42e-04 | 1250 tok/s | fwd_bwd 6231ms data 1ms clip 20ms optim 112ms step 6380ms mem 1451/3311MB
step 178,350 | loss 3.9814 | lr 2.42e-04 | 1256 tok/s | fwd_bwd 6281ms data 1ms clip 20ms optim 112ms step 6426ms mem 1452/3311MB
step 178,360 | loss 2.7737 | lr 2.42e-04 | 1282 tok/s | fwd_bwd 6198ms data 1ms clip 20ms optim 112ms step 6344ms mem 1451/3311MB
step 178,370 | loss 1.2211 | lr 2.42e-04 | 1291 tok/s | fwd_bwd 6146ms data 1ms clip 20ms optim 111ms step 6293ms mem 1493/3311MB
step 178,380 | loss 3.9741 | lr 2.42e-04 | 1303 tok/s | fwd_bwd 6112ms data 1ms clip 20ms optim 112ms step 6258ms mem 1493/3311MB
step 178,390 | loss 2.3548 | lr 2.42e-04 | 1302 tok/s | fwd_bwd 6113ms data 0ms clip 20ms optim 112ms step 6255ms mem 1470/3311MB
step 178,400 | loss 2.8973 | lr 2.42e-04 | 1302 tok/s | fwd_bwd 6192ms data 1ms clip 23ms optim 122ms step 6357ms mem 1452/3311MB
step 178,410 | loss 3.3688 | lr 2.42e-04 | 1308 tok/s | fwd_bwd 6098ms data 1ms clip 20ms optim 112ms step 6242ms mem 1451/3311MB
step 178,420 | loss 3.3839 | lr 2.42e-04 | 1308 tok/s | fwd_bwd 6106ms data 0ms clip 20ms optim 112ms step 6242ms mem 1493/3311MB
step 178,430 | loss 2.6948 | lr 2.42e-04 | 1295 tok/s | fwd_bwd 6059ms data 0ms clip 20ms optim 113ms step 6197ms mem 1493/3311MB
step 178,440 | loss 2.9853 | lr 2.42e-04 | 1293 tok/s | fwd_bwd 6156ms data 1ms clip 20ms optim 112ms step 6302ms mem 1493/3311MB
step 178,450 | loss 1.9259 | lr 2.42e-04 | 1291 tok/s | fwd_bwd 6250ms data 1ms clip 23ms optim 120ms step 6414ms mem 1493/3311MB
step 178,460 | loss 3.8110 | lr 2.42e-04 | 1304 tok/s | fwd_bwd 6097ms data 1ms clip 20ms optim 112ms step 6242ms mem 1493/3311MB
step 178,470 | loss 3.8304 | lr 2.42e-04 | 1306 tok/s | fwd_bwd 6030ms data 0ms clip 20ms optim 112ms step 6171ms mem 1493/3311MB
step 178,480 | loss 2.2239 | lr 2.42e-04 | 1305 tok/s | fwd_bwd 6115ms data 0ms clip 20ms optim 113ms step 6252ms mem 1493/3311MB
step 178,490 | loss 3.7112 | lr 2.42e-04 | 1302 tok/s | fwd_bwd 6115ms data 0ms clip 20ms optim 112ms step 6256ms mem 1493/3311MB
step 178,500 | loss 3.7666 | lr 2.42e-04 | 1309 tok/s | fwd_bwd 6073ms data 1ms clip 20ms optim 111ms step 6221ms mem 1493/3311MB
  [eval] step 178500 | val_loss 3.1502 | ppl 23.34
step 178,510 | loss 2.9503 | lr 2.42e-04 | 738 tok/s | fwd_bwd 6135ms data 1ms clip 20ms optim 111ms step 6288ms mem 1493/3311MB
step 178,520 | loss 3.4224 | lr 2.42e-04 | 1310 tok/s | fwd_bwd 6089ms data 0ms clip 20ms optim 112ms step 6228ms mem 1493/3311MB
step 178,530 | loss 2.7180 | lr 2.42e-04 | 1307 tok/s | fwd_bwd 6150ms data 1ms clip 20ms optim 111ms step 6302ms mem 1451/3311MB
step 178,540 | loss 2.2993 | lr 2.42e-04 | 1305 tok/s | fwd_bwd 6224ms data 1ms clip 23ms optim 120ms step 6389ms mem 1493/3311MB
step 178,550 | loss 3.5220 | lr 2.42e-04 | 1310 tok/s | fwd_bwd 6101ms data 0ms clip 20ms optim 111ms step 6241ms mem 1493/3311MB
step 178,560 | loss 3.3568 | lr 2.42e-04 | 1311 tok/s | fwd_bwd 6082ms data 0ms clip 20ms optim 112ms step 6222ms mem 1451/3311MB
step 178,570 | loss 3.5493 | lr 2.42e-04 | 1314 tok/s | fwd_bwd 6068ms data 0ms clip 20ms optim 111ms step 6205ms mem 1493/3311MB
step 178,580 | loss 3.4381 | lr 2.42e-04 | 1316 tok/s | fwd_bwd 6125ms data 0ms clip 21ms optim 112ms step 6263ms mem 1493/3311MB
step 178,590 | loss 3.8950 | lr 2.42e-04 | 1314 tok/s | fwd_bwd 6078ms data 1ms clip 20ms optim 112ms step 6228ms mem 1493/3311MB
step 178,600 | loss 3.7144 | lr 2.42e-04 | 1309 tok/s | fwd_bwd 6096ms data 0ms clip 20ms optim 113ms step 6238ms mem 1493/3311MB
step 178,610 | loss 2.7077 | lr 2.42e-04 | 1303 tok/s | fwd_bwd 6159ms data 0ms clip 20ms optim 112ms step 6298ms mem 1493/3311MB
step 178,620 | loss 3.8482 | lr 2.42e-04 | 1286 tok/s | fwd_bwd 6185ms data 1ms clip 23ms optim 127ms step 6357ms mem 1452/3311MB
step 178,630 | loss 3.1940 | lr 2.42e-04 | 1291 tok/s | fwd_bwd 6183ms data 0ms clip 20ms optim 112ms step 6320ms mem 1451/3311MB
step 178,640 | loss 3.6737 | lr 2.42e-04 | 1295 tok/s | fwd_bwd 6139ms data 0ms clip 20ms optim 112ms step 6281ms mem 1493/3311MB
step 178,650 | loss 2.5371 | lr 2.42e-04 | 1299 tok/s | fwd_bwd 6154ms data 0ms clip 20ms optim 114ms step 6296ms mem 1493/3311MB
step 178,660 | loss 2.6170 | lr 2.42e-04 | 1301 tok/s | fwd_bwd 6158ms data 0ms clip 20ms optim 112ms step 6296ms mem 1493/3311MB
step 178,670 | loss 3.7812 | lr 2.42e-04 | 1305 tok/s | fwd_bwd 6105ms data 0ms clip 20ms optim 111ms step 6247ms mem 1452/3311MB
step 178,680 | loss 4.1070 | lr 2.42e-04 | 1310 tok/s | fwd_bwd 6073ms data 0ms clip 20ms optim 112ms step 6209ms mem 1493/3311MB
step 178,690 | loss 3.7439 | lr 2.42e-04 | 1324 tok/s | fwd_bwd 5999ms data 1ms clip 20ms optim 111ms step 6143ms mem 1493/3311MB
step 178,700 | loss 3.6705 | lr 2.42e-04 | 1332 tok/s | fwd_bwd 5985ms data 1ms clip 20ms optim 112ms step 6127ms mem 1493/3311MB
step 178,710 | loss 3.2280 | lr 2.42e-04 | 1333 tok/s | fwd_bwd 6018ms data 1ms clip 23ms optim 121ms step 6184ms mem 1452/3311MB
step 178,720 | loss 3.0206 | lr 2.42e-04 | 1337 tok/s | fwd_bwd 5981ms data 0ms clip 20ms optim 112ms step 6117ms mem 1493/3311MB
step 178,730 | loss 1.4807 | lr 2.42e-04 | 1332 tok/s | fwd_bwd 5963ms data 0ms clip 20ms optim 111ms step 6100ms mem 1493/3311MB
Checkpoint saved: checkpoints/step_178737
  Pruning old checkpoint: checkpoints/step_177608
step 178,740 | loss 3.0252 | lr 2.42e-04 | 1315 tok/s | fwd_bwd 6079ms data 1ms clip 23ms optim 122ms step 6247ms mem 1476/3311MB
step 178,750 | loss 2.4279 | lr 2.41e-04 | 1294 tok/s | fwd_bwd 6321ms data 0ms clip 21ms optim 117ms step 6465ms mem 1493/3311MB
step 178,760 | loss 3.3503 | lr 2.41e-04 | 1338 tok/s | fwd_bwd 5686ms data 0ms clip 20ms optim 111ms step 5826ms mem 1493/3311MB
step 178,770 | loss 2.9183 | lr 2.41e-04 | 1417 tok/s | fwd_bwd 5582ms data 0ms clip 20ms optim 111ms step 5723ms mem 1452/3311MB
step 178,780 | loss 2.6410 | lr 2.41e-04 | 1410 tok/s | fwd_bwd 5607ms data 1ms clip 20ms optim 112ms step 5754ms mem 1448/3311MB
step 178,790 | loss 4.0512 | lr 2.41e-04 | 1386 tok/s | fwd_bwd 5786ms data 0ms clip 20ms optim 111ms step 5927ms mem 1493/3311MB
step 178,800 | loss 2.8688 | lr 2.41e-04 | 1369 tok/s | fwd_bwd 5842ms data 0ms clip 20ms optim 111ms step 5983ms mem 1493/3311MB
step 178,810 | loss 2.9340 | lr 2.41e-04 | 1360 tok/s | fwd_bwd 5855ms data 0ms clip 20ms optim 112ms step 5995ms mem 1493/3311MB
step 178,820 | loss 3.0027 | lr 2.41e-04 | 1349 tok/s | fwd_bwd 5936ms data 0ms clip 20ms optim 111ms step 6072ms mem 1490/3311MB
step 178,830 | loss 1.2621 | lr 2.41e-04 | 1344 tok/s | fwd_bwd 5948ms data 1ms clip 20ms optim 112ms step 6091ms mem 1452/3311MB
step 178,840 | loss 3.5440 | lr 2.41e-04 | 1341 tok/s | fwd_bwd 5999ms data 1ms clip 23ms optim 120ms step 6164ms mem 1452/3311MB
step 178,850 | loss 2.9193 | lr 2.41e-04 | 1302 tok/s | fwd_bwd 6306ms data 1ms clip 21ms optim 118ms step 6455ms mem 1493/3311MB
step 178,860 | loss 3.5304 | lr 2.41e-04 | 1008 tok/s | fwd_bwd 6516ms data 0ms clip 21ms optim 120ms step 6663ms mem 1493/3311MB
step 178,870 | loss 3.1786 | lr 2.41e-04 | 1226 tok/s | fwd_bwd 6173ms data 1ms clip 23ms optim 123ms step 6339ms mem 1488/3311MB
step 178,880 | loss 4.2686 | lr 2.41e-04 | 1311 tok/s | fwd_bwd 6019ms data 0ms clip 20ms optim 112ms step 6160ms mem 1493/3311MB
step 178,890 | loss 1.2703 | lr 2.41e-04 | 1315 tok/s | fwd_bwd 6041ms data 1ms clip 20ms optim 113ms step 6187ms mem 1482/3311MB
step 178,900 | loss 2.9689 | lr 2.41e-04 | 1268 tok/s | fwd_bwd 6182ms data 1ms clip 22ms optim 115ms step 6331ms mem 1452/3311MB
step 178,910 | loss 3.2076 | lr 2.41e-04 | 1281 tok/s | fwd_bwd 6068ms data 0ms clip 20ms optim 112ms step 6208ms mem 1451/3311MB
step 178,920 | loss 3.9540 | lr 2.41e-04 | 1292 tok/s | fwd_bwd 6089ms data 1ms clip 23ms optim 119ms step 6253ms mem 1470/3311MB
step 178,930 | loss 3.1431 | lr 2.41e-04 | 1300 tok/s | fwd_bwd 5942ms data 1ms clip 20ms optim 111ms step 6086ms mem 1493/3311MB
step 178,940 | loss 3.5234 | lr 2.41e-04 | 1319 tok/s | fwd_bwd 5954ms data 0ms clip 20ms optim 112ms step 6089ms mem 1448/3311MB
step 178,950 | loss 3.9948 | lr 2.41e-04 | 1320 tok/s | fwd_bwd 6036ms data 1ms clip 20ms optim 112ms step 6185ms mem 1493/3311MB
step 178,960 | loss 2.8096 | lr 2.41e-04 | 1320 tok/s | fwd_bwd 6116ms data 1ms clip 23ms optim 120ms step 6280ms mem 1452/3311MB
step 178,970 | loss 3.6743 | lr 2.41e-04 | 1321 tok/s | fwd_bwd 6057ms data 0ms clip 20ms optim 112ms step 6197ms mem 1493/3311MB
step 178,980 | loss 3.6114 | lr 2.41e-04 | 1320 tok/s | fwd_bwd 5944ms data 1ms clip 20ms optim 112ms step 6090ms mem 1493/3311MB
step 178,990 | loss 3.4223 | lr 2.41e-04 | 1318 tok/s | fwd_bwd 6052ms data 1ms clip 20ms optim 112ms step 6198ms mem 1493/3311MB
step 179,000 | loss 2.4241 | lr 2.41e-04 | 1307 tok/s | fwd_bwd 5947ms data 1ms clip 21ms optim 112ms step 6090ms mem 1493/3311MB
  [eval] step 179000 | val_loss 3.1341 | ppl 22.97
Checkpoint saved: checkpoints/step_179000
  [samples] wrote checkpoints/step_179000/samples.txt
  Pruning old checkpoint: checkpoints/step_178000
step 179,010 | loss 2.4974 | lr 2.41e-04 | 557 tok/s | fwd_bwd 5970ms data 0ms clip 20ms optim 112ms step 6112ms mem 1493/3311MB
step 179,020 | loss 3.1567 | lr 2.41e-04 | 1315 tok/s | fwd_bwd 6066ms data 0ms clip 20ms optim 112ms step 6202ms mem 1493/3311MB
step 179,030 | loss 4.1353 | lr 2.41e-04 | 1315 tok/s | fwd_bwd 6063ms data 0ms clip 20ms optim 112ms step 6200ms mem 1493/3311MB
step 179,040 | loss 3.3970 | lr 2.41e-04 | 1312 tok/s | fwd_bwd 6129ms data 1ms clip 20ms optim 113ms step 6271ms mem 1493/3311MB
step 179,050 | loss 2.8520 | lr 2.41e-04 | 1304 tok/s | fwd_bwd 6102ms data 0ms clip 20ms optim 112ms step 6241ms mem 1493/3311MB
step 179,060 | loss 2.8450 | lr 2.41e-04 | 1303 tok/s | fwd_bwd 6163ms data 1ms clip 23ms optim 121ms step 6330ms mem 1451/3311MB
step 179,070 | loss 3.2226 | lr 2.41e-04 | 1308 tok/s | fwd_bwd 6091ms data 0ms clip 20ms optim 111ms step 6229ms mem 1493/3311MB
step 179,080 | loss 2.0665 | lr 2.41e-04 | 1308 tok/s | fwd_bwd 6094ms data 0ms clip 20ms optim 112ms step 6234ms mem 1493/3311MB
step 179,090 | loss 2.2438 | lr 2.41e-04 | 1308 tok/s | fwd_bwd 6115ms data 0ms clip 20ms optim 112ms step 6254ms mem 1493/3311MB
step 179,100 | loss 2.8095 | lr 2.41e-04 | 1307 tok/s | fwd_bwd 6103ms data 1ms clip 20ms optim 112ms step 6246ms mem 1493/3311MB
step 179,110 | loss 3.2431 | lr 2.41e-04 | 1307 tok/s | fwd_bwd 6096ms data 0ms clip 20ms optim 112ms step 6236ms mem 1493/3311MB
step 179,120 | loss 2.4714 | lr 2.41e-04 | 1307 tok/s | fwd_bwd 6082ms data 1ms clip 20ms optim 112ms step 6226ms mem 1493/3311MB
step 179,130 | loss 2.9320 | lr 2.41e-04 | 1307 tok/s | fwd_bwd 6164ms data 1ms clip 23ms optim 121ms step 6330ms mem 1493/3311MB
step 179,140 | loss 2.6561 | lr 2.41e-04 | 1307 tok/s | fwd_bwd 6103ms data 1ms clip 20ms optim 112ms step 6247ms mem 1492/3311MB
step 179,150 | loss 3.3361 | lr 2.41e-04 | 1309 tok/s | fwd_bwd 6022ms data 0ms clip 20ms optim 112ms step 6162ms mem 1452/3311MB
step 179,160 | loss 3.4707 | lr 2.41e-04 | 1303 tok/s | fwd_bwd 6113ms data 0ms clip 20ms optim 112ms step 6253ms mem 1493/3311MB
step 179,170 | loss 3.0797 | lr 2.41e-04 | 1308 tok/s | fwd_bwd 6092ms data 0ms clip 20ms optim 112ms step 6231ms mem 1493/3311MB
step 179,180 | loss 3.2826 | lr 2.41e-04 | 1309 tok/s | fwd_bwd 6081ms data 1ms clip 20ms optim 111ms step 6227ms mem 1493/3311MB
step 179,190 | loss 3.2034 | lr 2.41e-04 | 1306 tok/s | fwd_bwd 6110ms data 0ms clip 20ms optim 111ms step 6252ms mem 1493/3311MB
step 179,200 | loss 2.6962 | lr 2.41e-04 | 1309 tok/s | fwd_bwd 6086ms data 1ms clip 20ms optim 112ms step 6228ms mem 1493/3311MB
step 179,210 | loss 2.6026 | lr 2.41e-04 | 1308 tok/s | fwd_bwd 6174ms data 1ms clip 23ms optim 121ms step 6341ms mem 1452/3311MB
step 179,220 | loss 2.7260 | lr 2.41e-04 | 1312 tok/s | fwd_bwd 6081ms data 0ms clip 20ms optim 112ms step 6221ms mem 1493/3311MB
step 179,230 | loss 3.8546 | lr 2.41e-04 | 1310 tok/s | fwd_bwd 6132ms data 1ms clip 20ms optim 112ms step 6285ms mem 1493/3311MB
step 179,240 | loss 2.3123 | lr 2.40e-04 | 1315 tok/s | fwd_bwd 6071ms data 0ms clip 20ms optim 112ms step 6212ms mem 1493/3311MB
step 179,250 | loss 3.0660 | lr 2.40e-04 | 1310 tok/s | fwd_bwd 6092ms data 0ms clip 20ms optim 112ms step 6233ms mem 1493/3311MB
step 179,260 | loss 3.9916 | lr 2.40e-04 | 1311 tok/s | fwd_bwd 6081ms data 0ms clip 20ms optim 112ms step 6222ms mem 1493/3311MB
step 179,270 | loss 4.1344 | lr 2.40e-04 | 1311 tok/s | fwd_bwd 6083ms data 0ms clip 20ms optim 111ms step 6218ms mem 1493/3311MB
step 179,280 | loss 2.6071 | lr 2.40e-04 | 1310 tok/s | fwd_bwd 6090ms data 0ms clip 20ms optim 111ms step 6228ms mem 1493/3311MB
step 179,290 | loss 3.6985 | lr 2.40e-04 | 1302 tok/s | fwd_bwd 6086ms data 0ms clip 20ms optim 111ms step 6224ms mem 1493/3311MB
Checkpoint saved: checkpoints/step_179299
  Pruning old checkpoint: checkpoints/step_178172
step 179,300 | loss 2.4001 | lr 2.40e-04 | 1296 tok/s | fwd_bwd 5797ms data 1ms clip 20ms optim 112ms step 5948ms mem 1493/3311MB
step 179,310 | loss 3.0840 | lr 2.40e-04 | 1307 tok/s | fwd_bwd 6095ms data 1ms clip 20ms optim 112ms step 6239ms mem 1452/3311MB
step 179,320 | loss 3.8343 | lr 2.40e-04 | 1291 tok/s | fwd_bwd 6384ms data 1ms clip 22ms optim 118ms step 6539ms mem 1493/3311MB
step 179,330 | loss 3.4682 | lr 2.40e-04 | 1243 tok/s | fwd_bwd 6455ms data 0ms clip 21ms optim 119ms step 6601ms mem 1493/3311MB
step 179,340 | loss 2.4982 | lr 2.40e-04 | 1223 tok/s | fwd_bwd 6557ms data 0ms clip 22ms optim 118ms step 6704ms mem 1493/3311MB
step 179,350 | loss 3.8575 | lr 2.40e-04 | 1217 tok/s | fwd_bwd 6558ms data 1ms clip 21ms optim 118ms step 6715ms mem 1493/3311MB
step 179,360 | loss 2.7056 | lr 2.40e-04 | 1281 tok/s | fwd_bwd 6154ms data 0ms clip 20ms optim 112ms step 6295ms mem 1493/3311MB
step 179,370 | loss 3.1416 | lr 2.40e-04 | 1297 tok/s | fwd_bwd 6170ms data 1ms clip 20ms optim 111ms step 6324ms mem 1493/3311MB
step 179,380 | loss 3.4844 | lr 2.40e-04 | 1311 tok/s | fwd_bwd 6083ms data 0ms clip 20ms optim 112ms step 6222ms mem 1451/3311MB
step 179,390 | loss 3.5380 | lr 2.40e-04 | 1307 tok/s | fwd_bwd 6186ms data 1ms clip 23ms optim 121ms step 6350ms mem 1476/3311MB
step 179,400 | loss 2.2056 | lr 2.40e-04 | 1303 tok/s | fwd_bwd 6120ms data 0ms clip 20ms optim 112ms step 6262ms mem 1493/3311MB
step 179,410 | loss 3.2346 | lr 2.40e-04 | 1305 tok/s | fwd_bwd 6101ms data 0ms clip 20ms optim 112ms step 6243ms mem 1451/3311MB
step 179,420 | loss 2.4358 | lr 2.40e-04 | 1303 tok/s | fwd_bwd 6151ms data 0ms clip 20ms optim 112ms step 6288ms mem 1493/3311MB
step 179,430 | loss 3.3730 | lr 2.40e-04 | 1300 tok/s | fwd_bwd 6132ms data 1ms clip 20ms optim 114ms step 6282ms mem 1493/3311MB
step 179,440 | loss 3.2126 | lr 2.40e-04 | 1256 tok/s | fwd_bwd 6079ms data 0ms clip 20ms optim 112ms step 6215ms mem 1470/3311MB
step 179,450 | loss 2.7657 | lr 2.40e-04 | 1297 tok/s | fwd_bwd 6151ms data 0ms clip 21ms optim 112ms step 6288ms mem 1493/3311MB
step 179,460 | loss 2.9988 | lr 2.40e-04 | 1298 tok/s | fwd_bwd 6173ms data 0ms clip 20ms optim 112ms step 6309ms mem 1493/3311MB
step 179,470 | loss 3.4307 | lr 2.40e-04 | 1292 tok/s | fwd_bwd 6085ms data 0ms clip 20ms optim 112ms step 6222ms mem 1493/3311MB
step 179,480 | loss 2.8206 | lr 2.40e-04 | 1296 tok/s | fwd_bwd 6131ms data 0ms clip 22ms optim 114ms step 6279ms mem 1493/3311MB
step 179,490 | loss 2.6596 | lr 2.40e-04 | 1290 tok/s | fwd_bwd 6133ms data 1ms clip 20ms optim 111ms step 6279ms mem 1493/3311MB
step 179,500 | loss 2.6980 | lr 2.40e-04 | 1302 tok/s | fwd_bwd 6129ms data 0ms clip 20ms optim 112ms step 6273ms mem 1493/3311MB
  [eval] step 179500 | val_loss 3.2823 | ppl 26.64
step 179,510 | loss 2.8676 | lr 2.40e-04 | 736 tok/s | fwd_bwd 6189ms data 0ms clip 21ms optim 114ms step 6333ms mem 1493/3311MB
step 179,520 | loss 3.6908 | lr 2.40e-04 | 1306 tok/s | fwd_bwd 6127ms data 1ms clip 20ms optim 111ms step 6278ms mem 1476/3311MB
step 179,530 | loss 3.2459 | lr 2.40e-04 | 1308 tok/s | fwd_bwd 6100ms data 0ms clip 20ms optim 112ms step 6239ms mem 1492/3311MB
step 179,540 | loss 3.0853 | lr 2.40e-04 | 1302 tok/s | fwd_bwd 6114ms data 0ms clip 20ms optim 112ms step 6253ms mem 1493/3311MB
step 179,550 | loss 2.7736 | lr 2.40e-04 | 1302 tok/s | fwd_bwd 6141ms data 0ms clip 20ms optim 111ms step 6280ms mem 1492/3311MB
step 179,560 | loss 3.3343 | lr 2.40e-04 | 1303 tok/s | fwd_bwd 6100ms data 0ms clip 20ms optim 111ms step 6236ms mem 1493/3311MB
step 179,570 | loss 3.9634 | lr 2.40e-04 | 1305 tok/s | fwd_bwd 6115ms data 0ms clip 20ms optim 113ms step 6258ms mem 1492/3311MB
step 179,580 | loss 3.7496 | lr 2.40e-04 | 1304 tok/s | fwd_bwd 6119ms data 1ms clip 20ms optim 112ms step 6264ms mem 1489/3311MB
step 179,590 | loss 3.2945 | lr 2.40e-04 | 1305 tok/s | fwd_bwd 6103ms data 1ms clip 20ms optim 112ms step 6247ms mem 1493/3311MB
step 179,600 | loss 3.8854 | lr 2.40e-04 | 1304 tok/s | fwd_bwd 6107ms data 0ms clip 20ms optim 111ms step 6247ms mem 1493/3311MB
step 179,610 | loss 2.3812 | lr 2.40e-04 | 1304 tok/s | fwd_bwd 6147ms data 1ms clip 20ms optim 112ms step 6296ms mem 1493/3311MB
step 179,620 | loss 2.8979 | lr 2.40e-04 | 1303 tok/s | fwd_bwd 6122ms data 0ms clip 20ms optim 112ms step 6263ms mem 1493/3311MB
step 179,630 | loss 2.8652 | lr 2.40e-04 | 1304 tok/s | fwd_bwd 6123ms data 0ms clip 20ms optim 111ms step 6261ms mem 1493/3311MB
step 179,640 | loss 3.0657 | lr 2.40e-04 | 1304 tok/s | fwd_bwd 6125ms data 1ms clip 20ms optim 112ms step 6272ms mem 1493/3311MB
step 179,650 | loss 2.2877 | lr 2.40e-04 | 1304 tok/s | fwd_bwd 6104ms data 0ms clip 20ms optim 112ms step 6243ms mem 1489/3311MB
step 179,660 | loss 3.4387 | lr 2.40e-04 | 1302 tok/s | fwd_bwd 6145ms data 1ms clip 20ms optim 112ms step 6294ms mem 1493/3311MB
step 179,670 | loss 3.0029 | lr 2.40e-04 | 1301 tok/s | fwd_bwd 6141ms data 0ms clip 20ms optim 112ms step 6283ms mem 1493/3311MB
step 179,680 | loss 2.4520 | lr 2.40e-04 | 1300 tok/s | fwd_bwd 6127ms data 1ms clip 20ms optim 111ms step 6272ms mem 1493/3311MB
step 179,690 | loss 2.3112 | lr 2.40e-04 | 1303 tok/s | fwd_bwd 6121ms data 0ms clip 20ms optim 112ms step 6262ms mem 1493/3311MB
step 179,700 | loss 3.5026 | lr 2.40e-04 | 1303 tok/s | fwd_bwd 6110ms data 0ms clip 20ms optim 114ms step 6256ms mem 1493/3311MB
step 179,710 | loss 3.8831 | lr 2.40e-04 | 1304 tok/s | fwd_bwd 6130ms data 0ms clip 21ms optim 113ms step 6275ms mem 1493/3311MB
step 179,720 | loss 3.7965 | lr 2.40e-04 | 1300 tok/s | fwd_bwd 6125ms data 1ms clip 20ms optim 112ms step 6269ms mem 1493/3311MB
step 179,730 | loss 3.9077 | lr 2.39e-04 | 1304 tok/s | fwd_bwd 6100ms data 0ms clip 21ms optim 111ms step 6236ms mem 1452/3311MB
step 179,740 | loss 2.9830 | lr 2.39e-04 | 1304 tok/s | fwd_bwd 6121ms data 0ms clip 20ms optim 112ms step 6257ms mem 1493/3311MB
step 179,750 | loss 3.4179 | lr 2.39e-04 | 1299 tok/s | fwd_bwd 6127ms data 0ms clip 20ms optim 111ms step 6266ms mem 1493/3311MB
step 179,760 | loss 3.1310 | lr 2.39e-04 | 1299 tok/s | fwd_bwd 6142ms data 0ms clip 20ms optim 111ms step 6281ms mem 1493/3311MB
step 179,770 | loss 3.4390 | lr 2.39e-04 | 1300 tok/s | fwd_bwd 6112ms data 0ms clip 20ms optim 111ms step 6250ms mem 1493/3311MB
step 179,780 | loss 3.6225 | lr 2.39e-04 | 1302 tok/s | fwd_bwd 6121ms data 0ms clip 20ms optim 112ms step 6262ms mem 1493/3311MB
step 179,790 | loss 2.3915 | lr 2.39e-04 | 1302 tok/s | fwd_bwd 6147ms data 0ms clip 20ms optim 112ms step 6288ms mem 1493/3311MB
step 179,800 | loss 3.1132 | lr 2.39e-04 | 1298 tok/s | fwd_bwd 6180ms data 1ms clip 20ms optim 111ms step 6325ms mem 1493/3311MB
step 179,810 | loss 3.1087 | lr 2.39e-04 | 1291 tok/s | fwd_bwd 6087ms data 0ms clip 21ms optim 112ms step 6228ms mem 1452/3311MB
step 179,820 | loss 3.1521 | lr 2.39e-04 | 1304 tok/s | fwd_bwd 6099ms data 0ms clip 20ms optim 112ms step 6238ms mem 1493/3311MB
step 179,830 | loss 3.6743 | lr 2.39e-04 | 1309 tok/s | fwd_bwd 6092ms data 0ms clip 20ms optim 112ms step 6233ms mem 1493/3311MB
step 179,840 | loss 3.3908 | lr 2.39e-04 | 1306 tok/s | fwd_bwd 6105ms data 0ms clip 20ms optim 112ms step 6246ms mem 1493/3311MB
step 179,850 | loss 3.0781 | lr 2.39e-04 | 1303 tok/s | fwd_bwd 6114ms data 0ms clip 20ms optim 112ms step 6252ms mem 1493/3311MB
step 179,860 | loss 3.2403 | lr 2.39e-04 | 1299 tok/s | fwd_bwd 6114ms data 0ms clip 20ms optim 111ms step 6253ms mem 1493/3311MB
Checkpoint saved: checkpoints/step_179862
  Pruning old checkpoint: checkpoints/step_178737
step 179,870 | loss 3.7864 | lr 2.39e-04 | 1286 tok/s | fwd_bwd 6142ms data 1ms clip 20ms optim 112ms step 6291ms mem 1452/3311MB
step 179,880 | loss 3.0147 | lr 2.39e-04 | 1304 tok/s | fwd_bwd 6133ms data 0ms clip 20ms optim 112ms step 6273ms mem 1493/3311MB
step 179,890 | loss 3.3529 | lr 2.39e-04 | 1303 tok/s | fwd_bwd 6108ms data 0ms clip 20ms optim 112ms step 6251ms mem 1493/3311MB
step 179,900 | loss 3.1799 | lr 2.39e-04 | 1305 tok/s | fwd_bwd 6184ms data 1ms clip 20ms optim 112ms step 6334ms mem 1493/3311MB
step 179,910 | loss 3.7071 | lr 2.39e-04 | 1305 tok/s | fwd_bwd 6217ms data 0ms clip 20ms optim 112ms step 6359ms mem 1493/3311MB
step 179,920 | loss 3.1541 | lr 2.39e-04 | 1308 tok/s | fwd_bwd 6075ms data 0ms clip 20ms optim 112ms step 6214ms mem 1493/3311MB
step 179,930 | loss 3.1027 | lr 2.39e-04 | 1302 tok/s | fwd_bwd 6144ms data 0ms clip 20ms optim 112ms step 6282ms mem 1493/3311MB
step 179,940 | loss 3.5671 | lr 2.39e-04 | 1305 tok/s | fwd_bwd 6108ms data 0ms clip 21ms optim 112ms step 6248ms mem 1493/3311MB
step 179,950 | loss 2.7923 | lr 2.39e-04 | 1309 tok/s | fwd_bwd 6093ms data 0ms clip 20ms optim 112ms step 6236ms mem 1492/3311MB
step 179,960 | loss 3.7823 | lr 2.39e-04 | 1310 tok/s | fwd_bwd 6079ms data 1ms clip 20ms optim 112ms step 6227ms mem 1493/3311MB
step 179,970 | loss 3.9201 | lr 2.39e-04 | 1311 tok/s | fwd_bwd 6170ms data 1ms clip 20ms optim 111ms step 6323ms mem 1493/3311MB
step 179,980 | loss 2.0299 | lr 2.39e-04 | 1315 tok/s | fwd_bwd 6093ms data 0ms clip 20ms optim 112ms step 6234ms mem 1493/3311MB
step 179,990 | loss 3.3413 | lr 2.39e-04 | 1311 tok/s | fwd_bwd 6031ms data 0ms clip 20ms optim 112ms step 6171ms mem 1448/3311MB
step 180,000 | loss 3.7513 | lr 2.39e-04 | 1306 tok/s | fwd_bwd 6115ms data 1ms clip 20ms optim 112ms step 6261ms mem 1493/3311MB
  [eval] step 180000 | val_loss 3.1809 | ppl 24.07
Checkpoint saved: checkpoints/step_180000
  [samples] wrote checkpoints/step_180000/samples.txt
  Pruning old checkpoint: checkpoints/step_179000
step 180,010 | loss 2.4005 | lr 2.39e-04 | 565 tok/s | fwd_bwd 6124ms data 0ms clip 20ms optim 112ms step 6262ms mem 1493/3311MB
step 180,020 | loss 3.4087 | lr 2.39e-04 | 1306 tok/s | fwd_bwd 6095ms data 0ms clip 20ms optim 112ms step 6231ms mem 1493/3311MB
step 180,030 | loss 3.7632 | lr 2.39e-04 | 1307 tok/s | fwd_bwd 6113ms data 0ms clip 20ms optim 112ms step 6254ms mem 1493/3311MB
step 180,040 | loss 3.2693 | lr 2.39e-04 | 1303 tok/s | fwd_bwd 6151ms data 1ms clip 20ms optim 112ms step 6305ms mem 1493/3311MB
step 180,050 | loss 2.7834 | lr 2.39e-04 | 1307 tok/s | fwd_bwd 6121ms data 0ms clip 20ms optim 112ms step 6259ms mem 1493/3311MB
step 180,060 | loss 3.4379 | lr 2.39e-04 | 1305 tok/s | fwd_bwd 6103ms data 0ms clip 20ms optim 112ms step 6244ms mem 1493/3311MB
step 180,070 | loss 3.4723 | lr 2.39e-04 | 1302 tok/s | fwd_bwd 6163ms data 0ms clip 20ms optim 112ms step 6303ms mem 1493/3311MB
step 180,080 | loss 2.9286 | lr 2.39e-04 | 1295 tok/s | fwd_bwd 6129ms data 0ms clip 20ms optim 112ms step 6268ms mem 1493/3311MB
step 180,090 | loss 3.0002 | lr 2.39e-04 | 1301 tok/s | fwd_bwd 6133ms data 0ms clip 20ms optim 112ms step 6274ms mem 1493/3311MB
step 180,100 | loss 3.8102 | lr 2.39e-04 | 1299 tok/s | fwd_bwd 6188ms data 1ms clip 22ms optim 114ms step 6345ms mem 1493/3311MB
step 180,110 | loss 3.4462 | lr 2.39e-04 | 1302 tok/s | fwd_bwd 6143ms data 0ms clip 20ms optim 112ms step 6283ms mem 1470/3311MB
step 180,120 | loss 3.3301 | lr 2.39e-04 | 1296 tok/s | fwd_bwd 6143ms data 0ms clip 20ms optim 111ms step 6283ms mem 1493/3311MB
step 180,130 | loss 3.7676 | lr 2.39e-04 | 1297 tok/s | fwd_bwd 6145ms data 0ms clip 20ms optim 112ms step 6281ms mem 1493/3311MB
step 180,140 | loss 3.3574 | lr 2.39e-04 | 1299 tok/s | fwd_bwd 6140ms data 0ms clip 20ms optim 112ms step 6280ms mem 1493/3311MB
step 180,150 | loss 0.9856 | lr 2.39e-04 | 1302 tok/s | fwd_bwd 6084ms data 0ms clip 20ms optim 112ms step 6223ms mem 1493/3311MB
step 180,160 | loss 2.6584 | lr 2.39e-04 | 1302 tok/s | fwd_bwd 6117ms data 0ms clip 20ms optim 111ms step 6255ms mem 1493/3311MB
step 180,170 | loss 4.1475 | lr 2.39e-04 | 1300 tok/s | fwd_bwd 6210ms data 1ms clip 23ms optim 122ms step 6376ms mem 1493/3311MB
step 180,180 | loss 2.6824 | lr 2.39e-04 | 1305 tok/s | fwd_bwd 6137ms data 0ms clip 20ms optim 112ms step 6279ms mem 1451/3311MB
step 180,190 | loss 3.5327 | lr 2.39e-04 | 1301 tok/s | fwd_bwd 6062ms data 0ms clip 20ms optim 112ms step 6201ms mem 1493/3311MB
step 180,200 | loss 3.3269 | lr 2.39e-04 | 1294 tok/s | fwd_bwd 6166ms data 0ms clip 20ms optim 112ms step 6307ms mem 1493/3311MB
step 180,210 | loss 3.6979 | lr 2.39e-04 | 1291 tok/s | fwd_bwd 6158ms data 0ms clip 20ms optim 112ms step 6297ms mem 1493/3311MB
step 180,220 | loss 3.5810 | lr 2.38e-04 | 1294 tok/s | fwd_bwd 6183ms data 1ms clip 20ms optim 112ms step 6328ms mem 1493/3311MB
step 180,230 | loss 1.2036 | lr 2.38e-04 | 1294 tok/s | fwd_bwd 6147ms data 0ms clip 20ms optim 112ms step 6289ms mem 1493/3311MB
step 180,240 | loss 3.2036 | lr 2.38e-04 | 1297 tok/s | fwd_bwd 6124ms data 0ms clip 20ms optim 112ms step 6264ms mem 1493/3311MB
step 180,250 | loss 1.2220 | lr 2.38e-04 | 1299 tok/s | fwd_bwd 6152ms data 0ms clip 20ms optim 111ms step 6292ms mem 1493/3311MB
step 180,260 | loss 2.8646 | lr 2.38e-04 | 1299 tok/s | fwd_bwd 6142ms data 0ms clip 20ms optim 111ms step 6282ms mem 1493/3311MB
step 180,270 | loss 3.0815 | lr 2.38e-04 | 1298 tok/s | fwd_bwd 6151ms data 0ms clip 20ms optim 112ms step 6289ms mem 1464/3311MB
step 180,280 | loss 3.3134 | lr 2.38e-04 | 1297 tok/s | fwd_bwd 6161ms data 0ms clip 20ms optim 112ms step 6303ms mem 1493/3311MB
step 180,290 | loss 3.5767 | lr 2.38e-04 | 1299 tok/s | fwd_bwd 6132ms data 0ms clip 20ms optim 112ms step 6269ms mem 1493/3311MB
step 180,300 | loss 3.2188 | lr 2.38e-04 | 1306 tok/s | fwd_bwd 6092ms data 0ms clip 20ms optim 112ms step 6227ms mem 1493/3311MB
step 180,310 | loss 2.7224 | lr 2.38e-04 | 1306 tok/s | fwd_bwd 6105ms data 0ms clip 20ms optim 112ms step 6245ms mem 1493/3311MB
step 180,320 | loss 2.9443 | lr 2.38e-04 | 1307 tok/s | fwd_bwd 6104ms data 0ms clip 20ms optim 112ms step 6243ms mem 1493/3311MB
step 180,330 | loss 3.6270 | lr 2.38e-04 | 1305 tok/s | fwd_bwd 6115ms data 0ms clip 20ms optim 112ms step 6254ms mem 1493/3311MB
step 180,340 | loss 2.5661 | lr 2.38e-04 | 1305 tok/s | fwd_bwd 6134ms data 0ms clip 20ms optim 112ms step 6273ms mem 1493/3311MB
step 180,350 | loss 4.0468 | lr 2.38e-04 | 1302 tok/s | fwd_bwd 6122ms data 0ms clip 20ms optim 112ms step 6262ms mem 1452/3311MB
step 180,360 | loss 3.8417 | lr 2.38e-04 | 1299 tok/s | fwd_bwd 6145ms data 1ms clip 20ms optim 112ms step 6291ms mem 1451/3311MB
step 180,370 | loss 3.6981 | lr 2.38e-04 | 1302 tok/s | fwd_bwd 6122ms data 0ms clip 20ms optim 111ms step 6257ms mem 1493/3311MB
step 180,380 | loss 2.8596 | lr 2.38e-04 | 1301 tok/s | fwd_bwd 6115ms data 0ms clip 20ms optim 111ms step 6258ms mem 1493/3311MB
step 180,390 | loss 3.5076 | lr 2.38e-04 | 1303 tok/s | fwd_bwd 6126ms data 0ms clip 20ms optim 112ms step 6264ms mem 1493/3311MB
step 180,400 | loss 4.3064 | lr 2.38e-04 | 1304 tok/s | fwd_bwd 6107ms data 0ms clip 20ms optim 112ms step 6243ms mem 1493/3311MB
step 180,410 | loss 3.3486 | lr 2.38e-04 | 1301 tok/s | fwd_bwd 6103ms data 1ms clip 20ms optim 111ms step 6246ms mem 1493/3311MB
step 180,420 | loss 3.5628 | lr 2.38e-04 | 1303 tok/s | fwd_bwd 6138ms data 0ms clip 20ms optim 112ms step 6281ms mem 1493/3311MB
Checkpoint saved: checkpoints/step_180422
  Pruning old checkpoint: checkpoints/step_179299
step 180,430 | loss 0.3725 | lr 2.38e-04 | 1292 tok/s | fwd_bwd 6112ms data 0ms clip 20ms optim 112ms step 6254ms mem 1493/3311MB
step 180,440 | loss 3.4396 | lr 2.38e-04 | 1306 tok/s | fwd_bwd 6093ms data 0ms clip 20ms optim 112ms step 6233ms mem 1451/3311MB
step 180,450 | loss 3.3988 | lr 2.38e-04 | 1308 tok/s | fwd_bwd 6116ms data 0ms clip 20ms optim 111ms step 6255ms mem 1493/3311MB
step 180,460 | loss 2.7594 | lr 2.38e-04 | 1306 tok/s | fwd_bwd 6151ms data 1ms clip 20ms optim 111ms step 6300ms mem 1493/3311MB
step 180,470 | loss 3.9210 | lr 2.38e-04 | 1305 tok/s | fwd_bwd 6114ms data 0ms clip 20ms optim 112ms step 6256ms mem 1448/3311MB
step 180,480 | loss 2.9044 | lr 2.38e-04 | 1306 tok/s | fwd_bwd 6141ms data 0ms clip 20ms optim 112ms step 6282ms mem 1493/3311MB
step 180,490 | loss 1.0432 | lr 2.38e-04 | 1304 tok/s | fwd_bwd 6136ms data 0ms clip 20ms optim 112ms step 6280ms mem 1493/3311MB
step 180,500 | loss 3.6577 | lr 2.38e-04 | 1298 tok/s | fwd_bwd 6146ms data 0ms clip 20ms optim 112ms step 6284ms mem 1451/3311MB
  [eval] step 180500 | val_loss 3.1303 | ppl 22.88
step 180,510 | loss 2.9933 | lr 2.38e-04 | 732 tok/s | fwd_bwd 6136ms data 0ms clip 20ms optim 112ms step 6276ms mem 1493/3311MB
step 180,520 | loss 3.8010 | lr 2.38e-04 | 1299 tok/s | fwd_bwd 6162ms data 0ms clip 20ms optim 112ms step 6304ms mem 1493/3311MB
step 180,530 | loss 2.5735 | lr 2.38e-04 | 1293 tok/s | fwd_bwd 6173ms data 1ms clip 20ms optim 112ms step 6319ms mem 1493/3311MB
step 180,540 | loss 2.9974 | lr 2.38e-04 | 1288 tok/s | fwd_bwd 6193ms data 0ms clip 20ms optim 112ms step 6337ms mem 1493/3311MB
step 180,550 | loss 2.8214 | lr 2.38e-04 | 1290 tok/s | fwd_bwd 6196ms data 0ms clip 20ms optim 112ms step 6335ms mem 1451/3311MB
step 180,560 | loss 3.4710 | lr 2.38e-04 | 1291 tok/s | fwd_bwd 6203ms data 1ms clip 20ms optim 112ms step 6348ms mem 1493/3311MB
step 180,570 | loss 2.8051 | lr 2.38e-04 | 1289 tok/s | fwd_bwd 6168ms data 0ms clip 20ms optim 112ms step 6312ms mem 1493/3311MB
step 180,580 | loss 3.8537 | lr 2.38e-04 | 1291 tok/s | fwd_bwd 6190ms data 0ms clip 20ms optim 113ms step 6333ms mem 1452/3311MB
step 180,590 | loss 4.1446 | lr 2.38e-04 | 1289 tok/s | fwd_bwd 6184ms data 0ms clip 20ms optim 112ms step 6320ms mem 1493/3311MB
step 180,600 | loss 2.9822 | lr 2.38e-04 | 1284 tok/s | fwd_bwd 6102ms data 0ms clip 20ms optim 112ms step 6241ms mem 1451/3311MB
step 180,610 | loss 3.8634 | lr 2.38e-04 | 1286 tok/s | fwd_bwd 6221ms data 0ms clip 20ms optim 112ms step 6364ms mem 1448/3311MB
step 180,620 | loss 3.6290 | lr 2.38e-04 | 1287 tok/s | fwd_bwd 6206ms data 0ms clip 20ms optim 112ms step 6344ms mem 1493/3311MB
step 180,630 | loss 2.9379 | lr 2.38e-04 | 1290 tok/s | fwd_bwd 6193ms data 0ms clip 20ms optim 112ms step 6331ms mem 1493/3311MB
step 180,640 | loss 3.2332 | lr 2.38e-04 | 1290 tok/s | fwd_bwd 6196ms data 0ms clip 20ms optim 112ms step 6332ms mem 1493/3311MB
step 180,650 | loss 3.9212 | lr 2.38e-04 | 1285 tok/s | fwd_bwd 6230ms data 0ms clip 20ms optim 112ms step 6374ms mem 1493/3311MB
step 180,660 | loss 3.4347 | lr 2.38e-04 | 1284 tok/s | fwd_bwd 6216ms data 0ms clip 20ms optim 112ms step 6354ms mem 1452/3311MB
step 180,670 | loss 2.7542 | lr 2.38e-04 | 1287 tok/s | fwd_bwd 6208ms data 0ms clip 20ms optim 112ms step 6347ms mem 1493/3311MB
step 180,680 | loss 3.5682 | lr 2.38e-04 | 1288 tok/s | fwd_bwd 6206ms data 0ms clip 20ms optim 112ms step 6345ms mem 1452/3311MB
step 180,690 | loss 2.8351 | lr 2.38e-04 | 1287 tok/s | fwd_bwd 6203ms data 0ms clip 20ms optim 112ms step 6341ms mem 1493/3311MB
step 180,700 | loss 2.1705 | lr 2.38e-04 | 1285 tok/s | fwd_bwd 6210ms data 0ms clip 20ms optim 112ms step 6351ms mem 1493/3311MB
step 180,710 | loss 3.9277 | lr 2.37e-04 | 1286 tok/s | fwd_bwd 6195ms data 0ms clip 20ms optim 112ms step 6331ms mem 1493/3311MB
step 180,720 | loss 4.0357 | lr 2.37e-04 | 1284 tok/s | fwd_bwd 6220ms data 0ms clip 20ms optim 112ms step 6357ms mem 1493/3311MB
step 180,730 | loss 3.4882 | lr 2.37e-04 | 1283 tok/s | fwd_bwd 6210ms data 0ms clip 20ms optim 111ms step 6346ms mem 1493/3311MB
step 180,740 | loss 2.8553 | lr 2.37e-04 | 1285 tok/s | fwd_bwd 6231ms data 1ms clip 20ms optim 112ms step 6380ms mem 1493/3311MB
step 180,750 | loss 3.9815 | lr 2.37e-04 | 1286 tok/s | fwd_bwd 6228ms data 0ms clip 20ms optim 112ms step 6366ms mem 1493/3311MB
step 180,760 | loss 2.9408 | lr 2.37e-04 | 1283 tok/s | fwd_bwd 6225ms data 0ms clip 20ms optim 112ms step 6360ms mem 1493/3311MB
step 180,770 | loss 3.2197 | lr 2.37e-04 | 1283 tok/s | fwd_bwd 6204ms data 0ms clip 20ms optim 112ms step 6346ms mem 1493/3311MB
step 180,780 | loss 1.3631 | lr 2.37e-04 | 1270 tok/s | fwd_bwd 6485ms data 0ms clip 21ms optim 114ms step 6625ms mem 1451/3311MB
step 180,790 | loss 2.6731 | lr 2.37e-04 | 1280 tok/s | fwd_bwd 6218ms data 0ms clip 20ms optim 112ms step 6359ms mem 1493/3311MB
step 180,800 | loss 3.3815 | lr 2.37e-04 | 1290 tok/s | fwd_bwd 6164ms data 0ms clip 20ms optim 112ms step 6307ms mem 1493/3311MB
step 180,810 | loss 2.9656 | lr 2.37e-04 | 1303 tok/s | fwd_bwd 6118ms data 0ms clip 20ms optim 112ms step 6261ms mem 1493/3311MB
step 180,820 | loss 2.8043 | lr 2.37e-04 | 1312 tok/s | fwd_bwd 6058ms data 0ms clip 20ms optim 112ms step 6194ms mem 1493/3311MB
step 180,830 | loss 3.3323 | lr 2.37e-04 | 1317 tok/s | fwd_bwd 5977ms data 0ms clip 20ms optim 112ms step 6113ms mem 1493/3311MB
step 180,840 | loss 3.1705 | lr 2.37e-04 | 1324 tok/s | fwd_bwd 6013ms data 0ms clip 20ms optim 112ms step 6159ms mem 1493/3311MB
step 180,850 | loss 2.9633 | lr 2.37e-04 | 1325 tok/s | fwd_bwd 6018ms data 0ms clip 20ms optim 112ms step 6156ms mem 1493/3311MB
step 180,860 | loss 3.2799 | lr 2.37e-04 | 1328 tok/s | fwd_bwd 6009ms data 0ms clip 20ms optim 111ms step 6144ms mem 1493/3311MB
step 180,870 | loss 2.9297 | lr 2.37e-04 | 1330 tok/s | fwd_bwd 6007ms data 0ms clip 20ms optim 113ms step 6146ms mem 1493/3311MB
step 180,880 | loss 2.5129 | lr 2.37e-04 | 1332 tok/s | fwd_bwd 5988ms data 1ms clip 20ms optim 112ms step 6133ms mem 1493/3311MB
step 180,890 | loss 3.4508 | lr 2.37e-04 | 1332 tok/s | fwd_bwd 6014ms data 0ms clip 20ms optim 112ms step 6149ms mem 1448/3311MB
step 180,900 | loss 3.2455 | lr 2.37e-04 | 1331 tok/s | fwd_bwd 6064ms data 1ms clip 20ms optim 112ms step 6217ms mem 1493/3311MB
step 180,910 | loss 3.5895 | lr 2.37e-04 | 1334 tok/s | fwd_bwd 6019ms data 1ms clip 20ms optim 112ms step 6162ms mem 1493/3311MB
step 180,920 | loss 3.4736 | lr 2.37e-04 | 1335 tok/s | fwd_bwd 5977ms data 0ms clip 20ms optim 111ms step 6116ms mem 1448/3311MB
step 180,930 | loss 3.5744 | lr 2.37e-04 | 1336 tok/s | fwd_bwd 5970ms data 1ms clip 20ms optim 111ms step 6119ms mem 1493/3311MB
step 180,940 | loss 2.7772 | lr 2.37e-04 | 1335 tok/s | fwd_bwd 5973ms data 1ms clip 20ms optim 112ms step 6119ms mem 1493/3311MB
step 180,950 | loss 3.0633 | lr 2.37e-04 | 1335 tok/s | fwd_bwd 5975ms data 0ms clip 20ms optim 112ms step 6116ms mem 1451/3311MB
step 180,960 | loss 2.6145 | lr 2.37e-04 | 1336 tok/s | fwd_bwd 5968ms data 0ms clip 20ms optim 112ms step 6107ms mem 1451/3311MB
step 180,970 | loss 3.3982 | lr 2.37e-04 | 1335 tok/s | fwd_bwd 5970ms data 0ms clip 20ms optim 112ms step 6111ms mem 1493/3311MB
step 180,980 | loss 3.6544 | lr 2.37e-04 | 1333 tok/s | fwd_bwd 6089ms data 1ms clip 20ms optim 112ms step 6236ms mem 1493/3311MB
Checkpoint saved: checkpoints/step_180987
  Pruning old checkpoint: checkpoints/step_179862
step 180,990 | loss 3.1620 | lr 2.37e-04 | 1320 tok/s | fwd_bwd 6022ms data 1ms clip 20ms optim 112ms step 6174ms mem 1493/3311MB
step 181,000 | loss 3.3399 | lr 2.37e-04 | 1335 tok/s | fwd_bwd 5987ms data 0ms clip 20ms optim 111ms step 6123ms mem 1493/3311MB
  [eval] step 181000 | val_loss 3.2309 | ppl 25.30
Checkpoint saved: checkpoints/step_181000
  [samples] wrote checkpoints/step_181000/samples.txt
  Pruning old checkpoint: checkpoints/step_180000
step 181,010 | loss 4.3848 | lr 2.37e-04 | 569 tok/s | fwd_bwd 6043ms data 1ms clip 23ms optim 122ms step 6211ms mem 1493/3311MB
step 181,020 | loss 3.8154 | lr 2.37e-04 | 1335 tok/s | fwd_bwd 5952ms data 0ms clip 20ms optim 112ms step 6090ms mem 1470/3311MB
step 181,030 | loss 3.1718 | lr 2.37e-04 | 1332 tok/s | fwd_bwd 5996ms data 0ms clip 20ms optim 112ms step 6136ms mem 1493/3311MB
step 181,040 | loss 3.7227 | lr 2.37e-04 | 1332 tok/s | fwd_bwd 5970ms data 1ms clip 20ms optim 112ms step 6116ms mem 1493/3311MB
step 181,050 | loss 3.3472 | lr 2.37e-04 | 1333 tok/s | fwd_bwd 5962ms data 1ms clip 20ms optim 111ms step 6107ms mem 1493/3311MB
step 181,060 | loss 3.2401 | lr 2.37e-04 | 1338 tok/s | fwd_bwd 5948ms data 0ms clip 20ms optim 111ms step 6083ms mem 1493/3311MB
step 181,070 | loss 2.9491 | lr 2.37e-04 | 1345 tok/s | fwd_bwd 5907ms data 1ms clip 20ms optim 111ms step 6055ms mem 1493/3311MB
step 181,080 | loss 4.0547 | lr 2.37e-04 | 1342 tok/s | fwd_bwd 5940ms data 0ms clip 20ms optim 112ms step 6079ms mem 1493/3311MB
step 181,090 | loss 4.1294 | lr 2.37e-04 | 1341 tok/s | fwd_bwd 5939ms data 0ms clip 20ms optim 112ms step 6078ms mem 1493/3311MB
step 181,100 | loss 3.5691 | lr 2.37e-04 | 1346 tok/s | fwd_bwd 5913ms data 0ms clip 20ms optim 112ms step 6053ms mem 1451/3311MB
step 181,110 | loss 3.7446 | lr 2.37e-04 | 1346 tok/s | fwd_bwd 5909ms data 1ms clip 20ms optim 111ms step 6055ms mem 1493/3311MB
step 181,120 | loss 3.7729 | lr 2.37e-04 | 1344 tok/s | fwd_bwd 5957ms data 0ms clip 20ms optim 111ms step 6096ms mem 1493/3311MB
step 181,130 | loss 4.2915 | lr 2.37e-04 | 1342 tok/s | fwd_bwd 5952ms data 0ms clip 20ms optim 112ms step 6090ms mem 1492/3311MB
step 181,140 | loss 3.1284 | lr 2.37e-04 | 1341 tok/s | fwd_bwd 5974ms data 1ms clip 20ms optim 111ms step 6124ms mem 1470/3311MB
step 181,150 | loss 3.0356 | lr 2.37e-04 | 1336 tok/s | fwd_bwd 5978ms data 0ms clip 20ms optim 111ms step 6117ms mem 1493/3311MB
step 181,160 | loss 3.6892 | lr 2.37e-04 | 1328 tok/s | fwd_bwd 6014ms data 0ms clip 20ms optim 112ms step 6155ms mem 1452/3311MB
step 181,170 | loss 2.5829 | lr 2.37e-04 | 1328 tok/s | fwd_bwd 5912ms data 0ms clip 20ms optim 112ms step 6053ms mem 1493/3311MB
step 181,180 | loss 3.1286 | lr 2.37e-04 | 1322 tok/s | fwd_bwd 6034ms data 0ms clip 20ms optim 112ms step 6175ms mem 1452/3311MB
step 181,190 | loss 2.9591 | lr 2.36e-04 | 1323 tok/s | fwd_bwd 6024ms data 0ms clip 20ms optim 111ms step 6160ms mem 1493/3311MB
step 181,200 | loss 3.6465 | lr 2.36e-04 | 1324 tok/s | fwd_bwd 6018ms data 1ms clip 20ms optim 112ms step 6161ms mem 1490/3311MB
step 181,210 | loss 4.1585 | lr 2.36e-04 | 1321 tok/s | fwd_bwd 6042ms data 0ms clip 20ms optim 112ms step 6181ms mem 1493/3311MB
step 181,220 | loss 3.4138 | lr 2.36e-04 | 1320 tok/s | fwd_bwd 6032ms data 0ms clip 20ms optim 111ms step 6171ms mem 1493/3311MB
step 181,230 | loss 4.0342 | lr 2.36e-04 | 1324 tok/s | fwd_bwd 6023ms data 0ms clip 20ms optim 112ms step 6161ms mem 1493/3311MB
step 181,240 | loss 3.3767 | lr 2.36e-04 | 1323 tok/s | fwd_bwd 6025ms data 0ms clip 20ms optim 112ms step 6161ms mem 1452/3311MB
step 181,250 | loss 2.3758 | lr 2.36e-04 | 1321 tok/s | fwd_bwd 6035ms data 0ms clip 20ms optim 111ms step 6176ms mem 1493/3311MB
step 181,260 | loss 3.3411 | lr 2.36e-04 | 1322 tok/s | fwd_bwd 6039ms data 0ms clip 20ms optim 112ms step 6175ms mem 1493/3311MB
step 181,270 | loss 3.3812 | lr 2.36e-04 | 1324 tok/s | fwd_bwd 5995ms data 0ms clip 20ms optim 112ms step 6132ms mem 1493/3311MB
step 181,280 | loss 3.8429 | lr 2.36e-04 | 1322 tok/s | fwd_bwd 6023ms data 0ms clip 20ms optim 112ms step 6161ms mem 1470/3311MB
step 181,290 | loss 3.1857 | lr 2.36e-04 | 1321 tok/s | fwd_bwd 6040ms data 0ms clip 20ms optim 112ms step 6179ms mem 1493/3311MB
step 181,300 | loss 3.5018 | lr 2.36e-04 | 1309 tok/s | fwd_bwd 6121ms data 1ms clip 23ms optim 123ms step 6288ms mem 1493/3311MB
step 181,310 | loss 3.3872 | lr 2.36e-04 | 1319 tok/s | fwd_bwd 6043ms data 1ms clip 20ms optim 112ms step 6189ms mem 1493/3311MB
step 181,320 | loss 3.0848 | lr 2.36e-04 | 1320 tok/s | fwd_bwd 6043ms data 0ms clip 20ms optim 111ms step 6183ms mem 1493/3311MB
step 181,330 | loss 3.9015 | lr 2.36e-04 | 1323 tok/s | fwd_bwd 6015ms data 1ms clip 20ms optim 111ms step 6161ms mem 1493/3311MB
step 181,340 | loss 2.9403 | lr 2.36e-04 | 1324 tok/s | fwd_bwd 6031ms data 1ms clip 20ms optim 112ms step 6174ms mem 1493/3311MB
step 181,350 | loss 2.7720 | lr 2.36e-04 | 1322 tok/s | fwd_bwd 6024ms data 0ms clip 20ms optim 112ms step 6163ms mem 1493/3311MB
step 181,360 | loss 2.6647 | lr 2.36e-04 | 1322 tok/s | fwd_bwd 6006ms data 1ms clip 20ms optim 112ms step 6149ms mem 1452/3311MB
step 181,370 | loss 3.3093 | lr 2.36e-04 | 1326 tok/s | fwd_bwd 6003ms data 0ms clip 20ms optim 111ms step 6145ms mem 1493/3311MB
step 181,380 | loss 3.5891 | lr 2.36e-04 | 1324 tok/s | fwd_bwd 6055ms data 1ms clip 20ms optim 112ms step 6207ms mem 1493/3311MB
step 181,390 | loss 3.3655 | lr 2.36e-04 | 1325 tok/s | fwd_bwd 6033ms data 1ms clip 20ms optim 112ms step 6176ms mem 1493/3311MB
step 181,400 | loss 2.5913 | lr 2.36e-04 | 1320 tok/s | fwd_bwd 6026ms data 0ms clip 20ms optim 112ms step 6163ms mem 1493/3311MB
step 181,410 | loss 2.8765 | lr 2.36e-04 | 1324 tok/s | fwd_bwd 6026ms data 1ms clip 20ms optim 112ms step 6171ms mem 1493/3311MB
step 181,420 | loss 2.9270 | lr 2.36e-04 | 1322 tok/s | fwd_bwd 6042ms data 0ms clip 21ms optim 114ms step 6184ms mem 1493/3311MB
step 181,430 | loss 2.8383 | lr 2.36e-04 | 1321 tok/s | fwd_bwd 6037ms data 0ms clip 20ms optim 111ms step 6175ms mem 1493/3311MB
step 181,440 | loss 4.1373 | lr 2.36e-04 | 1320 tok/s | fwd_bwd 6051ms data 0ms clip 20ms optim 112ms step 6187ms mem 1493/3311MB
step 181,450 | loss 3.9266 | lr 2.36e-04 | 1319 tok/s | fwd_bwd 6059ms data 0ms clip 20ms optim 112ms step 6199ms mem 1452/3311MB
step 181,460 | loss 3.5511 | lr 2.36e-04 | 1315 tok/s | fwd_bwd 6064ms data 1ms clip 20ms optim 111ms step 6211ms mem 1493/3311MB
step 181,470 | loss 4.1129 | lr 2.36e-04 | 1318 tok/s | fwd_bwd 6027ms data 0ms clip 20ms optim 111ms step 6162ms mem 1493/3311MB
step 181,480 | loss 2.9966 | lr 2.36e-04 | 1325 tok/s | fwd_bwd 6022ms data 1ms clip 20ms optim 111ms step 6173ms mem 1493/3311MB
step 181,490 | loss 3.7164 | lr 2.36e-04 | 1329 tok/s | fwd_bwd 5991ms data 1ms clip 20ms optim 112ms step 6135ms mem 1493/3311MB
step 181,500 | loss 3.2694 | lr 2.36e-04 | 1328 tok/s | fwd_bwd 5993ms data 1ms clip 20ms optim 112ms step 6134ms mem 1476/3311MB
  [eval] step 181500 | val_loss 3.1398 | ppl 23.10
step 181,510 | loss 3.4132 | lr 2.36e-04 | 747 tok/s | fwd_bwd 6029ms data 1ms clip 20ms optim 112ms step 6172ms mem 1493/3311MB
step 181,520 | loss 2.9682 | lr 2.36e-04 | 1319 tok/s | fwd_bwd 6062ms data 1ms clip 20ms optim 112ms step 6206ms mem 1493/3311MB
step 181,530 | loss 2.3535 | lr 2.36e-04 | 1309 tok/s | fwd_bwd 6318ms data 0ms clip 20ms optim 111ms step 6457ms mem 1464/3311MB
step 181,540 | loss 3.1928 | lr 2.36e-04 | 1317 tok/s | fwd_bwd 6044ms data 0ms clip 20ms optim 112ms step 6186ms mem 1470/3311MB
Checkpoint saved: checkpoints/step_181549
  Pruning old checkpoint: checkpoints/step_180422
step 181,550 | loss 3.1084 | lr 2.36e-04 | 1303 tok/s | fwd_bwd 5753ms data 1ms clip 20ms optim 112ms step 5899ms mem 1493/3311MB
step 181,560 | loss 2.7411 | lr 2.36e-04 | 1320 tok/s | fwd_bwd 6039ms data 1ms clip 20ms optim 112ms step 6188ms mem 1451/3311MB
step 181,570 | loss 2.3470 | lr 2.36e-04 | 1321 tok/s | fwd_bwd 6036ms data 0ms clip 20ms optim 112ms step 6174ms mem 1470/3311MB
step 181,580 | loss 3.3249 | lr 2.36e-04 | 1327 tok/s | fwd_bwd 6007ms data 0ms clip 20ms optim 112ms step 6148ms mem 1451/3311MB
step 181,590 | loss 3.1128 | lr 2.36e-04 | 1324 tok/s | fwd_bwd 6016ms data 1ms clip 21ms optim 112ms step 6167ms mem 1493/3311MB
step 181,600 | loss 3.8807 | lr 2.36e-04 | 1321 tok/s | fwd_bwd 6033ms data 0ms clip 20ms optim 112ms step 6177ms mem 1493/3311MB
step 181,610 | loss 3.5651 | lr 2.36e-04 | 1320 tok/s | fwd_bwd 6099ms data 1ms clip 21ms optim 113ms step 6255ms mem 1448/3311MB
step 181,620 | loss 3.1512 | lr 2.36e-04 | 1320 tok/s | fwd_bwd 5981ms data 0ms clip 20ms optim 112ms step 6122ms mem 1476/3311MB
step 181,630 | loss 3.6382 | lr 2.36e-04 | 1308 tok/s | fwd_bwd 6116ms data 0ms clip 20ms optim 111ms step 6257ms mem 1493/3311MB
step 181,640 | loss 3.3943 | lr 2.36e-04 | 1311 tok/s | fwd_bwd 6082ms data 1ms clip 20ms optim 111ms step 6226ms mem 1493/3311MB
step 181,650 | loss 3.0364 | lr 2.36e-04 | 1317 tok/s | fwd_bwd 6050ms data 0ms clip 20ms optim 111ms step 6188ms mem 1493/3311MB
step 181,660 | loss 2.3802 | lr 2.36e-04 | 1318 tok/s | fwd_bwd 5989ms data 0ms clip 20ms optim 111ms step 6130ms mem 1452/3311MB
step 181,670 | loss 4.0455 | lr 2.35e-04 | 1313 tok/s | fwd_bwd 6073ms data 0ms clip 20ms optim 111ms step 6214ms mem 1452/3311MB
step 181,680 | loss 0.8103 | lr 2.35e-04 | 1316 tok/s | fwd_bwd 6092ms data 1ms clip 20ms optim 112ms step 6242ms mem 1493/3311MB
step 181,690 | loss 2.2731 | lr 2.35e-04 | 1319 tok/s | fwd_bwd 6053ms data 0ms clip 20ms optim 112ms step 6194ms mem 1493/3311MB
step 181,700 | loss 3.8493 | lr 2.35e-04 | 1320 tok/s | fwd_bwd 6051ms data 0ms clip 20ms optim 112ms step 6191ms mem 1452/3311MB
step 181,710 | loss 1.2187 | lr 2.35e-04 | 1320 tok/s | fwd_bwd 6048ms data 0ms clip 20ms optim 112ms step 6184ms mem 1493/3311MB
step 181,720 | loss 2.6924 | lr 2.35e-04 | 1319 tok/s | fwd_bwd 6071ms data 0ms clip 20ms optim 112ms step 6208ms mem 1493/3311MB
step 181,730 | loss 1.8140 | lr 2.35e-04 | 1317 tok/s | fwd_bwd 6071ms data 0ms clip 20ms optim 112ms step 6212ms mem 1451/3311MB
step 181,740 | loss 3.0400 | lr 2.35e-04 | 1316 tok/s | fwd_bwd 6074ms data 0ms clip 20ms optim 112ms step 6214ms mem 1452/3311MB
step 181,750 | loss 3.6660 | lr 2.35e-04 | 1314 tok/s | fwd_bwd 6077ms data 0ms clip 20ms optim 111ms step 6218ms mem 1493/3311MB
step 181,760 | loss 2.8948 | lr 2.35e-04 | 1316 tok/s | fwd_bwd 6058ms data 0ms clip 20ms optim 112ms step 6201ms mem 1493/3311MB
step 181,770 | loss 3.1561 | lr 2.35e-04 | 1317 tok/s | fwd_bwd 6059ms data 0ms clip 20ms optim 112ms step 6195ms mem 1493/3311MB
step 181,780 | loss 3.9795 | lr 2.35e-04 | 1317 tok/s | fwd_bwd 5979ms data 1ms clip 20ms optim 111ms step 6123ms mem 1493/3311MB
step 181,790 | loss 3.8310 | lr 2.35e-04 | 1319 tok/s | fwd_bwd 6061ms data 0ms clip 20ms optim 112ms step 6205ms mem 1493/3311MB
step 181,800 | loss 1.8858 | lr 2.35e-04 | 1315 tok/s | fwd_bwd 6078ms data 0ms clip 20ms optim 111ms step 6219ms mem 1493/3311MB
step 181,810 | loss 2.9888 | lr 2.35e-04 | 1295 tok/s | fwd_bwd 6226ms data 0ms clip 20ms optim 115ms step 6369ms mem 1451/3311MB
step 181,820 | loss 3.0806 | lr 2.35e-04 | 1311 tok/s | fwd_bwd 5997ms data 1ms clip 20ms optim 112ms step 6145ms mem 1476/3311MB
step 181,830 | loss 2.4692 | lr 2.35e-04 | 1312 tok/s | fwd_bwd 6080ms data 0ms clip 20ms optim 112ms step 6220ms mem 1493/3311MB
step 181,840 | loss 2.5814 | lr 2.35e-04 | 1304 tok/s | fwd_bwd 6140ms data 0ms clip 20ms optim 111ms step 6282ms mem 1493/3311MB
step 181,850 | loss 3.6967 | lr 2.35e-04 | 1299 tok/s | fwd_bwd 6143ms data 0ms clip 20ms optim 111ms step 6283ms mem 1493/3311MB
step 181,860 | loss 3.7555 | lr 2.35e-04 | 1295 tok/s | fwd_bwd 6163ms data 0ms clip 20ms optim 112ms step 6304ms mem 1493/3311MB
step 181,870 | loss 2.5468 | lr 2.35e-04 | 1295 tok/s | fwd_bwd 6177ms data 1ms clip 20ms optim 112ms step 6321ms mem 1493/3311MB
step 181,880 | loss 3.1322 | lr 2.35e-04 | 1291 tok/s | fwd_bwd 6199ms data 0ms clip 20ms optim 112ms step 6340ms mem 1493/3311MB
step 181,890 | loss 3.8267 | lr 2.35e-04 | 1289 tok/s | fwd_bwd 6191ms data 0ms clip 20ms optim 116ms step 6331ms mem 1493/3311MB
step 181,900 | loss 2.7277 | lr 2.35e-04 | 1289 tok/s | fwd_bwd 6215ms data 0ms clip 20ms optim 112ms step 6354ms mem 1493/3311MB
step 181,910 | loss 2.4038 | lr 2.35e-04 | 1289 tok/s | fwd_bwd 6207ms data 0ms clip 20ms optim 112ms step 6348ms mem 1493/3311MB
step 181,920 | loss 2.3587 | lr 2.35e-04 | 1287 tok/s | fwd_bwd 6295ms data 1ms clip 21ms optim 113ms step 6449ms mem 1490/3311MB
step 181,930 | loss 3.2481 | lr 2.35e-04 | 1283 tok/s | fwd_bwd 6583ms data 0ms clip 20ms optim 112ms step 6723ms mem 1493/3311MB
step 181,940 | loss 2.9062 | lr 2.35e-04 | 1282 tok/s | fwd_bwd 6239ms data 1ms clip 20ms optim 112ms step 6385ms mem 1493/3311MB
step 181,950 | loss 2.4108 | lr 2.35e-04 | 1275 tok/s | fwd_bwd 6240ms data 0ms clip 20ms optim 111ms step 6381ms mem 1452/3311MB
step 181,960 | loss 3.5122 | lr 2.35e-04 | 1280 tok/s | fwd_bwd 6134ms data 1ms clip 20ms optim 112ms step 6283ms mem 1493/3311MB
step 181,970 | loss 3.2606 | lr 2.35e-04 | 1285 tok/s | fwd_bwd 6202ms data 1ms clip 20ms optim 112ms step 6353ms mem 1452/3311MB
step 181,980 | loss 3.5632 | lr 2.35e-04 | 1284 tok/s | fwd_bwd 6308ms data 1ms clip 24ms optim 119ms step 6470ms mem 1493/3311MB
step 181,990 | loss 3.6345 | lr 2.35e-04 | 1282 tok/s | fwd_bwd 6233ms data 0ms clip 20ms optim 112ms step 6370ms mem 1493/3311MB
step 182,000 | loss 3.4256 | lr 2.35e-04 | 1280 tok/s | fwd_bwd 6244ms data 1ms clip 20ms optim 112ms step 6390ms mem 1493/3311MB
  [eval] step 182000 | val_loss 3.3014 | ppl 27.15
Checkpoint saved: checkpoints/step_182000
  [samples] wrote checkpoints/step_182000/samples.txt
  Pruning old checkpoint: checkpoints/step_180987
step 182,010 | loss 3.9363 | lr 2.35e-04 | 544 tok/s | fwd_bwd 6250ms data 1ms clip 20ms optim 112ms step 6394ms mem 1493/3311MB
step 182,020 | loss 3.2009 | lr 2.35e-04 | 1275 tok/s | fwd_bwd 6322ms data 1ms clip 20ms optim 111ms step 6474ms mem 1493/3311MB
step 182,030 | loss 4.2021 | lr 2.35e-04 | 1279 tok/s | fwd_bwd 6242ms data 1ms clip 20ms optim 112ms step 6386ms mem 1493/3311MB
step 182,040 | loss 3.1263 | lr 2.35e-04 | 1255 tok/s | fwd_bwd 6266ms data 0ms clip 20ms optim 112ms step 6403ms mem 1493/3311MB
step 182,050 | loss 3.5016 | lr 2.35e-04 | 1268 tok/s | fwd_bwd 6278ms data 1ms clip 20ms optim 112ms step 6422ms mem 1489/3311MB
step 182,060 | loss 1.7406 | lr 2.35e-04 | 1276 tok/s | fwd_bwd 6224ms data 0ms clip 20ms optim 113ms step 6361ms mem 1490/3311MB
step 182,070 | loss 3.8733 | lr 2.35e-04 | 1269 tok/s | fwd_bwd 6786ms data 1ms clip 22ms optim 121ms step 6944ms mem 1493/3311MB
step 182,080 | loss 3.6200 | lr 2.35e-04 | 957 tok/s | fwd_bwd 8696ms data 1ms clip 37ms optim 169ms step 8910ms mem 1493/3311MB
step 182,090 | loss 1.9294 | lr 2.35e-04 | 1118 tok/s | fwd_bwd 6564ms data 1ms clip 22ms optim 118ms step 6712ms mem 1464/3311MB
step 182,100 | loss 2.2360 | lr 2.35e-04 | 1216 tok/s | fwd_bwd 6419ms data 1ms clip 23ms optim 122ms step 6585ms mem 1482/3311MB
Checkpoint saved: checkpoints/step_182101
  Pruning old checkpoint: checkpoints/step_181000
step 182,110 | loss 3.9919 | lr 2.35e-04 | 1252 tok/s | fwd_bwd 6277ms data 1ms clip 21ms optim 112ms step 6424ms mem 1452/3311MB
step 182,120 | loss 4.0475 | lr 2.35e-04 | 1271 tok/s | fwd_bwd 6313ms data 1ms clip 20ms optim 113ms step 6468ms mem 1452/3311MB
step 182,130 | loss 3.3875 | lr 2.35e-04 | 1278 tok/s | fwd_bwd 6313ms data 1ms clip 20ms optim 112ms step 6467ms mem 1458/3311MB
step 182,140 | loss 3.8724 | lr 2.35e-04 | 1282 tok/s | fwd_bwd 6226ms data 1ms clip 20ms optim 112ms step 6376ms mem 1493/3311MB
step 182,150 | loss 2.7247 | lr 2.34e-04 | 1279 tok/s | fwd_bwd 6229ms data 0ms clip 20ms optim 111ms step 6370ms mem 1493/3311MB
step 182,160 | loss 3.5621 | lr 2.34e-04 | 1275 tok/s | fwd_bwd 6284ms data 1ms clip 20ms optim 112ms step 6433ms mem 1493/3311MB
step 182,170 | loss 3.2239 | lr 2.34e-04 | 1279 tok/s | fwd_bwd 6214ms data 1ms clip 20ms optim 112ms step 6359ms mem 1492/3311MB
step 182,180 | loss 3.0020 | lr 2.34e-04 | 1282 tok/s | fwd_bwd 6213ms data 0ms clip 20ms optim 112ms step 6354ms mem 1470/3311MB
step 182,190 | loss 2.9045 | lr 2.34e-04 | 1279 tok/s | fwd_bwd 6248ms data 0ms clip 20ms optim 114ms step 6389ms mem 1452/3311MB
step 182,200 | loss 3.5082 | lr 2.34e-04 | 1277 tok/s | fwd_bwd 6243ms data 0ms clip 20ms optim 113ms step 6386ms mem 1493/3311MB
step 182,210 | loss 3.3345 | lr 2.34e-04 | 1278 tok/s | fwd_bwd 6239ms data 0ms clip 21ms optim 114ms step 6382ms mem 1493/3311MB
step 182,220 | loss 2.6128 | lr 2.34e-04 | 1277 tok/s | fwd_bwd 6227ms data 0ms clip 20ms optim 112ms step 6366ms mem 1493/3311MB
step 182,230 | loss 1.6494 | lr 2.34e-04 | 1275 tok/s | fwd_bwd 6354ms data 1ms clip 23ms optim 122ms step 6521ms mem 1493/3311MB
step 182,240 | loss 4.1409 | lr 2.34e-04 | 1273 tok/s | fwd_bwd 6277ms data 1ms clip 20ms optim 112ms step 6422ms mem 1493/3311MB
step 182,250 | loss 3.1871 | lr 2.34e-04 | 1274 tok/s | fwd_bwd 6255ms data 0ms clip 20ms optim 112ms step 6397ms mem 1493/3311MB
step 182,260 | loss 3.3146 | lr 2.34e-04 | 1273 tok/s | fwd_bwd 6265ms data 0ms clip 20ms optim 112ms step 6403ms mem 1493/3311MB
step 182,270 | loss 4.1256 | lr 2.34e-04 | 1269 tok/s | fwd_bwd 6313ms data 1ms clip 20ms optim 113ms step 6462ms mem 1493/3311MB
step 182,280 | loss 4.0451 | lr 2.34e-04 | 1267 tok/s | fwd_bwd 6313ms data 1ms clip 20ms optim 111ms step 6460ms mem 1493/3311MB
step 182,290 | loss 3.7988 | lr 2.34e-04 | 1267 tok/s | fwd_bwd 6322ms data 0ms clip 20ms optim 112ms step 6464ms mem 1493/3311MB
step 182,300 | loss 2.9360 | lr 2.34e-04 | 1269 tok/s | fwd_bwd 6251ms data 0ms clip 20ms optim 112ms step 6392ms mem 1488/3311MB
step 182,310 | loss 3.3623 | lr 2.34e-04 | 1270 tok/s | fwd_bwd 6281ms data 1ms clip 20ms optim 111ms step 6426ms mem 1493/3311MB
step 182,320 | loss 3.0223 | lr 2.34e-04 | 1266 tok/s | fwd_bwd 6388ms data 1ms clip 23ms optim 120ms step 6553ms mem 1476/3311MB
step 182,330 | loss 2.7695 | lr 2.34e-04 | 1271 tok/s | fwd_bwd 6184ms data 0ms clip 20ms optim 112ms step 6324ms mem 1492/3311MB
step 182,340 | loss 2.8700 | lr 2.34e-04 | 1272 tok/s | fwd_bwd 6278ms data 0ms clip 20ms optim 112ms step 6417ms mem 1493/3311MB
step 182,350 | loss 2.7318 | lr 2.34e-04 | 1268 tok/s | fwd_bwd 6238ms data 1ms clip 20ms optim 112ms step 6381ms mem 1493/3311MB
step 182,360 | loss 3.2147 | lr 2.34e-04 | 1265 tok/s | fwd_bwd 6303ms data 1ms clip 20ms optim 112ms step 6450ms mem 1493/3311MB
step 182,370 | loss 3.9525 | lr 2.34e-04 | 1270 tok/s | fwd_bwd 6257ms data 0ms clip 20ms optim 112ms step 6399ms mem 1493/3311MB
step 182,380 | loss 3.3927 | lr 2.34e-04 | 1220 tok/s | fwd_bwd 6414ms data 1ms clip 22ms optim 115ms step 6564ms mem 1493/3311MB
step 182,390 | loss 3.0780 | lr 2.34e-04 | 1211 tok/s | fwd_bwd 6253ms data 0ms clip 20ms optim 113ms step 6392ms mem 1493/3311MB
step 182,400 | loss 3.3647 | lr 2.34e-04 | 1253 tok/s | fwd_bwd 6398ms data 1ms clip 22ms optim 121ms step 6563ms mem 1448/3311MB
step 182,410 | loss 3.3214 | lr 2.34e-04 | 1266 tok/s | fwd_bwd 6364ms data 1ms clip 20ms optim 112ms step 6518ms mem 1451/3311MB
step 182,420 | loss 3.5103 | lr 2.34e-04 | 1264 tok/s | fwd_bwd 6282ms data 0ms clip 20ms optim 112ms step 6425ms mem 1490/3311MB
step 182,430 | loss 3.0820 | lr 2.34e-04 | 1265 tok/s | fwd_bwd 6305ms data 1ms clip 20ms optim 112ms step 6457ms mem 1493/3311MB
step 182,440 | loss 3.5629 | lr 2.34e-04 | 1272 tok/s | fwd_bwd 6288ms data 1ms clip 20ms optim 112ms step 6432ms mem 1451/3311MB
step 182,450 | loss 1.4407 | lr 2.34e-04 | 1265 tok/s | fwd_bwd 6335ms data 1ms clip 20ms optim 112ms step 6479ms mem 1493/3311MB
step 182,460 | loss 3.6599 | lr 2.34e-04 | 1264 tok/s | fwd_bwd 6291ms data 0ms clip 20ms optim 112ms step 6428ms mem 1493/3311MB
step 182,470 | loss 4.3003 | lr 2.34e-04 | 1262 tok/s | fwd_bwd 6314ms data 0ms clip 20ms optim 112ms step 6457ms mem 1493/3311MB
step 182,480 | loss 0.9626 | lr 2.34e-04 | 1261 tok/s | fwd_bwd 6309ms data 0ms clip 20ms optim 112ms step 6450ms mem 1493/3311MB
step 182,490 | loss 3.3217 | lr 2.34e-04 | 1264 tok/s | fwd_bwd 6322ms data 0ms clip 20ms optim 112ms step 6462ms mem 1493/3311MB
step 182,500 | loss 3.6573 | lr 2.34e-04 | 1263 tok/s | fwd_bwd 6402ms data 1ms clip 23ms optim 123ms step 6570ms mem 1464/3311MB
  [eval] step 182500 | val_loss 3.1280 | ppl 22.83
step 182,510 | loss 3.1420 | lr 2.34e-04 | 716 tok/s | fwd_bwd 6304ms data 1ms clip 20ms optim 112ms step 6449ms mem 1493/3311MB
step 182,520 | loss 2.4705 | lr 2.34e-04 | 1264 tok/s | fwd_bwd 6279ms data 0ms clip 20ms optim 112ms step 6415ms mem 1493/3311MB
step 182,530 | loss 3.8170 | lr 2.34e-04 | 1263 tok/s | fwd_bwd 6318ms data 0ms clip 20ms optim 112ms step 6460ms mem 1493/3311MB
step 182,540 | loss 2.9548 | lr 2.34e-04 | 1248 tok/s | fwd_bwd 6266ms data 1ms clip 20ms optim 112ms step 6410ms mem 1493/3311MB
step 182,550 | loss 3.2180 | lr 2.34e-04 | 1266 tok/s | fwd_bwd 6216ms data 0ms clip 20ms optim 112ms step 6359ms mem 1493/3311MB
step 182,560 | loss 3.5762 | lr 2.34e-04 | 1269 tok/s | fwd_bwd 6319ms data 1ms clip 20ms optim 113ms step 6472ms mem 1493/3311MB
step 182,570 | loss 3.3812 | lr 2.34e-04 | 1270 tok/s | fwd_bwd 6295ms data 0ms clip 20ms optim 112ms step 6436ms mem 1451/3311MB
step 182,580 | loss 3.0124 | lr 2.34e-04 | 1252 tok/s | fwd_bwd 6327ms data 0ms clip 20ms optim 112ms step 6466ms mem 1452/3311MB
step 182,590 | loss 3.2871 | lr 2.34e-04 | 1262 tok/s | fwd_bwd 6314ms data 0ms clip 20ms optim 112ms step 6455ms mem 1493/3311MB
step 182,600 | loss 3.4612 | lr 2.34e-04 | 1265 tok/s | fwd_bwd 6306ms data 0ms clip 20ms optim 112ms step 6445ms mem 1493/3311MB
step 182,610 | loss 4.2607 | lr 2.34e-04 | 1268 tok/s | fwd_bwd 6349ms data 1ms clip 20ms optim 112ms step 6495ms mem 1470/3311MB
step 182,620 | loss 3.7674 | lr 2.33e-04 | 1261 tok/s | fwd_bwd 6420ms data 0ms clip 20ms optim 113ms step 6561ms mem 1493/3311MB
step 182,630 | loss 2.4943 | lr 2.33e-04 | 1265 tok/s | fwd_bwd 6311ms data 1ms clip 20ms optim 112ms step 6455ms mem 1493/3311MB
step 182,640 | loss 3.1425 | lr 2.33e-04 | 1255 tok/s | fwd_bwd 6292ms data 1ms clip 20ms optim 112ms step 6436ms mem 1493/3311MB
step 182,650 | loss 3.5681 | lr 2.33e-04 | 1264 tok/s | fwd_bwd 6294ms data 0ms clip 20ms optim 112ms step 6435ms mem 1493/3311MB
Checkpoint saved: checkpoints/step_182650
  Pruning old checkpoint: checkpoints/step_181549
step 182,660 | loss 3.9361 | lr 2.33e-04 | 1253 tok/s | fwd_bwd 6297ms data 1ms clip 20ms optim 112ms step 6441ms mem 1493/3311MB
step 182,670 | loss 3.4865 | lr 2.33e-04 | 1268 tok/s | fwd_bwd 6303ms data 1ms clip 20ms optim 112ms step 6448ms mem 1493/3311MB
step 182,680 | loss 1.6767 | lr 2.33e-04 | 1267 tok/s | fwd_bwd 6279ms data 0ms clip 20ms optim 112ms step 6418ms mem 1490/3311MB
step 182,690 | loss 3.0804 | lr 2.33e-04 | 1268 tok/s | fwd_bwd 6264ms data 1ms clip 20ms optim 112ms step 6418ms mem 1493/3311MB
step 182,700 | loss 3.1906 | lr 2.33e-04 | 1272 tok/s | fwd_bwd 6283ms data 0ms clip 20ms optim 112ms step 6422ms mem 1482/3311MB
step 182,710 | loss 2.5746 | lr 2.33e-04 | 1268 tok/s | fwd_bwd 6290ms data 0ms clip 20ms optim 111ms step 6428ms mem 1493/3311MB
step 182,720 | loss 3.1582 | lr 2.33e-04 | 1262 tok/s | fwd_bwd 6394ms data 0ms clip 20ms optim 114ms step 6536ms mem 1493/3311MB
step 182,730 | loss 2.7638 | lr 2.33e-04 | 1264 tok/s | fwd_bwd 6329ms data 1ms clip 20ms optim 113ms step 6480ms mem 1493/3311MB
step 182,740 | loss 3.5474 | lr 2.33e-04 | 1265 tok/s | fwd_bwd 6321ms data 1ms clip 20ms optim 112ms step 6467ms mem 1476/3311MB
step 182,750 | loss 3.6721 | lr 2.33e-04 | 1267 tok/s | fwd_bwd 6280ms data 0ms clip 20ms optim 112ms step 6415ms mem 1493/3311MB
step 182,760 | loss 3.0752 | lr 2.33e-04 | 1268 tok/s | fwd_bwd 6330ms data 1ms clip 20ms optim 112ms step 6478ms mem 1493/3311MB
step 182,770 | loss 4.2359 | lr 2.33e-04 | 1270 tok/s | fwd_bwd 6307ms data 0ms clip 20ms optim 113ms step 6447ms mem 1493/3311MB
step 182,780 | loss 2.9861 | lr 2.33e-04 | 1267 tok/s | fwd_bwd 6298ms data 1ms clip 20ms optim 112ms step 6443ms mem 1493/3311MB
step 182,790 | loss 3.7223 | lr 2.33e-04 | 1265 tok/s | fwd_bwd 6341ms data 1ms clip 20ms optim 112ms step 6495ms mem 1493/3311MB
step 182,800 | loss 3.6270 | lr 2.33e-04 | 1274 tok/s | fwd_bwd 6339ms data 1ms clip 23ms optim 123ms step 6508ms mem 1448/3311MB
step 182,810 | loss 3.8298 | lr 2.33e-04 | 1273 tok/s | fwd_bwd 6269ms data 0ms clip 20ms optim 112ms step 6405ms mem 1493/3311MB
step 182,820 | loss 2.4300 | lr 2.33e-04 | 1265 tok/s | fwd_bwd 6317ms data 1ms clip 20ms optim 112ms step 6463ms mem 1493/3311MB
step 182,830 | loss 3.8411 | lr 2.33e-04 | 1270 tok/s | fwd_bwd 6285ms data 1ms clip 20ms optim 112ms step 6429ms mem 1493/3311MB
step 182,840 | loss 0.8245 | lr 2.33e-04 | 1267 tok/s | fwd_bwd 6316ms data 1ms clip 20ms optim 112ms step 6463ms mem 1493/3311MB
step 182,850 | loss 3.8623 | lr 2.33e-04 | 1264 tok/s | fwd_bwd 6312ms data 1ms clip 20ms optim 111ms step 6455ms mem 1493/3311MB
step 182,860 | loss 3.7839 | lr 2.33e-04 | 1263 tok/s | fwd_bwd 6299ms data 0ms clip 20ms optim 112ms step 6440ms mem 1482/3311MB
step 182,870 | loss 3.5149 | lr 2.33e-04 | 1267 tok/s | fwd_bwd 6291ms data 0ms clip 20ms optim 112ms step 6429ms mem 1493/3311MB
step 182,880 | loss 2.3007 | lr 2.33e-04 | 1268 tok/s | fwd_bwd 6304ms data 0ms clip 20ms optim 113ms step 6442ms mem 1492/3311MB
step 182,890 | loss 2.6344 | lr 2.33e-04 | 1265 tok/s | fwd_bwd 6386ms data 0ms clip 20ms optim 113ms step 6523ms mem 1489/3311MB
step 182,900 | loss 2.0978 | lr 2.33e-04 | 1265 tok/s | fwd_bwd 6235ms data 1ms clip 20ms optim 112ms step 6382ms mem 1493/3311MB
step 182,910 | loss 3.1813 | lr 2.33e-04 | 1269 tok/s | fwd_bwd 6266ms data 1ms clip 20ms optim 112ms step 6413ms mem 1492/3311MB
step 182,920 | loss 3.4139 | lr 2.33e-04 | 1272 tok/s | fwd_bwd 6282ms data 1ms clip 20ms optim 113ms step 6430ms mem 1493/3311MB
step 182,930 | loss 3.7051 | lr 2.33e-04 | 1272 tok/s | fwd_bwd 6260ms data 1ms clip 20ms optim 111ms step 6407ms mem 1493/3311MB
step 182,940 | loss 2.5754 | lr 2.33e-04 | 1274 tok/s | fwd_bwd 6280ms data 1ms clip 20ms optim 112ms step 6426ms mem 1492/3311MB
step 182,950 | loss 2.9249 | lr 2.33e-04 | 1272 tok/s | fwd_bwd 6272ms data 0ms clip 20ms optim 112ms step 6412ms mem 1451/3311MB
step 182,960 | loss 3.3644 | lr 2.33e-04 | 1271 tok/s | fwd_bwd 6263ms data 0ms clip 20ms optim 112ms step 6399ms mem 1493/3311MB
step 182,970 | loss 3.4197 | lr 2.33e-04 | 1272 tok/s | fwd_bwd 6272ms data 0ms clip 20ms optim 112ms step 6411ms mem 1493/3311MB
step 182,980 | loss 3.1359 | lr 2.33e-04 | 1275 tok/s | fwd_bwd 6265ms data 1ms clip 20ms optim 112ms step 6410ms mem 1493/3311MB
step 182,990 | loss 4.0261 | lr 2.33e-04 | 1275 tok/s | fwd_bwd 6264ms data 0ms clip 20ms optim 112ms step 6401ms mem 1451/3311MB
step 183,000 | loss 2.8634 | lr 2.33e-04 | 1272 tok/s | fwd_bwd 6331ms data 0ms clip 20ms optim 115ms step 6474ms mem 1493/3311MB
  [eval] step 183000 | val_loss 3.2671 | ppl 26.24
Checkpoint saved: checkpoints/step_183000
  [samples] wrote checkpoints/step_183000/samples.txt
  Pruning old checkpoint: checkpoints/step_182000
step 183,010 | loss 3.4579 | lr 2.33e-04 | 551 tok/s | fwd_bwd 6164ms data 0ms clip 20ms optim 112ms step 6306ms mem 1493/3311MB
step 183,020 | loss 3.5089 | lr 2.33e-04 | 1301 tok/s | fwd_bwd 6109ms data 0ms clip 20ms optim 112ms step 6245ms mem 1493/3311MB
step 183,030 | loss 2.8071 | lr 2.33e-04 | 1307 tok/s | fwd_bwd 6115ms data 1ms clip 20ms optim 112ms step 6262ms mem 1493/3311MB
step 183,040 | loss 2.9279 | lr 2.33e-04 | 1304 tok/s | fwd_bwd 6077ms data 0ms clip 20ms optim 112ms step 6216ms mem 1493/3311MB
step 183,050 | loss 3.7537 | lr 2.33e-04 | 1309 tok/s | fwd_bwd 6080ms data 0ms clip 20ms optim 113ms step 6220ms mem 1451/3311MB
step 183,060 | loss 3.2121 | lr 2.33e-04 | 1315 tok/s | fwd_bwd 6063ms data 0ms clip 20ms optim 112ms step 6201ms mem 1493/3311MB
step 183,070 | loss 3.6435 | lr 2.33e-04 | 1319 tok/s | fwd_bwd 6069ms data 0ms clip 20ms optim 112ms step 6207ms mem 1493/3311MB
step 183,080 | loss 2.6469 | lr 2.33e-04 | 1313 tok/s | fwd_bwd 6093ms data 1ms clip 20ms optim 111ms step 6242ms mem 1493/3311MB
step 183,090 | loss 3.6070 | lr 2.32e-04 | 1314 tok/s | fwd_bwd 6067ms data 0ms clip 20ms optim 112ms step 6208ms mem 1493/3311MB
step 183,100 | loss 3.4858 | lr 2.32e-04 | 1313 tok/s | fwd_bwd 6122ms data 1ms clip 23ms optim 123ms step 6289ms mem 1452/3311MB
step 183,110 | loss 3.0588 | lr 2.32e-04 | 1320 tok/s | fwd_bwd 6049ms data 1ms clip 20ms optim 112ms step 6198ms mem 1451/3311MB
step 183,120 | loss 3.4136 | lr 2.32e-04 | 1321 tok/s | fwd_bwd 6042ms data 1ms clip 20ms optim 112ms step 6191ms mem 1493/3311MB
step 183,130 | loss 3.1989 | lr 2.32e-04 | 1326 tok/s | fwd_bwd 5997ms data 0ms clip 20ms optim 112ms step 6140ms mem 1493/3311MB
step 183,140 | loss 3.1929 | lr 2.32e-04 | 1324 tok/s | fwd_bwd 6046ms data 0ms clip 20ms optim 112ms step 6184ms mem 1493/3311MB
step 183,150 | loss 3.1632 | lr 2.32e-04 | 1320 tok/s | fwd_bwd 6048ms data 0ms clip 20ms optim 112ms step 6186ms mem 1451/3311MB
step 183,160 | loss 1.5580 | lr 2.32e-04 | 1317 tok/s | fwd_bwd 6071ms data 0ms clip 20ms optim 112ms step 6208ms mem 1493/3311MB
step 183,170 | loss 3.0265 | lr 2.32e-04 | 1308 tok/s | fwd_bwd 6095ms data 0ms clip 20ms optim 112ms step 6234ms mem 1482/3311MB
step 183,180 | loss 2.5950 | lr 2.32e-04 | 1316 tok/s | fwd_bwd 6052ms data 0ms clip 20ms optim 112ms step 6188ms mem 1493/3311MB
step 183,190 | loss 3.1739 | lr 2.32e-04 | 1318 tok/s | fwd_bwd 6049ms data 1ms clip 20ms optim 112ms step 6191ms mem 1493/3311MB
step 183,200 | loss 3.5840 | lr 2.32e-04 | 1314 tok/s | fwd_bwd 6081ms data 0ms clip 20ms optim 112ms step 6219ms mem 1452/3311MB
Checkpoint saved: checkpoints/step_183202
  Pruning old checkpoint: checkpoints/step_182101
step 183,210 | loss 0.8960 | lr 2.32e-04 | 1296 tok/s | fwd_bwd 6090ms data 0ms clip 20ms optim 112ms step 6226ms mem 1448/3311MB
step 183,220 | loss 2.7428 | lr 2.32e-04 | 1309 tok/s | fwd_bwd 6113ms data 0ms clip 20ms optim 112ms step 6251ms mem 1448/3311MB
step 183,230 | loss 2.9544 | lr 2.32e-04 | 1305 tok/s | fwd_bwd 6120ms data 0ms clip 20ms optim 112ms step 6259ms mem 1493/3311MB
step 183,240 | loss 3.2543 | lr 2.32e-04 | 1304 tok/s | fwd_bwd 6118ms data 1ms clip 20ms optim 112ms step 6264ms mem 1493/3311MB
step 183,250 | loss 3.0504 | lr 2.32e-04 | 1307 tok/s | fwd_bwd 6104ms data 1ms clip 20ms optim 112ms step 6250ms mem 1493/3311MB
step 183,260 | loss 3.1376 | lr 2.32e-04 | 1310 tok/s | fwd_bwd 6085ms data 0ms clip 20ms optim 112ms step 6224ms mem 1493/3311MB
step 183,270 | loss 2.5584 | lr 2.32e-04 | 1302 tok/s | fwd_bwd 6101ms data 0ms clip 20ms optim 112ms step 6242ms mem 1493/3311MB
step 183,280 | loss 4.2157 | lr 2.32e-04 | 1306 tok/s | fwd_bwd 6095ms data 0ms clip 20ms optim 111ms step 6238ms mem 1452/3311MB
step 183,290 | loss 3.5781 | lr 2.32e-04 | 1307 tok/s | fwd_bwd 5982ms data 0ms clip 20ms optim 111ms step 6123ms mem 1493/3311MB
step 183,300 | loss 2.9546 | lr 2.32e-04 | 1312 tok/s | fwd_bwd 6084ms data 0ms clip 20ms optim 111ms step 6224ms mem 1452/3311MB
step 183,310 | loss 2.8112 | lr 2.32e-04 | 1316 tok/s | fwd_bwd 6039ms data 0ms clip 21ms optim 112ms step 6183ms mem 1452/3311MB
step 183,320 | loss 1.9437 | lr 2.32e-04 | 1327 tok/s | fwd_bwd 6014ms data 0ms clip 20ms optim 112ms step 6153ms mem 1482/3311MB
step 183,330 | loss 3.5602 | lr 2.32e-04 | 1332 tok/s | fwd_bwd 5999ms data 0ms clip 20ms optim 112ms step 6139ms mem 1452/3311MB
step 183,340 | loss 2.7080 | lr 2.32e-04 | 1330 tok/s | fwd_bwd 6010ms data 0ms clip 20ms optim 112ms step 6147ms mem 1493/3311MB
step 183,350 | loss 3.4481 | lr 2.32e-04 | 1330 tok/s | fwd_bwd 5999ms data 0ms clip 20ms optim 112ms step 6135ms mem 1493/3311MB
step 183,360 | loss 3.6722 | lr 2.32e-04 | 1329 tok/s | fwd_bwd 6048ms data 1ms clip 20ms optim 111ms step 6201ms mem 1452/3311MB
step 183,370 | loss 3.7000 | lr 2.32e-04 | 1334 tok/s | fwd_bwd 5984ms data 0ms clip 20ms optim 112ms step 6123ms mem 1493/3311MB
step 183,380 | loss 2.9197 | lr 2.32e-04 | 1335 tok/s | fwd_bwd 5981ms data 0ms clip 20ms optim 112ms step 6117ms mem 1493/3311MB
step 183,390 | loss 3.4060 | lr 2.32e-04 | 1334 tok/s | fwd_bwd 5982ms data 0ms clip 20ms optim 111ms step 6119ms mem 1493/3311MB
step 183,400 | loss 1.8031 | lr 2.32e-04 | 1342 tok/s | fwd_bwd 5937ms data 0ms clip 20ms optim 112ms step 6081ms mem 1493/3311MB
step 183,410 | loss 0.7485 | lr 2.32e-04 | 1339 tok/s | fwd_bwd 5959ms data 1ms clip 20ms optim 112ms step 6104ms mem 1493/3311MB
step 183,420 | loss 3.6666 | lr 2.32e-04 | 1339 tok/s | fwd_bwd 5966ms data 0ms clip 20ms optim 111ms step 6104ms mem 1448/3311MB
step 183,430 | loss 2.7755 | lr 2.32e-04 | 1338 tok/s | fwd_bwd 5914ms data 1ms clip 20ms optim 112ms step 6061ms mem 1451/3311MB
step 183,440 | loss 3.8698 | lr 2.32e-04 | 1337 tok/s | fwd_bwd 5975ms data 0ms clip 20ms optim 112ms step 6112ms mem 1493/3311MB
step 183,450 | loss 2.3188 | lr 2.32e-04 | 1338 tok/s | fwd_bwd 5961ms data 0ms clip 20ms optim 111ms step 6096ms mem 1493/3311MB
step 183,460 | loss 3.3885 | lr 2.32e-04 | 1345 tok/s | fwd_bwd 5905ms data 1ms clip 20ms optim 112ms step 6049ms mem 1493/3311MB
step 183,470 | loss 3.8341 | lr 2.32e-04 | 1349 tok/s | fwd_bwd 5835ms data 0ms clip 20ms optim 112ms step 5973ms mem 1493/3311MB
step 183,480 | loss 1.8280 | lr 2.32e-04 | 1350 tok/s | fwd_bwd 5948ms data 0ms clip 20ms optim 112ms step 6086ms mem 1448/3311MB
step 183,490 | loss 3.0252 | lr 2.32e-04 | 1341 tok/s | fwd_bwd 5968ms data 1ms clip 20ms optim 112ms step 6116ms mem 1452/3311MB
step 183,500 | loss 3.2551 | lr 2.32e-04 | 1339 tok/s | fwd_bwd 5959ms data 0ms clip 20ms optim 112ms step 6101ms mem 1451/3311MB
  [eval] step 183500 | val_loss 3.1979 | ppl 24.48
step 183,510 | loss 4.3232 | lr 2.32e-04 | 758 tok/s | fwd_bwd 5924ms data 0ms clip 20ms optim 112ms step 6059ms mem 1450/3311MB
step 183,520 | loss 3.5076 | lr 2.32e-04 | 1346 tok/s | fwd_bwd 5868ms data 0ms clip 20ms optim 112ms step 6008ms mem 1452/3311MB
step 183,530 | loss 3.2301 | lr 2.32e-04 | 1345 tok/s | fwd_bwd 5938ms data 0ms clip 20ms optim 111ms step 6076ms mem 1451/3311MB
step 183,540 | loss 3.9877 | lr 2.32e-04 | 1337 tok/s | fwd_bwd 5934ms data 0ms clip 20ms optim 112ms step 6073ms mem 1451/3311MB
step 183,550 | loss 3.3816 | lr 2.32e-04 | 1339 tok/s | fwd_bwd 5955ms data 0ms clip 20ms optim 112ms step 6096ms mem 1451/3311MB
step 183,560 | loss 2.6993 | lr 2.31e-04 | 1338 tok/s | fwd_bwd 5963ms data 0ms clip 20ms optim 112ms step 6104ms mem 1493/3311MB
step 183,570 | loss 2.9353 | lr 2.31e-04 | 1344 tok/s | fwd_bwd 5926ms data 0ms clip 20ms optim 112ms step 6062ms mem 1493/3311MB
step 183,580 | loss 3.8530 | lr 2.31e-04 | 1348 tok/s | fwd_bwd 5908ms data 1ms clip 20ms optim 112ms step 6054ms mem 1493/3311MB
step 183,590 | loss 2.7372 | lr 2.31e-04 | 1345 tok/s | fwd_bwd 5944ms data 0ms clip 20ms optim 112ms step 6083ms mem 1493/3311MB
step 183,600 | loss 4.1022 | lr 2.31e-04 | 1343 tok/s | fwd_bwd 5913ms data 1ms clip 20ms optim 112ms step 6056ms mem 1493/3311MB
step 183,610 | loss 3.5798 | lr 2.31e-04 | 1343 tok/s | fwd_bwd 5948ms data 0ms clip 20ms optim 112ms step 6087ms mem 1451/3311MB
step 183,620 | loss 2.4171 | lr 2.31e-04 | 1344 tok/s | fwd_bwd 5928ms data 0ms clip 20ms optim 112ms step 6066ms mem 1493/3311MB
step 183,630 | loss 3.1764 | lr 2.31e-04 | 1348 tok/s | fwd_bwd 5891ms data 1ms clip 20ms optim 112ms step 6035ms mem 1451/3311MB
step 183,640 | loss 3.9087 | lr 2.31e-04 | 1352 tok/s | fwd_bwd 5896ms data 0ms clip 20ms optim 112ms step 6039ms mem 1493/3311MB
step 183,650 | loss 3.9081 | lr 2.31e-04 | 1351 tok/s | fwd_bwd 5900ms data 1ms clip 20ms optim 112ms step 6046ms mem 1493/3311MB
step 183,660 | loss 2.8820 | lr 2.31e-04 | 1346 tok/s | fwd_bwd 5933ms data 1ms clip 20ms optim 112ms step 6083ms mem 1448/3311MB
step 183,670 | loss 3.3377 | lr 2.31e-04 | 1342 tok/s | fwd_bwd 5944ms data 1ms clip 20ms optim 112ms step 6091ms mem 1493/3311MB
step 183,680 | loss 3.4582 | lr 2.31e-04 | 1341 tok/s | fwd_bwd 5934ms data 0ms clip 20ms optim 111ms step 6074ms mem 1493/3311MB
step 183,690 | loss 2.5826 | lr 2.31e-04 | 1343 tok/s | fwd_bwd 5945ms data 0ms clip 20ms optim 111ms step 6083ms mem 1493/3311MB
step 183,700 | loss 3.0924 | lr 2.31e-04 | 1343 tok/s | fwd_bwd 5959ms data 0ms clip 20ms optim 112ms step 6098ms mem 1493/3311MB
step 183,710 | loss 3.9761 | lr 2.31e-04 | 1342 tok/s | fwd_bwd 5954ms data 0ms clip 20ms optim 112ms step 6097ms mem 1493/3311MB
step 183,720 | loss 2.8210 | lr 2.31e-04 | 1341 tok/s | fwd_bwd 5939ms data 1ms clip 20ms optim 111ms step 6085ms mem 1493/3311MB
step 183,730 | loss 3.7366 | lr 2.31e-04 | 1346 tok/s | fwd_bwd 5902ms data 0ms clip 20ms optim 112ms step 6040ms mem 1493/3311MB
step 183,740 | loss 2.5528 | lr 2.31e-04 | 1347 tok/s | fwd_bwd 5931ms data 0ms clip 20ms optim 112ms step 6067ms mem 1493/3311MB
step 183,750 | loss 3.6602 | lr 2.31e-04 | 1345 tok/s | fwd_bwd 5939ms data 1ms clip 20ms optim 112ms step 6085ms mem 1452/3311MB
step 183,760 | loss 3.1379 | lr 2.31e-04 | 1332 tok/s | fwd_bwd 6259ms data 1ms clip 23ms optim 120ms step 6416ms mem 1493/3311MB
step 183,770 | loss 3.7298 | lr 2.31e-04 | 1338 tok/s | fwd_bwd 5962ms data 0ms clip 20ms optim 112ms step 6102ms mem 1451/3311MB
step 183,780 | loss 2.8080 | lr 2.31e-04 | 1337 tok/s | fwd_bwd 5960ms data 1ms clip 20ms optim 112ms step 6104ms mem 1448/3311MB
Checkpoint saved: checkpoints/step_183781
  Pruning old checkpoint: checkpoints/step_182650
step 183,790 | loss 3.4864 | lr 2.31e-04 | 1322 tok/s | fwd_bwd 5956ms data 0ms clip 20ms optim 111ms step 6091ms mem 1493/3311MB
step 183,800 | loss 3.2263 | lr 2.31e-04 | 1333 tok/s | fwd_bwd 5961ms data 0ms clip 20ms optim 112ms step 6099ms mem 1451/3311MB
step 183,810 | loss 3.9076 | lr 2.31e-04 | 1339 tok/s | fwd_bwd 5945ms data 0ms clip 20ms optim 111ms step 6083ms mem 1493/3311MB
step 183,820 | loss 3.6473 | lr 2.31e-04 | 1338 tok/s | fwd_bwd 6027ms data 1ms clip 21ms optim 113ms step 6184ms mem 1493/3311MB
step 183,830 | loss 3.1468 | lr 2.31e-04 | 1333 tok/s | fwd_bwd 5996ms data 0ms clip 20ms optim 112ms step 6134ms mem 1452/3311MB
step 183,840 | loss 3.5420 | lr 2.31e-04 | 1333 tok/s | fwd_bwd 5994ms data 0ms clip 20ms optim 112ms step 6133ms mem 1470/3311MB
step 183,850 | loss 2.5852 | lr 2.31e-04 | 1329 tok/s | fwd_bwd 6015ms data 0ms clip 20ms optim 112ms step 6156ms mem 1493/3311MB
step 183,860 | loss 2.8361 | lr 2.31e-04 | 1318 tok/s | fwd_bwd 6054ms data 0ms clip 20ms optim 112ms step 6195ms mem 1493/3311MB
step 183,870 | loss 3.8998 | lr 2.31e-04 | 1318 tok/s | fwd_bwd 6045ms data 0ms clip 20ms optim 112ms step 6184ms mem 1493/3311MB
step 183,880 | loss 3.4601 | lr 2.31e-04 | 1319 tok/s | fwd_bwd 6043ms data 0ms clip 20ms optim 112ms step 6183ms mem 1493/3311MB
step 183,890 | loss 3.1653 | lr 2.31e-04 | 1320 tok/s | fwd_bwd 6060ms data 1ms clip 20ms optim 113ms step 6213ms mem 1493/3311MB
step 183,900 | loss 3.4504 | lr 2.31e-04 | 1326 tok/s | fwd_bwd 6015ms data 0ms clip 20ms optim 112ms step 6155ms mem 1493/3311MB
step 183,910 | loss 3.7735 | lr 2.31e-04 | 1325 tok/s | fwd_bwd 6034ms data 0ms clip 20ms optim 112ms step 6174ms mem 1493/3311MB
step 183,920 | loss 2.9801 | lr 2.31e-04 | 1320 tok/s | fwd_bwd 6042ms data 1ms clip 20ms optim 112ms step 6188ms mem 1492/3311MB
step 183,930 | loss 2.7706 | lr 2.31e-04 | 1322 tok/s | fwd_bwd 6040ms data 0ms clip 20ms optim 111ms step 6178ms mem 1493/3311MB
step 183,940 | loss 3.3492 | lr 2.31e-04 | 1328 tok/s | fwd_bwd 5982ms data 1ms clip 20ms optim 112ms step 6126ms mem 1493/3311MB
step 183,950 | loss 3.1680 | lr 2.31e-04 | 1337 tok/s | fwd_bwd 5959ms data 0ms clip 20ms optim 112ms step 6095ms mem 1452/3311MB
step 183,960 | loss 1.9536 | lr 2.31e-04 | 1340 tok/s | fwd_bwd 5943ms data 1ms clip 20ms optim 112ms step 6090ms mem 1493/3311MB
step 183,970 | loss 3.3569 | lr 2.31e-04 | 1336 tok/s | fwd_bwd 5975ms data 0ms clip 20ms optim 112ms step 6118ms mem 1452/3311MB
step 183,980 | loss 3.1331 | lr 2.31e-04 | 1330 tok/s | fwd_bwd 6016ms data 0ms clip 20ms optim 112ms step 6155ms mem 1452/3311MB
step 183,990 | loss 3.1715 | lr 2.31e-04 | 1326 tok/s | fwd_bwd 6023ms data 0ms clip 20ms optim 112ms step 6164ms mem 1493/3311MB
step 184,000 | loss 1.6313 | lr 2.31e-04 | 1327 tok/s | fwd_bwd 6010ms data 0ms clip 20ms optim 112ms step 6149ms mem 1493/3311MB
  [eval] step 184000 | val_loss 2.9935 | ppl 19.95
Checkpoint saved: checkpoints/step_184000
  [samples] wrote checkpoints/step_184000/samples.txt
  Pruning old checkpoint: checkpoints/step_183000
step 184,010 | loss 2.1490 | lr 2.31e-04 | 569 tok/s | fwd_bwd 6023ms data 1ms clip 20ms optim 112ms step 6167ms mem 1493/3311MB
step 184,020 | loss 4.1978 | lr 2.31e-04 | 1325 tok/s | fwd_bwd 5992ms data 1ms clip 20ms optim 112ms step 6135ms mem 1493/3311MB
step 184,030 | loss 3.1758 | lr 2.30e-04 | 1328 tok/s | fwd_bwd 5987ms data 0ms clip 20ms optim 112ms step 6128ms mem 1493/3311MB
step 184,040 | loss 2.6691 | lr 2.30e-04 | 1332 tok/s | fwd_bwd 5979ms data 1ms clip 20ms optim 112ms step 6122ms mem 1470/3311MB
step 184,050 | loss 3.4156 | lr 2.30e-04 | 1331 tok/s | fwd_bwd 5992ms data 0ms clip 20ms optim 111ms step 6134ms mem 1493/3311MB
step 184,060 | loss 3.5599 | lr 2.30e-04 | 1323 tok/s | fwd_bwd 5987ms data 1ms clip 20ms optim 112ms step 6132ms mem 1493/3311MB
step 184,070 | loss 3.5331 | lr 2.30e-04 | 1326 tok/s | fwd_bwd 5997ms data 1ms clip 20ms optim 111ms step 6146ms mem 1493/3311MB
step 184,080 | loss 2.2824 | lr 2.30e-04 | 1327 tok/s | fwd_bwd 6001ms data 0ms clip 20ms optim 112ms step 6143ms mem 1493/3311MB
step 184,090 | loss 3.5472 | lr 2.30e-04 | 1326 tok/s | fwd_bwd 6006ms data 0ms clip 20ms optim 112ms step 6147ms mem 1490/3311MB
step 184,100 | loss 3.9454 | lr 2.30e-04 | 1329 tok/s | fwd_bwd 5993ms data 0ms clip 20ms optim 112ms step 6136ms mem 1451/3311MB
step 184,110 | loss 2.9691 | lr 2.30e-04 | 1329 tok/s | fwd_bwd 6005ms data 0ms clip 20ms optim 111ms step 6145ms mem 1493/3311MB
step 184,120 | loss 3.1075 | lr 2.30e-04 | 1334 tok/s | fwd_bwd 5977ms data 0ms clip 20ms optim 112ms step 6113ms mem 1493/3311MB
step 184,130 | loss 3.4286 | lr 2.30e-04 | 1334 tok/s | fwd_bwd 5929ms data 0ms clip 20ms optim 112ms step 6068ms mem 1493/3311MB
step 184,140 | loss 1.7278 | lr 2.30e-04 | 1329 tok/s | fwd_bwd 5990ms data 0ms clip 20ms optim 111ms step 6131ms mem 1493/3311MB
step 184,150 | loss 2.6629 | lr 2.30e-04 | 1328 tok/s | fwd_bwd 6013ms data 0ms clip 20ms optim 112ms step 6155ms mem 1458/3311MB
step 184,160 | loss 3.1512 | lr 2.30e-04 | 1330 tok/s | fwd_bwd 6047ms data 1ms clip 20ms optim 111ms step 6199ms mem 1493/3311MB
step 184,170 | loss 3.6515 | lr 2.30e-04 | 1333 tok/s | fwd_bwd 5968ms data 0ms clip 20ms optim 111ms step 6109ms mem 1493/3311MB
step 184,180 | loss 3.4205 | lr 2.30e-04 | 1333 tok/s | fwd_bwd 5989ms data 0ms clip 20ms optim 112ms step 6130ms mem 1482/3311MB
step 184,190 | loss 3.4013 | lr 2.30e-04 | 1331 tok/s | fwd_bwd 5992ms data 0ms clip 20ms optim 111ms step 6130ms mem 1493/3311MB
step 184,200 | loss 3.3654 | lr 2.30e-04 | 1334 tok/s | fwd_bwd 5985ms data 0ms clip 20ms optim 111ms step 6124ms mem 1493/3311MB
step 184,210 | loss 3.0969 | lr 2.30e-04 | 1335 tok/s | fwd_bwd 5978ms data 0ms clip 20ms optim 111ms step 6118ms mem 1493/3311MB
step 184,220 | loss 3.0184 | lr 2.30e-04 | 1334 tok/s | fwd_bwd 5880ms data 0ms clip 20ms optim 112ms step 6018ms mem 1493/3311MB
step 184,230 | loss 2.7377 | lr 2.30e-04 | 1340 tok/s | fwd_bwd 5935ms data 0ms clip 20ms optim 112ms step 6074ms mem 1493/3311MB
step 184,240 | loss 3.3102 | lr 2.30e-04 | 1345 tok/s | fwd_bwd 5909ms data 0ms clip 20ms optim 113ms step 6054ms mem 1493/3311MB
step 184,250 | loss 3.8266 | lr 2.30e-04 | 1350 tok/s | fwd_bwd 5904ms data 1ms clip 20ms optim 111ms step 6050ms mem 1493/3311MB
step 184,260 | loss 3.4363 | lr 2.30e-04 | 1349 tok/s | fwd_bwd 5902ms data 0ms clip 20ms optim 112ms step 6043ms mem 1452/3311MB
step 184,270 | loss 4.2357 | lr 2.30e-04 | 1347 tok/s | fwd_bwd 5930ms data 0ms clip 20ms optim 112ms step 6066ms mem 1493/3311MB
step 184,280 | loss 3.4640 | lr 2.30e-04 | 1347 tok/s | fwd_bwd 5894ms data 1ms clip 20ms optim 112ms step 6041ms mem 1493/3311MB
step 184,290 | loss 2.7607 | lr 2.30e-04 | 1350 tok/s | fwd_bwd 5910ms data 0ms clip 20ms optim 112ms step 6049ms mem 1450/3311MB
step 184,300 | loss 3.2633 | lr 2.30e-04 | 1351 tok/s | fwd_bwd 5872ms data 0ms clip 20ms optim 112ms step 6014ms mem 1493/3311MB
step 184,310 | loss 2.5774 | lr 2.30e-04 | 1355 tok/s | fwd_bwd 5877ms data 0ms clip 20ms optim 112ms step 6018ms mem 1493/3311MB
step 184,320 | loss 2.8101 | lr 2.30e-04 | 1356 tok/s | fwd_bwd 5875ms data 1ms clip 20ms optim 112ms step 6019ms mem 1493/3311MB
step 184,330 | loss 2.8814 | lr 2.30e-04 | 1355 tok/s | fwd_bwd 5896ms data 0ms clip 20ms optim 112ms step 6036ms mem 1490/3311MB
step 184,340 | loss 2.4360 | lr 2.30e-04 | 1349 tok/s | fwd_bwd 5894ms data 0ms clip 20ms optim 112ms step 6035ms mem 1493/3311MB
step 184,350 | loss 3.0695 | lr 2.30e-04 | 1351 tok/s | fwd_bwd 5885ms data 0ms clip 20ms optim 112ms step 6026ms mem 1493/3311MB
Checkpoint saved: checkpoints/step_184354
  Pruning old checkpoint: checkpoints/step_183202
step 184,360 | loss 3.1478 | lr 2.30e-04 | 1339 tok/s | fwd_bwd 5900ms data 0ms clip 20ms optim 112ms step 6039ms mem 1493/3311MB
step 184,370 | loss 3.7833 | lr 2.30e-04 | 1354 tok/s | fwd_bwd 5902ms data 0ms clip 20ms optim 111ms step 6040ms mem 1493/3311MB
step 184,380 | loss 2.7340 | lr 2.30e-04 | 1356 tok/s | fwd_bwd 5871ms data 0ms clip 20ms optim 111ms step 6012ms mem 1493/3311MB
step 184,390 | loss 1.8083 | lr 2.30e-04 | 1356 tok/s | fwd_bwd 5920ms data 1ms clip 20ms optim 111ms step 6073ms mem 1493/3311MB
step 184,400 | loss 3.0285 | lr 2.30e-04 | 1355 tok/s | fwd_bwd 5911ms data 0ms clip 20ms optim 112ms step 6054ms mem 1493/3311MB
step 184,410 | loss 3.1154 | lr 2.30e-04 | 1349 tok/s | fwd_bwd 5885ms data 1ms clip 20ms optim 111ms step 6033ms mem 1449/3311MB
step 184,420 | loss 3.3987 | lr 2.30e-04 | 1349 tok/s | fwd_bwd 5927ms data 0ms clip 20ms optim 112ms step 6066ms mem 1452/3311MB
step 184,430 | loss 3.4021 | lr 2.30e-04 | 1345 tok/s | fwd_bwd 6012ms data 0ms clip 20ms optim 111ms step 6149ms mem 1493/3311MB
step 184,440 | loss 2.7979 | lr 2.30e-04 | 1344 tok/s | fwd_bwd 5911ms data 0ms clip 20ms optim 112ms step 6052ms mem 1493/3311MB
step 184,450 | loss 3.8527 | lr 2.30e-04 | 1343 tok/s | fwd_bwd 5928ms data 0ms clip 20ms optim 112ms step 6069ms mem 1493/3311MB
step 184,460 | loss 3.3560 | lr 2.30e-04 | 1346 tok/s | fwd_bwd 5930ms data 0ms clip 20ms optim 112ms step 6066ms mem 1493/3311MB
step 184,470 | loss 2.7407 | lr 2.30e-04 | 1350 tok/s | fwd_bwd 5918ms data 0ms clip 20ms optim 111ms step 6059ms mem 1452/3311MB
step 184,480 | loss 3.6553 | lr 2.30e-04 | 1350 tok/s | fwd_bwd 5938ms data 1ms clip 24ms optim 118ms step 6102ms mem 1470/3311MB
step 184,490 | loss 2.5531 | lr 2.29e-04 | 1350 tok/s | fwd_bwd 5935ms data 0ms clip 20ms optim 111ms step 6073ms mem 1493/3311MB
step 184,500 | loss 3.1959 | lr 2.29e-04 | 1341 tok/s | fwd_bwd 5966ms data 0ms clip 20ms optim 112ms step 6107ms mem 1493/3311MB
  [eval] step 184500 | val_loss 3.0268 | ppl 20.63
step 184,510 | loss 3.2358 | lr 2.29e-04 | 756 tok/s | fwd_bwd 5956ms data 0ms clip 20ms optim 112ms step 6094ms mem 1493/3311MB
step 184,520 | loss 3.2093 | lr 2.29e-04 | 1342 tok/s | fwd_bwd 5877ms data 0ms clip 20ms optim 112ms step 6015ms mem 1493/3311MB
step 184,530 | loss 3.2356 | lr 2.29e-04 | 1346 tok/s | fwd_bwd 5946ms data 0ms clip 20ms optim 112ms step 6085ms mem 1493/3311MB
step 184,540 | loss 3.5565 | lr 2.29e-04 | 1345 tok/s | fwd_bwd 5933ms data 1ms clip 20ms optim 112ms step 6082ms mem 1493/3311MB
step 184,550 | loss 2.8376 | lr 2.29e-04 | 1341 tok/s | fwd_bwd 5980ms data 0ms clip 20ms optim 111ms step 6117ms mem 1493/3311MB
step 184,560 | loss 3.1951 | lr 2.29e-04 | 1337 tok/s | fwd_bwd 5968ms data 0ms clip 20ms optim 112ms step 6107ms mem 1493/3311MB
step 184,570 | loss 2.5950 | lr 2.29e-04 | 1337 tok/s | fwd_bwd 5952ms data 1ms clip 20ms optim 111ms step 6095ms mem 1493/3311MB
step 184,580 | loss 3.8763 | lr 2.29e-04 | 1340 tok/s | fwd_bwd 5961ms data 1ms clip 20ms optim 112ms step 6108ms mem 1452/3311MB
step 184,590 | loss 2.8197 | lr 2.29e-04 | 1340 tok/s | fwd_bwd 5937ms data 1ms clip 20ms optim 112ms step 6086ms mem 1493/3311MB
step 184,600 | loss 4.1233 | lr 2.29e-04 | 1343 tok/s | fwd_bwd 5936ms data 0ms clip 20ms optim 112ms step 6079ms mem 1493/3311MB
step 184,610 | loss 2.7636 | lr 2.29e-04 | 1346 tok/s | fwd_bwd 5929ms data 0ms clip 20ms optim 111ms step 6064ms mem 1452/3311MB
step 184,620 | loss 3.6212 | lr 2.29e-04 | 1336 tok/s | fwd_bwd 6244ms data 0ms clip 20ms optim 112ms step 6383ms mem 1493/3311MB
step 184,630 | loss 3.5027 | lr 2.29e-04 | 1345 tok/s | fwd_bwd 5923ms data 0ms clip 20ms optim 112ms step 6066ms mem 1493/3311MB
step 184,640 | loss 2.6306 | lr 2.29e-04 | 1346 tok/s | fwd_bwd 5936ms data 0ms clip 20ms optim 112ms step 6074ms mem 1493/3311MB
step 184,650 | loss 3.2149 | lr 2.29e-04 | 1345 tok/s | fwd_bwd 5925ms data 0ms clip 20ms optim 111ms step 6060ms mem 1493/3311MB
step 184,660 | loss 3.0879 | lr 2.29e-04 | 1344 tok/s | fwd_bwd 5944ms data 0ms clip 20ms optim 112ms step 6082ms mem 1493/3311MB
step 184,670 | loss 3.9571 | lr 2.29e-04 | 1345 tok/s | fwd_bwd 5921ms data 1ms clip 20ms optim 112ms step 6064ms mem 1493/3311MB
step 184,680 | loss 3.4605 | lr 2.29e-04 | 1340 tok/s | fwd_bwd 5948ms data 0ms clip 20ms optim 112ms step 6092ms mem 1492/3311MB
step 184,690 | loss 3.6452 | lr 2.29e-04 | 1340 tok/s | fwd_bwd 5958ms data 0ms clip 20ms optim 112ms step 6095ms mem 1493/3311MB
step 184,700 | loss 3.8847 | lr 2.29e-04 | 1335 tok/s | fwd_bwd 5980ms data 0ms clip 20ms optim 112ms step 6120ms mem 1458/3311MB
step 184,710 | loss 3.6603 | lr 2.29e-04 | 1334 tok/s | fwd_bwd 5988ms data 0ms clip 20ms optim 112ms step 6126ms mem 1493/3311MB
step 184,720 | loss 2.6282 | lr 2.29e-04 | 1330 tok/s | fwd_bwd 6009ms data 0ms clip 20ms optim 112ms step 6152ms mem 1493/3311MB
step 184,730 | loss 3.0287 | lr 2.29e-04 | 1329 tok/s | fwd_bwd 6014ms data 1ms clip 20ms optim 113ms step 6159ms mem 1493/3311MB
step 184,740 | loss 3.5350 | lr 2.29e-04 | 1328 tok/s | fwd_bwd 6018ms data 0ms clip 20ms optim 112ms step 6154ms mem 1493/3311MB
step 184,750 | loss 3.7164 | lr 2.29e-04 | 1328 tok/s | fwd_bwd 5993ms data 1ms clip 20ms optim 112ms step 6136ms mem 1493/3311MB
step 184,760 | loss 2.9124 | lr 2.29e-04 | 1329 tok/s | fwd_bwd 6005ms data 1ms clip 20ms optim 111ms step 6156ms mem 1451/3311MB
step 184,770 | loss 3.4407 | lr 2.29e-04 | 1332 tok/s | fwd_bwd 5989ms data 1ms clip 20ms optim 112ms step 6135ms mem 1493/3311MB
step 184,780 | loss 3.3662 | lr 2.29e-04 | 1327 tok/s | fwd_bwd 6025ms data 0ms clip 20ms optim 111ms step 6163ms mem 1451/3311MB
step 184,790 | loss 2.7913 | lr 2.29e-04 | 1323 tok/s | fwd_bwd 6052ms data 0ms clip 20ms optim 112ms step 6194ms mem 1452/3311MB
step 184,800 | loss 3.5259 | lr 2.29e-04 | 1316 tok/s | fwd_bwd 6069ms data 1ms clip 20ms optim 112ms step 6214ms mem 1493/3311MB
step 184,810 | loss 3.8610 | lr 2.29e-04 | 1314 tok/s | fwd_bwd 6087ms data 0ms clip 20ms optim 112ms step 6227ms mem 1493/3311MB
step 184,820 | loss 3.6757 | lr 2.29e-04 | 1314 tok/s | fwd_bwd 6071ms data 0ms clip 20ms optim 112ms step 6209ms mem 1452/3311MB
step 184,830 | loss 3.0295 | lr 2.29e-04 | 1317 tok/s | fwd_bwd 6048ms data 0ms clip 20ms optim 112ms step 6186ms mem 1493/3311MB
step 184,840 | loss 3.4471 | lr 2.29e-04 | 1319 tok/s | fwd_bwd 6062ms data 0ms clip 20ms optim 112ms step 6198ms mem 1493/3311MB
step 184,850 | loss 2.8657 | lr 2.29e-04 | 1315 tok/s | fwd_bwd 6094ms data 1ms clip 20ms optim 112ms step 6245ms mem 1493/3311MB
step 184,860 | loss 2.6117 | lr 2.29e-04 | 1024 tok/s | fwd_bwd 9076ms data 0ms clip 37ms optim 182ms step 9301ms mem 1448/3311MB
step 184,870 | loss 2.7288 | lr 2.29e-04 | 1159 tok/s | fwd_bwd 6730ms data 1ms clip 22ms optim 116ms step 6876ms mem 1448/3311MB
step 184,880 | loss 2.5854 | lr 2.29e-04 | 1268 tok/s | fwd_bwd 6165ms data 0ms clip 20ms optim 111ms step 6303ms mem 1448/3311MB
step 184,890 | loss 3.0004 | lr 2.29e-04 | 1304 tok/s | fwd_bwd 6107ms data 1ms clip 20ms optim 111ms step 6256ms mem 1448/3311MB
step 184,900 | loss 3.2061 | lr 2.29e-04 | 1317 tok/s | fwd_bwd 6113ms data 1ms clip 22ms optim 118ms step 6274ms mem 1448/3311MB
step 184,910 | loss 3.5757 | lr 2.29e-04 | 1317 tok/s | fwd_bwd 6116ms data 1ms clip 23ms optim 121ms step 6281ms mem 1448/3311MB
step 184,920 | loss 2.9024 | lr 2.29e-04 | 1317 tok/s | fwd_bwd 6153ms data 1ms clip 24ms optim 120ms step 6319ms mem 1448/3311MB
Checkpoint saved: checkpoints/step_184929
  Pruning old checkpoint: checkpoints/step_183781
step 184,930 | loss 3.3056 | lr 2.29e-04 | 1308 tok/s | fwd_bwd 5725ms data 1ms clip 20ms optim 113ms step 5869ms mem 1448/3311MB
step 184,940 | loss 2.9059 | lr 2.29e-04 | 1315 tok/s | fwd_bwd 6134ms data 1ms clip 23ms optim 120ms step 6298ms mem 1448/3311MB
step 184,950 | loss 3.7533 | lr 2.29e-04 | 1315 tok/s | fwd_bwd 6026ms data 1ms clip 20ms optim 112ms step 6177ms mem 1448/3311MB
step 184,960 | loss 2.5873 | lr 2.28e-04 | 1318 tok/s | fwd_bwd 6064ms data 0ms clip 20ms optim 112ms step 6205ms mem 1448/3311MB
step 184,970 | loss 3.4051 | lr 2.28e-04 | 1317 tok/s | fwd_bwd 6083ms data 1ms clip 23ms optim 120ms step 6245ms mem 1448/3311MB
step 184,980 | loss 3.3956 | lr 2.28e-04 | 1322 tok/s | fwd_bwd 6031ms data 1ms clip 20ms optim 111ms step 6176ms mem 1448/3311MB
step 184,990 | loss 4.0280 | lr 2.28e-04 | 1319 tok/s | fwd_bwd 6057ms data 0ms clip 20ms optim 112ms step 6194ms mem 1448/3311MB
step 185,000 | loss 3.9437 | lr 2.28e-04 | 1322 tok/s | fwd_bwd 6052ms data 1ms clip 20ms optim 112ms step 6193ms mem 1448/3311MB
  [eval] step 185000 | val_loss 3.1028 | ppl 22.26
Checkpoint saved: checkpoints/step_185000
  [samples] wrote checkpoints/step_185000/samples.txt
  Pruning old checkpoint: checkpoints/step_184000
step 185,010 | loss 3.0424 | lr 2.28e-04 | 571 tok/s | fwd_bwd 6052ms data 1ms clip 20ms optim 112ms step 6206ms mem 1493/3311MB
step 185,020 | loss 2.7726 | lr 2.28e-04 | 1336 tok/s | fwd_bwd 5960ms data 0ms clip 20ms optim 112ms step 6101ms mem 1493/3311MB
step 185,030 | loss 2.7997 | lr 2.28e-04 | 1338 tok/s | fwd_bwd 5959ms data 1ms clip 20ms optim 111ms step 6107ms mem 1493/3311MB
step 185,040 | loss 3.5548 | lr 2.28e-04 | 1335 tok/s | fwd_bwd 5976ms data 0ms clip 20ms optim 112ms step 6118ms mem 1482/3311MB
step 185,050 | loss 3.6130 | lr 2.28e-04 | 1331 tok/s | fwd_bwd 5999ms data 0ms clip 20ms optim 112ms step 6140ms mem 1493/3311MB
step 185,060 | loss 3.1763 | lr 2.28e-04 | 1324 tok/s | fwd_bwd 6036ms data 0ms clip 20ms optim 112ms step 6172ms mem 1493/3311MB
step 185,070 | loss 3.2107 | lr 2.28e-04 | 1320 tok/s | fwd_bwd 6031ms data 0ms clip 20ms optim 111ms step 6171ms mem 1493/3311MB
step 185,080 | loss 2.6983 | lr 2.28e-04 | 1322 tok/s | fwd_bwd 6008ms data 0ms clip 20ms optim 112ms step 6149ms mem 1493/3311MB
step 185,090 | loss 3.6496 | lr 2.28e-04 | 1335 tok/s | fwd_bwd 5942ms data 0ms clip 20ms optim 112ms step 6083ms mem 1493/3311MB
step 185,100 | loss 2.5369 | lr 2.28e-04 | 1339 tok/s | fwd_bwd 5900ms data 0ms clip 20ms optim 112ms step 6037ms mem 1493/3311MB
step 185,110 | loss 3.1458 | lr 2.28e-04 | 1328 tok/s | fwd_bwd 5986ms data 1ms clip 20ms optim 112ms step 6130ms mem 1493/3311MB
step 185,120 | loss 2.8278 | lr 2.28e-04 | 1333 tok/s | fwd_bwd 5922ms data 1ms clip 20ms optim 111ms step 6068ms mem 1493/3311MB
step 185,130 | loss 2.8574 | lr 2.28e-04 | 1236 tok/s | fwd_bwd 6848ms data 0ms clip 21ms optim 118ms step 6992ms mem 1451/3311MB
step 185,140 | loss 3.6188 | lr 2.28e-04 | 1202 tok/s | fwd_bwd 6738ms data 0ms clip 21ms optim 116ms step 6881ms mem 1493/3311MB
step 185,150 | loss 2.6671 | lr 2.28e-04 | 1203 tok/s | fwd_bwd 6940ms data 0ms clip 22ms optim 118ms step 7086ms mem 1493/3311MB
step 185,160 | loss 2.4156 | lr 2.28e-04 | 1190 tok/s | fwd_bwd 6674ms data 0ms clip 22ms optim 117ms step 6818ms mem 1493/3311MB
step 185,170 | loss 3.0746 | lr 2.28e-04 | 1220 tok/s | fwd_bwd 6319ms data 1ms clip 21ms optim 118ms step 6465ms mem 1452/3311MB
step 185,180 | loss 3.5084 | lr 2.28e-04 | 1199 tok/s | fwd_bwd 6393ms data 1ms clip 21ms optim 118ms step 6542ms mem 1493/3311MB
step 185,190 | loss 2.4494 | lr 2.28e-04 | 1196 tok/s | fwd_bwd 6908ms data 1ms clip 23ms optim 119ms step 7058ms mem 1493/3311MB
step 185,200 | loss 3.6619 | lr 2.28e-04 | 1212 tok/s | fwd_bwd 6324ms data 1ms clip 22ms optim 116ms step 6469ms mem 1493/3311MB
step 185,210 | loss 2.6901 | lr 2.28e-04 | 1193 tok/s | fwd_bwd 6929ms data 1ms clip 22ms optim 120ms step 7078ms mem 1493/3311MB
step 185,220 | loss 3.7101 | lr 2.28e-04 | 1199 tok/s | fwd_bwd 6715ms data 0ms clip 21ms optim 117ms step 6859ms mem 1493/3311MB
step 185,230 | loss 3.2304 | lr 2.28e-04 | 1196 tok/s | fwd_bwd 6552ms data 0ms clip 21ms optim 118ms step 6697ms mem 1482/3311MB
step 185,240 | loss 3.2559 | lr 2.28e-04 | 1176 tok/s | fwd_bwd 6326ms data 1ms clip 21ms optim 117ms step 6472ms mem 1493/3311MB
step 185,250 | loss 3.8426 | lr 2.28e-04 | 1182 tok/s | fwd_bwd 6942ms data 1ms clip 22ms optim 118ms step 7090ms mem 1493/3311MB
step 185,260 | loss 3.1385 | lr 2.28e-04 | 1206 tok/s | fwd_bwd 6919ms data 1ms clip 21ms optim 119ms step 7065ms mem 1451/3311MB
step 185,270 | loss 3.4342 | lr 2.28e-04 | 1208 tok/s | fwd_bwd 6751ms data 0ms clip 21ms optim 117ms step 6894ms mem 1451/3311MB
step 185,280 | loss 3.4206 | lr 2.28e-04 | 1206 tok/s | fwd_bwd 6748ms data 0ms clip 22ms optim 117ms step 6892ms mem 1493/3311MB
step 185,290 | loss 2.5799 | lr 2.28e-04 | 1201 tok/s | fwd_bwd 6759ms data 0ms clip 21ms optim 117ms step 6904ms mem 1493/3311MB
step 185,300 | loss 3.8129 | lr 2.28e-04 | 1191 tok/s | fwd_bwd 6725ms data 0ms clip 21ms optim 117ms step 6869ms mem 1493/3311MB
step 185,310 | loss 3.1650 | lr 2.28e-04 | 1196 tok/s | fwd_bwd 6548ms data 0ms clip 21ms optim 117ms step 6691ms mem 1482/3311MB
step 185,320 | loss 2.8652 | lr 2.28e-04 | 1200 tok/s | fwd_bwd 6520ms data 0ms clip 21ms optim 117ms step 6664ms mem 1493/3311MB
step 185,330 | loss 2.9616 | lr 2.28e-04 | 1194 tok/s | fwd_bwd 6471ms data 0ms clip 22ms optim 116ms step 6616ms mem 1452/3311MB
step 185,340 | loss 3.4869 | lr 2.28e-04 | 1192 tok/s | fwd_bwd 6492ms data 0ms clip 21ms optim 117ms step 6636ms mem 1493/3311MB
step 185,350 | loss 2.6317 | lr 2.28e-04 | 1191 tok/s | fwd_bwd 6492ms data 0ms clip 22ms optim 116ms step 6636ms mem 1493/3311MB
step 185,360 | loss 3.5510 | lr 2.28e-04 | 1190 tok/s | fwd_bwd 6505ms data 0ms clip 21ms optim 117ms step 6649ms mem 1493/3311MB
step 185,370 | loss 2.5577 | lr 2.28e-04 | 1179 tok/s | fwd_bwd 6384ms data 0ms clip 22ms optim 117ms step 6530ms mem 1451/3311MB
step 185,380 | loss 2.7023 | lr 2.28e-04 | 1187 tok/s | fwd_bwd 6417ms data 1ms clip 21ms optim 117ms step 6564ms mem 1493/3311MB
step 185,390 | loss 2.3014 | lr 2.28e-04 | 1187 tok/s | fwd_bwd 7002ms data 0ms clip 23ms optim 120ms step 7152ms mem 1493/3311MB
step 185,400 | loss 2.7146 | lr 2.28e-04 | 1194 tok/s | fwd_bwd 6998ms data 0ms clip 21ms optim 119ms step 7144ms mem 1452/3311MB
step 185,410 | loss 2.8350 | lr 2.28e-04 | 1196 tok/s | fwd_bwd 7053ms data 0ms clip 21ms optim 117ms step 7197ms mem 1452/3311MB
step 185,420 | loss 2.4370 | lr 2.27e-04 | 1182 tok/s | fwd_bwd 6692ms data 0ms clip 21ms optim 118ms step 6837ms mem 1493/3311MB
step 185,430 | loss 2.8176 | lr 2.27e-04 | 1196 tok/s | fwd_bwd 6641ms data 0ms clip 21ms optim 119ms step 6787ms mem 1493/3311MB
step 185,440 | loss 2.0725 | lr 2.27e-04 | 1190 tok/s | fwd_bwd 6563ms data 0ms clip 22ms optim 117ms step 6707ms mem 1493/3311MB
step 185,450 | loss 2.5981 | lr 2.27e-04 | 1181 tok/s | fwd_bwd 6457ms data 0ms clip 21ms optim 117ms step 6602ms mem 1452/3311MB
step 185,460 | loss 4.2082 | lr 2.27e-04 | 1201 tok/s | fwd_bwd 6439ms data 0ms clip 21ms optim 119ms step 6586ms mem 1451/3311MB
Checkpoint saved: checkpoints/step_185462
  Pruning old checkpoint: checkpoints/step_184354
step 185,470 | loss 4.1727 | lr 2.27e-04 | 1184 tok/s | fwd_bwd 6409ms data 0ms clip 21ms optim 117ms step 6553ms mem 1452/3311MB
step 185,480 | loss 2.4313 | lr 2.27e-04 | 1193 tok/s | fwd_bwd 6394ms data 0ms clip 21ms optim 117ms step 6539ms mem 1493/3311MB
step 185,490 | loss 3.1163 | lr 2.27e-04 | 1185 tok/s | fwd_bwd 6511ms data 1ms clip 23ms optim 122ms step 6665ms mem 1451/3311MB
step 185,500 | loss 3.9363 | lr 2.27e-04 | 1202 tok/s | fwd_bwd 6943ms data 1ms clip 22ms optim 118ms step 7091ms mem 1493/3311MB
  [eval] step 185500 | val_loss 3.0790 | ppl 21.74
step 185,510 | loss 3.1621 | lr 2.27e-04 | 679 tok/s | fwd_bwd 6419ms data 0ms clip 21ms optim 117ms step 6564ms mem 1493/3311MB
step 185,520 | loss 2.9396 | lr 2.27e-04 | 1201 tok/s | fwd_bwd 6395ms data 0ms clip 21ms optim 117ms step 6540ms mem 1493/3311MB
step 185,530 | loss 3.3209 | lr 2.27e-04 | 1211 tok/s | fwd_bwd 6494ms data 0ms clip 21ms optim 117ms step 6638ms mem 1470/3311MB
step 185,540 | loss 3.1746 | lr 2.27e-04 | 1183 tok/s | fwd_bwd 6266ms data 0ms clip 21ms optim 116ms step 6411ms mem 1493/3311MB
Checkpoint saved: checkpoints/step_185547
  Pruning old checkpoint: checkpoints/step_184929

Training complete at step 185547.
