Resuming from checkpoint: checkpoints/step_306583
  Resumed at step 306583

============================================================
  Unrealistic 187M — Training
  Parameters: 189,748,992
  Dtype: bfloat16
  Optimizer: AdamW (mlx)
  Micro-batch: 1 × 8 accum
  Effective batch: 8
  Memory: 534 MB
============================================================

step 306,590 | loss 4.5465 | lr 2.80e-06 | 1436 tok/s | fwd_bwd 4816ms data 0ms clip 21ms optim 120ms step 4962ms mem 1493/3311MB
step 306,600 | loss 3.6105 | lr 6.80e-06 | 1642 tok/s | fwd_bwd 4884ms data 0ms clip 21ms optim 115ms step 5025ms mem 1493/3311MB
step 306,610 | loss 4.4371 | lr 1.08e-05 | 1661 tok/s | fwd_bwd 4759ms data 1ms clip 20ms optim 113ms step 4910ms mem 1448/3311MB
step 306,620 | loss 4.3282 | lr 1.48e-05 | 1652 tok/s | fwd_bwd 4809ms data 1ms clip 20ms optim 111ms step 4958ms mem 1452/3311MB
step 306,630 | loss 3.6419 | lr 1.88e-05 | 1574 tok/s | fwd_bwd 5219ms data 0ms clip 20ms optim 112ms step 5357ms mem 1493/3311MB
step 306,640 | loss 4.5118 | lr 2.28e-05 | 1483 tok/s | fwd_bwd 5400ms data 0ms clip 20ms optim 111ms step 5539ms mem 1493/3311MB
step 306,650 | loss 4.1635 | lr 2.68e-05 | 1460 tok/s | fwd_bwd 5457ms data 0ms clip 20ms optim 111ms step 5596ms mem 1452/3311MB
step 306,660 | loss 4.0579 | lr 3.08e-05 | 1451 tok/s | fwd_bwd 5495ms data 1ms clip 20ms optim 112ms step 5638ms mem 1451/3311MB
step 306,670 | loss 3.8163 | lr 3.48e-05 | 1442 tok/s | fwd_bwd 5522ms data 0ms clip 20ms optim 111ms step 5664ms mem 1451/3311MB
step 306,680 | loss 4.1522 | lr 3.88e-05 | 1435 tok/s | fwd_bwd 5576ms data 1ms clip 20ms optim 112ms step 5720ms mem 1493/3311MB
step 306,690 | loss 3.9066 | lr 4.28e-05 | 1420 tok/s | fwd_bwd 5628ms data 0ms clip 20ms optim 111ms step 5768ms mem 1493/3311MB
step 306,700 | loss 3.5736 | lr 4.68e-05 | 1407 tok/s | fwd_bwd 5679ms data 0ms clip 20ms optim 112ms step 5819ms mem 1493/3311MB
step 306,710 | loss 4.0644 | lr 5.08e-05 | 1398 tok/s | fwd_bwd 5633ms data 0ms clip 20ms optim 112ms step 5771ms mem 1493/3311MB
step 306,720 | loss 4.7409 | lr 5.48e-05 | 1393 tok/s | fwd_bwd 5755ms data 0ms clip 20ms optim 112ms step 5891ms mem 1493/3311MB
step 306,730 | loss 4.6126 | lr 5.88e-05 | 1385 tok/s | fwd_bwd 5760ms data 1ms clip 20ms optim 112ms step 5907ms mem 1493/3311MB
step 306,740 | loss 3.0603 | lr 6.28e-05 | 1380 tok/s | fwd_bwd 5699ms data 0ms clip 20ms optim 112ms step 5839ms mem 1449/3311MB
step 306,750 | loss 3.8110 | lr 6.68e-05 | 1377 tok/s | fwd_bwd 5802ms data 1ms clip 20ms optim 112ms step 5950ms mem 1451/3311MB
step 306,760 | loss 4.2989 | lr 7.08e-05 | 1372 tok/s | fwd_bwd 5820ms data 1ms clip 20ms optim 111ms step 5966ms mem 1493/3311MB
step 306,770 | loss 4.5097 | lr 7.48e-05 | 1367 tok/s | fwd_bwd 5855ms data 0ms clip 20ms optim 112ms step 5995ms mem 1493/3311MB
step 306,780 | loss 4.9938 | lr 7.88e-05 | 1353 tok/s | fwd_bwd 5931ms data 0ms clip 20ms optim 112ms step 6068ms mem 1493/3311MB
step 306,790 | loss 3.1830 | lr 8.28e-05 | 1353 tok/s | fwd_bwd 5949ms data 1ms clip 23ms optim 121ms step 6113ms mem 1470/3311MB
step 306,800 | loss 3.5814 | lr 8.68e-05 | 1357 tok/s | fwd_bwd 5854ms data 0ms clip 20ms optim 113ms step 5993ms mem 1493/3311MB
step 306,810 | loss 4.0487 | lr 9.08e-05 | 1355 tok/s | fwd_bwd 5869ms data 1ms clip 20ms optim 112ms step 6014ms mem 1451/3311MB
step 306,820 | loss 1.7951 | lr 9.48e-05 | 1354 tok/s | fwd_bwd 5908ms data 0ms clip 20ms optim 112ms step 6047ms mem 1493/3311MB
step 306,830 | loss 4.2019 | lr 9.88e-05 | 1354 tok/s | fwd_bwd 5887ms data 1ms clip 20ms optim 112ms step 6034ms mem 1493/3311MB
step 306,840 | loss 3.6602 | lr 1.03e-04 | 1353 tok/s | fwd_bwd 5910ms data 0ms clip 20ms optim 111ms step 6046ms mem 1493/3311MB
step 306,850 | loss 3.8046 | lr 1.07e-04 | 1350 tok/s | fwd_bwd 5923ms data 0ms clip 20ms optim 112ms step 6064ms mem 1451/3311MB
step 306,860 | loss 3.8341 | lr 1.11e-04 | 1349 tok/s | fwd_bwd 5951ms data 0ms clip 20ms optim 112ms step 6089ms mem 1493/3311MB
step 306,870 | loss 3.4696 | lr 1.15e-04 | 1343 tok/s | fwd_bwd 5928ms data 0ms clip 20ms optim 112ms step 6068ms mem 1493/3311MB
step 306,880 | loss 4.4103 | lr 1.19e-04 | 1344 tok/s | fwd_bwd 5973ms data 1ms clip 23ms optim 120ms step 6136ms mem 1452/3311MB
step 306,890 | loss 3.0934 | lr 1.20e-04 | 1347 tok/s | fwd_bwd 5939ms data 1ms clip 20ms optim 112ms step 6088ms mem 1493/3311MB
step 306,900 | loss 4.0676 | lr 1.20e-04 | 1347 tok/s | fwd_bwd 5842ms data 1ms clip 20ms optim 113ms step 5985ms mem 1452/3311MB
step 306,910 | loss 4.2648 | lr 1.20e-04 | 1341 tok/s | fwd_bwd 5943ms data 1ms clip 20ms optim 112ms step 6084ms mem 1493/3311MB
step 306,920 | loss 3.9274 | lr 1.20e-04 | 1347 tok/s | fwd_bwd 5923ms data 0ms clip 20ms optim 112ms step 6061ms mem 1452/3311MB
step 306,930 | loss 4.1630 | lr 1.20e-04 | 1349 tok/s | fwd_bwd 5856ms data 0ms clip 20ms optim 112ms step 5996ms mem 1493/3311MB
step 306,940 | loss 4.1844 | lr 1.20e-04 | 1347 tok/s | fwd_bwd 5941ms data 0ms clip 20ms optim 112ms step 6077ms mem 1493/3311MB
step 306,950 | loss 4.0655 | lr 1.20e-04 | 1345 tok/s | fwd_bwd 5923ms data 0ms clip 20ms optim 112ms step 6061ms mem 1493/3311MB
step 306,960 | loss 3.0904 | lr 1.20e-04 | 1346 tok/s | fwd_bwd 5916ms data 0ms clip 20ms optim 112ms step 6057ms mem 1451/3311MB
step 306,970 | loss 4.6542 | lr 1.20e-04 | 1348 tok/s | fwd_bwd 5903ms data 1ms clip 20ms optim 112ms step 6051ms mem 1493/3311MB
step 306,980 | loss 4.3901 | lr 1.20e-04 | 1347 tok/s | fwd_bwd 5932ms data 0ms clip 20ms optim 112ms step 6071ms mem 1493/3311MB
step 306,990 | loss 4.1085 | lr 1.20e-04 | 1346 tok/s | fwd_bwd 5923ms data 1ms clip 20ms optim 112ms step 6070ms mem 1448/3311MB
step 307,000 | loss 6.0002 | lr 1.20e-04 | 1343 tok/s | fwd_bwd 5951ms data 1ms clip 20ms optim 113ms step 6097ms mem 1452/3311MB
  [eval] step 307000 | val_loss 3.6843 | ppl 39.82
Checkpoint saved: checkpoints/step_307000
  [samples] wrote checkpoints/step_307000/samples.txt
  Pruning old checkpoint: checkpoints/step_306000
step 307,010 | loss 4.0389 | lr 1.20e-04 | 569 tok/s | fwd_bwd 5967ms data 0ms clip 21ms optim 112ms step 6103ms mem 1452/3311MB
step 307,020 | loss 3.9254 | lr 1.20e-04 | 1333 tok/s | fwd_bwd 5980ms data 0ms clip 20ms optim 112ms step 6118ms mem 1493/3311MB
step 307,030 | loss 3.1267 | lr 1.20e-04 | 1342 tok/s | fwd_bwd 5922ms data 1ms clip 21ms optim 112ms step 6069ms mem 1493/3311MB
step 307,040 | loss 4.1155 | lr 1.20e-04 | 1343 tok/s | fwd_bwd 5930ms data 0ms clip 20ms optim 111ms step 6069ms mem 1493/3311MB
step 307,050 | loss 4.7146 | lr 1.20e-04 | 1341 tok/s | fwd_bwd 5984ms data 1ms clip 23ms optim 122ms step 6150ms mem 1493/3311MB
step 307,060 | loss 3.7017 | lr 1.20e-04 | 1346 tok/s | fwd_bwd 5906ms data 1ms clip 20ms optim 113ms step 6052ms mem 1493/3311MB
step 307,070 | loss 3.7299 | lr 1.20e-04 | 1343 tok/s | fwd_bwd 5924ms data 0ms clip 20ms optim 112ms step 6066ms mem 1493/3311MB
step 307,080 | loss 3.7601 | lr 1.20e-04 | 1341 tok/s | fwd_bwd 5994ms data 1ms clip 24ms optim 121ms step 6159ms mem 1452/3311MB
step 307,090 | loss 3.8089 | lr 1.20e-04 | 1341 tok/s | fwd_bwd 5952ms data 0ms clip 20ms optim 112ms step 6093ms mem 1493/3311MB
step 307,100 | loss 4.0130 | lr 1.20e-04 | 1336 tok/s | fwd_bwd 5975ms data 0ms clip 20ms optim 112ms step 6113ms mem 1493/3311MB
step 307,110 | loss 3.7225 | lr 1.20e-04 | 1340 tok/s | fwd_bwd 5948ms data 0ms clip 20ms optim 114ms step 6085ms mem 1493/3311MB
step 307,120 | loss 4.1620 | lr 1.20e-04 | 1344 tok/s | fwd_bwd 5921ms data 1ms clip 20ms optim 112ms step 6063ms mem 1493/3311MB
step 307,130 | loss 4.3388 | lr 1.20e-04 | 1346 tok/s | fwd_bwd 5849ms data 1ms clip 20ms optim 112ms step 5996ms mem 1493/3311MB
step 307,140 | loss 2.6518 | lr 1.20e-04 | 1342 tok/s | fwd_bwd 5961ms data 1ms clip 23ms optim 120ms step 6122ms mem 1493/3311MB
step 307,150 | loss 4.4547 | lr 1.20e-04 | 1336 tok/s | fwd_bwd 5956ms data 1ms clip 20ms optim 112ms step 6101ms mem 1493/3311MB
step 307,160 | loss 3.9370 | lr 1.20e-04 | 1338 tok/s | fwd_bwd 5890ms data 0ms clip 20ms optim 112ms step 6027ms mem 1493/3311MB
step 307,170 | loss 3.8676 | lr 1.20e-04 | 1341 tok/s | fwd_bwd 5976ms data 1ms clip 23ms optim 120ms step 6138ms mem 1493/3311MB
Checkpoint saved: checkpoints/step_307175
  Pruning old checkpoint: checkpoints/step_306500
step 307,180 | loss 2.0265 | lr 1.20e-04 | 1319 tok/s | fwd_bwd 5956ms data 1ms clip 20ms optim 112ms step 6100ms mem 1452/3311MB
step 307,190 | loss 4.1566 | lr 1.20e-04 | 1339 tok/s | fwd_bwd 5935ms data 0ms clip 20ms optim 112ms step 6072ms mem 1493/3311MB
step 307,200 | loss 3.6282 | lr 1.20e-04 | 1343 tok/s | fwd_bwd 5928ms data 1ms clip 20ms optim 112ms step 6074ms mem 1493/3311MB
step 307,210 | loss 3.0388 | lr 1.20e-04 | 1346 tok/s | fwd_bwd 5937ms data 0ms clip 20ms optim 111ms step 6076ms mem 1493/3311MB
step 307,220 | loss 2.5859 | lr 1.20e-04 | 1347 tok/s | fwd_bwd 5927ms data 0ms clip 20ms optim 112ms step 6067ms mem 1451/3311MB
step 307,230 | loss 3.5439 | lr 1.20e-04 | 1346 tok/s | fwd_bwd 5935ms data 0ms clip 20ms optim 111ms step 6075ms mem 1493/3311MB
step 307,240 | loss 3.6919 | lr 1.20e-04 | 1323 tok/s | fwd_bwd 6364ms data 1ms clip 22ms optim 120ms step 6517ms mem 1470/3311MB
step 307,250 | loss 4.2245 | lr 1.20e-04 | 1026 tok/s | fwd_bwd 8331ms data 1ms clip 35ms optim 169ms step 8543ms mem 1448/3311MB
step 307,260 | loss 3.7476 | lr 1.20e-04 | 1170 tok/s | fwd_bwd 6019ms data 1ms clip 20ms optim 112ms step 6159ms mem 1493/3311MB
step 307,270 | loss 4.6677 | lr 1.20e-04 | 1336 tok/s | fwd_bwd 5918ms data 1ms clip 20ms optim 112ms step 6059ms mem 1452/3311MB
step 307,280 | loss 4.3287 | lr 1.20e-04 | 1344 tok/s | fwd_bwd 5914ms data 0ms clip 20ms optim 112ms step 6054ms mem 1493/3311MB
step 307,290 | loss 3.2578 | lr 1.20e-04 | 1342 tok/s | fwd_bwd 5989ms data 1ms clip 23ms optim 121ms step 6154ms mem 1452/3311MB
step 307,300 | loss 4.8770 | lr 1.20e-04 | 1342 tok/s | fwd_bwd 5955ms data 0ms clip 20ms optim 112ms step 6091ms mem 1493/3311MB
step 307,310 | loss 4.0448 | lr 1.20e-04 | 1338 tok/s | fwd_bwd 5949ms data 0ms clip 20ms optim 112ms step 6087ms mem 1470/3311MB
step 307,320 | loss 4.2364 | lr 1.20e-04 | 1341 tok/s | fwd_bwd 5947ms data 1ms clip 20ms optim 111ms step 6091ms mem 1493/3311MB
step 307,330 | loss 3.3406 | lr 1.20e-04 | 1341 tok/s | fwd_bwd 5921ms data 1ms clip 20ms optim 111ms step 6061ms mem 1493/3311MB
step 307,340 | loss 4.3512 | lr 1.20e-04 | 1345 tok/s | fwd_bwd 5847ms data 1ms clip 20ms optim 112ms step 5993ms mem 1470/3311MB
step 307,350 | loss 4.7566 | lr 1.20e-04 | 1343 tok/s | fwd_bwd 6053ms data 0ms clip 20ms optim 112ms step 6193ms mem 1451/3311MB
step 307,360 | loss 4.1796 | lr 1.20e-04 | 1342 tok/s | fwd_bwd 5997ms data 1ms clip 20ms optim 112ms step 6138ms mem 1493/3311MB
step 307,370 | loss 3.7138 | lr 1.20e-04 | 1345 tok/s | fwd_bwd 5905ms data 1ms clip 20ms optim 112ms step 6052ms mem 1493/3311MB
step 307,380 | loss 4.7248 | lr 1.20e-04 | 1347 tok/s | fwd_bwd 5905ms data 1ms clip 20ms optim 114ms step 6051ms mem 1493/3311MB
step 307,390 | loss 4.0938 | lr 1.20e-04 | 1347 tok/s | fwd_bwd 5927ms data 0ms clip 20ms optim 114ms step 6069ms mem 1493/3311MB
step 307,400 | loss 4.2632 | lr 1.20e-04 | 1348 tok/s | fwd_bwd 5909ms data 1ms clip 20ms optim 114ms step 6055ms mem 1493/3311MB
step 307,410 | loss 3.6415 | lr 1.20e-04 | 1348 tok/s | fwd_bwd 5893ms data 0ms clip 20ms optim 113ms step 6032ms mem 1493/3311MB
step 307,420 | loss 3.4784 | lr 1.20e-04 | 1349 tok/s | fwd_bwd 5946ms data 1ms clip 21ms optim 112ms step 6099ms mem 1451/3311MB
step 307,430 | loss 3.8899 | lr 1.20e-04 | 1350 tok/s | fwd_bwd 5903ms data 1ms clip 20ms optim 112ms step 6053ms mem 1452/3311MB
step 307,440 | loss 3.5957 | lr 1.20e-04 | 1344 tok/s | fwd_bwd 5978ms data 1ms clip 22ms optim 119ms step 6138ms mem 1493/3311MB
step 307,450 | loss 3.8660 | lr 1.20e-04 | 1345 tok/s | fwd_bwd 5912ms data 0ms clip 20ms optim 112ms step 6051ms mem 1493/3311MB
step 307,460 | loss 4.4515 | lr 1.20e-04 | 1349 tok/s | fwd_bwd 5892ms data 0ms clip 20ms optim 112ms step 6030ms mem 1493/3311MB
step 307,470 | loss 3.7234 | lr 1.20e-04 | 1348 tok/s | fwd_bwd 5906ms data 1ms clip 20ms optim 111ms step 6048ms mem 1493/3311MB
step 307,480 | loss 3.9044 | lr 1.20e-04 | 1348 tok/s | fwd_bwd 5871ms data 1ms clip 20ms optim 112ms step 6018ms mem 1493/3311MB
step 307,490 | loss 4.7327 | lr 1.20e-04 | 1345 tok/s | fwd_bwd 5922ms data 1ms clip 20ms optim 112ms step 6063ms mem 1493/3311MB
step 307,500 | loss 3.9553 | lr 1.20e-04 | 1347 tok/s | fwd_bwd 5903ms data 1ms clip 20ms optim 112ms step 6052ms mem 1470/3311MB
  [eval] step 307500 | val_loss 3.3181 | ppl 27.61
step 307,510 | loss 3.7308 | lr 1.20e-04 | 762 tok/s | fwd_bwd 5893ms data 0ms clip 20ms optim 111ms step 6033ms mem 1493/3311MB
step 307,520 | loss 4.1152 | lr 1.20e-04 | 1350 tok/s | fwd_bwd 5905ms data 0ms clip 20ms optim 112ms step 6044ms mem 1493/3311MB
step 307,530 | loss 3.1850 | lr 1.20e-04 | 1346 tok/s | fwd_bwd 5939ms data 0ms clip 20ms optim 112ms step 6076ms mem 1493/3311MB
step 307,540 | loss 4.4564 | lr 1.20e-04 | 1342 tok/s | fwd_bwd 6009ms data 1ms clip 20ms optim 112ms step 6160ms mem 1493/3311MB
step 307,550 | loss 4.4164 | lr 1.20e-04 | 1347 tok/s | fwd_bwd 5917ms data 1ms clip 20ms optim 112ms step 6062ms mem 1493/3311MB
step 307,560 | loss 4.2372 | lr 1.20e-04 | 1345 tok/s | fwd_bwd 5986ms data 1ms clip 23ms optim 127ms step 6153ms mem 1493/3311MB
step 307,570 | loss 4.5032 | lr 1.20e-04 | 1348 tok/s | fwd_bwd 5924ms data 0ms clip 20ms optim 112ms step 6064ms mem 1490/3311MB
step 307,580 | loss 4.2849 | lr 1.20e-04 | 1346 tok/s | fwd_bwd 5923ms data 0ms clip 20ms optim 112ms step 6060ms mem 1493/3311MB
step 307,590 | loss 4.2861 | lr 1.20e-04 | 1285 tok/s | fwd_bwd 6125ms data 1ms clip 23ms optim 121ms step 6289ms mem 1493/3311MB
step 307,600 | loss 4.1596 | lr 1.20e-04 | 1256 tok/s | fwd_bwd 6948ms data 1ms clip 34ms optim 171ms step 7159ms mem 1493/3311MB
step 307,610 | loss 3.7188 | lr 1.20e-04 | 1278 tok/s | fwd_bwd 6013ms data 0ms clip 20ms optim 111ms step 6151ms mem 1476/3311MB
step 307,620 | loss 1.4079 | lr 1.20e-04 | 1334 tok/s | fwd_bwd 5912ms data 1ms clip 23ms optim 122ms step 6076ms mem 1493/3311MB
step 307,630 | loss 4.0955 | lr 1.20e-04 | 1201 tok/s | fwd_bwd 8241ms data 1ms clip 34ms optim 181ms step 8462ms mem 1448/3311MB
step 307,640 | loss 3.7378 | lr 1.20e-04 | 977 tok/s | fwd_bwd 6621ms data 0ms clip 22ms optim 118ms step 6767ms mem 1493/3311MB
step 307,650 | loss 4.2297 | lr 1.20e-04 | 1328 tok/s | fwd_bwd 5984ms data 1ms clip 20ms optim 111ms step 6130ms mem 1493/3311MB
step 307,660 | loss 4.1115 | lr 1.20e-04 | 1341 tok/s | fwd_bwd 5915ms data 1ms clip 20ms optim 111ms step 6058ms mem 1492/3311MB
step 307,670 | loss 4.1243 | lr 1.20e-04 | 1346 tok/s | fwd_bwd 5914ms data 0ms clip 20ms optim 112ms step 6056ms mem 1493/3311MB
step 307,680 | loss 1.6795 | lr 1.20e-04 | 1351 tok/s | fwd_bwd 5879ms data 1ms clip 20ms optim 112ms step 6026ms mem 1493/3311MB
step 307,690 | loss 3.9772 | lr 1.20e-04 | 1347 tok/s | fwd_bwd 5947ms data 0ms clip 20ms optim 111ms step 6083ms mem 1493/3311MB
step 307,700 | loss 2.0318 | lr 1.20e-04 | 1345 tok/s | fwd_bwd 5896ms data 1ms clip 20ms optim 112ms step 6047ms mem 1493/3311MB
step 307,710 | loss 4.2882 | lr 1.20e-04 | 1347 tok/s | fwd_bwd 5924ms data 1ms clip 20ms optim 112ms step 6066ms mem 1493/3311MB
step 307,720 | loss 4.3463 | lr 1.20e-04 | 1345 tok/s | fwd_bwd 5903ms data 1ms clip 20ms optim 112ms step 6048ms mem 1493/3311MB
step 307,730 | loss 3.6746 | lr 1.20e-04 | 1344 tok/s | fwd_bwd 5972ms data 1ms clip 24ms optim 120ms step 6134ms mem 1493/3311MB
step 307,740 | loss 1.6847 | lr 1.20e-04 | 1347 tok/s | fwd_bwd 5845ms data 1ms clip 20ms optim 111ms step 5993ms mem 1493/3311MB
Checkpoint saved: checkpoints/step_307747
  Pruning old checkpoint: checkpoints/step_306583
step 307,750 | loss 1.1903 | lr 1.20e-04 | 1323 tok/s | fwd_bwd 5961ms data 0ms clip 20ms optim 112ms step 6101ms mem 1493/3311MB
step 307,760 | loss 4.0988 | lr 1.20e-04 | 1336 tok/s | fwd_bwd 5967ms data 1ms clip 20ms optim 113ms step 6114ms mem 1493/3311MB
step 307,770 | loss 4.2874 | lr 1.20e-04 | 1337 tok/s | fwd_bwd 5959ms data 1ms clip 20ms optim 112ms step 6106ms mem 1493/3311MB
step 307,780 | loss 4.1183 | lr 1.20e-04 | 1339 tok/s | fwd_bwd 5983ms data 1ms clip 20ms optim 111ms step 6133ms mem 1493/3311MB
step 307,790 | loss 3.7158 | lr 1.20e-04 | 1336 tok/s | fwd_bwd 6005ms data 1ms clip 20ms optim 112ms step 6150ms mem 1451/3311MB
step 307,800 | loss 4.3635 | lr 1.20e-04 | 1332 tok/s | fwd_bwd 6027ms data 1ms clip 20ms optim 111ms step 6175ms mem 1493/3311MB
step 307,810 | loss 2.7758 | lr 1.20e-04 | 1329 tok/s | fwd_bwd 5996ms data 1ms clip 20ms optim 111ms step 6140ms mem 1493/3311MB
step 307,820 | loss 3.7227 | lr 1.20e-04 | 1330 tok/s | fwd_bwd 5986ms data 1ms clip 20ms optim 112ms step 6129ms mem 1493/3311MB
step 307,830 | loss 4.1803 | lr 1.20e-04 | 1323 tok/s | fwd_bwd 5951ms data 0ms clip 20ms optim 111ms step 6091ms mem 1493/3311MB
step 307,840 | loss 3.8562 | lr 1.20e-04 | 1326 tok/s | fwd_bwd 5883ms data 0ms clip 20ms optim 111ms step 6020ms mem 1451/3311MB
step 307,850 | loss 4.0695 | lr 1.20e-04 | 1335 tok/s | fwd_bwd 5954ms data 0ms clip 20ms optim 111ms step 6097ms mem 1493/3311MB
step 307,860 | loss 4.1039 | lr 1.20e-04 | 1334 tok/s | fwd_bwd 5952ms data 0ms clip 20ms optim 111ms step 6091ms mem 1493/3311MB
step 307,870 | loss 3.6213 | lr 1.20e-04 | 1341 tok/s | fwd_bwd 5976ms data 1ms clip 23ms optim 120ms step 6137ms mem 1493/3311MB
step 307,880 | loss 4.5864 | lr 1.20e-04 | 1345 tok/s | fwd_bwd 5974ms data 1ms clip 23ms optim 121ms step 6135ms mem 1452/3311MB
step 307,890 | loss 2.7869 | lr 1.20e-04 | 1348 tok/s | fwd_bwd 5921ms data 0ms clip 20ms optim 112ms step 6061ms mem 1451/3311MB
step 307,900 | loss 3.7742 | lr 1.20e-04 | 1349 tok/s | fwd_bwd 5902ms data 1ms clip 20ms optim 111ms step 6050ms mem 1452/3311MB
step 307,910 | loss 2.9061 | lr 1.20e-04 | 1351 tok/s | fwd_bwd 5932ms data 1ms clip 23ms optim 120ms step 6094ms mem 1476/3311MB
step 307,920 | loss 3.9930 | lr 1.20e-04 | 1346 tok/s | fwd_bwd 5921ms data 0ms clip 20ms optim 111ms step 6060ms mem 1493/3311MB
step 307,930 | loss 4.2655 | lr 1.20e-04 | 1344 tok/s | fwd_bwd 5931ms data 0ms clip 20ms optim 112ms step 6071ms mem 1448/3311MB
step 307,940 | loss 3.2347 | lr 1.20e-04 | 1349 tok/s | fwd_bwd 5917ms data 1ms clip 20ms optim 111ms step 6063ms mem 1493/3311MB
step 307,950 | loss 2.0497 | lr 1.20e-04 | 1353 tok/s | fwd_bwd 5914ms data 0ms clip 20ms optim 111ms step 6049ms mem 1452/3311MB
step 307,960 | loss 3.9461 | lr 1.20e-04 | 1354 tok/s | fwd_bwd 5890ms data 0ms clip 20ms optim 112ms step 6028ms mem 1493/3311MB
step 307,970 | loss 2.1466 | lr 1.20e-04 | 1351 tok/s | fwd_bwd 5873ms data 1ms clip 20ms optim 112ms step 6017ms mem 1493/3311MB
step 307,980 | loss 3.7751 | lr 1.20e-04 | 1352 tok/s | fwd_bwd 5906ms data 0ms clip 20ms optim 112ms step 6046ms mem 1452/3311MB
step 307,990 | loss 3.2592 | lr 1.20e-04 | 1353 tok/s | fwd_bwd 5889ms data 1ms clip 20ms optim 111ms step 6032ms mem 1493/3311MB
step 308,000 | loss 4.0407 | lr 1.20e-04 | 1355 tok/s | fwd_bwd 5879ms data 0ms clip 20ms optim 112ms step 6019ms mem 1493/3311MB
  [eval] step 308000 | val_loss 3.6160 | ppl 37.19
Checkpoint saved: checkpoints/step_308000
  [samples] wrote checkpoints/step_308000/samples.txt
  Pruning old checkpoint: checkpoints/step_307000
step 308,010 | loss 3.9548 | lr 1.20e-04 | 574 tok/s | fwd_bwd 5808ms data 1ms clip 20ms optim 112ms step 5955ms mem 1493/3311MB
step 308,020 | loss 4.4406 | lr 1.20e-04 | 1353 tok/s | fwd_bwd 5870ms data 1ms clip 20ms optim 112ms step 6013ms mem 1493/3311MB
step 308,030 | loss 3.2699 | lr 1.20e-04 | 1351 tok/s | fwd_bwd 5833ms data 0ms clip 20ms optim 111ms step 5975ms mem 1493/3311MB
step 308,040 | loss 3.8817 | lr 1.20e-04 | 1351 tok/s | fwd_bwd 5902ms data 0ms clip 20ms optim 112ms step 6037ms mem 1493/3311MB
step 308,050 | loss 3.8635 | lr 1.20e-04 | 1354 tok/s | fwd_bwd 5880ms data 1ms clip 20ms optim 111ms step 6025ms mem 1493/3311MB
step 308,060 | loss 3.7748 | lr 1.20e-04 | 1345 tok/s | fwd_bwd 5911ms data 0ms clip 20ms optim 112ms step 6049ms mem 1493/3311MB
step 308,070 | loss 3.6293 | lr 1.20e-04 | 1349 tok/s | fwd_bwd 5883ms data 1ms clip 20ms optim 111ms step 6025ms mem 1493/3311MB
step 308,080 | loss 1.3837 | lr 1.20e-04 | 1350 tok/s | fwd_bwd 5906ms data 0ms clip 20ms optim 112ms step 6042ms mem 1493/3311MB
step 308,090 | loss 4.3932 | lr 1.20e-04 | 1353 tok/s | fwd_bwd 5901ms data 0ms clip 20ms optim 112ms step 6040ms mem 1493/3311MB
step 308,100 | loss 4.4638 | lr 1.20e-04 | 1351 tok/s | fwd_bwd 5937ms data 1ms clip 20ms optim 112ms step 6080ms mem 1452/3311MB
step 308,110 | loss 3.6297 | lr 1.20e-04 | 1354 tok/s | fwd_bwd 5902ms data 0ms clip 20ms optim 112ms step 6037ms mem 1470/3311MB
step 308,120 | loss 3.7109 | lr 1.20e-04 | 1346 tok/s | fwd_bwd 5928ms data 1ms clip 22ms optim 120ms step 6091ms mem 1470/3311MB
step 308,130 | loss 3.9571 | lr 1.20e-04 | 1351 tok/s | fwd_bwd 5931ms data 1ms clip 20ms optim 111ms step 6077ms mem 1493/3311MB
step 308,140 | loss 4.6066 | lr 1.20e-04 | 1342 tok/s | fwd_bwd 5968ms data 1ms clip 22ms optim 120ms step 6128ms mem 1493/3311MB
step 308,150 | loss 3.9902 | lr 1.20e-04 | 1350 tok/s | fwd_bwd 5983ms data 1ms clip 23ms optim 122ms step 6147ms mem 1493/3311MB
step 308,160 | loss 3.5510 | lr 1.20e-04 | 1348 tok/s | fwd_bwd 5851ms data 1ms clip 20ms optim 112ms step 5995ms mem 1451/3311MB
step 308,170 | loss 3.6644 | lr 1.20e-04 | 1338 tok/s | fwd_bwd 5926ms data 1ms clip 20ms optim 112ms step 6072ms mem 1452/3311MB
step 308,180 | loss 3.7830 | lr 1.20e-04 | 1346 tok/s | fwd_bwd 5935ms data 1ms clip 20ms optim 111ms step 6084ms mem 1493/3311MB
step 308,190 | loss 3.8965 | lr 1.20e-04 | 1350 tok/s | fwd_bwd 5927ms data 1ms clip 23ms optim 119ms step 6088ms mem 1493/3311MB
step 308,200 | loss 3.3626 | lr 1.20e-04 | 1352 tok/s | fwd_bwd 5900ms data 1ms clip 22ms optim 119ms step 6059ms mem 1493/3311MB
step 308,210 | loss 2.8352 | lr 1.20e-04 | 1343 tok/s | fwd_bwd 6018ms data 1ms clip 20ms optim 112ms step 6170ms mem 1493/3311MB
step 308,220 | loss 2.0554 | lr 1.20e-04 | 1340 tok/s | fwd_bwd 5988ms data 0ms clip 20ms optim 112ms step 6127ms mem 1493/3311MB
step 308,230 | loss 3.8365 | lr 1.20e-04 | 1346 tok/s | fwd_bwd 5842ms data 0ms clip 20ms optim 111ms step 5982ms mem 1493/3311MB
step 308,240 | loss 3.9152 | lr 1.20e-04 | 1346 tok/s | fwd_bwd 5933ms data 0ms clip 20ms optim 112ms step 6071ms mem 1493/3311MB
step 308,250 | loss 4.0031 | lr 1.20e-04 | 1350 tok/s | fwd_bwd 5899ms data 0ms clip 20ms optim 112ms step 6041ms mem 1493/3311MB
step 308,260 | loss 3.9548 | lr 1.20e-04 | 1350 tok/s | fwd_bwd 5915ms data 0ms clip 20ms optim 111ms step 6052ms mem 1493/3311MB
step 308,270 | loss 4.2470 | lr 1.20e-04 | 1344 tok/s | fwd_bwd 6052ms data 0ms clip 22ms optim 115ms step 6200ms mem 1493/3311MB
step 308,280 | loss 3.4611 | lr 1.20e-04 | 1346 tok/s | fwd_bwd 5917ms data 0ms clip 20ms optim 111ms step 6053ms mem 1493/3311MB
step 308,290 | loss 4.0259 | lr 1.20e-04 | 1350 tok/s | fwd_bwd 5890ms data 0ms clip 20ms optim 111ms step 6032ms mem 1452/3311MB
step 308,300 | loss 4.5573 | lr 1.20e-04 | 1351 tok/s | fwd_bwd 5888ms data 1ms clip 20ms optim 112ms step 6031ms mem 1493/3311MB
step 308,310 | loss 3.8957 | lr 1.20e-04 | 1351 tok/s | fwd_bwd 5911ms data 0ms clip 20ms optim 111ms step 6051ms mem 1493/3311MB
step 308,320 | loss 3.4944 | lr 1.20e-04 | 1349 tok/s | fwd_bwd 5911ms data 1ms clip 20ms optim 111ms step 6056ms mem 1493/3311MB
Checkpoint saved: checkpoints/step_308325
  Pruning old checkpoint: checkpoints/step_307175
step 308,330 | loss 4.0486 | lr 1.20e-04 | 1323 tok/s | fwd_bwd 5930ms data 0ms clip 20ms optim 112ms step 6070ms mem 1493/3311MB
step 308,340 | loss 3.0415 | lr 1.20e-04 | 1345 tok/s | fwd_bwd 5938ms data 0ms clip 20ms optim 111ms step 6076ms mem 1493/3311MB
step 308,350 | loss 3.8135 | lr 1.20e-04 | 1347 tok/s | fwd_bwd 5922ms data 0ms clip 20ms optim 112ms step 6059ms mem 1450/3311MB
step 308,360 | loss 3.4476 | lr 1.20e-04 | 1348 tok/s | fwd_bwd 5928ms data 0ms clip 20ms optim 111ms step 6065ms mem 1493/3311MB
step 308,370 | loss 3.8019 | lr 1.20e-04 | 1348 tok/s | fwd_bwd 5921ms data 0ms clip 20ms optim 112ms step 6059ms mem 1493/3311MB
step 308,380 | loss 3.3203 | lr 1.20e-04 | 1341 tok/s | fwd_bwd 5935ms data 0ms clip 20ms optim 111ms step 6071ms mem 1493/3311MB
step 308,390 | loss 2.9188 | lr 1.20e-04 | 1341 tok/s | fwd_bwd 5942ms data 0ms clip 20ms optim 111ms step 6079ms mem 1452/3311MB
step 308,400 | loss 4.2677 | lr 1.20e-04 | 1345 tok/s | fwd_bwd 5867ms data 0ms clip 20ms optim 111ms step 6002ms mem 1493/3311MB
step 308,410 | loss 4.3575 | lr 1.20e-04 | 1344 tok/s | fwd_bwd 5948ms data 1ms clip 20ms optim 112ms step 6093ms mem 1493/3311MB
step 308,420 | loss 3.3226 | lr 1.20e-04 | 1342 tok/s | fwd_bwd 5906ms data 1ms clip 20ms optim 111ms step 6049ms mem 1458/3311MB
step 308,430 | loss 3.3978 | lr 1.20e-04 | 1337 tok/s | fwd_bwd 6020ms data 1ms clip 20ms optim 111ms step 6161ms mem 1493/3311MB
step 308,440 | loss 3.8749 | lr 1.20e-04 | 1340 tok/s | fwd_bwd 5955ms data 0ms clip 20ms optim 112ms step 6093ms mem 1493/3311MB
step 308,450 | loss 4.2481 | lr 1.20e-04 | 1341 tok/s | fwd_bwd 5958ms data 0ms clip 20ms optim 111ms step 6098ms mem 1493/3311MB
step 308,460 | loss 2.5184 | lr 1.20e-04 | 1342 tok/s | fwd_bwd 5954ms data 0ms clip 20ms optim 112ms step 6094ms mem 1451/3311MB
step 308,470 | loss 4.1257 | lr 1.20e-04 | 1341 tok/s | fwd_bwd 5944ms data 0ms clip 20ms optim 112ms step 6085ms mem 1493/3311MB
step 308,480 | loss 3.5605 | lr 1.20e-04 | 1344 tok/s | fwd_bwd 5948ms data 0ms clip 20ms optim 111ms step 6084ms mem 1493/3311MB
step 308,490 | loss 4.1863 | lr 1.20e-04 | 1336 tok/s | fwd_bwd 5960ms data 0ms clip 20ms optim 113ms step 6103ms mem 1493/3311MB
step 308,500 | loss 3.8756 | lr 1.20e-04 | 1344 tok/s | fwd_bwd 5927ms data 0ms clip 20ms optim 112ms step 6068ms mem 1493/3311MB
  [eval] step 308500 | val_loss 3.3886 | ppl 29.62
step 308,510 | loss 3.8786 | lr 1.20e-04 | 756 tok/s | fwd_bwd 5957ms data 0ms clip 20ms optim 112ms step 6095ms mem 1449/3311MB
step 308,520 | loss 3.6910 | lr 1.20e-04 | 1345 tok/s | fwd_bwd 5928ms data 0ms clip 20ms optim 112ms step 6069ms mem 1452/3311MB
step 308,530 | loss 4.1979 | lr 1.20e-04 | 1348 tok/s | fwd_bwd 5962ms data 0ms clip 20ms optim 112ms step 6100ms mem 1493/3311MB
step 308,540 | loss 3.4855 | lr 1.20e-04 | 1338 tok/s | fwd_bwd 5920ms data 0ms clip 20ms optim 112ms step 6062ms mem 1493/3311MB
step 308,550 | loss 3.7170 | lr 1.20e-04 | 1341 tok/s | fwd_bwd 5945ms data 0ms clip 20ms optim 112ms step 6087ms mem 1493/3311MB
step 308,560 | loss 3.8834 | lr 1.20e-04 | 1345 tok/s | fwd_bwd 5936ms data 0ms clip 20ms optim 112ms step 6076ms mem 1493/3311MB
step 308,570 | loss 2.0421 | lr 1.20e-04 | 1344 tok/s | fwd_bwd 5904ms data 0ms clip 20ms optim 111ms step 6039ms mem 1493/3311MB
step 308,580 | loss 3.6426 | lr 1.20e-04 | 1343 tok/s | fwd_bwd 5946ms data 1ms clip 20ms optim 111ms step 6091ms mem 1493/3311MB
step 308,590 | loss 3.9541 | lr 1.20e-04 | 1333 tok/s | fwd_bwd 5952ms data 0ms clip 20ms optim 111ms step 6090ms mem 1493/3311MB
step 308,600 | loss 2.3648 | lr 1.20e-04 | 1340 tok/s | fwd_bwd 5948ms data 0ms clip 20ms optim 111ms step 6084ms mem 1448/3311MB
step 308,610 | loss 2.6417 | lr 1.20e-04 | 1344 tok/s | fwd_bwd 5942ms data 0ms clip 20ms optim 112ms step 6080ms mem 1493/3311MB
step 308,620 | loss 3.9648 | lr 1.20e-04 | 1342 tok/s | fwd_bwd 5934ms data 0ms clip 20ms optim 112ms step 6071ms mem 1493/3311MB
step 308,630 | loss 3.5700 | lr 1.20e-04 | 1342 tok/s | fwd_bwd 5948ms data 0ms clip 20ms optim 112ms step 6087ms mem 1493/3311MB
step 308,640 | loss 3.1416 | lr 1.20e-04 | 1337 tok/s | fwd_bwd 5953ms data 0ms clip 20ms optim 112ms step 6093ms mem 1452/3311MB
step 308,650 | loss 4.0683 | lr 1.20e-04 | 1341 tok/s | fwd_bwd 5982ms data 1ms clip 20ms optim 112ms step 6134ms mem 1451/3311MB
step 308,660 | loss 2.4627 | lr 1.20e-04 | 1346 tok/s | fwd_bwd 5916ms data 1ms clip 20ms optim 112ms step 6063ms mem 1493/3311MB
step 308,670 | loss 3.5384 | lr 1.20e-04 | 1347 tok/s | fwd_bwd 5925ms data 0ms clip 20ms optim 112ms step 6060ms mem 1449/3311MB
step 308,680 | loss 3.4757 | lr 1.20e-04 | 1347 tok/s | fwd_bwd 5909ms data 0ms clip 20ms optim 111ms step 6051ms mem 1493/3311MB
step 308,690 | loss 1.4724 | lr 1.20e-04 | 1343 tok/s | fwd_bwd 6083ms data 0ms clip 20ms optim 112ms step 6221ms mem 1493/3311MB
step 308,700 | loss 3.0072 | lr 1.20e-04 | 1343 tok/s | fwd_bwd 6016ms data 1ms clip 23ms optim 120ms step 6176ms mem 1458/3311MB
step 308,710 | loss 3.8078 | lr 1.20e-04 | 1349 tok/s | fwd_bwd 5930ms data 0ms clip 20ms optim 111ms step 6067ms mem 1493/3311MB
step 308,720 | loss 4.6848 | lr 1.20e-04 | 1349 tok/s | fwd_bwd 5915ms data 0ms clip 20ms optim 112ms step 6054ms mem 1493/3311MB
step 308,730 | loss 4.0630 | lr 1.20e-04 | 1348 tok/s | fwd_bwd 5940ms data 0ms clip 20ms optim 112ms step 6075ms mem 1493/3311MB
step 308,740 | loss 4.3824 | lr 1.20e-04 | 1339 tok/s | fwd_bwd 5990ms data 0ms clip 20ms optim 113ms step 6130ms mem 1451/3311MB
step 308,750 | loss 4.2061 | lr 1.20e-04 | 1331 tok/s | fwd_bwd 5929ms data 0ms clip 20ms optim 112ms step 6067ms mem 1448/3311MB
step 308,760 | loss 2.9018 | lr 1.20e-04 | 1337 tok/s | fwd_bwd 5977ms data 0ms clip 20ms optim 112ms step 6117ms mem 1451/3311MB
step 308,770 | loss 2.4336 | lr 1.20e-04 | 1337 tok/s | fwd_bwd 5943ms data 1ms clip 20ms optim 112ms step 6088ms mem 1493/3311MB
step 308,780 | loss 3.9944 | lr 1.20e-04 | 1339 tok/s | fwd_bwd 5979ms data 0ms clip 20ms optim 112ms step 6117ms mem 1493/3311MB
step 308,790 | loss 3.5071 | lr 1.20e-04 | 1336 tok/s | fwd_bwd 6010ms data 0ms clip 21ms optim 114ms step 6148ms mem 1493/3311MB
step 308,800 | loss 3.9459 | lr 1.20e-04 | 1328 tok/s | fwd_bwd 6107ms data 0ms clip 20ms optim 112ms step 6244ms mem 1493/3311MB
step 308,810 | loss 4.1038 | lr 1.20e-04 | 1332 tok/s | fwd_bwd 5990ms data 0ms clip 20ms optim 112ms step 6128ms mem 1493/3311MB
step 308,820 | loss 4.0874 | lr 1.20e-04 | 1333 tok/s | fwd_bwd 6009ms data 0ms clip 20ms optim 112ms step 6147ms mem 1493/3311MB
step 308,830 | loss 4.0720 | lr 1.20e-04 | 1329 tok/s | fwd_bwd 5993ms data 1ms clip 20ms optim 112ms step 6135ms mem 1493/3311MB
step 308,840 | loss 4.0326 | lr 1.20e-04 | 1329 tok/s | fwd_bwd 5984ms data 0ms clip 20ms optim 113ms step 6127ms mem 1452/3311MB
step 308,850 | loss 3.7446 | lr 1.20e-04 | 1334 tok/s | fwd_bwd 6001ms data 0ms clip 20ms optim 112ms step 6139ms mem 1451/3311MB
step 308,860 | loss 3.9005 | lr 1.20e-04 | 1329 tok/s | fwd_bwd 5992ms data 1ms clip 20ms optim 112ms step 6140ms mem 1451/3311MB
step 308,870 | loss 3.8724 | lr 1.20e-04 | 1333 tok/s | fwd_bwd 5993ms data 0ms clip 20ms optim 112ms step 6132ms mem 1493/3311MB
step 308,880 | loss 4.0282 | lr 1.20e-04 | 1333 tok/s | fwd_bwd 5993ms data 0ms clip 20ms optim 112ms step 6133ms mem 1452/3311MB
step 308,890 | loss 4.6463 | lr 1.20e-04 | 1332 tok/s | fwd_bwd 6003ms data 0ms clip 20ms optim 112ms step 6145ms mem 1493/3311MB
step 308,900 | loss 3.6255 | lr 1.20e-04 | 1332 tok/s | fwd_bwd 6005ms data 0ms clip 20ms optim 112ms step 6145ms mem 1451/3311MB
Checkpoint saved: checkpoints/step_308907
  Pruning old checkpoint: checkpoints/step_307747
step 308,910 | loss 3.0549 | lr 1.20e-04 | 1306 tok/s | fwd_bwd 6001ms data 0ms clip 20ms optim 111ms step 6138ms mem 1493/3311MB
step 308,920 | loss 3.4063 | lr 1.20e-04 | 1327 tok/s | fwd_bwd 6043ms data 0ms clip 20ms optim 112ms step 6182ms mem 1493/3311MB
step 308,930 | loss 3.6395 | lr 1.20e-04 | 1332 tok/s | fwd_bwd 5972ms data 0ms clip 20ms optim 112ms step 6112ms mem 1452/3311MB
step 308,940 | loss 3.5733 | lr 1.20e-04 | 1335 tok/s | fwd_bwd 5981ms data 0ms clip 20ms optim 112ms step 6120ms mem 1451/3311MB
step 308,950 | loss 4.5705 | lr 1.20e-04 | 1332 tok/s | fwd_bwd 6007ms data 0ms clip 20ms optim 112ms step 6145ms mem 1451/3311MB
step 308,960 | loss 3.6807 | lr 1.20e-04 | 1330 tok/s | fwd_bwd 6048ms data 1ms clip 20ms optim 112ms step 6200ms mem 1493/3311MB
step 308,970 | loss 3.9319 | lr 1.20e-04 | 1323 tok/s | fwd_bwd 6013ms data 1ms clip 20ms optim 112ms step 6158ms mem 1493/3311MB
step 308,980 | loss 3.2490 | lr 1.20e-04 | 1332 tok/s | fwd_bwd 5878ms data 0ms clip 20ms optim 112ms step 6015ms mem 1493/3311MB
step 308,990 | loss 2.7401 | lr 1.20e-04 | 1333 tok/s | fwd_bwd 5989ms data 0ms clip 20ms optim 112ms step 6132ms mem 1493/3311MB
step 309,000 | loss 4.2426 | lr 1.20e-04 | 1334 tok/s | fwd_bwd 5997ms data 0ms clip 20ms optim 112ms step 6135ms mem 1493/3311MB
  [eval] step 309000 | val_loss 3.6977 | ppl 40.35
Checkpoint saved: checkpoints/step_309000
  [samples] wrote checkpoints/step_309000/samples.txt
  Pruning old checkpoint: checkpoints/step_308000
step 309,010 | loss 3.6368 | lr 1.20e-04 | 564 tok/s | fwd_bwd 6064ms data 0ms clip 20ms optim 112ms step 6203ms mem 1493/3311MB
step 309,020 | loss 4.4815 | lr 1.20e-04 | 1314 tok/s | fwd_bwd 6053ms data 0ms clip 20ms optim 112ms step 6189ms mem 1493/3311MB
step 309,030 | loss 4.4385 | lr 1.20e-04 | 1323 tok/s | fwd_bwd 6017ms data 0ms clip 20ms optim 112ms step 6157ms mem 1493/3311MB
step 309,040 | loss 3.6440 | lr 1.20e-04 | 1328 tok/s | fwd_bwd 5998ms data 0ms clip 20ms optim 112ms step 6137ms mem 1493/3311MB
step 309,050 | loss 2.0159 | lr 1.20e-04 | 1332 tok/s | fwd_bwd 5987ms data 0ms clip 20ms optim 113ms step 6127ms mem 1493/3311MB
step 309,060 | loss 4.0645 | lr 1.20e-04 | 1324 tok/s | fwd_bwd 6015ms data 0ms clip 20ms optim 112ms step 6152ms mem 1493/3311MB
step 309,070 | loss 2.7125 | lr 1.20e-04 | 1323 tok/s | fwd_bwd 6271ms data 1ms clip 20ms optim 112ms step 6416ms mem 1448/3311MB
step 309,080 | loss 3.6187 | lr 1.20e-04 | 1326 tok/s | fwd_bwd 6078ms data 0ms clip 20ms optim 111ms step 6217ms mem 1458/3311MB
step 309,090 | loss 4.1160 | lr 1.20e-04 | 1325 tok/s | fwd_bwd 6020ms data 1ms clip 20ms optim 111ms step 6166ms mem 1493/3311MB
step 309,100 | loss 3.2719 | lr 1.20e-04 | 1330 tok/s | fwd_bwd 5985ms data 0ms clip 20ms optim 112ms step 6121ms mem 1493/3311MB
step 309,110 | loss 3.7452 | lr 1.20e-04 | 1322 tok/s | fwd_bwd 6021ms data 0ms clip 20ms optim 112ms step 6157ms mem 1452/3311MB
step 309,120 | loss 3.1179 | lr 1.20e-04 | 1326 tok/s | fwd_bwd 6022ms data 0ms clip 20ms optim 112ms step 6161ms mem 1493/3311MB
step 309,130 | loss 3.0565 | lr 1.20e-04 | 1327 tok/s | fwd_bwd 6013ms data 1ms clip 20ms optim 112ms step 6158ms mem 1450/3311MB
step 309,140 | loss 4.3274 | lr 1.20e-04 | 1331 tok/s | fwd_bwd 5999ms data 0ms clip 20ms optim 112ms step 6135ms mem 1452/3311MB
step 309,150 | loss 3.3522 | lr 1.20e-04 | 1060 tok/s | fwd_bwd 8627ms data 1ms clip 39ms optim 180ms step 8851ms mem 1448/3311MB
step 309,160 | loss 4.4299 | lr 1.20e-04 | 1195 tok/s | fwd_bwd 6225ms data 0ms clip 20ms optim 114ms step 6365ms mem 1493/3311MB
step 309,170 | loss 4.3981 | lr 1.20e-04 | 1320 tok/s | fwd_bwd 5934ms data 1ms clip 20ms optim 112ms step 6083ms mem 1493/3311MB
step 309,180 | loss 1.9096 | lr 1.20e-04 | 1329 tok/s | fwd_bwd 5971ms data 0ms clip 20ms optim 112ms step 6107ms mem 1493/3311MB
step 309,190 | loss 3.8450 | lr 1.20e-04 | 1328 tok/s | fwd_bwd 6083ms data 1ms clip 22ms optim 122ms step 6245ms mem 1493/3311MB
step 309,200 | loss 4.0222 | lr 1.20e-04 | 1333 tok/s | fwd_bwd 5920ms data 0ms clip 20ms optim 112ms step 6059ms mem 1493/3311MB
step 309,210 | loss 4.2103 | lr 1.20e-04 | 1327 tok/s | fwd_bwd 6030ms data 1ms clip 23ms optim 120ms step 6192ms mem 1493/3311MB
step 309,220 | loss 3.8318 | lr 1.20e-04 | 1328 tok/s | fwd_bwd 5981ms data 0ms clip 20ms optim 112ms step 6119ms mem 1493/3311MB
step 309,230 | loss 2.7828 | lr 1.20e-04 | 1335 tok/s | fwd_bwd 5943ms data 1ms clip 20ms optim 112ms step 6087ms mem 1493/3311MB
step 309,240 | loss 3.7995 | lr 1.20e-04 | 1337 tok/s | fwd_bwd 5968ms data 0ms clip 20ms optim 112ms step 6104ms mem 1493/3311MB
step 309,250 | loss 3.7465 | lr 1.20e-04 | 1333 tok/s | fwd_bwd 5982ms data 1ms clip 20ms optim 112ms step 6130ms mem 1493/3311MB
step 309,260 | loss 3.9880 | lr 1.20e-04 | 1337 tok/s | fwd_bwd 5869ms data 0ms clip 20ms optim 112ms step 6009ms mem 1493/3311MB
step 309,270 | loss 4.1765 | lr 1.20e-04 | 1335 tok/s | fwd_bwd 5938ms data 1ms clip 20ms optim 112ms step 6084ms mem 1493/3311MB
step 309,280 | loss 3.5571 | lr 1.20e-04 | 1342 tok/s | fwd_bwd 5916ms data 1ms clip 20ms optim 111ms step 6059ms mem 1493/3311MB
step 309,290 | loss 4.5073 | lr 1.20e-04 | 1338 tok/s | fwd_bwd 5955ms data 1ms clip 20ms optim 112ms step 6096ms mem 1493/3311MB
step 309,300 | loss 4.5879 | lr 1.20e-04 | 1304 tok/s | fwd_bwd 6613ms data 1ms clip 22ms optim 119ms step 6759ms mem 1493/3311MB
step 309,310 | loss 3.3664 | lr 1.20e-04 | 1302 tok/s | fwd_bwd 5977ms data 1ms clip 20ms optim 112ms step 6121ms mem 1493/3311MB
step 309,320 | loss 1.6287 | lr 1.20e-04 | 1284 tok/s | fwd_bwd 6021ms data 0ms clip 20ms optim 113ms step 6158ms mem 1451/3311MB
step 309,330 | loss 0.6484 | lr 1.20e-04 | 1328 tok/s | fwd_bwd 5890ms data 0ms clip 20ms optim 112ms step 6028ms mem 1493/3311MB
step 309,340 | loss 2.4415 | lr 1.20e-04 | 1335 tok/s | fwd_bwd 5989ms data 1ms clip 20ms optim 112ms step 6138ms mem 1493/3311MB
step 309,350 | loss 3.5332 | lr 1.20e-04 | 1341 tok/s | fwd_bwd 5931ms data 1ms clip 20ms optim 112ms step 6076ms mem 1493/3311MB
step 309,360 | loss 3.4812 | lr 1.20e-04 | 1333 tok/s | fwd_bwd 5894ms data 1ms clip 20ms optim 112ms step 6037ms mem 1448/3311MB
step 309,370 | loss 4.1088 | lr 1.20e-04 | 1326 tok/s | fwd_bwd 6032ms data 1ms clip 23ms optim 122ms step 6196ms mem 1493/3311MB
step 309,380 | loss 3.4947 | lr 1.20e-04 | 1333 tok/s | fwd_bwd 6034ms data 1ms clip 21ms optim 113ms step 6188ms mem 1470/3311MB
step 309,390 | loss 3.5274 | lr 1.20e-04 | 1334 tok/s | fwd_bwd 5966ms data 1ms clip 20ms optim 111ms step 6107ms mem 1493/3311MB
step 309,400 | loss 3.6515 | lr 1.20e-04 | 1335 tok/s | fwd_bwd 5907ms data 0ms clip 20ms optim 112ms step 6047ms mem 1493/3311MB
step 309,410 | loss 4.0305 | lr 1.20e-04 | 1337 tok/s | fwd_bwd 5965ms data 1ms clip 20ms optim 112ms step 6107ms mem 1493/3311MB
step 309,420 | loss 4.3856 | lr 1.20e-04 | 1336 tok/s | fwd_bwd 5980ms data 1ms clip 20ms optim 112ms step 6124ms mem 1493/3311MB
step 309,430 | loss 2.2407 | lr 1.20e-04 | 1328 tok/s | fwd_bwd 5891ms data 0ms clip 20ms optim 112ms step 6030ms mem 1493/3311MB
step 309,440 | loss 4.4600 | lr 1.20e-04 | 1332 tok/s | fwd_bwd 6059ms data 1ms clip 23ms optim 122ms step 6224ms mem 1449/3311MB
step 309,450 | loss 3.9983 | lr 1.20e-04 | 1335 tok/s | fwd_bwd 5980ms data 1ms clip 20ms optim 112ms step 6129ms mem 1493/3311MB
step 309,460 | loss 4.1743 | lr 1.20e-04 | 1335 tok/s | fwd_bwd 5966ms data 1ms clip 20ms optim 112ms step 6111ms mem 1493/3311MB
step 309,470 | loss 4.6567 | lr 1.20e-04 | 1328 tok/s | fwd_bwd 5991ms data 1ms clip 20ms optim 111ms step 6137ms mem 1493/3311MB
Checkpoint saved: checkpoints/step_309474
  Pruning old checkpoint: checkpoints/step_308325
step 309,480 | loss 3.9652 | lr 1.20e-04 | 1302 tok/s | fwd_bwd 5997ms data 1ms clip 20ms optim 112ms step 6148ms mem 1470/3311MB
step 309,490 | loss 4.3351 | lr 1.20e-04 | 1324 tok/s | fwd_bwd 6070ms data 1ms clip 23ms optim 120ms step 6232ms mem 1493/3311MB
step 309,500 | loss 4.1265 | lr 1.20e-04 | 1330 tok/s | fwd_bwd 6002ms data 0ms clip 20ms optim 112ms step 6143ms mem 1450/3311MB
  [eval] step 309500 | val_loss 3.4419 | ppl 31.25
step 309,510 | loss 4.4757 | lr 1.20e-04 | 750 tok/s | fwd_bwd 5986ms data 0ms clip 20ms optim 112ms step 6124ms mem 1493/3311MB
step 309,520 | loss 4.4581 | lr 1.20e-04 | 1325 tok/s | fwd_bwd 6009ms data 0ms clip 20ms optim 111ms step 6146ms mem 1493/3311MB
step 309,530 | loss 3.2746 | lr 1.20e-04 | 1327 tok/s | fwd_bwd 6031ms data 1ms clip 20ms optim 112ms step 6180ms mem 1493/3311MB
step 309,540 | loss 2.8905 | lr 1.20e-04 | 1329 tok/s | fwd_bwd 6008ms data 1ms clip 20ms optim 111ms step 6152ms mem 1493/3311MB
step 309,550 | loss 4.2267 | lr 1.20e-04 | 1331 tok/s | fwd_bwd 5993ms data 0ms clip 20ms optim 112ms step 6134ms mem 1493/3311MB
step 309,560 | loss 3.8610 | lr 1.20e-04 | 1331 tok/s | fwd_bwd 5996ms data 0ms clip 20ms optim 111ms step 6135ms mem 1452/3311MB
step 309,570 | loss 3.4420 | lr 1.20e-04 | 1329 tok/s | fwd_bwd 6031ms data 1ms clip 21ms optim 114ms step 6179ms mem 1493/3311MB
step 309,580 | loss 4.1322 | lr 1.20e-04 | 1330 tok/s | fwd_bwd 5910ms data 0ms clip 20ms optim 112ms step 6049ms mem 1493/3311MB
step 309,590 | loss 3.9416 | lr 1.20e-04 | 1333 tok/s | fwd_bwd 5994ms data 1ms clip 20ms optim 112ms step 6138ms mem 1493/3311MB
step 309,600 | loss 3.9132 | lr 1.20e-04 | 1333 tok/s | fwd_bwd 5976ms data 0ms clip 20ms optim 112ms step 6116ms mem 1450/3311MB
step 309,610 | loss 3.1544 | lr 1.20e-04 | 1331 tok/s | fwd_bwd 6075ms data 1ms clip 20ms optim 112ms step 6225ms mem 1493/3311MB
step 309,620 | loss 3.4005 | lr 1.20e-04 | 1232 tok/s | fwd_bwd 8064ms data 1ms clip 35ms optim 174ms step 8278ms mem 1493/3311MB
step 309,630 | loss 3.5072 | lr 1.20e-04 | 1159 tok/s | fwd_bwd 6126ms data 1ms clip 23ms optim 119ms step 6288ms mem 1448/3311MB
step 309,640 | loss 3.7649 | lr 1.20e-04 | 1315 tok/s | fwd_bwd 6355ms data 1ms clip 20ms optim 112ms step 6497ms mem 1448/3311MB
step 309,650 | loss 3.3805 | lr 1.20e-04 | 1323 tok/s | fwd_bwd 6052ms data 1ms clip 20ms optim 112ms step 6201ms mem 1448/3311MB
step 309,660 | loss 1.2714 | lr 1.20e-04 | 1330 tok/s | fwd_bwd 5985ms data 0ms clip 20ms optim 113ms step 6124ms mem 1448/3311MB
step 309,670 | loss 3.0813 | lr 1.20e-04 | 1332 tok/s | fwd_bwd 5964ms data 0ms clip 20ms optim 112ms step 6107ms mem 1448/3311MB
step 309,680 | loss 2.7281 | lr 1.20e-04 | 1324 tok/s | fwd_bwd 6003ms data 1ms clip 20ms optim 112ms step 6148ms mem 1448/3311MB
step 309,690 | loss 3.4937 | lr 1.20e-04 | 1328 tok/s | fwd_bwd 6049ms data 1ms clip 20ms optim 112ms step 6200ms mem 1448/3311MB
step 309,700 | loss 4.1201 | lr 1.20e-04 | 1333 tok/s | fwd_bwd 6006ms data 0ms clip 20ms optim 112ms step 6146ms mem 1448/3311MB
step 309,710 | loss 3.0564 | lr 1.20e-04 | 1329 tok/s | fwd_bwd 5991ms data 1ms clip 20ms optim 112ms step 6139ms mem 1448/3311MB
step 309,720 | loss 2.9588 | lr 1.20e-04 | 1331 tok/s | fwd_bwd 5996ms data 0ms clip 20ms optim 112ms step 6134ms mem 1448/3311MB
step 309,730 | loss 3.4148 | lr 1.20e-04 | 1326 tok/s | fwd_bwd 5925ms data 1ms clip 20ms optim 112ms step 6067ms mem 1448/3311MB
step 309,740 | loss 3.6122 | lr 1.20e-04 | 1329 tok/s | fwd_bwd 5992ms data 1ms clip 20ms optim 112ms step 6137ms mem 1448/3311MB
step 309,750 | loss 3.0195 | lr 1.20e-04 | 1329 tok/s | fwd_bwd 5997ms data 0ms clip 20ms optim 112ms step 6133ms mem 1448/3311MB
step 309,760 | loss 3.9042 | lr 1.20e-04 | 1330 tok/s | fwd_bwd 5993ms data 0ms clip 20ms optim 112ms step 6133ms mem 1448/3311MB
step 309,770 | loss 3.8033 | lr 1.20e-04 | 1331 tok/s | fwd_bwd 6007ms data 0ms clip 20ms optim 112ms step 6148ms mem 1448/3311MB
step 309,780 | loss 4.2512 | lr 1.20e-04 | 1324 tok/s | fwd_bwd 5970ms data 0ms clip 20ms optim 112ms step 6106ms mem 1448/3311MB
step 309,790 | loss 3.9029 | lr 1.20e-04 | 1330 tok/s | fwd_bwd 5990ms data 0ms clip 20ms optim 111ms step 6129ms mem 1448/3311MB
step 309,800 | loss 3.1643 | lr 1.20e-04 | 1331 tok/s | fwd_bwd 6003ms data 0ms clip 20ms optim 112ms step 6141ms mem 1448/3311MB
step 309,810 | loss 3.9588 | lr 1.20e-04 | 1328 tok/s | fwd_bwd 6016ms data 0ms clip 20ms optim 112ms step 6158ms mem 1448/3311MB
step 309,820 | loss 4.2819 | lr 1.20e-04 | 1326 tok/s | fwd_bwd 6025ms data 0ms clip 20ms optim 112ms step 6165ms mem 1448/3311MB
step 309,830 | loss 3.9286 | lr 1.20e-04 | 1321 tok/s | fwd_bwd 6131ms data 0ms clip 20ms optim 111ms step 6271ms mem 1448/3311MB
step 309,840 | loss 3.0706 | lr 1.20e-04 | 1319 tok/s | fwd_bwd 6059ms data 0ms clip 20ms optim 112ms step 6197ms mem 1448/3311MB
step 309,850 | loss 3.9391 | lr 1.20e-04 | 1319 tok/s | fwd_bwd 6033ms data 1ms clip 20ms optim 112ms step 6180ms mem 1448/3311MB
step 309,860 | loss 3.6916 | lr 1.20e-04 | 1324 tok/s | fwd_bwd 6037ms data 0ms clip 20ms optim 112ms step 6174ms mem 1448/3311MB
step 309,870 | loss 4.2135 | lr 1.20e-04 | 1322 tok/s | fwd_bwd 6060ms data 1ms clip 20ms optim 112ms step 6209ms mem 1448/3311MB
step 309,880 | loss 4.0248 | lr 1.20e-04 | 1322 tok/s | fwd_bwd 5934ms data 0ms clip 20ms optim 112ms step 6075ms mem 1448/3311MB
step 309,890 | loss 4.1429 | lr 1.20e-04 | 1315 tok/s | fwd_bwd 6119ms data 1ms clip 23ms optim 124ms step 6283ms mem 1448/3311MB
step 309,900 | loss 3.6795 | lr 1.20e-04 | 1322 tok/s | fwd_bwd 6060ms data 1ms clip 21ms optim 113ms step 6211ms mem 1448/3311MB
step 309,910 | loss 4.0475 | lr 1.20e-04 | 1323 tok/s | fwd_bwd 5951ms data 1ms clip 20ms optim 112ms step 6093ms mem 1448/3311MB
step 309,920 | loss 4.0747 | lr 1.20e-04 | 1300 tok/s | fwd_bwd 6394ms data 1ms clip 23ms optim 134ms step 6558ms mem 1448/3311MB
step 309,930 | loss 4.3620 | lr 1.20e-04 | 1004 tok/s | fwd_bwd 7043ms data 1ms clip 24ms optim 132ms step 7205ms mem 1493/3311MB
step 309,940 | loss 3.5276 | lr 1.20e-04 | 1255 tok/s | fwd_bwd 6139ms data 0ms clip 20ms optim 111ms step 6276ms mem 1493/3311MB
step 309,950 | loss 4.0470 | lr 1.20e-04 | 1309 tok/s | fwd_bwd 6060ms data 0ms clip 20ms optim 112ms step 6194ms mem 1493/3311MB
step 309,960 | loss 4.2344 | lr 1.20e-04 | 1323 tok/s | fwd_bwd 6017ms data 0ms clip 20ms optim 112ms step 6155ms mem 1493/3311MB
step 309,970 | loss 3.3859 | lr 1.20e-04 | 1325 tok/s | fwd_bwd 6009ms data 0ms clip 20ms optim 111ms step 6146ms mem 1493/3311MB
step 309,980 | loss 4.1644 | lr 1.20e-04 | 1326 tok/s | fwd_bwd 6010ms data 0ms clip 20ms optim 111ms step 6145ms mem 1493/3311MB
step 309,990 | loss 3.2877 | lr 1.20e-04 | 1320 tok/s | fwd_bwd 6027ms data 0ms clip 20ms optim 111ms step 6164ms mem 1493/3311MB
step 310,000 | loss 4.1541 | lr 1.20e-04 | 1319 tok/s | fwd_bwd 6211ms data 1ms clip 23ms optim 121ms step 6366ms mem 1492/3311MB
  [eval] step 310000 | val_loss 3.6595 | ppl 38.84
Checkpoint saved: checkpoints/step_310000
  [samples] wrote checkpoints/step_310000/samples.txt
  Pruning old checkpoint: checkpoints/step_308907
Resuming from checkpoint: checkpoints/step_310000
  Resumed at step 310000

============================================================
  Unrealistic 187M — Training
  Parameters: 189,748,992
  Dtype: bfloat16
  Optimizer: AdamW (mlx)
  Micro-batch: 1 × 8 accum
  Effective batch: 8
  Memory: 536 MB
============================================================

step 310,000 | loss 2.9386 | lr 1.20e-04 | 0 tok/s | fwd_bwd 4989ms data 74ms clip 25ms optim 519ms step 5622ms mem 1493/2587MB
  [eval] step 310000 | val_loss 3.2752 | ppl 26.45
Checkpoint saved: checkpoints/step_310000
  [samples] wrote checkpoints/step_310000/samples.txt
step 310,010 | loss 2.6957 | lr 1.20e-04 | 701 tok/s | fwd_bwd 4843ms data 0ms clip 21ms optim 117ms step 4986ms mem 1493/3311MB
step 310,020 | loss 2.8136 | lr 1.20e-04 | 1630 tok/s | fwd_bwd 4855ms data 0ms clip 20ms optim 113ms step 4998ms mem 1448/3311MB
step 310,030 | loss 3.4082 | lr 1.20e-04 | 1589 tok/s | fwd_bwd 5261ms data 1ms clip 20ms optim 113ms step 5404ms mem 1493/3311MB
step 310,040 | loss 3.7174 | lr 1.20e-04 | 1404 tok/s | fwd_bwd 5646ms data 1ms clip 21ms optim 116ms step 5794ms mem 1493/3311MB
step 310,050 | loss 2.9714 | lr 1.20e-04 | 1391 tok/s | fwd_bwd 5706ms data 1ms clip 23ms optim 120ms step 5870ms mem 1448/3311MB
step 310,060 | loss 3.3726 | lr 1.20e-04 | 1445 tok/s | fwd_bwd 5431ms data 0ms clip 20ms optim 111ms step 5571ms mem 1493/3311MB
step 310,070 | loss 3.4950 | lr 1.20e-04 | 1338 tok/s | fwd_bwd 5846ms data 0ms clip 22ms optim 118ms step 5989ms mem 1452/3311MB
step 310,080 | loss 3.2973 | lr 1.20e-04 | 1283 tok/s | fwd_bwd 6010ms data 0ms clip 22ms optim 119ms step 6162ms mem 1493/3311MB
step 310,090 | loss 3.3283 | lr 1.20e-04 | 1303 tok/s | fwd_bwd 6154ms data 0ms clip 25ms optim 124ms step 6313ms mem 1493/3311MB
step 310,100 | loss 2.9207 | lr 1.20e-04 | 1297 tok/s | fwd_bwd 5739ms data 1ms clip 20ms optim 110ms step 5887ms mem 1493/3311MB
step 310,110 | loss 3.9738 | lr 1.20e-04 | 1407 tok/s | fwd_bwd 5672ms data 0ms clip 20ms optim 111ms step 5807ms mem 1448/3311MB
step 310,120 | loss 3.8725 | lr 1.20e-04 | 1412 tok/s | fwd_bwd 5654ms data 1ms clip 20ms optim 111ms step 5796ms mem 1452/3311MB
step 310,130 | loss 0.8226 | lr 1.20e-04 | 1404 tok/s | fwd_bwd 5603ms data 0ms clip 20ms optim 111ms step 5742ms mem 1493/3311MB
step 310,140 | loss 2.7038 | lr 1.20e-04 | 1397 tok/s | fwd_bwd 5737ms data 0ms clip 20ms optim 111ms step 5873ms mem 1448/3311MB
step 310,150 | loss 3.6195 | lr 1.20e-04 | 1387 tok/s | fwd_bwd 5746ms data 0ms clip 20ms optim 111ms step 5885ms mem 1493/3311MB
step 310,160 | loss 3.6099 | lr 1.20e-04 | 1382 tok/s | fwd_bwd 5759ms data 0ms clip 20ms optim 111ms step 5899ms mem 1493/3311MB
step 310,170 | loss 0.7950 | lr 1.20e-04 | 1381 tok/s | fwd_bwd 5786ms data 0ms clip 20ms optim 111ms step 5923ms mem 1448/3311MB
step 310,180 | loss 3.6208 | lr 1.20e-04 | 1377 tok/s | fwd_bwd 5800ms data 0ms clip 20ms optim 111ms step 5942ms mem 1452/3311MB
step 310,190 | loss 4.0619 | lr 1.20e-04 | 1370 tok/s | fwd_bwd 5858ms data 1ms clip 20ms optim 111ms step 6006ms mem 1493/3311MB
step 310,200 | loss 4.4911 | lr 1.20e-04 | 1368 tok/s | fwd_bwd 5833ms data 1ms clip 20ms optim 111ms step 5976ms mem 1493/3311MB
step 310,210 | loss 3.0897 | lr 1.20e-04 | 1366 tok/s | fwd_bwd 5840ms data 0ms clip 20ms optim 112ms step 5980ms mem 1448/3311MB
step 310,220 | loss 0.0837 | lr 1.20e-04 | 1364 tok/s | fwd_bwd 5860ms data 0ms clip 20ms optim 111ms step 5996ms mem 1448/3311MB
step 310,230 | loss 2.9000 | lr 1.20e-04 | 1365 tok/s | fwd_bwd 5844ms data 0ms clip 20ms optim 111ms step 5981ms mem 1452/3311MB
step 310,240 | loss 3.5202 | lr 1.20e-04 | 1362 tok/s | fwd_bwd 5856ms data 0ms clip 20ms optim 111ms step 5997ms mem 1452/3311MB
step 310,250 | loss 3.8509 | lr 1.20e-04 | 1363 tok/s | fwd_bwd 5831ms data 1ms clip 20ms optim 111ms step 5973ms mem 1493/3311MB
step 310,260 | loss 2.7871 | lr 1.20e-04 | 1359 tok/s | fwd_bwd 5911ms data 1ms clip 20ms optim 111ms step 6061ms mem 1493/3311MB
step 310,270 | loss 4.0936 | lr 1.20e-04 | 1361 tok/s | fwd_bwd 5860ms data 1ms clip 20ms optim 111ms step 6008ms mem 1451/3311MB
step 310,280 | loss 4.0009 | lr 1.20e-04 | 1361 tok/s | fwd_bwd 5867ms data 0ms clip 20ms optim 111ms step 6004ms mem 1493/3311MB
step 310,290 | loss 3.6378 | lr 1.20e-04 | 1358 tok/s | fwd_bwd 5873ms data 1ms clip 20ms optim 111ms step 6019ms mem 1476/3311MB
step 310,300 | loss 3.4427 | lr 1.20e-04 | 1358 tok/s | fwd_bwd 5870ms data 7ms clip 20ms optim 111ms step 6013ms mem 1493/3311MB
step 310,310 | loss 3.8221 | lr 1.20e-04 | 1357 tok/s | fwd_bwd 5881ms data 0ms clip 20ms optim 111ms step 6018ms mem 1493/3311MB
step 310,320 | loss 4.2169 | lr 1.20e-04 | 1356 tok/s | fwd_bwd 5898ms data 1ms clip 20ms optim 111ms step 6048ms mem 1476/3311MB
step 310,330 | loss 3.9687 | lr 1.20e-04 | 1355 tok/s | fwd_bwd 5893ms data 0ms clip 20ms optim 111ms step 6031ms mem 1493/3311MB
step 310,340 | loss 3.8881 | lr 1.20e-04 | 1356 tok/s | fwd_bwd 5929ms data 0ms clip 20ms optim 111ms step 6066ms mem 1493/3311MB
step 310,350 | loss 3.9871 | lr 1.20e-04 | 1351 tok/s | fwd_bwd 5903ms data 0ms clip 20ms optim 111ms step 6044ms mem 1452/3311MB
step 310,360 | loss 3.7883 | lr 1.20e-04 | 1349 tok/s | fwd_bwd 5893ms data 1ms clip 23ms optim 120ms step 6056ms mem 1493/3311MB
step 310,370 | loss 2.2839 | lr 1.20e-04 | 1354 tok/s | fwd_bwd 5905ms data 0ms clip 20ms optim 111ms step 6042ms mem 1452/3311MB
step 310,380 | loss 2.6418 | lr 1.20e-04 | 1354 tok/s | fwd_bwd 5902ms data 0ms clip 20ms optim 111ms step 6036ms mem 1493/3311MB
step 310,390 | loss 3.6940 | lr 1.20e-04 | 1352 tok/s | fwd_bwd 5936ms data 1ms clip 23ms optim 120ms step 6098ms mem 1493/3311MB
step 310,400 | loss 2.7573 | lr 1.20e-04 | 1351 tok/s | fwd_bwd 5930ms data 0ms clip 20ms optim 112ms step 6068ms mem 1493/3311MB
step 310,410 | loss 2.5197 | lr 1.20e-04 | 1349 tok/s | fwd_bwd 5925ms data 0ms clip 20ms optim 113ms step 6068ms mem 1493/3311MB
step 310,420 | loss 3.2616 | lr 1.20e-04 | 1348 tok/s | fwd_bwd 5933ms data 0ms clip 20ms optim 112ms step 6075ms mem 1452/3311MB
step 310,430 | loss 3.1331 | lr 1.20e-04 | 1349 tok/s | fwd_bwd 5905ms data 1ms clip 20ms optim 111ms step 6049ms mem 1452/3311MB
step 310,440 | loss 3.4696 | lr 1.20e-04 | 1320 tok/s | fwd_bwd 5908ms data 1ms clip 20ms optim 111ms step 6052ms mem 1493/3311MB
step 310,450 | loss 4.0224 | lr 1.20e-04 | 1343 tok/s | fwd_bwd 5928ms data 1ms clip 20ms optim 111ms step 6073ms mem 1493/3311MB
step 310,460 | loss 4.3259 | lr 1.20e-04 | 1347 tok/s | fwd_bwd 5855ms data 0ms clip 20ms optim 111ms step 5994ms mem 1493/3311MB
step 310,470 | loss 2.6722 | lr 1.20e-04 | 1345 tok/s | fwd_bwd 5878ms data 0ms clip 20ms optim 112ms step 6017ms mem 1493/3311MB
step 310,480 | loss 3.6545 | lr 1.20e-04 | 1343 tok/s | fwd_bwd 5904ms data 1ms clip 23ms optim 119ms step 6065ms mem 1489/3311MB
step 310,490 | loss 2.4328 | lr 1.20e-04 | 1344 tok/s | fwd_bwd 5966ms data 1ms clip 20ms optim 111ms step 6115ms mem 1493/3311MB
step 310,500 | loss 3.4655 | lr 1.20e-04 | 1341 tok/s | fwd_bwd 5862ms data 1ms clip 20ms optim 112ms step 6011ms mem 1493/3311MB
  [eval] step 310500 | val_loss 3.3960 | ppl 29.84
step 310,510 | loss 3.6467 | lr 1.20e-04 | 758 tok/s | fwd_bwd 5942ms data 0ms clip 20ms optim 113ms step 6081ms mem 1493/3311MB
step 310,520 | loss 3.7484 | lr 1.20e-04 | 1339 tok/s | fwd_bwd 5956ms data 1ms clip 20ms optim 112ms step 6097ms mem 1493/3311MB
step 310,530 | loss 3.4311 | lr 1.20e-04 | 1338 tok/s | fwd_bwd 5950ms data 0ms clip 20ms optim 112ms step 6089ms mem 1493/3311MB
step 310,540 | loss 3.5472 | lr 1.20e-04 | 1340 tok/s | fwd_bwd 5978ms data 0ms clip 20ms optim 112ms step 6118ms mem 1493/3311MB
step 310,550 | loss 3.5359 | lr 1.20e-04 | 1339 tok/s | fwd_bwd 5968ms data 0ms clip 20ms optim 112ms step 6106ms mem 1452/3311MB
step 310,560 | loss 3.4721 | lr 1.20e-04 | 1338 tok/s | fwd_bwd 5955ms data 0ms clip 20ms optim 112ms step 6096ms mem 1493/3311MB
step 310,570 | loss 3.4974 | lr 1.20e-04 | 1338 tok/s | fwd_bwd 5951ms data 1ms clip 20ms optim 112ms step 6096ms mem 1452/3311MB
step 310,580 | loss 3.9876 | lr 1.20e-04 | 1271 tok/s | fwd_bwd 6262ms data 1ms clip 21ms optim 116ms step 6414ms mem 1493/3311MB
Checkpoint saved: checkpoints/step_310581
  Pruning old checkpoint: checkpoints/step_309000
step 310,590 | loss 4.1394 | lr 1.20e-04 | 1274 tok/s | fwd_bwd 6098ms data 0ms clip 20ms optim 112ms step 6236ms mem 1493/3311MB
step 310,600 | loss 3.4606 | lr 1.20e-04 | 1324 tok/s | fwd_bwd 5984ms data 1ms clip 23ms optim 119ms step 6147ms mem 1493/3311MB
step 310,610 | loss 4.0833 | lr 1.20e-04 | 1346 tok/s | fwd_bwd 5951ms data 0ms clip 20ms optim 111ms step 6090ms mem 1493/3311MB
step 310,620 | loss 1.3486 | lr 1.20e-04 | 1346 tok/s | fwd_bwd 5932ms data 1ms clip 20ms optim 112ms step 6082ms mem 1490/3311MB
step 310,630 | loss 3.8518 | lr 1.20e-04 | 1348 tok/s | fwd_bwd 5915ms data 1ms clip 20ms optim 112ms step 6062ms mem 1493/3311MB
step 310,640 | loss 4.7650 | lr 1.20e-04 | 1342 tok/s | fwd_bwd 5932ms data 1ms clip 20ms optim 112ms step 6074ms mem 1493/3311MB
step 310,650 | loss 4.4873 | lr 1.20e-04 | 1344 tok/s | fwd_bwd 5932ms data 0ms clip 20ms optim 112ms step 6070ms mem 1493/3311MB
step 310,660 | loss 4.5792 | lr 1.20e-04 | 1344 tok/s | fwd_bwd 5955ms data 1ms clip 20ms optim 112ms step 6097ms mem 1493/3311MB
step 310,670 | loss 3.6706 | lr 1.20e-04 | 1338 tok/s | fwd_bwd 6027ms data 1ms clip 23ms optim 121ms step 6189ms mem 1493/3311MB
step 310,680 | loss 1.8656 | lr 1.20e-04 | 1340 tok/s | fwd_bwd 5946ms data 0ms clip 20ms optim 112ms step 6087ms mem 1493/3311MB
step 310,690 | loss 3.3212 | lr 1.20e-04 | 1339 tok/s | fwd_bwd 5946ms data 1ms clip 20ms optim 112ms step 6091ms mem 1493/3311MB
step 310,700 | loss 3.8842 | lr 1.20e-04 | 1337 tok/s | fwd_bwd 5989ms data 0ms clip 20ms optim 112ms step 6128ms mem 1493/3311MB
step 310,710 | loss 3.8103 | lr 1.20e-04 | 1333 tok/s | fwd_bwd 5973ms data 1ms clip 20ms optim 112ms step 6117ms mem 1493/3311MB
step 310,720 | loss 3.8463 | lr 1.20e-04 | 1334 tok/s | fwd_bwd 5963ms data 0ms clip 20ms optim 111ms step 6103ms mem 1493/3311MB
step 310,730 | loss 3.7062 | lr 1.20e-04 | 1336 tok/s | fwd_bwd 5901ms data 0ms clip 20ms optim 112ms step 6041ms mem 1493/3311MB
step 310,740 | loss 3.8270 | lr 1.20e-04 | 1333 tok/s | fwd_bwd 5910ms data 1ms clip 20ms optim 112ms step 6052ms mem 1493/3311MB
step 310,750 | loss 4.5563 | lr 1.20e-04 | 1334 tok/s | fwd_bwd 5961ms data 1ms clip 20ms optim 112ms step 6106ms mem 1493/3311MB
step 310,760 | loss 4.1566 | lr 1.20e-04 | 1335 tok/s | fwd_bwd 5957ms data 0ms clip 20ms optim 112ms step 6097ms mem 1493/3311MB
step 310,770 | loss 3.7790 | lr 1.20e-04 | 1335 tok/s | fwd_bwd 5992ms data 0ms clip 20ms optim 112ms step 6130ms mem 1493/3311MB
step 310,780 | loss 3.9932 | lr 1.20e-04 | 1333 tok/s | fwd_bwd 5958ms data 1ms clip 20ms optim 112ms step 6098ms mem 1493/3311MB
step 310,790 | loss 3.0870 | lr 1.20e-04 | 1333 tok/s | fwd_bwd 5989ms data 0ms clip 20ms optim 111ms step 6127ms mem 1493/3311MB
step 310,800 | loss 2.4772 | lr 1.20e-04 | 1334 tok/s | fwd_bwd 5964ms data 0ms clip 20ms optim 112ms step 6103ms mem 1493/3311MB
step 310,810 | loss 3.9420 | lr 1.20e-04 | 1335 tok/s | fwd_bwd 5989ms data 1ms clip 20ms optim 113ms step 6134ms mem 1493/3311MB
step 310,820 | loss 3.0635 | lr 1.20e-04 | 1332 tok/s | fwd_bwd 5988ms data 0ms clip 20ms optim 112ms step 6126ms mem 1493/3311MB
step 310,830 | loss 4.4487 | lr 1.20e-04 | 1333 tok/s | fwd_bwd 5989ms data 0ms clip 20ms optim 112ms step 6127ms mem 1493/3311MB
step 310,840 | loss 3.2770 | lr 1.20e-04 | 1336 tok/s | fwd_bwd 5983ms data 0ms clip 20ms optim 112ms step 6124ms mem 1493/3311MB
step 310,850 | loss 3.3807 | lr 1.20e-04 | 1338 tok/s | fwd_bwd 5956ms data 0ms clip 20ms optim 112ms step 6093ms mem 1493/3311MB
step 310,860 | loss 4.1170 | lr 1.20e-04 | 1336 tok/s | fwd_bwd 5970ms data 0ms clip 20ms optim 112ms step 6110ms mem 1493/3311MB
step 310,870 | loss 4.1734 | lr 1.20e-04 | 1334 tok/s | fwd_bwd 5969ms data 1ms clip 20ms optim 112ms step 6117ms mem 1493/3311MB
step 310,880 | loss 4.1117 | lr 1.20e-04 | 1334 tok/s | fwd_bwd 5992ms data 0ms clip 20ms optim 112ms step 6133ms mem 1493/3311MB
step 310,890 | loss 4.1845 | lr 1.20e-04 | 1335 tok/s | fwd_bwd 5962ms data 1ms clip 20ms optim 112ms step 6109ms mem 1493/3311MB
step 310,900 | loss 3.4159 | lr 1.20e-04 | 1333 tok/s | fwd_bwd 5966ms data 0ms clip 20ms optim 112ms step 6102ms mem 1493/3311MB
step 310,910 | loss 2.6318 | lr 1.20e-04 | 1336 tok/s | fwd_bwd 5968ms data 0ms clip 20ms optim 112ms step 6109ms mem 1493/3311MB
step 310,920 | loss 2.7469 | lr 1.20e-04 | 1336 tok/s | fwd_bwd 5992ms data 1ms clip 20ms optim 111ms step 6135ms mem 1493/3311MB
step 310,930 | loss 3.6278 | lr 1.20e-04 | 1335 tok/s | fwd_bwd 5963ms data 0ms clip 20ms optim 111ms step 6100ms mem 1451/3311MB
step 310,940 | loss 3.4709 | lr 1.20e-04 | 1333 tok/s | fwd_bwd 5972ms data 1ms clip 20ms optim 112ms step 6119ms mem 1493/3311MB
step 310,950 | loss 3.8670 | lr 1.20e-04 | 1335 tok/s | fwd_bwd 5971ms data 1ms clip 20ms optim 112ms step 6117ms mem 1493/3311MB
step 310,960 | loss 4.2471 | lr 1.20e-04 | 1338 tok/s | fwd_bwd 5964ms data 0ms clip 20ms optim 111ms step 6100ms mem 1493/3311MB
step 310,970 | loss 4.1194 | lr 1.20e-04 | 1330 tok/s | fwd_bwd 5994ms data 0ms clip 20ms optim 112ms step 6133ms mem 1493/3311MB
step 310,980 | loss 2.9954 | lr 1.20e-04 | 1332 tok/s | fwd_bwd 5982ms data 0ms clip 20ms optim 112ms step 6122ms mem 1493/3311MB
step 310,990 | loss 3.3879 | lr 1.20e-04 | 1334 tok/s | fwd_bwd 5910ms data 0ms clip 20ms optim 112ms step 6050ms mem 1493/3311MB
step 311,000 | loss 3.9422 | lr 1.20e-04 | 1334 tok/s | fwd_bwd 5909ms data 0ms clip 20ms optim 112ms step 6049ms mem 1493/3311MB
  [eval] step 311000 | val_loss 3.6511 | ppl 38.52
Checkpoint saved: checkpoints/step_311000
  [samples] wrote checkpoints/step_311000/samples.txt
  Pruning old checkpoint: checkpoints/step_309474
step 311,010 | loss 4.4057 | lr 1.20e-04 | 566 tok/s | fwd_bwd 5959ms data 0ms clip 20ms optim 112ms step 6097ms mem 1493/3311MB
step 311,020 | loss 3.7376 | lr 1.20e-04 | 1332 tok/s | fwd_bwd 5996ms data 0ms clip 20ms optim 112ms step 6134ms mem 1493/3311MB
step 311,030 | loss 3.7522 | lr 1.20e-04 | 1330 tok/s | fwd_bwd 6019ms data 1ms clip 24ms optim 123ms step 6185ms mem 1493/3311MB
step 311,040 | loss 4.3958 | lr 1.20e-04 | 1331 tok/s | fwd_bwd 5985ms data 1ms clip 20ms optim 111ms step 6125ms mem 1493/3311MB
step 311,050 | loss 3.2944 | lr 1.20e-04 | 1331 tok/s | fwd_bwd 5997ms data 0ms clip 20ms optim 111ms step 6133ms mem 1451/3311MB
step 311,060 | loss 3.6779 | lr 1.20e-04 | 1331 tok/s | fwd_bwd 6040ms data 1ms clip 20ms optim 111ms step 6189ms mem 1493/3311MB
step 311,070 | loss 3.9127 | lr 1.20e-04 | 1334 tok/s | fwd_bwd 5994ms data 0ms clip 20ms optim 112ms step 6131ms mem 1493/3311MB
step 311,080 | loss 4.2701 | lr 1.20e-04 | 1335 tok/s | fwd_bwd 5964ms data 1ms clip 20ms optim 112ms step 6108ms mem 1493/3311MB
step 311,090 | loss 4.0654 | lr 1.20e-04 | 1325 tok/s | fwd_bwd 6303ms data 0ms clip 21ms optim 113ms step 6442ms mem 1493/3311MB
step 311,100 | loss 4.4728 | lr 1.20e-04 | 1323 tok/s | fwd_bwd 5969ms data 0ms clip 20ms optim 112ms step 6110ms mem 1493/3311MB
step 311,110 | loss 4.0945 | lr 1.20e-04 | 1328 tok/s | fwd_bwd 5999ms data 0ms clip 21ms optim 111ms step 6135ms mem 1493/3311MB
step 311,120 | loss 3.4562 | lr 1.20e-04 | 1329 tok/s | fwd_bwd 5979ms data 1ms clip 20ms optim 111ms step 6124ms mem 1493/3311MB
step 311,130 | loss 4.0624 | lr 1.20e-04 | 1333 tok/s | fwd_bwd 5997ms data 0ms clip 20ms optim 112ms step 6135ms mem 1493/3311MB
step 311,140 | loss 4.4301 | lr 1.20e-04 | 1334 tok/s | fwd_bwd 5975ms data 1ms clip 20ms optim 111ms step 6118ms mem 1493/3311MB
step 311,150 | loss 3.9163 | lr 1.20e-04 | 1335 tok/s | fwd_bwd 5931ms data 1ms clip 20ms optim 112ms step 6079ms mem 1493/3311MB
Checkpoint saved: checkpoints/step_311154
  Pruning old checkpoint: checkpoints/step_310000
step 311,160 | loss 3.4534 | lr 1.20e-04 | 1324 tok/s | fwd_bwd 5968ms data 0ms clip 20ms optim 111ms step 6106ms mem 1493/3311MB
step 311,170 | loss 4.6463 | lr 1.20e-04 | 1336 tok/s | fwd_bwd 5979ms data 0ms clip 20ms optim 112ms step 6119ms mem 1493/3311MB
step 311,180 | loss 4.2271 | lr 1.20e-04 | 1333 tok/s | fwd_bwd 6004ms data 0ms clip 20ms optim 111ms step 6142ms mem 1493/3311MB
step 311,190 | loss 4.4560 | lr 1.20e-04 | 1333 tok/s | fwd_bwd 5985ms data 0ms clip 20ms optim 112ms step 6128ms mem 1493/3311MB
step 311,200 | loss 3.7567 | lr 1.20e-04 | 1333 tok/s | fwd_bwd 5980ms data 0ms clip 20ms optim 112ms step 6121ms mem 1493/3311MB
step 311,210 | loss 3.7929 | lr 1.20e-04 | 1334 tok/s | fwd_bwd 5992ms data 0ms clip 20ms optim 111ms step 6127ms mem 1452/3311MB
step 311,220 | loss 3.6647 | lr 1.20e-04 | 1333 tok/s | fwd_bwd 5985ms data 1ms clip 20ms optim 112ms step 6129ms mem 1493/3311MB
step 311,230 | loss 4.1298 | lr 1.20e-04 | 1328 tok/s | fwd_bwd 6025ms data 1ms clip 23ms optim 120ms step 6187ms mem 1493/3311MB
step 311,240 | loss 3.4782 | lr 1.20e-04 | 1337 tok/s | fwd_bwd 5985ms data 0ms clip 20ms optim 112ms step 6126ms mem 1493/3311MB
step 311,250 | loss 3.8289 | lr 1.20e-04 | 1334 tok/s | fwd_bwd 5977ms data 0ms clip 20ms optim 112ms step 6114ms mem 1452/3311MB
step 311,260 | loss 3.9195 | lr 1.20e-04 | 1336 tok/s | fwd_bwd 5968ms data 0ms clip 20ms optim 112ms step 6108ms mem 1452/3311MB
step 311,270 | loss 3.4832 | lr 1.20e-04 | 1335 tok/s | fwd_bwd 5964ms data 0ms clip 20ms optim 111ms step 6101ms mem 1493/3311MB
step 311,280 | loss 3.1652 | lr 1.20e-04 | 1336 tok/s | fwd_bwd 5990ms data 0ms clip 20ms optim 111ms step 6126ms mem 1493/3311MB
step 311,290 | loss 3.8393 | lr 1.20e-04 | 1334 tok/s | fwd_bwd 5999ms data 0ms clip 20ms optim 111ms step 6139ms mem 1452/3311MB
step 311,300 | loss 4.5420 | lr 1.20e-04 | 1334 tok/s | fwd_bwd 5985ms data 0ms clip 20ms optim 112ms step 6128ms mem 1493/3311MB
step 311,310 | loss 3.8080 | lr 1.20e-04 | 1334 tok/s | fwd_bwd 5998ms data 0ms clip 20ms optim 112ms step 6137ms mem 1493/3311MB
step 311,320 | loss 3.0961 | lr 1.20e-04 | 1333 tok/s | fwd_bwd 5992ms data 0ms clip 20ms optim 111ms step 6133ms mem 1452/3311MB
step 311,330 | loss 4.3008 | lr 1.20e-04 | 1334 tok/s | fwd_bwd 5982ms data 1ms clip 20ms optim 111ms step 6126ms mem 1452/3311MB
step 311,340 | loss 4.5252 | lr 1.20e-04 | 1335 tok/s | fwd_bwd 5985ms data 0ms clip 20ms optim 112ms step 6123ms mem 1452/3311MB
step 311,350 | loss 4.8036 | lr 1.20e-04 | 1334 tok/s | fwd_bwd 5984ms data 0ms clip 20ms optim 112ms step 6119ms mem 1493/3311MB
step 311,360 | loss 2.3524 | lr 1.20e-04 | 1338 tok/s | fwd_bwd 5966ms data 0ms clip 20ms optim 111ms step 6106ms mem 1493/3311MB
step 311,370 | loss 3.0849 | lr 1.20e-04 | 1339 tok/s | fwd_bwd 5959ms data 0ms clip 20ms optim 111ms step 6098ms mem 1493/3311MB
step 311,380 | loss 3.9532 | lr 1.20e-04 | 1335 tok/s | fwd_bwd 6026ms data 1ms clip 20ms optim 111ms step 6173ms mem 1493/3311MB
step 311,390 | loss 4.1093 | lr 1.20e-04 | 1328 tok/s | fwd_bwd 6013ms data 0ms clip 20ms optim 112ms step 6152ms mem 1493/3311MB
step 311,400 | loss 3.6773 | lr 1.20e-04 | 1331 tok/s | fwd_bwd 5910ms data 1ms clip 20ms optim 112ms step 6057ms mem 1452/3311MB
step 311,410 | loss 4.0646 | lr 1.20e-04 | 1335 tok/s | fwd_bwd 5998ms data 0ms clip 20ms optim 111ms step 6135ms mem 1451/3311MB
step 311,420 | loss 3.9026 | lr 1.20e-04 | 1334 tok/s | fwd_bwd 5985ms data 1ms clip 20ms optim 111ms step 6133ms mem 1493/3311MB
step 311,430 | loss 3.5311 | lr 1.20e-04 | 1335 tok/s | fwd_bwd 5995ms data 0ms clip 20ms optim 111ms step 6130ms mem 1451/3311MB
step 311,440 | loss 3.5275 | lr 1.20e-04 | 1326 tok/s | fwd_bwd 6074ms data 0ms clip 20ms optim 111ms step 6215ms mem 1493/3311MB
step 311,450 | loss 3.5691 | lr 1.20e-04 | 1301 tok/s | fwd_bwd 6048ms data 0ms clip 20ms optim 113ms step 6185ms mem 1452/3311MB
step 311,460 | loss 4.0862 | lr 1.20e-04 | 1325 tok/s | fwd_bwd 5970ms data 0ms clip 20ms optim 111ms step 6111ms mem 1493/3311MB
step 311,470 | loss 3.7774 | lr 1.20e-04 | 1336 tok/s | fwd_bwd 5970ms data 0ms clip 20ms optim 111ms step 6109ms mem 1493/3311MB
step 311,480 | loss 3.1808 | lr 1.20e-04 | 1331 tok/s | fwd_bwd 6052ms data 0ms clip 20ms optim 112ms step 6190ms mem 1493/3311MB
step 311,490 | loss 4.3088 | lr 1.20e-04 | 1331 tok/s | fwd_bwd 6022ms data 0ms clip 20ms optim 111ms step 6162ms mem 1493/3311MB
step 311,500 | loss 4.1767 | lr 1.20e-04 | 1333 tok/s | fwd_bwd 5968ms data 0ms clip 20ms optim 111ms step 6110ms mem 1493/3311MB
  [eval] step 311500 | val_loss 3.6585 | ppl 38.80
step 311,510 | loss 3.9249 | lr 1.20e-04 | 755 tok/s | fwd_bwd 5982ms data 1ms clip 20ms optim 111ms step 6133ms mem 1493/3311MB
step 311,520 | loss 3.4070 | lr 1.20e-04 | 1343 tok/s | fwd_bwd 5924ms data 0ms clip 20ms optim 111ms step 6063ms mem 1452/3311MB
step 311,530 | loss 4.2746 | lr 1.20e-04 | 1344 tok/s | fwd_bwd 5959ms data 1ms clip 21ms optim 113ms step 6112ms mem 1493/3311MB
step 311,540 | loss 2.7790 | lr 1.20e-04 | 1330 tok/s | fwd_bwd 6028ms data 0ms clip 20ms optim 111ms step 6165ms mem 1493/3311MB
step 311,550 | loss 4.2124 | lr 1.20e-04 | 1347 tok/s | fwd_bwd 5946ms data 1ms clip 22ms optim 112ms step 6099ms mem 1493/3311MB
step 311,560 | loss 3.8505 | lr 1.20e-04 | 1354 tok/s | fwd_bwd 5883ms data 1ms clip 20ms optim 111ms step 6028ms mem 1493/3311MB
step 311,570 | loss 4.0422 | lr 1.20e-04 | 1354 tok/s | fwd_bwd 5861ms data 1ms clip 20ms optim 110ms step 6007ms mem 1493/3311MB
step 311,580 | loss 3.6833 | lr 1.20e-04 | 1354 tok/s | fwd_bwd 5906ms data 1ms clip 20ms optim 111ms step 6053ms mem 1452/3311MB
step 311,590 | loss 3.2367 | lr 1.20e-04 | 1350 tok/s | fwd_bwd 5897ms data 0ms clip 20ms optim 111ms step 6035ms mem 1493/3311MB
step 311,600 | loss 4.1396 | lr 1.20e-04 | 1350 tok/s | fwd_bwd 5909ms data 0ms clip 20ms optim 111ms step 6048ms mem 1493/3311MB
step 311,610 | loss 3.8037 | lr 1.20e-04 | 1349 tok/s | fwd_bwd 5922ms data 0ms clip 20ms optim 111ms step 6059ms mem 1493/3311MB
step 311,620 | loss 3.7769 | lr 1.20e-04 | 1345 tok/s | fwd_bwd 5943ms data 0ms clip 20ms optim 111ms step 6080ms mem 1493/3311MB
step 311,630 | loss 3.2034 | lr 1.20e-04 | 1342 tok/s | fwd_bwd 5947ms data 1ms clip 20ms optim 111ms step 6093ms mem 1493/3311MB
step 311,640 | loss 3.0591 | lr 1.20e-04 | 1342 tok/s | fwd_bwd 5941ms data 1ms clip 20ms optim 112ms step 6086ms mem 1493/3311MB
step 311,650 | loss 3.4915 | lr 1.20e-04 | 1337 tok/s | fwd_bwd 5977ms data 0ms clip 20ms optim 112ms step 6119ms mem 1493/3311MB
step 311,660 | loss 4.0598 | lr 1.20e-04 | 1334 tok/s | fwd_bwd 5946ms data 0ms clip 20ms optim 112ms step 6086ms mem 1493/3311MB
step 311,670 | loss 3.4673 | lr 1.20e-04 | 1337 tok/s | fwd_bwd 5938ms data 0ms clip 20ms optim 111ms step 6078ms mem 1493/3311MB
step 311,680 | loss 3.7256 | lr 1.20e-04 | 1336 tok/s | fwd_bwd 5953ms data 0ms clip 20ms optim 110ms step 6092ms mem 1493/3311MB
step 311,690 | loss 3.8223 | lr 1.20e-04 | 1337 tok/s | fwd_bwd 5862ms data 1ms clip 20ms optim 112ms step 6007ms mem 1493/3311MB
step 311,700 | loss 3.3651 | lr 1.20e-04 | 1335 tok/s | fwd_bwd 5981ms data 0ms clip 20ms optim 112ms step 6119ms mem 1493/3311MB
step 311,710 | loss 3.6694 | lr 1.20e-04 | 1334 tok/s | fwd_bwd 5978ms data 0ms clip 20ms optim 111ms step 6116ms mem 1493/3311MB
step 311,720 | loss 3.9936 | lr 1.20e-04 | 1333 tok/s | fwd_bwd 5999ms data 0ms clip 20ms optim 112ms step 6135ms mem 1493/3311MB
step 311,730 | loss 3.6762 | lr 1.20e-04 | 1324 tok/s | fwd_bwd 6011ms data 0ms clip 20ms optim 111ms step 6145ms mem 1493/3311MB
Checkpoint saved: checkpoints/step_311734
  Pruning old checkpoint: checkpoints/step_310581
step 311,740 | loss 3.7402 | lr 1.20e-04 | 1310 tok/s | fwd_bwd 6089ms data 1ms clip 22ms optim 120ms step 6250ms mem 1493/3311MB
step 311,750 | loss 4.1431 | lr 1.20e-04 | 1327 tok/s | fwd_bwd 6005ms data 0ms clip 20ms optim 112ms step 6144ms mem 1493/3311MB
step 311,760 | loss 3.9611 | lr 1.20e-04 | 1329 tok/s | fwd_bwd 6016ms data 0ms clip 20ms optim 113ms step 6155ms mem 1493/3311MB
step 311,770 | loss 4.1835 | lr 1.20e-04 | 1323 tok/s | fwd_bwd 6038ms data 0ms clip 20ms optim 112ms step 6177ms mem 1493/3311MB
step 311,780 | loss 3.2105 | lr 1.20e-04 | 1315 tok/s | fwd_bwd 6018ms data 0ms clip 20ms optim 112ms step 6160ms mem 1493/3311MB
step 311,790 | loss 3.4100 | lr 1.20e-04 | 1313 tok/s | fwd_bwd 6060ms data 0ms clip 20ms optim 112ms step 6198ms mem 1493/3311MB
step 311,800 | loss 3.9259 | lr 1.20e-04 | 1328 tok/s | fwd_bwd 6005ms data 0ms clip 20ms optim 112ms step 6145ms mem 1493/3311MB
step 311,810 | loss 4.1486 | lr 1.20e-04 | 1325 tok/s | fwd_bwd 6041ms data 0ms clip 20ms optim 111ms step 6178ms mem 1493/3311MB
step 311,820 | loss 3.7493 | lr 1.20e-04 | 1321 tok/s | fwd_bwd 6059ms data 0ms clip 20ms optim 111ms step 6198ms mem 1493/3311MB
step 311,830 | loss 3.2772 | lr 1.20e-04 | 1319 tok/s | fwd_bwd 6038ms data 0ms clip 20ms optim 111ms step 6173ms mem 1493/3311MB
step 311,840 | loss 3.7441 | lr 1.20e-04 | 1320 tok/s | fwd_bwd 6059ms data 0ms clip 20ms optim 111ms step 6198ms mem 1493/3311MB
step 311,850 | loss 2.9194 | lr 1.20e-04 | 1307 tok/s | fwd_bwd 6232ms data 1ms clip 20ms optim 112ms step 6382ms mem 1493/3311MB
step 311,860 | loss 3.7000 | lr 1.20e-04 | 1318 tok/s | fwd_bwd 6067ms data 0ms clip 20ms optim 111ms step 6204ms mem 1493/3311MB
step 311,870 | loss 3.8188 | lr 1.20e-04 | 1314 tok/s | fwd_bwd 6052ms data 0ms clip 20ms optim 111ms step 6189ms mem 1493/3311MB
step 311,880 | loss 3.1365 | lr 1.20e-04 | 1319 tok/s | fwd_bwd 6050ms data 1ms clip 20ms optim 111ms step 6193ms mem 1493/3311MB
step 311,890 | loss 4.1520 | lr 1.20e-04 | 1316 tok/s | fwd_bwd 6061ms data 0ms clip 20ms optim 111ms step 6198ms mem 1493/3311MB
step 311,900 | loss 3.9300 | lr 1.20e-04 | 1315 tok/s | fwd_bwd 6065ms data 0ms clip 20ms optim 111ms step 6205ms mem 1493/3311MB
step 311,910 | loss 3.6527 | lr 1.20e-04 | 1315 tok/s | fwd_bwd 6073ms data 0ms clip 20ms optim 111ms step 6212ms mem 1493/3311MB
step 311,920 | loss 4.1084 | lr 1.20e-04 | 1313 tok/s | fwd_bwd 6061ms data 0ms clip 20ms optim 111ms step 6198ms mem 1493/3311MB
step 311,930 | loss 4.2181 | lr 1.20e-04 | 1314 tok/s | fwd_bwd 6051ms data 0ms clip 20ms optim 111ms step 6186ms mem 1493/3311MB
step 311,940 | loss 1.7863 | lr 1.20e-04 | 1319 tok/s | fwd_bwd 6037ms data 0ms clip 20ms optim 111ms step 6174ms mem 1493/3311MB
step 311,950 | loss 3.8205 | lr 1.20e-04 | 1323 tok/s | fwd_bwd 6035ms data 0ms clip 20ms optim 111ms step 6172ms mem 1458/3311MB
step 311,960 | loss 3.8651 | lr 1.20e-04 | 1321 tok/s | fwd_bwd 6039ms data 0ms clip 20ms optim 111ms step 6178ms mem 1493/3311MB
step 311,970 | loss 4.1398 | lr 1.20e-04 | 1319 tok/s | fwd_bwd 6022ms data 0ms clip 20ms optim 111ms step 6163ms mem 1493/3311MB
step 311,980 | loss 3.3568 | lr 1.20e-04 | 1320 tok/s | fwd_bwd 6098ms data 1ms clip 20ms optim 112ms step 6246ms mem 1493/3311MB
step 311,990 | loss 1.4304 | lr 1.20e-04 | 1322 tok/s | fwd_bwd 6050ms data 0ms clip 20ms optim 111ms step 6192ms mem 1493/3311MB
step 312,000 | loss 3.7715 | lr 1.20e-04 | 1317 tok/s | fwd_bwd 6074ms data 0ms clip 20ms optim 112ms step 6209ms mem 1493/3311MB
  [eval] step 312000 | val_loss 3.6828 | ppl 39.76
Checkpoint saved: checkpoints/step_312000
  [samples] wrote checkpoints/step_312000/samples.txt
  Pruning old checkpoint: checkpoints/step_311000
step 312,010 | loss 3.7190 | lr 1.20e-04 | 559 tok/s | fwd_bwd 6127ms data 0ms clip 20ms optim 111ms step 6266ms mem 1493/3311MB
step 312,020 | loss 3.6732 | lr 1.20e-04 | 1315 tok/s | fwd_bwd 6059ms data 1ms clip 20ms optim 111ms step 6206ms mem 1493/3311MB
step 312,030 | loss 3.1264 | lr 1.20e-04 | 1321 tok/s | fwd_bwd 6031ms data 0ms clip 20ms optim 111ms step 6171ms mem 1493/3311MB
step 312,040 | loss 3.5697 | lr 1.20e-04 | 1325 tok/s | fwd_bwd 6016ms data 0ms clip 20ms optim 111ms step 6152ms mem 1493/3311MB
step 312,050 | loss 1.7641 | lr 1.20e-04 | 1327 tok/s | fwd_bwd 6004ms data 1ms clip 20ms optim 111ms step 6149ms mem 1493/3311MB
step 312,060 | loss 3.7425 | lr 1.20e-04 | 1328 tok/s | fwd_bwd 6001ms data 0ms clip 20ms optim 111ms step 6140ms mem 1493/3311MB
step 312,070 | loss 4.1766 | lr 1.20e-04 | 1330 tok/s | fwd_bwd 5994ms data 0ms clip 20ms optim 111ms step 6130ms mem 1493/3311MB
step 312,080 | loss 3.6227 | lr 1.20e-04 | 1330 tok/s | fwd_bwd 6003ms data 0ms clip 20ms optim 111ms step 6140ms mem 1493/3311MB
step 312,090 | loss 3.5427 | lr 1.20e-04 | 1330 tok/s | fwd_bwd 5999ms data 0ms clip 20ms optim 111ms step 6134ms mem 1493/3311MB
step 312,100 | loss 4.3184 | lr 1.20e-04 | 1328 tok/s | fwd_bwd 6017ms data 0ms clip 20ms optim 111ms step 6154ms mem 1493/3311MB
step 312,110 | loss 4.6048 | lr 1.20e-04 | 1327 tok/s | fwd_bwd 6010ms data 0ms clip 20ms optim 111ms step 6148ms mem 1493/3311MB
step 312,120 | loss 3.9644 | lr 1.20e-04 | 1328 tok/s | fwd_bwd 5991ms data 0ms clip 20ms optim 111ms step 6131ms mem 1493/3311MB
step 312,130 | loss 4.4997 | lr 1.20e-04 | 1327 tok/s | fwd_bwd 6068ms data 1ms clip 23ms optim 119ms step 6230ms mem 1493/3311MB
step 312,140 | loss 4.1589 | lr 1.20e-04 | 1329 tok/s | fwd_bwd 6018ms data 1ms clip 20ms optim 111ms step 6163ms mem 1493/3311MB
step 312,150 | loss 4.1942 | lr 1.20e-04 | 1327 tok/s | fwd_bwd 6014ms data 0ms clip 20ms optim 111ms step 6150ms mem 1493/3311MB
step 312,160 | loss 3.1990 | lr 1.20e-04 | 1327 tok/s | fwd_bwd 6027ms data 1ms clip 20ms optim 111ms step 6176ms mem 1493/3311MB
step 312,170 | loss 3.7980 | lr 1.20e-04 | 1330 tok/s | fwd_bwd 6002ms data 0ms clip 20ms optim 111ms step 6146ms mem 1493/3311MB
step 312,180 | loss 3.4642 | lr 1.20e-04 | 1327 tok/s | fwd_bwd 5959ms data 1ms clip 20ms optim 111ms step 6108ms mem 1493/3311MB
step 312,190 | loss 3.4311 | lr 1.20e-04 | 1323 tok/s | fwd_bwd 6026ms data 0ms clip 20ms optim 111ms step 6164ms mem 1493/3311MB
step 312,200 | loss 4.4350 | lr 1.20e-04 | 1322 tok/s | fwd_bwd 6067ms data 1ms clip 23ms optim 123ms step 6234ms mem 1493/3311MB
step 312,210 | loss 3.7183 | lr 1.20e-04 | 1328 tok/s | fwd_bwd 6015ms data 0ms clip 20ms optim 112ms step 6157ms mem 1493/3311MB
step 312,220 | loss 4.5151 | lr 1.20e-04 | 1327 tok/s | fwd_bwd 6028ms data 0ms clip 20ms optim 112ms step 6171ms mem 1490/3311MB
step 312,230 | loss 3.6963 | lr 1.20e-04 | 1322 tok/s | fwd_bwd 6045ms data 0ms clip 20ms optim 111ms step 6183ms mem 1493/3311MB
step 312,240 | loss 4.4697 | lr 1.20e-04 | 1323 tok/s | fwd_bwd 6014ms data 0ms clip 20ms optim 112ms step 6155ms mem 1493/3311MB
step 312,250 | loss 3.7999 | lr 1.20e-04 | 1324 tok/s | fwd_bwd 6022ms data 0ms clip 20ms optim 112ms step 6162ms mem 1493/3311MB
step 312,260 | loss 3.8074 | lr 1.20e-04 | 1326 tok/s | fwd_bwd 6022ms data 0ms clip 20ms optim 111ms step 6159ms mem 1493/3311MB
step 312,270 | loss 4.1075 | lr 1.20e-04 | 1323 tok/s | fwd_bwd 6038ms data 0ms clip 20ms optim 112ms step 6178ms mem 1493/3311MB
step 312,280 | loss 3.7564 | lr 1.20e-04 | 1324 tok/s | fwd_bwd 5941ms data 1ms clip 20ms optim 112ms step 6087ms mem 1493/3311MB
step 312,290 | loss 3.8048 | lr 1.20e-04 | 1325 tok/s | fwd_bwd 6051ms data 0ms clip 20ms optim 112ms step 6191ms mem 1493/3311MB
step 312,300 | loss 4.3053 | lr 1.20e-04 | 1311 tok/s | fwd_bwd 6114ms data 1ms clip 21ms optim 111ms step 6256ms mem 1493/3311MB
Checkpoint saved: checkpoints/step_312302
  Pruning old checkpoint: checkpoints/step_311154
step 312,310 | loss 4.0398 | lr 1.20e-04 | 1309 tok/s | fwd_bwd 6032ms data 0ms clip 20ms optim 111ms step 6170ms mem 1493/3311MB
step 312,320 | loss 3.4398 | lr 1.20e-04 | 1323 tok/s | fwd_bwd 6014ms data 0ms clip 20ms optim 111ms step 6155ms mem 1493/3311MB
step 312,330 | loss 4.4332 | lr 1.20e-04 | 1324 tok/s | fwd_bwd 6031ms data 0ms clip 20ms optim 111ms step 6170ms mem 1493/3311MB
step 312,340 | loss 2.1395 | lr 1.20e-04 | 1322 tok/s | fwd_bwd 6041ms data 0ms clip 20ms optim 111ms step 6177ms mem 1493/3311MB
step 312,350 | loss 3.4838 | lr 1.20e-04 | 1320 tok/s | fwd_bwd 6025ms data 0ms clip 20ms optim 111ms step 6159ms mem 1452/3311MB
step 312,360 | loss 3.2124 | lr 1.20e-04 | 1324 tok/s | fwd_bwd 6040ms data 0ms clip 20ms optim 111ms step 6180ms mem 1493/3311MB
step 312,370 | loss 2.8496 | lr 1.20e-04 | 1324 tok/s | fwd_bwd 6027ms data 0ms clip 20ms optim 111ms step 6164ms mem 1452/3311MB
step 312,380 | loss 1.9034 | lr 1.20e-04 | 1324 tok/s | fwd_bwd 6038ms data 0ms clip 20ms optim 112ms step 6178ms mem 1493/3311MB
step 312,390 | loss 4.0163 | lr 1.20e-04 | 1320 tok/s | fwd_bwd 6079ms data 0ms clip 20ms optim 111ms step 6216ms mem 1493/3311MB
step 312,400 | loss 3.8388 | lr 1.20e-04 | 1319 tok/s | fwd_bwd 6029ms data 0ms clip 20ms optim 111ms step 6166ms mem 1493/3311MB
step 312,410 | loss 1.4880 | lr 1.20e-04 | 1329 tok/s | fwd_bwd 5984ms data 0ms clip 20ms optim 111ms step 6126ms mem 1493/3311MB
step 312,420 | loss 3.1414 | lr 1.20e-04 | 1332 tok/s | fwd_bwd 5994ms data 0ms clip 20ms optim 111ms step 6134ms mem 1493/3311MB
step 312,430 | loss 3.8361 | lr 1.20e-04 | 1339 tok/s | fwd_bwd 5948ms data 0ms clip 20ms optim 111ms step 6083ms mem 1493/3311MB
step 312,440 | loss 1.8532 | lr 1.20e-04 | 1345 tok/s | fwd_bwd 5938ms data 0ms clip 20ms optim 111ms step 6074ms mem 1493/3311MB
step 312,450 | loss 3.5721 | lr 1.20e-04 | 1347 tok/s | fwd_bwd 5922ms data 0ms clip 20ms optim 111ms step 6063ms mem 1493/3311MB
step 312,460 | loss 4.3125 | lr 1.20e-04 | 1349 tok/s | fwd_bwd 5907ms data 0ms clip 20ms optim 111ms step 6045ms mem 1493/3311MB
step 312,470 | loss 3.9744 | lr 1.20e-04 | 1353 tok/s | fwd_bwd 5894ms data 0ms clip 20ms optim 111ms step 6032ms mem 1452/3311MB
step 312,480 | loss 3.7078 | lr 1.20e-04 | 1354 tok/s | fwd_bwd 5886ms data 0ms clip 20ms optim 112ms step 6026ms mem 1493/3311MB
step 312,490 | loss 3.6765 | lr 1.20e-04 | 1359 tok/s | fwd_bwd 5891ms data 0ms clip 20ms optim 111ms step 6026ms mem 1452/3311MB
step 312,500 | loss 3.7650 | lr 1.20e-04 | 1354 tok/s | fwd_bwd 5905ms data 0ms clip 20ms optim 111ms step 6045ms mem 1493/3311MB
  [eval] step 312500 | val_loss 3.6059 | ppl 36.81
step 312,510 | loss 0.1844 | lr 1.20e-04 | 764 tok/s | fwd_bwd 5854ms data 0ms clip 20ms optim 111ms step 5997ms mem 1493/3311MB
step 312,520 | loss 0.1653 | lr 1.20e-04 | 1354 tok/s | fwd_bwd 5898ms data 0ms clip 20ms optim 111ms step 6036ms mem 1452/3311MB
step 312,530 | loss 3.4857 | lr 1.20e-04 | 1354 tok/s | fwd_bwd 5900ms data 0ms clip 20ms optim 111ms step 6037ms mem 1493/3311MB
step 312,540 | loss 3.6930 | lr 1.20e-04 | 1357 tok/s | fwd_bwd 5883ms data 0ms clip 20ms optim 111ms step 6020ms mem 1451/3311MB
step 312,550 | loss 3.6732 | lr 1.20e-04 | 1357 tok/s | fwd_bwd 5879ms data 0ms clip 20ms optim 111ms step 6018ms mem 1493/3311MB
step 312,560 | loss 3.3379 | lr 1.20e-04 | 1361 tok/s | fwd_bwd 5838ms data 1ms clip 20ms optim 111ms step 5984ms mem 1452/3311MB
step 312,570 | loss 4.2303 | lr 1.20e-04 | 1360 tok/s | fwd_bwd 5806ms data 0ms clip 20ms optim 111ms step 5943ms mem 1452/3311MB
step 312,580 | loss 3.8573 | lr 1.20e-04 | 1354 tok/s | fwd_bwd 5996ms data 0ms clip 20ms optim 112ms step 6136ms mem 1493/3311MB
step 312,590 | loss 4.0844 | lr 1.20e-04 | 1350 tok/s | fwd_bwd 5916ms data 1ms clip 20ms optim 111ms step 6061ms mem 1470/3311MB
step 312,600 | loss 3.8195 | lr 1.20e-04 | 1345 tok/s | fwd_bwd 5949ms data 1ms clip 20ms optim 111ms step 6097ms mem 1493/3311MB
step 312,610 | loss 3.7997 | lr 1.20e-04 | 1344 tok/s | fwd_bwd 5941ms data 0ms clip 20ms optim 111ms step 6078ms mem 1493/3311MB
step 312,620 | loss 3.4274 | lr 1.20e-04 | 1340 tok/s | fwd_bwd 5970ms data 0ms clip 20ms optim 111ms step 6109ms mem 1452/3311MB
step 312,630 | loss 3.5043 | lr 1.20e-04 | 1341 tok/s | fwd_bwd 5948ms data 0ms clip 20ms optim 111ms step 6085ms mem 1493/3311MB
step 312,640 | loss 4.4909 | lr 1.20e-04 | 1340 tok/s | fwd_bwd 6002ms data 1ms clip 23ms optim 119ms step 6163ms mem 1493/3311MB
step 312,650 | loss 3.8981 | lr 1.20e-04 | 1340 tok/s | fwd_bwd 5975ms data 0ms clip 20ms optim 111ms step 6114ms mem 1493/3311MB
step 312,660 | loss 3.3855 | lr 1.20e-04 | 1334 tok/s | fwd_bwd 5990ms data 0ms clip 20ms optim 111ms step 6127ms mem 1452/3311MB
step 312,670 | loss 3.4036 | lr 1.20e-04 | 1335 tok/s | fwd_bwd 5983ms data 0ms clip 20ms optim 111ms step 6122ms mem 1493/3311MB
step 312,680 | loss 4.6414 | lr 1.20e-04 | 1333 tok/s | fwd_bwd 6008ms data 0ms clip 20ms optim 111ms step 6145ms mem 1452/3311MB
step 312,690 | loss 3.9684 | lr 1.20e-04 | 1329 tok/s | fwd_bwd 6008ms data 0ms clip 20ms optim 111ms step 6147ms mem 1493/3311MB
step 312,700 | loss 3.9130 | lr 1.20e-04 | 1324 tok/s | fwd_bwd 6038ms data 1ms clip 20ms optim 111ms step 6184ms mem 1452/3311MB
step 312,710 | loss 4.7958 | lr 1.20e-04 | 1325 tok/s | fwd_bwd 6006ms data 0ms clip 20ms optim 111ms step 6145ms mem 1493/3311MB
step 312,720 | loss 4.0569 | lr 1.20e-04 | 1323 tok/s | fwd_bwd 6033ms data 0ms clip 20ms optim 111ms step 6168ms mem 1493/3311MB
step 312,730 | loss 4.1862 | lr 1.20e-04 | 1320 tok/s | fwd_bwd 6047ms data 0ms clip 20ms optim 111ms step 6187ms mem 1451/3311MB
step 312,740 | loss 3.6758 | lr 1.20e-04 | 1322 tok/s | fwd_bwd 6030ms data 0ms clip 20ms optim 111ms step 6168ms mem 1493/3311MB
step 312,750 | loss 2.9156 | lr 1.20e-04 | 1324 tok/s | fwd_bwd 6026ms data 0ms clip 20ms optim 111ms step 6164ms mem 1493/3311MB
step 312,760 | loss 4.4384 | lr 1.20e-04 | 1326 tok/s | fwd_bwd 6048ms data 1ms clip 20ms optim 112ms step 6194ms mem 1493/3311MB
step 312,770 | loss 3.8173 | lr 1.20e-04 | 1322 tok/s | fwd_bwd 6045ms data 0ms clip 20ms optim 111ms step 6184ms mem 1493/3311MB
step 312,780 | loss 3.9325 | lr 1.20e-04 | 1323 tok/s | fwd_bwd 6023ms data 1ms clip 20ms optim 112ms step 6167ms mem 1493/3311MB
step 312,790 | loss 3.2126 | lr 1.20e-04 | 1325 tok/s | fwd_bwd 6024ms data 0ms clip 20ms optim 111ms step 6163ms mem 1493/3311MB
step 312,800 | loss 3.8987 | lr 1.20e-04 | 1325 tok/s | fwd_bwd 6071ms data 1ms clip 20ms optim 113ms step 6223ms mem 1492/3311MB
step 312,810 | loss 4.7320 | lr 1.20e-04 | 1326 tok/s | fwd_bwd 6040ms data 0ms clip 20ms optim 111ms step 6176ms mem 1493/3311MB
step 312,820 | loss 3.9186 | lr 1.20e-04 | 1322 tok/s | fwd_bwd 6028ms data 0ms clip 20ms optim 111ms step 6162ms mem 1493/3311MB
step 312,830 | loss 4.3881 | lr 1.20e-04 | 1329 tok/s | fwd_bwd 6001ms data 0ms clip 20ms optim 111ms step 6139ms mem 1493/3311MB
step 312,840 | loss 3.4200 | lr 1.20e-04 | 1336 tok/s | fwd_bwd 5955ms data 1ms clip 20ms optim 111ms step 6100ms mem 1493/3311MB
step 312,850 | loss 3.7999 | lr 1.20e-04 | 1338 tok/s | fwd_bwd 5991ms data 0ms clip 20ms optim 111ms step 6128ms mem 1493/3311MB
step 312,860 | loss 3.6002 | lr 1.20e-04 | 1336 tok/s | fwd_bwd 5986ms data 0ms clip 21ms optim 113ms step 6124ms mem 1493/3311MB
step 312,870 | loss 3.6344 | lr 1.20e-04 | 1334 tok/s | fwd_bwd 5989ms data 0ms clip 20ms optim 111ms step 6124ms mem 1493/3311MB
step 312,880 | loss 3.1742 | lr 1.20e-04 | 1276 tok/s | fwd_bwd 6358ms data 1ms clip 20ms optim 111ms step 6498ms mem 1493/3311MB
Checkpoint saved: checkpoints/step_312881
  Pruning old checkpoint: checkpoints/step_311734
step 312,890 | loss 3.6767 | lr 1.20e-04 | 1278 tok/s | fwd_bwd 6107ms data 0ms clip 20ms optim 111ms step 6241ms mem 1493/3311MB
step 312,900 | loss 3.8185 | lr 1.20e-04 | 1317 tok/s | fwd_bwd 6016ms data 0ms clip 20ms optim 111ms step 6157ms mem 1493/3311MB
step 312,910 | loss 2.8158 | lr 1.20e-04 | 1326 tok/s | fwd_bwd 5999ms data 0ms clip 20ms optim 111ms step 6138ms mem 1493/3311MB
step 312,920 | loss 4.2773 | lr 1.20e-04 | 1329 tok/s | fwd_bwd 5993ms data 0ms clip 20ms optim 111ms step 6131ms mem 1493/3311MB
step 312,930 | loss 3.3965 | lr 1.20e-04 | 1327 tok/s | fwd_bwd 6001ms data 0ms clip 20ms optim 111ms step 6137ms mem 1452/3311MB
step 312,940 | loss 3.3420 | lr 1.20e-04 | 1329 tok/s | fwd_bwd 6003ms data 0ms clip 20ms optim 111ms step 6145ms mem 1493/3311MB
step 312,950 | loss 4.0054 | lr 1.20e-04 | 1327 tok/s | fwd_bwd 6010ms data 0ms clip 20ms optim 111ms step 6147ms mem 1493/3311MB
step 312,960 | loss 4.1647 | lr 1.20e-04 | 1326 tok/s | fwd_bwd 6014ms data 0ms clip 20ms optim 111ms step 6148ms mem 1493/3311MB
step 312,970 | loss 3.5860 | lr 1.20e-04 | 1327 tok/s | fwd_bwd 6017ms data 0ms clip 20ms optim 111ms step 6152ms mem 1493/3311MB
step 312,980 | loss 4.7100 | lr 1.20e-04 | 1326 tok/s | fwd_bwd 6010ms data 1ms clip 20ms optim 111ms step 6156ms mem 1493/3311MB
step 312,990 | loss 3.6945 | lr 1.20e-04 | 1323 tok/s | fwd_bwd 6049ms data 0ms clip 20ms optim 112ms step 6187ms mem 1493/3311MB
step 313,000 | loss 2.9738 | lr 1.20e-04 | 1312 tok/s | fwd_bwd 6074ms data 0ms clip 20ms optim 111ms step 6209ms mem 1493/3311MB
  [eval] step 313000 | val_loss 3.4601 | ppl 31.82
Checkpoint saved: checkpoints/step_313000
  [samples] wrote checkpoints/step_313000/samples.txt
  Pruning old checkpoint: checkpoints/step_312000
step 313,010 | loss 3.1041 | lr 1.20e-04 | 559 tok/s | fwd_bwd 6085ms data 0ms clip 20ms optim 112ms step 6223ms mem 1493/3311MB
step 313,020 | loss 4.1333 | lr 1.20e-04 | 1315 tok/s | fwd_bwd 6062ms data 0ms clip 20ms optim 112ms step 6198ms mem 1493/3311MB
step 313,030 | loss 3.9779 | lr 1.20e-04 | 1315 tok/s | fwd_bwd 6104ms data 1ms clip 20ms optim 111ms step 6251ms mem 1493/3311MB
step 313,040 | loss 4.0245 | lr 1.20e-04 | 1315 tok/s | fwd_bwd 6069ms data 0ms clip 20ms optim 111ms step 6211ms mem 1493/3311MB
step 313,050 | loss 3.3131 | lr 1.20e-04 | 1313 tok/s | fwd_bwd 6065ms data 0ms clip 20ms optim 111ms step 6202ms mem 1493/3311MB
step 313,060 | loss 4.4052 | lr 1.20e-04 | 1315 tok/s | fwd_bwd 6063ms data 0ms clip 20ms optim 111ms step 6201ms mem 1493/3311MB
step 313,070 | loss 2.8202 | lr 1.20e-04 | 1315 tok/s | fwd_bwd 6054ms data 0ms clip 20ms optim 111ms step 6191ms mem 1493/3311MB
step 313,080 | loss 3.4017 | lr 1.20e-04 | 1314 tok/s | fwd_bwd 6073ms data 0ms clip 20ms optim 111ms step 6209ms mem 1493/3311MB
step 313,090 | loss 3.7689 | lr 1.20e-04 | 1314 tok/s | fwd_bwd 6058ms data 0ms clip 20ms optim 111ms step 6199ms mem 1493/3311MB
step 313,100 | loss 3.9609 | lr 1.20e-04 | 1314 tok/s | fwd_bwd 6076ms data 0ms clip 20ms optim 111ms step 6213ms mem 1493/3311MB
step 313,110 | loss 3.4021 | lr 1.20e-04 | 1310 tok/s | fwd_bwd 6067ms data 0ms clip 20ms optim 111ms step 6207ms mem 1493/3311MB
step 313,120 | loss 3.3133 | lr 1.20e-04 | 1319 tok/s | fwd_bwd 6036ms data 0ms clip 20ms optim 111ms step 6171ms mem 1493/3311MB
step 313,130 | loss 3.9136 | lr 1.20e-04 | 1318 tok/s | fwd_bwd 6061ms data 0ms clip 20ms optim 111ms step 6199ms mem 1493/3311MB
step 313,140 | loss 3.5288 | lr 1.20e-04 | 1314 tok/s | fwd_bwd 6079ms data 0ms clip 20ms optim 113ms step 6220ms mem 1493/3311MB
step 313,150 | loss 3.9801 | lr 1.20e-04 | 1307 tok/s | fwd_bwd 6168ms data 0ms clip 20ms optim 114ms step 6309ms mem 1493/3311MB
step 313,160 | loss 2.7784 | lr 1.20e-04 | 1306 tok/s | fwd_bwd 6097ms data 1ms clip 20ms optim 111ms step 6239ms mem 1493/3311MB
step 313,170 | loss 3.9027 | lr 1.20e-04 | 1311 tok/s | fwd_bwd 6064ms data 0ms clip 20ms optim 111ms step 6202ms mem 1493/3311MB
step 313,180 | loss 3.6802 | lr 1.20e-04 | 1312 tok/s | fwd_bwd 6085ms data 0ms clip 20ms optim 112ms step 6227ms mem 1452/3311MB
step 313,190 | loss 3.8622 | lr 1.20e-04 | 1308 tok/s | fwd_bwd 6107ms data 0ms clip 20ms optim 111ms step 6244ms mem 1493/3311MB
step 313,200 | loss 3.8853 | lr 1.20e-04 | 1302 tok/s | fwd_bwd 6142ms data 0ms clip 20ms optim 111ms step 6285ms mem 1493/3311MB
step 313,210 | loss 3.3640 | lr 1.20e-04 | 1300 tok/s | fwd_bwd 6142ms data 0ms clip 20ms optim 111ms step 6279ms mem 1452/3311MB
step 313,220 | loss 3.6828 | lr 1.20e-04 | 1299 tok/s | fwd_bwd 6153ms data 0ms clip 20ms optim 112ms step 6292ms mem 1493/3311MB
step 313,230 | loss 2.8945 | lr 1.20e-04 | 1302 tok/s | fwd_bwd 6125ms data 0ms clip 20ms optim 111ms step 6265ms mem 1493/3311MB
step 313,240 | loss 3.1966 | lr 1.20e-04 | 1302 tok/s | fwd_bwd 6138ms data 1ms clip 20ms optim 111ms step 6285ms mem 1493/3311MB
step 313,250 | loss 3.8167 | lr 1.20e-04 | 1302 tok/s | fwd_bwd 6121ms data 1ms clip 20ms optim 112ms step 6266ms mem 1493/3311MB
step 313,260 | loss 3.4227 | lr 1.20e-04 | 1306 tok/s | fwd_bwd 6113ms data 1ms clip 20ms optim 111ms step 6257ms mem 1493/3311MB
step 313,270 | loss 3.5755 | lr 1.20e-04 | 1300 tok/s | fwd_bwd 6190ms data 1ms clip 20ms optim 111ms step 6341ms mem 1493/3311MB
step 313,280 | loss 3.9274 | lr 1.20e-04 | 1300 tok/s | fwd_bwd 6183ms data 1ms clip 20ms optim 111ms step 6331ms mem 1493/3311MB
step 313,290 | loss 4.1684 | lr 1.20e-04 | 1281 tok/s | fwd_bwd 6258ms data 0ms clip 20ms optim 111ms step 6398ms mem 1493/3311MB
step 313,300 | loss 3.9943 | lr 1.20e-04 | 1289 tok/s | fwd_bwd 6196ms data 1ms clip 23ms optim 120ms step 6357ms mem 1493/3311MB
step 313,310 | loss 3.1076 | lr 1.20e-04 | 1303 tok/s | fwd_bwd 6125ms data 0ms clip 20ms optim 111ms step 6263ms mem 1452/3311MB
step 313,320 | loss 3.6509 | lr 1.20e-04 | 1301 tok/s | fwd_bwd 6136ms data 0ms clip 20ms optim 111ms step 6273ms mem 1493/3311MB
step 313,330 | loss 3.0440 | lr 1.20e-04 | 1301 tok/s | fwd_bwd 6036ms data 0ms clip 20ms optim 111ms step 6178ms mem 1493/3311MB
step 313,340 | loss 3.2989 | lr 1.20e-04 | 1309 tok/s | fwd_bwd 6091ms data 0ms clip 20ms optim 111ms step 6230ms mem 1493/3311MB
step 313,350 | loss 4.5528 | lr 1.20e-04 | 1310 tok/s | fwd_bwd 6110ms data 0ms clip 20ms optim 111ms step 6246ms mem 1452/3311MB
step 313,360 | loss 4.1898 | lr 1.20e-04 | 1311 tok/s | fwd_bwd 6101ms data 0ms clip 20ms optim 111ms step 6240ms mem 1493/3311MB
step 313,370 | loss 3.8151 | lr 1.20e-04 | 1308 tok/s | fwd_bwd 6120ms data 0ms clip 20ms optim 111ms step 6256ms mem 1493/3311MB
step 313,380 | loss 3.7716 | lr 1.20e-04 | 1305 tok/s | fwd_bwd 6107ms data 0ms clip 20ms optim 111ms step 6247ms mem 1493/3311MB
step 313,390 | loss 4.2471 | lr 1.20e-04 | 1304 tok/s | fwd_bwd 6138ms data 0ms clip 20ms optim 111ms step 6275ms mem 1493/3311MB
step 313,400 | loss 3.4474 | lr 1.20e-04 | 1300 tok/s | fwd_bwd 6151ms data 0ms clip 20ms optim 111ms step 6288ms mem 1452/3311MB
step 313,410 | loss 3.9800 | lr 1.20e-04 | 1301 tok/s | fwd_bwd 6134ms data 0ms clip 20ms optim 111ms step 6272ms mem 1493/3311MB
step 313,420 | loss 4.7037 | lr 1.20e-04 | 1301 tok/s | fwd_bwd 6145ms data 0ms clip 20ms optim 111ms step 6282ms mem 1493/3311MB
step 313,430 | loss 3.6077 | lr 1.20e-04 | 1298 tok/s | fwd_bwd 6151ms data 0ms clip 20ms optim 112ms step 6289ms mem 1493/3311MB
step 313,440 | loss 4.0606 | lr 1.20e-04 | 1287 tok/s | fwd_bwd 6169ms data 0ms clip 20ms optim 112ms step 6307ms mem 1452/3311MB
Checkpoint saved: checkpoints/step_313443
  Pruning old checkpoint: checkpoints/step_312302
step 313,450 | loss 2.8048 | lr 1.20e-04 | 1276 tok/s | fwd_bwd 6180ms data 0ms clip 20ms optim 112ms step 6318ms mem 1452/3311MB
step 313,460 | loss 3.8262 | lr 1.20e-04 | 1295 tok/s | fwd_bwd 6149ms data 0ms clip 20ms optim 112ms step 6290ms mem 1493/3311MB
step 313,470 | loss 2.4216 | lr 1.20e-04 | 1301 tok/s | fwd_bwd 6137ms data 0ms clip 20ms optim 111ms step 6276ms mem 1452/3311MB
step 313,480 | loss 3.6683 | lr 1.20e-04 | 1303 tok/s | fwd_bwd 6137ms data 0ms clip 20ms optim 112ms step 6274ms mem 1452/3311MB
step 313,490 | loss 4.4227 | lr 1.20e-04 | 1299 tok/s | fwd_bwd 6156ms data 0ms clip 20ms optim 111ms step 6297ms mem 1493/3311MB
step 313,500 | loss 3.4696 | lr 1.20e-04 | 1297 tok/s | fwd_bwd 6133ms data 0ms clip 20ms optim 111ms step 6270ms mem 1493/3311MB
  [eval] step 313500 | val_loss 3.5491 | ppl 34.78
step 313,510 | loss 3.3696 | lr 1.20e-04 | 733 tok/s | fwd_bwd 6139ms data 1ms clip 20ms optim 111ms step 6281ms mem 1452/3311MB
step 313,520 | loss 3.8055 | lr 1.20e-04 | 1300 tok/s | fwd_bwd 6146ms data 0ms clip 20ms optim 111ms step 6281ms mem 1493/3311MB
step 313,530 | loss 4.0192 | lr 1.20e-04 | 1297 tok/s | fwd_bwd 6160ms data 0ms clip 20ms optim 111ms step 6300ms mem 1493/3311MB
step 313,540 | loss 3.1569 | lr 1.20e-04 | 1297 tok/s | fwd_bwd 6136ms data 1ms clip 20ms optim 111ms step 6283ms mem 1493/3311MB
step 313,550 | loss 1.3485 | lr 1.20e-04 | 1296 tok/s | fwd_bwd 6161ms data 0ms clip 20ms optim 111ms step 6304ms mem 1493/3311MB
step 313,560 | loss 4.3217 | lr 1.20e-04 | 1299 tok/s | fwd_bwd 6143ms data 0ms clip 20ms optim 111ms step 6282ms mem 1493/3311MB
step 313,570 | loss 4.5553 | lr 1.20e-04 | 1299 tok/s | fwd_bwd 6160ms data 1ms clip 20ms optim 111ms step 6306ms mem 1493/3311MB
step 313,580 | loss 3.6831 | lr 1.20e-04 | 1295 tok/s | fwd_bwd 6180ms data 0ms clip 20ms optim 111ms step 6318ms mem 1493/3311MB
step 313,590 | loss 3.9764 | lr 1.20e-04 | 1297 tok/s | fwd_bwd 6164ms data 0ms clip 20ms optim 113ms step 6302ms mem 1452/3311MB
step 313,600 | loss 2.6074 | lr 1.20e-04 | 1298 tok/s | fwd_bwd 6145ms data 0ms clip 20ms optim 111ms step 6282ms mem 1493/3311MB
step 313,610 | loss 3.1394 | lr 1.20e-04 | 1295 tok/s | fwd_bwd 6214ms data 1ms clip 23ms optim 120ms step 6376ms mem 1493/3311MB
step 313,620 | loss 3.1130 | lr 1.20e-04 | 1299 tok/s | fwd_bwd 6147ms data 0ms clip 20ms optim 111ms step 6286ms mem 1493/3311MB
step 313,630 | loss 3.9919 | lr 1.20e-04 | 1302 tok/s | fwd_bwd 6125ms data 0ms clip 20ms optim 111ms step 6263ms mem 1452/3311MB
step 313,640 | loss 2.9325 | lr 1.20e-04 | 1304 tok/s | fwd_bwd 6136ms data 0ms clip 20ms optim 112ms step 6275ms mem 1452/3311MB
step 313,650 | loss 3.6989 | lr 1.20e-04 | 1303 tok/s | fwd_bwd 6114ms data 0ms clip 20ms optim 112ms step 6250ms mem 1493/3311MB
step 313,660 | loss 4.8728 | lr 1.20e-04 | 1299 tok/s | fwd_bwd 6126ms data 0ms clip 20ms optim 111ms step 6263ms mem 1493/3311MB
step 313,670 | loss 3.4909 | lr 1.20e-04 | 1309 tok/s | fwd_bwd 6096ms data 0ms clip 20ms optim 112ms step 6236ms mem 1493/3311MB
step 313,680 | loss 4.1063 | lr 1.20e-04 | 1313 tok/s | fwd_bwd 6058ms data 0ms clip 20ms optim 111ms step 6193ms mem 1493/3311MB
step 313,690 | loss 3.4843 | lr 1.20e-04 | 1325 tok/s | fwd_bwd 6002ms data 0ms clip 20ms optim 111ms step 6137ms mem 1493/3311MB
step 313,700 | loss 4.0574 | lr 1.20e-04 | 1329 tok/s | fwd_bwd 6003ms data 0ms clip 20ms optim 111ms step 6137ms mem 1452/3311MB
step 313,710 | loss 3.1540 | lr 1.20e-04 | 1332 tok/s | fwd_bwd 5994ms data 0ms clip 20ms optim 111ms step 6132ms mem 1493/3311MB
step 313,720 | loss 3.0116 | lr 1.20e-04 | 1331 tok/s | fwd_bwd 5978ms data 0ms clip 20ms optim 111ms step 6117ms mem 1493/3311MB
step 313,730 | loss 4.0153 | lr 1.20e-04 | 1340 tok/s | fwd_bwd 5946ms data 1ms clip 20ms optim 110ms step 6094ms mem 1452/3311MB
step 313,740 | loss 3.7663 | lr 1.20e-04 | 1347 tok/s | fwd_bwd 5930ms data 0ms clip 20ms optim 111ms step 6070ms mem 1493/3311MB
step 313,750 | loss 3.6286 | lr 1.20e-04 | 1347 tok/s | fwd_bwd 5840ms data 0ms clip 20ms optim 118ms step 5988ms mem 1493/3311MB
step 313,760 | loss 4.0732 | lr 1.20e-04 | 1339 tok/s | fwd_bwd 5955ms data 1ms clip 20ms optim 111ms step 6102ms mem 1493/3311MB
step 313,770 | loss 3.7585 | lr 1.20e-04 | 1344 tok/s | fwd_bwd 5926ms data 0ms clip 20ms optim 111ms step 6063ms mem 1493/3311MB
step 313,780 | loss 3.8151 | lr 1.20e-04 | 1349 tok/s | fwd_bwd 5920ms data 0ms clip 20ms optim 111ms step 6054ms mem 1452/3311MB
step 313,790 | loss 4.2392 | lr 1.20e-04 | 1352 tok/s | fwd_bwd 5893ms data 0ms clip 20ms optim 111ms step 6032ms mem 1493/3311MB
step 313,800 | loss 3.5476 | lr 1.20e-04 | 1353 tok/s | fwd_bwd 5907ms data 0ms clip 20ms optim 111ms step 6045ms mem 1493/3311MB
step 313,810 | loss 2.4456 | lr 1.20e-04 | 1351 tok/s | fwd_bwd 5895ms data 0ms clip 20ms optim 111ms step 6032ms mem 1493/3311MB
step 313,820 | loss 3.7762 | lr 1.20e-04 | 1350 tok/s | fwd_bwd 5906ms data 0ms clip 20ms optim 111ms step 6045ms mem 1452/3311MB
step 313,830 | loss 4.4687 | lr 1.20e-04 | 1355 tok/s | fwd_bwd 5863ms data 0ms clip 20ms optim 111ms step 6004ms mem 1493/3311MB
step 313,840 | loss 3.9686 | lr 1.20e-04 | 1361 tok/s | fwd_bwd 5856ms data 0ms clip 20ms optim 111ms step 5995ms mem 1493/3311MB
step 313,850 | loss 5.0842 | lr 1.20e-04 | 1364 tok/s | fwd_bwd 5845ms data 0ms clip 20ms optim 111ms step 5983ms mem 1493/3311MB
step 313,860 | loss 3.7828 | lr 1.20e-04 | 1365 tok/s | fwd_bwd 5851ms data 0ms clip 20ms optim 111ms step 5988ms mem 1493/3311MB
step 313,870 | loss 3.7145 | lr 1.20e-04 | 1368 tok/s | fwd_bwd 5823ms data 0ms clip 20ms optim 111ms step 5962ms mem 1493/3311MB
step 313,880 | loss 3.9085 | lr 1.20e-04 | 1362 tok/s | fwd_bwd 5868ms data 1ms clip 20ms optim 111ms step 6015ms mem 1493/3311MB
step 313,890 | loss 4.0534 | lr 1.20e-04 | 1362 tok/s | fwd_bwd 5838ms data 0ms clip 20ms optim 111ms step 5980ms mem 1493/3311MB
step 313,900 | loss 3.2026 | lr 1.20e-04 | 1360 tok/s | fwd_bwd 5874ms data 1ms clip 23ms optim 119ms step 6036ms mem 1493/3311MB
step 313,910 | loss 4.2912 | lr 1.20e-04 | 1363 tok/s | fwd_bwd 5841ms data 0ms clip 20ms optim 111ms step 5981ms mem 1493/3311MB
step 313,920 | loss 3.5350 | lr 1.20e-04 | 1359 tok/s | fwd_bwd 5781ms data 1ms clip 20ms optim 111ms step 5923ms mem 1493/3311MB
step 313,930 | loss 3.2819 | lr 1.20e-04 | 1361 tok/s | fwd_bwd 5832ms data 1ms clip 20ms optim 111ms step 5975ms mem 1493/3311MB
step 313,940 | loss 3.4251 | lr 1.20e-04 | 1359 tok/s | fwd_bwd 5859ms data 0ms clip 20ms optim 111ms step 5997ms mem 1452/3311MB
step 313,950 | loss 3.4930 | lr 1.20e-04 | 1361 tok/s | fwd_bwd 5851ms data 1ms clip 20ms optim 112ms step 5995ms mem 1451/3311MB
step 313,960 | loss 4.0078 | lr 1.20e-04 | 1361 tok/s | fwd_bwd 5855ms data 1ms clip 20ms optim 111ms step 6004ms mem 1493/3311MB
step 313,970 | loss 3.3461 | lr 1.20e-04 | 1365 tok/s | fwd_bwd 5794ms data 0ms clip 20ms optim 111ms step 5932ms mem 1493/3311MB
step 313,980 | loss 3.0718 | lr 1.20e-04 | 1363 tok/s | fwd_bwd 5857ms data 0ms clip 20ms optim 111ms step 5995ms mem 1452/3311MB
step 313,990 | loss 3.8644 | lr 1.20e-04 | 1359 tok/s | fwd_bwd 5859ms data 0ms clip 20ms optim 111ms step 6000ms mem 1493/3311MB
step 314,000 | loss 3.8178 | lr 1.20e-04 | 1361 tok/s | fwd_bwd 5865ms data 0ms clip 20ms optim 111ms step 6002ms mem 1493/3311MB
  [eval] step 314000 | val_loss 3.3263 | ppl 27.83
Checkpoint saved: checkpoints/step_314000
  [samples] wrote checkpoints/step_314000/samples.txt
  Pruning old checkpoint: checkpoints/step_312881
Checkpoint saved: checkpoints/step_314007
  Pruning old checkpoint: checkpoints/step_313000
step 314,010 | loss 4.0196 | lr 1.20e-04 | 577 tok/s | fwd_bwd 5898ms data 1ms clip 20ms optim 112ms step 6042ms mem 1493/3311MB
step 314,020 | loss 3.6310 | lr 1.20e-04 | 1357 tok/s | fwd_bwd 5879ms data 0ms clip 20ms optim 111ms step 6020ms mem 1493/3311MB
step 314,030 | loss 3.7397 | lr 1.20e-04 | 1354 tok/s | fwd_bwd 5886ms data 0ms clip 20ms optim 111ms step 6025ms mem 1452/3311MB
step 314,040 | loss 4.0131 | lr 1.20e-04 | 1353 tok/s | fwd_bwd 5882ms data 1ms clip 20ms optim 111ms step 6028ms mem 1493/3311MB
step 314,050 | loss 3.8314 | lr 1.20e-04 | 1350 tok/s | fwd_bwd 5939ms data 0ms clip 20ms optim 111ms step 6075ms mem 1493/3311MB
step 314,060 | loss 3.4385 | lr 1.20e-04 | 1344 tok/s | fwd_bwd 5934ms data 0ms clip 20ms optim 111ms step 6071ms mem 1493/3311MB
step 314,070 | loss 4.2665 | lr 1.20e-04 | 1348 tok/s | fwd_bwd 5827ms data 0ms clip 20ms optim 111ms step 5968ms mem 1452/3311MB
step 314,080 | loss 3.8849 | lr 1.20e-04 | 1348 tok/s | fwd_bwd 5928ms data 0ms clip 20ms optim 111ms step 6067ms mem 1452/3311MB
step 314,090 | loss 3.5429 | lr 1.20e-04 | 1345 tok/s | fwd_bwd 5931ms data 0ms clip 20ms optim 111ms step 6068ms mem 1493/3311MB
step 314,100 | loss 3.7486 | lr 1.20e-04 | 1346 tok/s | fwd_bwd 5942ms data 0ms clip 20ms optim 111ms step 6081ms mem 1493/3311MB
step 314,110 | loss 3.7352 | lr 1.20e-04 | 1343 tok/s | fwd_bwd 5952ms data 1ms clip 20ms optim 111ms step 6098ms mem 1493/3311MB
step 314,120 | loss 2.5226 | lr 1.20e-04 | 1344 tok/s | fwd_bwd 5941ms data 0ms clip 20ms optim 111ms step 6080ms mem 1493/3311MB
step 314,130 | loss 3.4780 | lr 1.20e-04 | 1341 tok/s | fwd_bwd 5970ms data 0ms clip 20ms optim 111ms step 6104ms mem 1493/3311MB
step 314,140 | loss 4.0125 | lr 1.20e-04 | 1342 tok/s | fwd_bwd 5944ms data 1ms clip 20ms optim 111ms step 6091ms mem 1489/3311MB
step 314,150 | loss 4.1544 | lr 1.20e-04 | 1341 tok/s | fwd_bwd 5959ms data 0ms clip 20ms optim 111ms step 6099ms mem 1493/3311MB
step 314,160 | loss 2.3387 | lr 1.20e-04 | 1343 tok/s | fwd_bwd 5943ms data 0ms clip 20ms optim 111ms step 6080ms mem 1452/3311MB
step 314,170 | loss 4.9211 | lr 1.20e-04 | 1346 tok/s | fwd_bwd 5934ms data 1ms clip 20ms optim 111ms step 6082ms mem 1493/3311MB
step 314,180 | loss 3.3745 | lr 1.20e-04 | 1350 tok/s | fwd_bwd 5914ms data 0ms clip 20ms optim 111ms step 6058ms mem 1493/3311MB
step 314,190 | loss 3.7790 | lr 1.20e-04 | 1346 tok/s | fwd_bwd 5938ms data 0ms clip 20ms optim 111ms step 6077ms mem 1493/3311MB
step 314,200 | loss 4.3801 | lr 1.20e-04 | 1345 tok/s | fwd_bwd 5941ms data 0ms clip 20ms optim 112ms step 6080ms mem 1493/3311MB
step 314,210 | loss 3.5650 | lr 1.20e-04 | 1347 tok/s | fwd_bwd 5926ms data 0ms clip 20ms optim 111ms step 6065ms mem 1490/3311MB
step 314,220 | loss 4.0472 | lr 1.20e-04 | 1347 tok/s | fwd_bwd 5926ms data 0ms clip 20ms optim 111ms step 6069ms mem 1493/3311MB
step 314,230 | loss 4.1315 | lr 1.20e-04 | 1345 tok/s | fwd_bwd 5936ms data 0ms clip 20ms optim 112ms step 6075ms mem 1452/3311MB
step 314,240 | loss 3.5646 | lr 1.20e-04 | 1347 tok/s | fwd_bwd 5938ms data 0ms clip 20ms optim 111ms step 6076ms mem 1493/3311MB
step 314,250 | loss 3.8664 | lr 1.20e-04 | 1344 tok/s | fwd_bwd 5945ms data 0ms clip 20ms optim 111ms step 6088ms mem 1493/3311MB
step 314,260 | loss 4.5350 | lr 1.20e-04 | 1340 tok/s | fwd_bwd 5941ms data 0ms clip 20ms optim 111ms step 6081ms mem 1452/3311MB
step 314,270 | loss 3.6811 | lr 1.20e-04 | 1343 tok/s | fwd_bwd 5942ms data 0ms clip 20ms optim 111ms step 6082ms mem 1493/3311MB
step 314,280 | loss 4.2715 | lr 1.20e-04 | 1342 tok/s | fwd_bwd 5936ms data 0ms clip 20ms optim 111ms step 6076ms mem 1493/3311MB
step 314,290 | loss 3.9145 | lr 1.20e-04 | 1343 tok/s | fwd_bwd 5964ms data 0ms clip 20ms optim 111ms step 6104ms mem 1493/3311MB
step 314,300 | loss 3.8041 | lr 1.20e-04 | 1337 tok/s | fwd_bwd 5963ms data 0ms clip 20ms optim 111ms step 6099ms mem 1452/3311MB
step 314,310 | loss 3.6507 | lr 1.20e-04 | 1344 tok/s | fwd_bwd 5931ms data 0ms clip 20ms optim 111ms step 6067ms mem 1452/3311MB
step 314,320 | loss 2.7615 | lr 1.20e-04 | 1346 tok/s | fwd_bwd 5924ms data 0ms clip 20ms optim 111ms step 6061ms mem 1493/3311MB
step 314,330 | loss 3.0925 | lr 1.20e-04 | 1344 tok/s | fwd_bwd 5940ms data 0ms clip 20ms optim 111ms step 6081ms mem 1452/3311MB
step 314,340 | loss 3.6248 | lr 1.20e-04 | 1342 tok/s | fwd_bwd 5952ms data 1ms clip 20ms optim 111ms step 6095ms mem 1493/3311MB
step 314,350 | loss 3.2900 | lr 1.20e-04 | 1344 tok/s | fwd_bwd 5939ms data 0ms clip 20ms optim 111ms step 6078ms mem 1493/3311MB
step 314,360 | loss 1.8380 | lr 1.20e-04 | 1343 tok/s | fwd_bwd 5943ms data 0ms clip 20ms optim 111ms step 6080ms mem 1452/3311MB
step 314,370 | loss 3.2741 | lr 1.20e-04 | 1342 tok/s | fwd_bwd 5986ms data 1ms clip 23ms optim 119ms step 6147ms mem 1493/3311MB
step 314,380 | loss 3.8449 | lr 1.20e-04 | 1340 tok/s | fwd_bwd 5896ms data 0ms clip 20ms optim 111ms step 6036ms mem 1493/3311MB
step 314,390 | loss 3.7800 | lr 1.20e-04 | 1346 tok/s | fwd_bwd 5919ms data 0ms clip 20ms optim 111ms step 6058ms mem 1493/3311MB
step 314,400 | loss 4.5345 | lr 1.20e-04 | 1347 tok/s | fwd_bwd 5895ms data 0ms clip 20ms optim 111ms step 6037ms mem 1493/3311MB
step 314,410 | loss 4.0110 | lr 1.20e-04 | 1348 tok/s | fwd_bwd 5921ms data 0ms clip 20ms optim 111ms step 6061ms mem 1493/3311MB
step 314,420 | loss 3.4109 | lr 1.20e-04 | 1345 tok/s | fwd_bwd 5936ms data 0ms clip 20ms optim 111ms step 6074ms mem 1493/3311MB
step 314,430 | loss 3.7893 | lr 1.20e-04 | 1344 tok/s | fwd_bwd 5911ms data 0ms clip 20ms optim 111ms step 6046ms mem 1493/3311MB
step 314,440 | loss 4.2314 | lr 1.20e-04 | 1345 tok/s | fwd_bwd 5956ms data 1ms clip 20ms optim 111ms step 6103ms mem 1493/3311MB
step 314,450 | loss 3.8758 | lr 1.20e-04 | 1345 tok/s | fwd_bwd 5930ms data 0ms clip 20ms optim 111ms step 6069ms mem 1493/3311MB
step 314,460 | loss 2.7579 | lr 1.20e-04 | 1346 tok/s | fwd_bwd 5916ms data 0ms clip 20ms optim 111ms step 6052ms mem 1493/3311MB
step 314,470 | loss 4.0381 | lr 1.20e-04 | 1347 tok/s | fwd_bwd 5932ms data 0ms clip 20ms optim 111ms step 6069ms mem 1493/3311MB
step 314,480 | loss 3.7460 | lr 1.20e-04 | 1343 tok/s | fwd_bwd 5940ms data 0ms clip 20ms optim 111ms step 6079ms mem 1493/3311MB
step 314,490 | loss 3.1992 | lr 1.20e-04 | 1344 tok/s | fwd_bwd 5929ms data 0ms clip 20ms optim 111ms step 6063ms mem 1482/3311MB
step 314,500 | loss 3.5107 | lr 1.20e-04 | 1350 tok/s | fwd_bwd 5900ms data 1ms clip 20ms optim 111ms step 6046ms mem 1493/3311MB
  [eval] step 314500 | val_loss 3.5610 | ppl 35.20
step 314,510 | loss 2.6845 | lr 1.20e-04 | 760 tok/s | fwd_bwd 5928ms data 0ms clip 20ms optim 111ms step 6067ms mem 1493/3311MB
step 314,520 | loss 4.3101 | lr 1.20e-04 | 1343 tok/s | fwd_bwd 5948ms data 0ms clip 20ms optim 111ms step 6085ms mem 1452/3311MB
step 314,530 | loss 3.2162 | lr 1.20e-04 | 1339 tok/s | fwd_bwd 5893ms data 0ms clip 20ms optim 111ms step 6030ms mem 1493/3311MB
step 314,540 | loss 3.5273 | lr 1.20e-04 | 1336 tok/s | fwd_bwd 5987ms data 0ms clip 20ms optim 111ms step 6121ms mem 1493/3311MB
step 314,550 | loss 4.1384 | lr 1.20e-04 | 1333 tok/s | fwd_bwd 5968ms data 0ms clip 20ms optim 111ms step 6103ms mem 1493/3311MB
step 314,560 | loss 3.6431 | lr 1.20e-04 | 1340 tok/s | fwd_bwd 5945ms data 0ms clip 20ms optim 111ms step 6085ms mem 1493/3311MB
step 314,570 | loss 2.7994 | lr 1.20e-04 | 1339 tok/s | fwd_bwd 5953ms data 1ms clip 20ms optim 110ms step 6096ms mem 1493/3311MB
step 314,580 | loss 3.3588 | lr 1.20e-04 | 1339 tok/s | fwd_bwd 5967ms data 0ms clip 20ms optim 111ms step 6104ms mem 1493/3311MB
step 314,590 | loss 3.4513 | lr 1.20e-04 | 1334 tok/s | fwd_bwd 5951ms data 1ms clip 20ms optim 111ms step 6095ms mem 1452/3311MB
Checkpoint saved: checkpoints/step_314591
  Pruning old checkpoint: checkpoints/step_313443
step 314,600 | loss 2.9209 | lr 1.20e-04 | 1323 tok/s | fwd_bwd 5969ms data 0ms clip 20ms optim 111ms step 6107ms mem 1493/3311MB
step 314,610 | loss 4.1383 | lr 1.20e-04 | 1340 tok/s | fwd_bwd 5950ms data 0ms clip 20ms optim 111ms step 6094ms mem 1452/3311MB
step 314,620 | loss 3.7406 | lr 1.20e-04 | 1340 tok/s | fwd_bwd 5957ms data 0ms clip 20ms optim 111ms step 6091ms mem 1452/3311MB
step 314,630 | loss 4.1027 | lr 1.20e-04 | 1339 tok/s | fwd_bwd 5957ms data 0ms clip 20ms optim 111ms step 6096ms mem 1493/3311MB
step 314,640 | loss 3.9266 | lr 1.20e-04 | 1338 tok/s | fwd_bwd 5985ms data 1ms clip 20ms optim 111ms step 6128ms mem 1493/3311MB
step 314,650 | loss 3.6772 | lr 1.20e-04 | 1336 tok/s | fwd_bwd 5982ms data 0ms clip 20ms optim 111ms step 6124ms mem 1493/3311MB
step 314,660 | loss 3.5376 | lr 1.20e-04 | 1334 tok/s | fwd_bwd 6055ms data 1ms clip 21ms optim 113ms step 6208ms mem 1451/3311MB
step 314,670 | loss 4.0764 | lr 1.20e-04 | 1334 tok/s | fwd_bwd 5979ms data 0ms clip 20ms optim 111ms step 6120ms mem 1493/3311MB
step 314,680 | loss 3.5955 | lr 1.20e-04 | 1336 tok/s | fwd_bwd 5993ms data 0ms clip 20ms optim 111ms step 6130ms mem 1493/3311MB
step 314,690 | loss 2.2378 | lr 1.20e-04 | 1331 tok/s | fwd_bwd 5999ms data 1ms clip 20ms optim 111ms step 6143ms mem 1452/3311MB
step 314,700 | loss 3.4408 | lr 1.20e-04 | 1329 tok/s | fwd_bwd 5989ms data 0ms clip 20ms optim 111ms step 6124ms mem 1493/3311MB
step 314,710 | loss 3.7162 | lr 1.20e-04 | 1331 tok/s | fwd_bwd 6001ms data 0ms clip 20ms optim 111ms step 6138ms mem 1493/3311MB
step 314,720 | loss 3.2774 | lr 1.20e-04 | 1331 tok/s | fwd_bwd 6001ms data 0ms clip 20ms optim 111ms step 6141ms mem 1493/3311MB
step 314,730 | loss 3.6738 | lr 1.20e-04 | 1329 tok/s | fwd_bwd 6007ms data 0ms clip 20ms optim 111ms step 6144ms mem 1493/3311MB
step 314,740 | loss 4.1290 | lr 1.20e-04 | 1329 tok/s | fwd_bwd 6001ms data 0ms clip 20ms optim 111ms step 6138ms mem 1493/3311MB
step 314,750 | loss 3.9681 | lr 1.20e-04 | 1332 tok/s | fwd_bwd 5994ms data 0ms clip 20ms optim 111ms step 6133ms mem 1493/3311MB
step 314,760 | loss 3.4898 | lr 1.20e-04 | 1333 tok/s | fwd_bwd 5987ms data 0ms clip 20ms optim 111ms step 6129ms mem 1493/3311MB
step 314,770 | loss 4.5221 | lr 1.20e-04 | 1330 tok/s | fwd_bwd 6021ms data 1ms clip 20ms optim 111ms step 6167ms mem 1493/3311MB
step 314,780 | loss 4.0745 | lr 1.20e-04 | 1329 tok/s | fwd_bwd 6004ms data 0ms clip 20ms optim 111ms step 6141ms mem 1493/3311MB
step 314,790 | loss 4.1772 | lr 1.20e-04 | 1330 tok/s | fwd_bwd 6008ms data 0ms clip 20ms optim 111ms step 6148ms mem 1493/3311MB
step 314,800 | loss 3.4246 | lr 1.20e-04 | 1329 tok/s | fwd_bwd 6054ms data 1ms clip 23ms optim 120ms step 6217ms mem 1493/3311MB
step 314,810 | loss 3.0855 | lr 1.20e-04 | 1331 tok/s | fwd_bwd 5989ms data 0ms clip 20ms optim 112ms step 6126ms mem 1493/3311MB
step 314,820 | loss 3.2339 | lr 1.20e-04 | 1330 tok/s | fwd_bwd 6014ms data 0ms clip 20ms optim 111ms step 6154ms mem 1493/3311MB
step 314,830 | loss 3.6918 | lr 1.20e-04 | 1328 tok/s | fwd_bwd 6021ms data 0ms clip 20ms optim 111ms step 6160ms mem 1493/3311MB
step 314,840 | loss 3.2206 | lr 1.20e-04 | 1329 tok/s | fwd_bwd 6000ms data 0ms clip 20ms optim 111ms step 6137ms mem 1452/3311MB
step 314,850 | loss 3.4223 | lr 1.20e-04 | 1331 tok/s | fwd_bwd 6004ms data 0ms clip 20ms optim 112ms step 6142ms mem 1493/3311MB
step 314,860 | loss 3.9318 | lr 1.20e-04 | 1330 tok/s | fwd_bwd 6012ms data 0ms clip 20ms optim 111ms step 6146ms mem 1476/3311MB
step 314,870 | loss 3.7998 | lr 1.20e-04 | 1330 tok/s | fwd_bwd 5994ms data 0ms clip 20ms optim 111ms step 6136ms mem 1493/3311MB
step 314,880 | loss 3.7675 | lr 1.20e-04 | 1329 tok/s | fwd_bwd 5928ms data 1ms clip 20ms optim 110ms step 6071ms mem 1493/3311MB
step 314,890 | loss 3.6590 | lr 1.20e-04 | 1329 tok/s | fwd_bwd 5984ms data 0ms clip 20ms optim 111ms step 6118ms mem 1493/3311MB
step 314,900 | loss 3.6463 | lr 1.20e-04 | 1332 tok/s | fwd_bwd 6013ms data 0ms clip 20ms optim 111ms step 6150ms mem 1493/3311MB
step 314,910 | loss 4.5498 | lr 1.20e-04 | 1325 tok/s | fwd_bwd 6021ms data 0ms clip 20ms optim 111ms step 6160ms mem 1493/3311MB
step 314,920 | loss 2.9539 | lr 1.20e-04 | 1302 tok/s | fwd_bwd 6791ms data 1ms clip 22ms optim 117ms step 6936ms mem 1493/3311MB
step 314,930 | loss 3.9266 | lr 1.20e-04 | 1090 tok/s | fwd_bwd 8332ms data 1ms clip 39ms optim 171ms step 8548ms mem 1448/3311MB
step 314,940 | loss 3.8916 | lr 1.20e-04 | 1177 tok/s | fwd_bwd 5998ms data 0ms clip 20ms optim 112ms step 6137ms mem 1493/3311MB
step 314,950 | loss 2.2815 | lr 1.20e-04 | 1322 tok/s | fwd_bwd 5978ms data 1ms clip 23ms optim 119ms step 6141ms mem 1493/3311MB
step 314,960 | loss 4.2743 | lr 1.20e-04 | 1331 tok/s | fwd_bwd 6025ms data 1ms clip 20ms optim 112ms step 6176ms mem 1493/3311MB
step 314,970 | loss 4.1126 | lr 1.20e-04 | 1328 tok/s | fwd_bwd 5889ms data 1ms clip 20ms optim 112ms step 6031ms mem 1493/3311MB
step 314,980 | loss 3.9126 | lr 1.20e-04 | 1330 tok/s | fwd_bwd 5980ms data 1ms clip 20ms optim 112ms step 6123ms mem 1493/3311MB
step 314,990 | loss 4.1982 | lr 1.20e-04 | 1298 tok/s | fwd_bwd 5967ms data 1ms clip 20ms optim 112ms step 6113ms mem 1452/3311MB
step 315,000 | loss 4.2217 | lr 1.20e-04 | 1328 tok/s | fwd_bwd 6006ms data 1ms clip 20ms optim 112ms step 6158ms mem 1493/3311MB
  [eval] step 315000 | val_loss 3.2886 | ppl 26.80
Checkpoint saved: checkpoints/step_315000
  [samples] wrote checkpoints/step_315000/samples.txt
  Pruning old checkpoint: checkpoints/step_314000
step 315,010 | loss 2.4359 | lr 1.20e-04 | 568 tok/s | fwd_bwd 5984ms data 1ms clip 20ms optim 112ms step 6128ms mem 1470/3311MB
step 315,020 | loss 3.7111 | lr 1.20e-04 | 1329 tok/s | fwd_bwd 5988ms data 0ms clip 20ms optim 112ms step 6130ms mem 1451/3311MB
step 315,030 | loss 5.0024 | lr 1.20e-04 | 1330 tok/s | fwd_bwd 5997ms data 0ms clip 20ms optim 111ms step 6132ms mem 1493/3311MB
step 315,040 | loss 3.7890 | lr 1.20e-04 | 1331 tok/s | fwd_bwd 5988ms data 0ms clip 20ms optim 111ms step 6128ms mem 1493/3311MB
step 315,050 | loss 4.0503 | lr 1.20e-04 | 1330 tok/s | fwd_bwd 5984ms data 1ms clip 20ms optim 112ms step 6126ms mem 1493/3311MB
step 315,060 | loss 3.6502 | lr 1.20e-04 | 1327 tok/s | fwd_bwd 5988ms data 1ms clip 20ms optim 111ms step 6131ms mem 1493/3311MB
step 315,070 | loss 3.7691 | lr 1.20e-04 | 1331 tok/s | fwd_bwd 5977ms data 0ms clip 20ms optim 112ms step 6120ms mem 1493/3311MB
step 315,080 | loss 3.3522 | lr 1.20e-04 | 1331 tok/s | fwd_bwd 6044ms data 1ms clip 23ms optim 120ms step 6208ms mem 1493/3311MB
step 315,090 | loss 4.1794 | lr 1.20e-04 | 1333 tok/s | fwd_bwd 5935ms data 0ms clip 20ms optim 112ms step 6075ms mem 1493/3311MB
step 315,100 | loss 4.3754 | lr 1.20e-04 | 1330 tok/s | fwd_bwd 6000ms data 0ms clip 20ms optim 111ms step 6138ms mem 1493/3311MB
step 315,110 | loss 3.3498 | lr 1.20e-04 | 1328 tok/s | fwd_bwd 5971ms data 1ms clip 20ms optim 112ms step 6116ms mem 1493/3311MB
step 315,120 | loss 3.9175 | lr 1.20e-04 | 1329 tok/s | fwd_bwd 5991ms data 0ms clip 20ms optim 112ms step 6131ms mem 1493/3311MB
step 315,130 | loss 4.1668 | lr 1.20e-04 | 1334 tok/s | fwd_bwd 5890ms data 1ms clip 20ms optim 112ms step 6035ms mem 1493/3311MB
step 315,140 | loss 1.5399 | lr 1.20e-04 | 1332 tok/s | fwd_bwd 5955ms data 0ms clip 20ms optim 111ms step 6093ms mem 1493/3311MB
step 315,150 | loss 4.1465 | lr 1.20e-04 | 1321 tok/s | fwd_bwd 5999ms data 1ms clip 22ms optim 119ms step 6154ms mem 1493/3311MB
Checkpoint saved: checkpoints/step_315159
  Pruning old checkpoint: checkpoints/step_314007
step 315,160 | loss 2.8379 | lr 1.20e-04 | 1312 tok/s | fwd_bwd 5820ms data 1ms clip 20ms optim 112ms step 5962ms mem 1452/3311MB
step 315,170 | loss 3.6135 | lr 1.20e-04 | 1325 tok/s | fwd_bwd 6052ms data 1ms clip 23ms optim 119ms step 6214ms mem 1493/3311MB
step 315,180 | loss 4.5708 | lr 1.20e-04 | 1335 tok/s | fwd_bwd 5884ms data 0ms clip 20ms optim 112ms step 6022ms mem 1493/3311MB
step 315,190 | loss 3.7044 | lr 1.20e-04 | 1340 tok/s | fwd_bwd 5852ms data 1ms clip 20ms optim 112ms step 5995ms mem 1493/3311MB
step 315,200 | loss 3.4525 | lr 1.20e-04 | 1340 tok/s | fwd_bwd 5976ms data 0ms clip 20ms optim 111ms step 6113ms mem 1452/3311MB
step 315,210 | loss 4.1015 | lr 1.20e-04 | 1340 tok/s | fwd_bwd 5957ms data 0ms clip 20ms optim 112ms step 6097ms mem 1493/3311MB
step 315,220 | loss 4.6957 | lr 1.20e-04 | 1341 tok/s | fwd_bwd 5947ms data 0ms clip 20ms optim 112ms step 6085ms mem 1493/3311MB
step 315,230 | loss 4.0590 | lr 1.20e-04 | 1337 tok/s | fwd_bwd 6005ms data 0ms clip 20ms optim 111ms step 6143ms mem 1493/3311MB
step 315,240 | loss 3.7941 | lr 1.20e-04 | 1339 tok/s | fwd_bwd 5972ms data 0ms clip 20ms optim 113ms step 6111ms mem 1493/3311MB
step 315,250 | loss 1.7558 | lr 1.20e-04 | 1337 tok/s | fwd_bwd 5959ms data 0ms clip 20ms optim 112ms step 6097ms mem 1493/3311MB
step 315,260 | loss 2.8968 | lr 1.20e-04 | 1337 tok/s | fwd_bwd 6013ms data 1ms clip 23ms optim 119ms step 6175ms mem 1493/3311MB
step 315,270 | loss 3.5077 | lr 1.20e-04 | 1340 tok/s | fwd_bwd 5947ms data 0ms clip 20ms optim 111ms step 6090ms mem 1493/3311MB
step 315,280 | loss 4.1039 | lr 1.20e-04 | 1340 tok/s | fwd_bwd 5976ms data 0ms clip 20ms optim 111ms step 6111ms mem 1452/3311MB
step 315,290 | loss 4.2062 | lr 1.20e-04 | 1340 tok/s | fwd_bwd 5987ms data 1ms clip 20ms optim 112ms step 6136ms mem 1493/3311MB
step 315,300 | loss 4.4707 | lr 1.20e-04 | 1340 tok/s | fwd_bwd 5967ms data 0ms clip 20ms optim 111ms step 6109ms mem 1493/3311MB
step 315,310 | loss 3.8687 | lr 1.20e-04 | 1337 tok/s | fwd_bwd 5986ms data 0ms clip 20ms optim 111ms step 6125ms mem 1493/3311MB
step 315,320 | loss 3.1808 | lr 1.20e-04 | 1336 tok/s | fwd_bwd 5949ms data 1ms clip 20ms optim 111ms step 6091ms mem 1493/3311MB
step 315,330 | loss 2.8015 | lr 1.20e-04 | 1341 tok/s | fwd_bwd 5964ms data 0ms clip 20ms optim 111ms step 6102ms mem 1493/3311MB
step 315,340 | loss 3.8082 | lr 1.20e-04 | 1343 tok/s | fwd_bwd 5952ms data 0ms clip 20ms optim 111ms step 6094ms mem 1493/3311MB
step 315,350 | loss 4.3679 | lr 1.20e-04 | 1343 tok/s | fwd_bwd 5938ms data 0ms clip 20ms optim 111ms step 6074ms mem 1493/3311MB
step 315,360 | loss 3.8726 | lr 1.20e-04 | 1346 tok/s | fwd_bwd 5925ms data 0ms clip 20ms optim 111ms step 6062ms mem 1493/3311MB
step 315,370 | loss 3.6163 | lr 1.20e-04 | 1350 tok/s | fwd_bwd 5892ms data 1ms clip 20ms optim 112ms step 6038ms mem 1493/3311MB
step 315,380 | loss 4.1215 | lr 1.20e-04 | 1348 tok/s | fwd_bwd 5937ms data 0ms clip 20ms optim 112ms step 6077ms mem 1452/3311MB
step 315,390 | loss 3.5814 | lr 1.20e-04 | 1352 tok/s | fwd_bwd 5890ms data 0ms clip 20ms optim 111ms step 6030ms mem 1493/3311MB
step 315,400 | loss 2.6311 | lr 1.20e-04 | 1358 tok/s | fwd_bwd 5854ms data 0ms clip 20ms optim 112ms step 5996ms mem 1493/3311MB
step 315,410 | loss 3.8120 | lr 1.20e-04 | 1359 tok/s | fwd_bwd 5875ms data 0ms clip 20ms optim 111ms step 6012ms mem 1470/3311MB
step 315,420 | loss 4.0713 | lr 1.20e-04 | 1361 tok/s | fwd_bwd 5848ms data 1ms clip 20ms optim 112ms step 5992ms mem 1452/3311MB
step 315,430 | loss 3.9051 | lr 1.20e-04 | 1359 tok/s | fwd_bwd 5855ms data 0ms clip 20ms optim 112ms step 5992ms mem 1493/3311MB
step 315,440 | loss 2.7086 | lr 1.20e-04 | 1359 tok/s | fwd_bwd 5895ms data 0ms clip 20ms optim 122ms step 6044ms mem 1470/3311MB
step 315,450 | loss 4.1166 | lr 1.20e-04 | 1354 tok/s | fwd_bwd 5924ms data 1ms clip 22ms optim 120ms step 6085ms mem 1493/3311MB
step 315,460 | loss 3.6162 | lr 1.20e-04 | 1367 tok/s | fwd_bwd 5845ms data 0ms clip 20ms optim 111ms step 5980ms mem 1493/3311MB
step 315,470 | loss 3.1615 | lr 1.20e-04 | 1368 tok/s | fwd_bwd 5822ms data 1ms clip 20ms optim 112ms step 5971ms mem 1493/3311MB
step 315,480 | loss 4.1433 | lr 1.20e-04 | 1362 tok/s | fwd_bwd 5799ms data 1ms clip 20ms optim 112ms step 5945ms mem 1493/3311MB
step 315,490 | loss 4.4420 | lr 1.20e-04 | 1356 tok/s | fwd_bwd 5890ms data 0ms clip 20ms optim 111ms step 6025ms mem 1493/3311MB
step 315,500 | loss 3.9761 | lr 1.20e-04 | 1354 tok/s | fwd_bwd 5927ms data 1ms clip 20ms optim 112ms step 6079ms mem 1493/3311MB
  [eval] step 315500 | val_loss 3.3706 | ppl 29.10
step 315,510 | loss 4.2416 | lr 1.20e-04 | 762 tok/s | fwd_bwd 5913ms data 0ms clip 20ms optim 112ms step 6050ms mem 1493/3311MB
step 315,520 | loss 4.1906 | lr 1.20e-04 | 1348 tok/s | fwd_bwd 5978ms data 1ms clip 20ms optim 111ms step 6129ms mem 1493/3311MB
step 315,530 | loss 4.1988 | lr 1.20e-04 | 1348 tok/s | fwd_bwd 5950ms data 1ms clip 20ms optim 112ms step 6099ms mem 1493/3311MB
step 315,540 | loss 3.6571 | lr 1.20e-04 | 1339 tok/s | fwd_bwd 5930ms data 0ms clip 20ms optim 111ms step 6071ms mem 1493/3311MB
step 315,550 | loss 4.0804 | lr 1.20e-04 | 1347 tok/s | fwd_bwd 5880ms data 0ms clip 20ms optim 112ms step 6017ms mem 1493/3311MB
step 315,560 | loss 3.7962 | lr 1.20e-04 | 1345 tok/s | fwd_bwd 5926ms data 0ms clip 20ms optim 112ms step 6065ms mem 1493/3311MB
step 315,570 | loss 3.7037 | lr 1.20e-04 | 1349 tok/s | fwd_bwd 5940ms data 0ms clip 20ms optim 111ms step 6074ms mem 1493/3311MB
step 315,580 | loss 3.9589 | lr 1.20e-04 | 1347 tok/s | fwd_bwd 5938ms data 0ms clip 20ms optim 111ms step 6073ms mem 1452/3311MB
step 315,590 | loss 4.9105 | lr 1.20e-04 | 1348 tok/s | fwd_bwd 5928ms data 0ms clip 20ms optim 111ms step 6067ms mem 1493/3311MB
step 315,600 | loss 4.4619 | lr 1.20e-04 | 1345 tok/s | fwd_bwd 5937ms data 0ms clip 20ms optim 111ms step 6079ms mem 1452/3311MB
step 315,610 | loss 3.9191 | lr 1.20e-04 | 1346 tok/s | fwd_bwd 5914ms data 0ms clip 20ms optim 112ms step 6056ms mem 1493/3311MB
step 315,620 | loss 2.1509 | lr 1.20e-04 | 1345 tok/s | fwd_bwd 5892ms data 0ms clip 20ms optim 112ms step 6028ms mem 1493/3311MB
step 315,630 | loss 3.6414 | lr 1.20e-04 | 1342 tok/s | fwd_bwd 5932ms data 1ms clip 20ms optim 112ms step 6077ms mem 1493/3311MB
step 315,640 | loss 2.9046 | lr 1.20e-04 | 1348 tok/s | fwd_bwd 5914ms data 0ms clip 20ms optim 111ms step 6053ms mem 1493/3311MB
step 315,650 | loss 4.0758 | lr 1.20e-04 | 1350 tok/s | fwd_bwd 5889ms data 1ms clip 20ms optim 111ms step 6035ms mem 1493/3311MB
step 315,660 | loss 3.2145 | lr 1.20e-04 | 1351 tok/s | fwd_bwd 5903ms data 0ms clip 20ms optim 111ms step 6042ms mem 1451/3311MB
step 315,670 | loss 4.0898 | lr 1.20e-04 | 1353 tok/s | fwd_bwd 5868ms data 1ms clip 20ms optim 111ms step 6012ms mem 1493/3311MB
step 315,680 | loss 3.7815 | lr 1.20e-04 | 1355 tok/s | fwd_bwd 5881ms data 0ms clip 20ms optim 112ms step 6022ms mem 1451/3311MB
step 315,690 | loss 4.2202 | lr 1.20e-04 | 1356 tok/s | fwd_bwd 5882ms data 0ms clip 20ms optim 112ms step 6024ms mem 1493/3311MB
step 315,700 | loss 3.0550 | lr 1.20e-04 | 1356 tok/s | fwd_bwd 5881ms data 0ms clip 20ms optim 111ms step 6016ms mem 1493/3311MB
step 315,710 | loss 3.9582 | lr 1.20e-04 | 1355 tok/s | fwd_bwd 5887ms data 0ms clip 20ms optim 111ms step 6027ms mem 1493/3311MB
step 315,720 | loss 3.0575 | lr 1.20e-04 | 1356 tok/s | fwd_bwd 5888ms data 0ms clip 20ms optim 111ms step 6024ms mem 1489/3311MB
step 315,730 | loss 4.4599 | lr 1.20e-04 | 1359 tok/s | fwd_bwd 5862ms data 1ms clip 20ms optim 111ms step 6009ms mem 1493/3311MB
step 315,740 | loss 3.7056 | lr 1.20e-04 | 1357 tok/s | fwd_bwd 5869ms data 1ms clip 20ms optim 111ms step 6013ms mem 1493/3311MB
Checkpoint saved: checkpoints/step_315744
  Pruning old checkpoint: checkpoints/step_314591
step 315,750 | loss 4.4240 | lr 1.20e-04 | 1339 tok/s | fwd_bwd 5888ms data 0ms clip 20ms optim 112ms step 6027ms mem 1493/3311MB
step 315,760 | loss 4.1947 | lr 1.20e-04 | 1359 tok/s | fwd_bwd 5847ms data 1ms clip 20ms optim 111ms step 5994ms mem 1493/3311MB
step 315,770 | loss 3.7502 | lr 1.20e-04 | 1367 tok/s | fwd_bwd 5846ms data 1ms clip 20ms optim 111ms step 5994ms mem 1493/3311MB
step 315,780 | loss 3.2889 | lr 1.20e-04 | 1361 tok/s | fwd_bwd 5864ms data 0ms clip 20ms optim 111ms step 6001ms mem 1452/3311MB
step 315,790 | loss 4.6488 | lr 1.20e-04 | 1363 tok/s | fwd_bwd 5875ms data 0ms clip 20ms optim 113ms step 6012ms mem 1493/3311MB
step 315,800 | loss 3.8864 | lr 1.20e-04 | 1365 tok/s | fwd_bwd 5856ms data 0ms clip 20ms optim 112ms step 5994ms mem 1493/3311MB
step 315,810 | loss 4.1778 | lr 1.20e-04 | 1367 tok/s | fwd_bwd 5802ms data 1ms clip 20ms optim 112ms step 5949ms mem 1493/3311MB
step 315,820 | loss 1.9557 | lr 1.20e-04 | 1371 tok/s | fwd_bwd 5824ms data 0ms clip 20ms optim 111ms step 5961ms mem 1493/3311MB
step 315,830 | loss 4.1582 | lr 1.20e-04 | 1373 tok/s | fwd_bwd 5810ms data 0ms clip 20ms optim 111ms step 5951ms mem 1493/3311MB
step 315,840 | loss 3.8786 | lr 1.20e-04 | 1368 tok/s | fwd_bwd 5832ms data 0ms clip 20ms optim 111ms step 5969ms mem 1493/3311MB
step 315,850 | loss 3.7832 | lr 1.20e-04 | 1369 tok/s | fwd_bwd 5832ms data 0ms clip 20ms optim 111ms step 5974ms mem 1493/3311MB
step 315,860 | loss 3.0227 | lr 1.20e-04 | 1367 tok/s | fwd_bwd 5834ms data 0ms clip 20ms optim 112ms step 5974ms mem 1493/3311MB
step 315,870 | loss 3.1010 | lr 1.20e-04 | 1366 tok/s | fwd_bwd 5842ms data 0ms clip 20ms optim 112ms step 5981ms mem 1493/3311MB
step 315,880 | loss 3.6317 | lr 1.20e-04 | 1367 tok/s | fwd_bwd 5837ms data 0ms clip 20ms optim 111ms step 5972ms mem 1448/3311MB
step 315,890 | loss 3.3598 | lr 1.20e-04 | 1369 tok/s | fwd_bwd 5841ms data 0ms clip 20ms optim 112ms step 5982ms mem 1493/3311MB
step 315,900 | loss 3.7414 | lr 1.20e-04 | 1367 tok/s | fwd_bwd 5843ms data 0ms clip 20ms optim 111ms step 5978ms mem 1493/3311MB
step 315,910 | loss 4.6099 | lr 1.20e-04 | 1369 tok/s | fwd_bwd 5812ms data 0ms clip 20ms optim 111ms step 5954ms mem 1448/3311MB
step 315,920 | loss 2.7652 | lr 1.20e-04 | 1368 tok/s | fwd_bwd 5833ms data 0ms clip 20ms optim 111ms step 5969ms mem 1493/3311MB
step 315,930 | loss 4.0420 | lr 1.20e-04 | 1367 tok/s | fwd_bwd 5821ms data 0ms clip 20ms optim 111ms step 5960ms mem 1493/3311MB
step 315,940 | loss 3.5513 | lr 1.20e-04 | 1371 tok/s | fwd_bwd 5804ms data 1ms clip 20ms optim 111ms step 5951ms mem 1448/3311MB
step 315,950 | loss 4.0962 | lr 1.20e-04 | 1371 tok/s | fwd_bwd 5805ms data 0ms clip 20ms optim 111ms step 5947ms mem 1452/3311MB
step 315,960 | loss 3.7670 | lr 1.20e-04 | 1369 tok/s | fwd_bwd 5843ms data 0ms clip 20ms optim 111ms step 5979ms mem 1493/3311MB
step 315,970 | loss 4.0691 | lr 1.20e-04 | 1370 tok/s | fwd_bwd 5818ms data 0ms clip 20ms optim 112ms step 5959ms mem 1448/3311MB
step 315,980 | loss 4.5885 | lr 1.20e-04 | 1369 tok/s | fwd_bwd 5857ms data 1ms clip 20ms optim 111ms step 6006ms mem 1452/3311MB
step 315,990 | loss 3.2519 | lr 1.20e-04 | 1369 tok/s | fwd_bwd 5826ms data 0ms clip 20ms optim 111ms step 5965ms mem 1452/3311MB
step 316,000 | loss 3.5426 | lr 1.20e-04 | 1370 tok/s | fwd_bwd 5815ms data 1ms clip 20ms optim 112ms step 5962ms mem 1448/3311MB
  [eval] step 316000 | val_loss 3.4840 | ppl 32.59
Checkpoint saved: checkpoints/step_316000
  [samples] wrote checkpoints/step_316000/samples.txt
  Pruning old checkpoint: checkpoints/step_315000
step 316,010 | loss 4.0643 | lr 1.20e-04 | 582 tok/s | fwd_bwd 5851ms data 0ms clip 20ms optim 111ms step 5987ms mem 1493/3311MB
step 316,020 | loss 4.0221 | lr 1.20e-04 | 1362 tok/s | fwd_bwd 5852ms data 0ms clip 20ms optim 112ms step 5992ms mem 1493/3311MB
step 316,030 | loss 4.1316 | lr 1.20e-04 | 1361 tok/s | fwd_bwd 5864ms data 1ms clip 23ms optim 121ms step 6026ms mem 1448/3311MB
step 316,040 | loss 3.6872 | lr 1.20e-04 | 1366 tok/s | fwd_bwd 5831ms data 0ms clip 20ms optim 111ms step 5971ms mem 1493/3311MB
step 316,050 | loss 3.3261 | lr 1.20e-04 | 1362 tok/s | fwd_bwd 5853ms data 0ms clip 20ms optim 112ms step 5991ms mem 1493/3311MB
step 316,060 | loss 4.0126 | lr 1.20e-04 | 1362 tok/s | fwd_bwd 5880ms data 0ms clip 20ms optim 113ms step 6017ms mem 1489/3311MB
step 316,070 | loss 3.4500 | lr 1.20e-04 | 1364 tok/s | fwd_bwd 5820ms data 1ms clip 20ms optim 111ms step 5967ms mem 1493/3311MB
step 316,080 | loss 2.7005 | lr 1.20e-04 | 1368 tok/s | fwd_bwd 5820ms data 0ms clip 20ms optim 112ms step 5960ms mem 1493/3311MB
step 316,090 | loss 3.0700 | lr 1.20e-04 | 1369 tok/s | fwd_bwd 5816ms data 1ms clip 20ms optim 112ms step 5961ms mem 1493/3311MB
step 316,100 | loss 3.4382 | lr 1.20e-04 | 1361 tok/s | fwd_bwd 5856ms data 0ms clip 20ms optim 112ms step 5994ms mem 1448/3311MB
step 316,110 | loss 3.7853 | lr 1.20e-04 | 1364 tok/s | fwd_bwd 5826ms data 1ms clip 20ms optim 111ms step 5968ms mem 1448/3311MB
step 316,120 | loss 3.8825 | lr 1.20e-04 | 1367 tok/s | fwd_bwd 5839ms data 1ms clip 20ms optim 112ms step 5989ms mem 1493/3311MB
step 316,130 | loss 3.2964 | lr 1.20e-04 | 1360 tok/s | fwd_bwd 5834ms data 0ms clip 20ms optim 112ms step 5974ms mem 1493/3311MB
step 316,140 | loss 4.3351 | lr 1.20e-04 | 1366 tok/s | fwd_bwd 5850ms data 0ms clip 20ms optim 112ms step 5990ms mem 1489/3311MB
step 316,150 | loss 4.4230 | lr 1.20e-04 | 1367 tok/s | fwd_bwd 5831ms data 1ms clip 20ms optim 111ms step 5975ms mem 1448/3311MB
step 316,160 | loss 4.2129 | lr 1.20e-04 | 1365 tok/s | fwd_bwd 5856ms data 0ms clip 20ms optim 111ms step 5990ms mem 1448/3311MB
step 316,170 | loss 2.2462 | lr 1.20e-04 | 1366 tok/s | fwd_bwd 5860ms data 0ms clip 20ms optim 111ms step 5997ms mem 1493/3311MB
step 316,180 | loss 3.6700 | lr 1.20e-04 | 1367 tok/s | fwd_bwd 5837ms data 0ms clip 20ms optim 111ms step 5974ms mem 1493/3311MB
step 316,190 | loss 3.6585 | lr 1.20e-04 | 1368 tok/s | fwd_bwd 5844ms data 0ms clip 20ms optim 112ms step 5984ms mem 1448/3311MB
step 316,200 | loss 4.1231 | lr 1.20e-04 | 1367 tok/s | fwd_bwd 5837ms data 0ms clip 20ms optim 112ms step 5973ms mem 1493/3311MB
step 316,210 | loss 3.0276 | lr 1.20e-04 | 1365 tok/s | fwd_bwd 5861ms data 0ms clip 20ms optim 112ms step 6001ms mem 1493/3311MB
step 316,220 | loss 4.1695 | lr 1.20e-04 | 1365 tok/s | fwd_bwd 5804ms data 0ms clip 20ms optim 112ms step 5946ms mem 1493/3311MB
step 316,230 | loss 3.9900 | lr 1.20e-04 | 1366 tok/s | fwd_bwd 5841ms data 0ms clip 20ms optim 112ms step 5979ms mem 1493/3311MB
step 316,240 | loss 3.1519 | lr 1.20e-04 | 1368 tok/s | fwd_bwd 5816ms data 0ms clip 20ms optim 112ms step 5956ms mem 1448/3311MB
step 316,250 | loss 3.9754 | lr 1.20e-04 | 1366 tok/s | fwd_bwd 5777ms data 0ms clip 20ms optim 111ms step 5912ms mem 1493/3311MB
step 316,260 | loss 2.6510 | lr 1.20e-04 | 1367 tok/s | fwd_bwd 5799ms data 1ms clip 20ms optim 111ms step 5943ms mem 1493/3311MB
step 316,270 | loss 3.6830 | lr 1.20e-04 | 1367 tok/s | fwd_bwd 5815ms data 0ms clip 20ms optim 112ms step 5951ms mem 1493/3311MB
step 316,280 | loss 3.7510 | lr 1.20e-04 | 1370 tok/s | fwd_bwd 5842ms data 0ms clip 20ms optim 111ms step 5979ms mem 1493/3311MB
step 316,290 | loss 4.1273 | lr 1.20e-04 | 1371 tok/s | fwd_bwd 5816ms data 0ms clip 20ms optim 112ms step 5956ms mem 1493/3311MB
step 316,300 | loss 3.2983 | lr 1.20e-04 | 1369 tok/s | fwd_bwd 5815ms data 0ms clip 20ms optim 111ms step 5957ms mem 1493/3311MB
step 316,310 | loss 1.9933 | lr 1.20e-04 | 1366 tok/s | fwd_bwd 5863ms data 0ms clip 20ms optim 111ms step 6000ms mem 1448/3311MB
step 316,320 | loss 3.9721 | lr 1.20e-04 | 1362 tok/s | fwd_bwd 5862ms data 0ms clip 20ms optim 112ms step 6000ms mem 1448/3311MB
step 316,330 | loss 3.7890 | lr 1.20e-04 | 1354 tok/s | fwd_bwd 5875ms data 0ms clip 20ms optim 111ms step 6011ms mem 1448/3311MB
Checkpoint saved: checkpoints/step_316331
  Pruning old checkpoint: checkpoints/step_315159
step 316,340 | loss 5.6616 | lr 1.20e-04 | 1347 tok/s | fwd_bwd 5847ms data 0ms clip 20ms optim 111ms step 5986ms mem 1448/3311MB
step 316,350 | loss 3.9729 | lr 1.20e-04 | 1362 tok/s | fwd_bwd 5897ms data 1ms clip 23ms optim 120ms step 6058ms mem 1448/3311MB
step 316,360 | loss 3.1196 | lr 1.20e-04 | 1365 tok/s | fwd_bwd 5861ms data 0ms clip 20ms optim 111ms step 5999ms mem 1482/3311MB
step 316,370 | loss 4.3545 | lr 1.20e-04 | 1365 tok/s | fwd_bwd 5827ms data 1ms clip 20ms optim 112ms step 5972ms mem 1452/3311MB
step 316,380 | loss 3.9204 | lr 1.20e-04 | 1362 tok/s | fwd_bwd 5842ms data 1ms clip 20ms optim 112ms step 5985ms mem 1493/3311MB
step 316,390 | loss 3.3935 | lr 1.20e-04 | 1364 tok/s | fwd_bwd 5862ms data 0ms clip 21ms optim 112ms step 6001ms mem 1452/3311MB
step 316,400 | loss 3.8049 | lr 1.20e-04 | 1364 tok/s | fwd_bwd 5847ms data 0ms clip 20ms optim 112ms step 5985ms mem 1493/3311MB
step 316,410 | loss 4.5937 | lr 1.20e-04 | 1365 tok/s | fwd_bwd 5845ms data 0ms clip 20ms optim 112ms step 5983ms mem 1448/3311MB
step 316,420 | loss 4.1249 | lr 1.20e-04 | 1368 tok/s | fwd_bwd 5847ms data 0ms clip 20ms optim 112ms step 5984ms mem 1493/3311MB
step 316,430 | loss 3.3907 | lr 1.20e-04 | 1366 tok/s | fwd_bwd 5841ms data 0ms clip 20ms optim 111ms step 5978ms mem 1493/3311MB
step 316,440 | loss 3.6332 | lr 1.20e-04 | 1368 tok/s | fwd_bwd 5826ms data 0ms clip 20ms optim 112ms step 5967ms mem 1493/3311MB
step 316,450 | loss 2.4885 | lr 1.20e-04 | 1371 tok/s | fwd_bwd 5800ms data 0ms clip 20ms optim 112ms step 5942ms mem 1493/3311MB
step 316,460 | loss 4.1603 | lr 1.20e-04 | 1369 tok/s | fwd_bwd 5852ms data 0ms clip 20ms optim 116ms step 5994ms mem 1493/3311MB
step 316,470 | loss 4.6781 | lr 1.20e-04 | 1365 tok/s | fwd_bwd 5902ms data 1ms clip 21ms optim 113ms step 6055ms mem 1490/3311MB
step 316,480 | loss 3.2797 | lr 1.20e-04 | 1367 tok/s | fwd_bwd 5826ms data 0ms clip 20ms optim 111ms step 5968ms mem 1448/3311MB
step 316,490 | loss 3.5130 | lr 1.20e-04 | 1371 tok/s | fwd_bwd 5813ms data 0ms clip 20ms optim 111ms step 5955ms mem 1451/3311MB
step 316,500 | loss 3.8626 | lr 1.20e-04 | 1371 tok/s | fwd_bwd 5838ms data 0ms clip 20ms optim 111ms step 5973ms mem 1452/3311MB
  [eval] step 316500 | val_loss 3.5875 | ppl 36.14
step 316,510 | loss 3.8911 | lr 1.20e-04 | 773 tok/s | fwd_bwd 5815ms data 0ms clip 20ms optim 111ms step 5952ms mem 1493/3311MB
step 316,520 | loss 3.4338 | lr 1.20e-04 | 1371 tok/s | fwd_bwd 5839ms data 0ms clip 20ms optim 111ms step 5976ms mem 1493/3311MB
step 316,530 | loss 3.9662 | lr 1.20e-04 | 1368 tok/s | fwd_bwd 5830ms data 0ms clip 20ms optim 111ms step 5969ms mem 1493/3311MB
step 316,540 | loss 4.0764 | lr 1.20e-04 | 1367 tok/s | fwd_bwd 5850ms data 0ms clip 20ms optim 112ms step 5987ms mem 1493/3311MB
step 316,550 | loss 2.1985 | lr 1.20e-04 | 1367 tok/s | fwd_bwd 5736ms data 1ms clip 20ms optim 111ms step 5878ms mem 1451/3311MB
step 316,560 | loss 3.6227 | lr 1.20e-04 | 1370 tok/s | fwd_bwd 5833ms data 0ms clip 20ms optim 111ms step 5970ms mem 1493/3311MB
step 316,570 | loss 3.5539 | lr 1.20e-04 | 1369 tok/s | fwd_bwd 5822ms data 0ms clip 20ms optim 112ms step 5965ms mem 1452/3311MB
step 316,580 | loss 3.5969 | lr 1.20e-04 | 1366 tok/s | fwd_bwd 5866ms data 0ms clip 20ms optim 112ms step 6003ms mem 1493/3311MB
step 316,590 | loss 3.6563 | lr 1.20e-04 | 1370 tok/s | fwd_bwd 5825ms data 1ms clip 20ms optim 111ms step 5970ms mem 1493/3311MB
step 316,600 | loss 3.8845 | lr 1.20e-04 | 1369 tok/s | fwd_bwd 5812ms data 0ms clip 20ms optim 112ms step 5951ms mem 1493/3311MB
step 316,610 | loss 4.1102 | lr 1.20e-04 | 1369 tok/s | fwd_bwd 5819ms data 1ms clip 20ms optim 113ms step 5963ms mem 1493/3311MB
step 316,620 | loss 3.3551 | lr 1.20e-04 | 1367 tok/s | fwd_bwd 5733ms data 0ms clip 20ms optim 111ms step 5874ms mem 1448/3311MB
step 316,630 | loss 4.0249 | lr 1.20e-04 | 1373 tok/s | fwd_bwd 5772ms data 1ms clip 20ms optim 112ms step 5917ms mem 1452/3311MB
step 316,640 | loss 1.8475 | lr 1.20e-04 | 1376 tok/s | fwd_bwd 5794ms data 1ms clip 20ms optim 111ms step 5938ms mem 1493/3311MB
step 316,650 | loss 3.1715 | lr 1.20e-04 | 1374 tok/s | fwd_bwd 5822ms data 0ms clip 20ms optim 112ms step 5958ms mem 1448/3311MB
step 316,660 | loss 3.3575 | lr 1.20e-04 | 1371 tok/s | fwd_bwd 5824ms data 0ms clip 20ms optim 112ms step 5967ms mem 1493/3311MB
step 316,670 | loss 1.1181 | lr 1.20e-04 | 1369 tok/s | fwd_bwd 5826ms data 0ms clip 20ms optim 112ms step 5969ms mem 1489/3311MB
step 316,680 | loss 3.8142 | lr 1.20e-04 | 1367 tok/s | fwd_bwd 5795ms data 0ms clip 20ms optim 111ms step 5934ms mem 1448/3311MB
step 316,690 | loss 2.2457 | lr 1.20e-04 | 1346 tok/s | fwd_bwd 5854ms data 0ms clip 20ms optim 112ms step 5994ms mem 1493/3311MB
step 316,700 | loss 3.7048 | lr 1.20e-04 | 1362 tok/s | fwd_bwd 5851ms data 0ms clip 20ms optim 111ms step 5993ms mem 1493/3311MB
step 316,710 | loss 3.4187 | lr 1.20e-04 | 1366 tok/s | fwd_bwd 5826ms data 1ms clip 20ms optim 112ms step 5969ms mem 1493/3311MB
step 316,720 | loss 3.5206 | lr 1.20e-04 | 1370 tok/s | fwd_bwd 5842ms data 1ms clip 20ms optim 111ms step 5989ms mem 1493/3311MB
step 316,730 | loss 3.8122 | lr 1.20e-04 | 1370 tok/s | fwd_bwd 5810ms data 1ms clip 23ms optim 119ms step 5971ms mem 1448/3311MB
step 316,740 | loss 3.9385 | lr 1.20e-04 | 1367 tok/s | fwd_bwd 5813ms data 0ms clip 20ms optim 111ms step 5953ms mem 1493/3311MB
step 316,750 | loss 4.1056 | lr 1.20e-04 | 1368 tok/s | fwd_bwd 5829ms data 1ms clip 20ms optim 111ms step 5975ms mem 1451/3311MB
step 316,760 | loss 4.4523 | lr 1.20e-04 | 1368 tok/s | fwd_bwd 5820ms data 0ms clip 20ms optim 112ms step 5960ms mem 1452/3311MB
step 316,770 | loss 4.1766 | lr 1.20e-04 | 1365 tok/s | fwd_bwd 5913ms data 1ms clip 23ms optim 118ms step 6074ms mem 1448/3311MB
step 316,780 | loss 3.7186 | lr 1.20e-04 | 1370 tok/s | fwd_bwd 5820ms data 0ms clip 20ms optim 112ms step 5960ms mem 1452/3311MB
step 316,790 | loss 4.5474 | lr 1.20e-04 | 1370 tok/s | fwd_bwd 5829ms data 0ms clip 20ms optim 111ms step 5971ms mem 1452/3311MB
step 316,800 | loss 3.4662 | lr 1.20e-04 | 1366 tok/s | fwd_bwd 5886ms data 1ms clip 24ms optim 120ms step 6048ms mem 1448/3311MB
step 316,810 | loss 3.3622 | lr 1.20e-04 | 1366 tok/s | fwd_bwd 5870ms data 0ms clip 20ms optim 112ms step 6007ms mem 1452/3311MB
step 316,820 | loss 3.1344 | lr 1.20e-04 | 1368 tok/s | fwd_bwd 5795ms data 1ms clip 20ms optim 112ms step 5939ms mem 1452/3311MB
step 316,830 | loss 4.4627 | lr 1.20e-04 | 1369 tok/s | fwd_bwd 5859ms data 0ms clip 20ms optim 111ms step 5994ms mem 1493/3311MB
step 316,840 | loss 3.7081 | lr 1.20e-04 | 1366 tok/s | fwd_bwd 5845ms data 0ms clip 20ms optim 111ms step 5985ms mem 1493/3311MB
step 316,850 | loss 4.0239 | lr 1.20e-04 | 1365 tok/s | fwd_bwd 5817ms data 1ms clip 20ms optim 111ms step 5961ms mem 1493/3311MB
step 316,860 | loss 3.6254 | lr 1.20e-04 | 1370 tok/s | fwd_bwd 5817ms data 0ms clip 20ms optim 111ms step 5959ms mem 1493/3311MB
step 316,870 | loss 4.8220 | lr 1.20e-04 | 1368 tok/s | fwd_bwd 5856ms data 0ms clip 20ms optim 111ms step 5991ms mem 1448/3311MB
step 316,880 | loss 2.0299 | lr 1.20e-04 | 1364 tok/s | fwd_bwd 5887ms data 1ms clip 23ms optim 120ms step 6050ms mem 1493/3311MB
step 316,890 | loss 3.8004 | lr 1.20e-04 | 1365 tok/s | fwd_bwd 5882ms data 1ms clip 20ms optim 111ms step 6032ms mem 1493/3311MB
step 316,900 | loss 3.2770 | lr 1.20e-04 | 1100 tok/s | fwd_bwd 8500ms data 1ms clip 35ms optim 170ms step 8712ms mem 1493/3311MB
step 316,910 | loss 3.3935 | lr 1.20e-04 | 1177 tok/s | fwd_bwd 5994ms data 1ms clip 21ms optim 113ms step 6141ms mem 1448/3311MB
step 316,920 | loss 3.8717 | lr 1.20e-04 | 1336 tok/s | fwd_bwd 5937ms data 1ms clip 20ms optim 112ms step 6080ms mem 1448/3311MB
Checkpoint saved: checkpoints/step_316920
  Pruning old checkpoint: checkpoints/step_315744
step 316,930 | loss 4.0241 | lr 1.20e-04 | 1336 tok/s | fwd_bwd 5881ms data 1ms clip 20ms optim 111ms step 6029ms mem 1448/3311MB
step 316,940 | loss 4.7146 | lr 1.20e-04 | 1351 tok/s | fwd_bwd 5909ms data 0ms clip 20ms optim 112ms step 6049ms mem 1448/3311MB
step 316,950 | loss 3.8238 | lr 1.20e-04 | 1352 tok/s | fwd_bwd 5910ms data 0ms clip 20ms optim 111ms step 6049ms mem 1448/3311MB
step 316,960 | loss 3.6340 | lr 1.20e-04 | 1349 tok/s | fwd_bwd 5912ms data 0ms clip 20ms optim 111ms step 6053ms mem 1448/3311MB
step 316,970 | loss 2.5499 | lr 1.20e-04 | 1349 tok/s | fwd_bwd 5857ms data 0ms clip 20ms optim 112ms step 5996ms mem 1448/3311MB
step 316,980 | loss 3.2144 | lr 1.20e-04 | 1349 tok/s | fwd_bwd 5904ms data 1ms clip 20ms optim 111ms step 6052ms mem 1448/3311MB
step 316,990 | loss 3.7633 | lr 1.20e-04 | 1347 tok/s | fwd_bwd 5919ms data 0ms clip 20ms optim 111ms step 6062ms mem 1448/3311MB
step 317,000 | loss 2.4615 | lr 1.20e-04 | 1345 tok/s | fwd_bwd 5950ms data 1ms clip 22ms optim 118ms step 6109ms mem 1448/3311MB
  [eval] step 317000 | val_loss 3.2816 | ppl 26.62
Checkpoint saved: checkpoints/step_317000
  [samples] wrote checkpoints/step_317000/samples.txt
  Pruning old checkpoint: checkpoints/step_316000
step 317,010 | loss 3.6111 | lr 1.20e-04 | 571 tok/s | fwd_bwd 5959ms data 0ms clip 20ms optim 111ms step 6099ms mem 1493/3311MB
step 317,020 | loss 4.4800 | lr 1.20e-04 | 1341 tok/s | fwd_bwd 5894ms data 0ms clip 20ms optim 112ms step 6029ms mem 1493/3311MB
step 317,030 | loss 2.4380 | lr 1.20e-04 | 1340 tok/s | fwd_bwd 6011ms data 1ms clip 22ms optim 117ms step 6170ms mem 1493/3311MB
step 317,040 | loss 2.4278 | lr 1.20e-04 | 1341 tok/s | fwd_bwd 5949ms data 0ms clip 20ms optim 111ms step 6087ms mem 1493/3311MB
step 317,050 | loss 3.6930 | lr 1.20e-04 | 1342 tok/s | fwd_bwd 5920ms data 1ms clip 20ms optim 111ms step 6062ms mem 1493/3311MB
step 317,060 | loss 4.0288 | lr 1.20e-04 | 1343 tok/s | fwd_bwd 5923ms data 0ms clip 20ms optim 111ms step 6061ms mem 1493/3311MB
step 317,070 | loss 4.0685 | lr 1.20e-04 | 1347 tok/s | fwd_bwd 5961ms data 1ms clip 23ms optim 119ms step 6122ms mem 1493/3311MB
step 317,080 | loss 4.3112 | lr 1.20e-04 | 1350 tok/s | fwd_bwd 5903ms data 1ms clip 20ms optim 111ms step 6048ms mem 1493/3311MB
step 317,090 | loss 4.3905 | lr 1.20e-04 | 1347 tok/s | fwd_bwd 5933ms data 0ms clip 20ms optim 111ms step 6071ms mem 1493/3311MB
step 317,100 | loss 4.1618 | lr 1.20e-04 | 1346 tok/s | fwd_bwd 5920ms data 0ms clip 20ms optim 112ms step 6056ms mem 1493/3311MB
step 317,110 | loss 4.1936 | lr 1.20e-04 | 1350 tok/s | fwd_bwd 5905ms data 1ms clip 20ms optim 112ms step 6048ms mem 1493/3311MB
step 317,120 | loss 4.1239 | lr 1.20e-04 | 1348 tok/s | fwd_bwd 5918ms data 1ms clip 20ms optim 111ms step 6066ms mem 1493/3311MB
step 317,130 | loss 3.5794 | lr 1.20e-04 | 1349 tok/s | fwd_bwd 5910ms data 1ms clip 20ms optim 111ms step 6054ms mem 1493/3311MB
step 317,140 | loss 3.7400 | lr 1.20e-04 | 1347 tok/s | fwd_bwd 5943ms data 0ms clip 20ms optim 112ms step 6080ms mem 1493/3311MB
step 317,150 | loss 2.8087 | lr 1.20e-04 | 1343 tok/s | fwd_bwd 5952ms data 0ms clip 20ms optim 112ms step 6090ms mem 1493/3311MB
step 317,160 | loss 3.6897 | lr 1.20e-04 | 1343 tok/s | fwd_bwd 5946ms data 1ms clip 20ms optim 112ms step 6090ms mem 1493/3311MB
step 317,170 | loss 1.2479 | lr 1.20e-04 | 1337 tok/s | fwd_bwd 5969ms data 0ms clip 20ms optim 111ms step 6106ms mem 1493/3311MB
step 317,180 | loss 4.1775 | lr 1.20e-04 | 1338 tok/s | fwd_bwd 5945ms data 0ms clip 20ms optim 111ms step 6085ms mem 1493/3311MB
step 317,190 | loss 3.8237 | lr 1.20e-04 | 1338 tok/s | fwd_bwd 5893ms data 1ms clip 20ms optim 111ms step 6037ms mem 1493/3311MB
step 317,200 | loss 4.4593 | lr 1.20e-04 | 1332 tok/s | fwd_bwd 6006ms data 0ms clip 22ms optim 119ms step 6156ms mem 1493/3311MB
step 317,210 | loss 3.9006 | lr 1.20e-04 | 1330 tok/s | fwd_bwd 5940ms data 1ms clip 20ms optim 112ms step 6083ms mem 1493/3311MB
step 317,220 | loss 3.8606 | lr 1.20e-04 | 1331 tok/s | fwd_bwd 6023ms data 1ms clip 22ms optim 121ms step 6184ms mem 1493/3311MB
step 317,230 | loss 4.2729 | lr 1.20e-04 | 1336 tok/s | fwd_bwd 6042ms data 1ms clip 23ms optim 120ms step 6205ms mem 1493/3311MB
step 317,240 | loss 3.8441 | lr 1.20e-04 | 1333 tok/s | fwd_bwd 5908ms data 0ms clip 20ms optim 111ms step 6050ms mem 1493/3311MB
step 317,250 | loss 3.7814 | lr 1.20e-04 | 1335 tok/s | fwd_bwd 5967ms data 0ms clip 20ms optim 112ms step 6103ms mem 1493/3311MB
step 317,260 | loss 1.5585 | lr 1.20e-04 | 1339 tok/s | fwd_bwd 5979ms data 0ms clip 20ms optim 112ms step 6115ms mem 1493/3311MB
step 317,270 | loss 3.3328 | lr 1.20e-04 | 1340 tok/s | fwd_bwd 5949ms data 1ms clip 20ms optim 111ms step 6098ms mem 1493/3311MB
step 317,280 | loss 4.1985 | lr 1.20e-04 | 1345 tok/s | fwd_bwd 5938ms data 1ms clip 20ms optim 111ms step 6086ms mem 1493/3311MB
step 317,290 | loss 3.6042 | lr 1.20e-04 | 1340 tok/s | fwd_bwd 5988ms data 1ms clip 23ms optim 120ms step 6149ms mem 1493/3311MB
step 317,300 | loss 4.1929 | lr 1.20e-04 | 1348 tok/s | fwd_bwd 5969ms data 1ms clip 23ms optim 122ms step 6133ms mem 1493/3311MB
step 317,310 | loss 3.6843 | lr 1.20e-04 | 1348 tok/s | fwd_bwd 5932ms data 0ms clip 20ms optim 111ms step 6069ms mem 1493/3311MB
step 317,320 | loss 3.4782 | lr 1.20e-04 | 1349 tok/s | fwd_bwd 5899ms data 0ms clip 21ms optim 111ms step 6042ms mem 1493/3311MB
step 317,330 | loss 3.9895 | lr 1.20e-04 | 1350 tok/s | fwd_bwd 5914ms data 0ms clip 20ms optim 111ms step 6050ms mem 1493/3311MB
step 317,340 | loss 3.6578 | lr 1.20e-04 | 1350 tok/s | fwd_bwd 5933ms data 0ms clip 20ms optim 111ms step 6068ms mem 1493/3311MB
step 317,350 | loss 3.7792 | lr 1.20e-04 | 1347 tok/s | fwd_bwd 5904ms data 0ms clip 20ms optim 112ms step 6047ms mem 1493/3311MB
step 317,360 | loss 3.6331 | lr 1.20e-04 | 1348 tok/s | fwd_bwd 5898ms data 1ms clip 20ms optim 112ms step 6041ms mem 1493/3311MB
step 317,370 | loss 4.3708 | lr 1.20e-04 | 1355 tok/s | fwd_bwd 5871ms data 1ms clip 20ms optim 111ms step 6015ms mem 1452/3311MB
step 317,380 | loss 3.9538 | lr 1.20e-04 | 1353 tok/s | fwd_bwd 5843ms data 0ms clip 20ms optim 112ms step 5979ms mem 1493/3311MB
step 317,390 | loss 3.3270 | lr 1.20e-04 | 1347 tok/s | fwd_bwd 5968ms data 1ms clip 21ms optim 121ms step 6127ms mem 1493/3311MB
step 317,400 | loss 4.0947 | lr 1.20e-04 | 1352 tok/s | fwd_bwd 5946ms data 1ms clip 20ms optim 112ms step 6098ms mem 1452/3311MB
step 317,410 | loss 3.8485 | lr 1.20e-04 | 1354 tok/s | fwd_bwd 5901ms data 0ms clip 20ms optim 111ms step 6036ms mem 1493/3311MB
step 317,420 | loss 3.7731 | lr 1.20e-04 | 1353 tok/s | fwd_bwd 5880ms data 0ms clip 20ms optim 112ms step 6022ms mem 1493/3311MB
step 317,430 | loss 3.3078 | lr 1.20e-04 | 1354 tok/s | fwd_bwd 5880ms data 0ms clip 20ms optim 111ms step 6024ms mem 1493/3311MB
step 317,440 | loss 3.5329 | lr 1.20e-04 | 1352 tok/s | fwd_bwd 5889ms data 1ms clip 20ms optim 112ms step 6034ms mem 1493/3311MB
step 317,450 | loss 3.6372 | lr 1.20e-04 | 1350 tok/s | fwd_bwd 5886ms data 1ms clip 23ms optim 121ms step 6051ms mem 1493/3311MB
step 317,460 | loss 3.2227 | lr 1.20e-04 | 1350 tok/s | fwd_bwd 5834ms data 0ms clip 20ms optim 111ms step 5971ms mem 1493/3311MB
step 317,470 | loss 3.7349 | lr 1.20e-04 | 1351 tok/s | fwd_bwd 5900ms data 0ms clip 20ms optim 111ms step 6037ms mem 1493/3311MB
step 317,480 | loss 3.6823 | lr 1.20e-04 | 1352 tok/s | fwd_bwd 5950ms data 1ms clip 23ms optim 119ms step 6111ms mem 1493/3311MB
step 317,490 | loss 4.3603 | lr 1.20e-04 | 1347 tok/s | fwd_bwd 5924ms data 0ms clip 20ms optim 111ms step 6061ms mem 1493/3311MB
Checkpoint saved: checkpoints/step_317498
  Pruning old checkpoint: checkpoints/step_316331
step 317,500 | loss 3.8720 | lr 1.20e-04 | 1334 tok/s | fwd_bwd 5955ms data 0ms clip 20ms optim 111ms step 6092ms mem 1493/3311MB
  [eval] step 317500 | val_loss 3.4602 | ppl 31.82
step 317,510 | loss 3.6662 | lr 1.20e-04 | 762 tok/s | fwd_bwd 5914ms data 0ms clip 20ms optim 111ms step 6051ms mem 1493/3311MB
step 317,520 | loss 4.0568 | lr 1.20e-04 | 1353 tok/s | fwd_bwd 5901ms data 0ms clip 20ms optim 111ms step 6040ms mem 1493/3311MB
step 317,530 | loss 4.2265 | lr 1.20e-04 | 1350 tok/s | fwd_bwd 5926ms data 1ms clip 20ms optim 112ms step 6072ms mem 1493/3311MB
step 317,540 | loss 3.6292 | lr 1.20e-04 | 1349 tok/s | fwd_bwd 5906ms data 0ms clip 20ms optim 111ms step 6043ms mem 1493/3311MB
step 317,550 | loss 3.6672 | lr 1.20e-04 | 1351 tok/s | fwd_bwd 5909ms data 0ms clip 20ms optim 111ms step 6046ms mem 1493/3311MB
step 317,560 | loss 4.0075 | lr 1.20e-04 | 1351 tok/s | fwd_bwd 5912ms data 0ms clip 20ms optim 112ms step 6050ms mem 1493/3311MB
step 317,570 | loss 3.9913 | lr 1.20e-04 | 1349 tok/s | fwd_bwd 5917ms data 0ms clip 20ms optim 111ms step 6055ms mem 1489/3311MB
step 317,580 | loss 3.7277 | lr 1.20e-04 | 1351 tok/s | fwd_bwd 5902ms data 0ms clip 20ms optim 111ms step 6042ms mem 1493/3311MB
step 317,590 | loss 2.7119 | lr 1.20e-04 | 1351 tok/s | fwd_bwd 5900ms data 0ms clip 20ms optim 111ms step 6041ms mem 1493/3311MB
step 317,600 | loss 4.2607 | lr 1.20e-04 | 1348 tok/s | fwd_bwd 5976ms data 1ms clip 23ms optim 119ms step 6139ms mem 1493/3311MB
step 317,610 | loss 4.4169 | lr 1.20e-04 | 1349 tok/s | fwd_bwd 5913ms data 0ms clip 20ms optim 112ms step 6051ms mem 1493/3311MB
step 317,620 | loss 3.4724 | lr 1.20e-04 | 1351 tok/s | fwd_bwd 5854ms data 0ms clip 20ms optim 111ms step 5991ms mem 1493/3311MB
step 317,630 | loss 4.1439 | lr 1.20e-04 | 1350 tok/s | fwd_bwd 5924ms data 0ms clip 20ms optim 111ms step 6061ms mem 1493/3311MB
step 317,640 | loss 3.8459 | lr 1.20e-04 | 1351 tok/s | fwd_bwd 5904ms data 0ms clip 20ms optim 111ms step 6038ms mem 1493/3311MB
step 317,650 | loss 3.7370 | lr 1.20e-04 | 1354 tok/s | fwd_bwd 5891ms data 0ms clip 20ms optim 111ms step 6033ms mem 1452/3311MB
step 317,660 | loss 3.7625 | lr 1.20e-04 | 1353 tok/s | fwd_bwd 5914ms data 0ms clip 20ms optim 111ms step 6051ms mem 1493/3311MB
step 317,670 | loss 4.4168 | lr 1.20e-04 | 1350 tok/s | fwd_bwd 5907ms data 0ms clip 20ms optim 111ms step 6049ms mem 1493/3311MB
step 317,680 | loss 3.9969 | lr 1.20e-04 | 1348 tok/s | fwd_bwd 5966ms data 1ms clip 20ms optim 111ms step 6117ms mem 1493/3311MB
step 317,690 | loss 3.9350 | lr 1.20e-04 | 1353 tok/s | fwd_bwd 5912ms data 0ms clip 20ms optim 112ms step 6050ms mem 1493/3311MB
step 317,700 | loss 3.4346 | lr 1.20e-04 | 1352 tok/s | fwd_bwd 5906ms data 0ms clip 20ms optim 111ms step 6043ms mem 1452/3311MB
step 317,710 | loss 2.8793 | lr 1.20e-04 | 1353 tok/s | fwd_bwd 5925ms data 1ms clip 20ms optim 111ms step 6074ms mem 1493/3311MB
step 317,720 | loss 3.5310 | lr 1.20e-04 | 1354 tok/s | fwd_bwd 5890ms data 0ms clip 20ms optim 112ms step 6030ms mem 1452/3311MB
step 317,730 | loss 3.4093 | lr 1.20e-04 | 1359 tok/s | fwd_bwd 5874ms data 0ms clip 20ms optim 111ms step 6014ms mem 1493/3311MB
step 317,740 | loss 3.5054 | lr 1.20e-04 | 1359 tok/s | fwd_bwd 5883ms data 0ms clip 20ms optim 112ms step 6022ms mem 1493/3311MB
step 317,750 | loss 3.7551 | lr 1.20e-04 | 1358 tok/s | fwd_bwd 5883ms data 0ms clip 20ms optim 112ms step 6024ms mem 1493/3311MB
step 317,760 | loss 3.6586 | lr 1.20e-04 | 1358 tok/s | fwd_bwd 5888ms data 0ms clip 20ms optim 111ms step 6025ms mem 1489/3311MB
step 317,770 | loss 3.7173 | lr 1.20e-04 | 1359 tok/s | fwd_bwd 5922ms data 1ms clip 20ms optim 112ms step 6073ms mem 1493/3311MB
step 317,780 | loss 3.8239 | lr 1.20e-04 | 1358 tok/s | fwd_bwd 5878ms data 0ms clip 20ms optim 111ms step 6018ms mem 1493/3311MB
step 317,790 | loss 3.6552 | lr 1.20e-04 | 1359 tok/s | fwd_bwd 5858ms data 0ms clip 20ms optim 112ms step 5998ms mem 1493/3311MB
step 317,800 | loss 2.8809 | lr 1.20e-04 | 1364 tok/s | fwd_bwd 5850ms data 0ms clip 20ms optim 113ms step 5988ms mem 1493/3311MB
step 317,810 | loss 3.7947 | lr 1.20e-04 | 1366 tok/s | fwd_bwd 5842ms data 0ms clip 20ms optim 112ms step 5985ms mem 1493/3311MB
step 317,820 | loss 3.3014 | lr 1.20e-04 | 1364 tok/s | fwd_bwd 5872ms data 0ms clip 20ms optim 113ms step 6011ms mem 1493/3311MB
step 317,830 | loss 4.1902 | lr 1.20e-04 | 1363 tok/s | fwd_bwd 5835ms data 1ms clip 20ms optim 112ms step 5979ms mem 1452/3311MB
step 317,840 | loss 4.0033 | lr 1.20e-04 | 1271 tok/s | fwd_bwd 7826ms data 1ms clip 37ms optim 175ms step 8044ms mem 1493/3311MB
step 317,850 | loss 3.6722 | lr 1.20e-04 | 1065 tok/s | fwd_bwd 6425ms data 1ms clip 24ms optim 123ms step 6579ms mem 1493/3311MB
step 317,860 | loss 3.7678 | lr 1.20e-04 | 1335 tok/s | fwd_bwd 5906ms data 1ms clip 20ms optim 111ms step 6050ms mem 1493/3311MB
step 317,870 | loss 4.0454 | lr 1.20e-04 | 1330 tok/s | fwd_bwd 5905ms data 0ms clip 20ms optim 111ms step 6042ms mem 1448/3311MB
step 317,880 | loss 4.1000 | lr 1.20e-04 | 1353 tok/s | fwd_bwd 5857ms data 1ms clip 20ms optim 111ms step 6001ms mem 1493/3311MB
step 317,890 | loss 3.7749 | lr 1.20e-04 | 1360 tok/s | fwd_bwd 5842ms data 0ms clip 20ms optim 111ms step 5984ms mem 1482/3311MB
step 317,900 | loss 3.5722 | lr 1.20e-04 | 1363 tok/s | fwd_bwd 5850ms data 0ms clip 20ms optim 111ms step 5992ms mem 1493/3311MB
step 317,910 | loss 4.5707 | lr 1.20e-04 | 1358 tok/s | fwd_bwd 5916ms data 1ms clip 20ms optim 111ms step 6067ms mem 1493/3311MB
step 317,920 | loss 4.2344 | lr 1.20e-04 | 1359 tok/s | fwd_bwd 5876ms data 1ms clip 20ms optim 111ms step 6025ms mem 1493/3311MB
step 317,930 | loss 3.5024 | lr 1.20e-04 | 1356 tok/s | fwd_bwd 5872ms data 0ms clip 20ms optim 111ms step 6012ms mem 1493/3311MB
step 317,940 | loss 4.0419 | lr 1.20e-04 | 1357 tok/s | fwd_bwd 5868ms data 1ms clip 20ms optim 112ms step 6015ms mem 1493/3311MB
step 317,950 | loss 3.5649 | lr 1.20e-04 | 1354 tok/s | fwd_bwd 5882ms data 0ms clip 20ms optim 112ms step 6018ms mem 1493/3311MB
step 317,960 | loss 4.0853 | lr 1.20e-04 | 1351 tok/s | fwd_bwd 5905ms data 1ms clip 20ms optim 111ms step 6056ms mem 1493/3311MB
step 317,970 | loss 2.7199 | lr 1.20e-04 | 1356 tok/s | fwd_bwd 5854ms data 0ms clip 20ms optim 112ms step 5994ms mem 1493/3311MB
step 317,980 | loss 3.5816 | lr 1.20e-04 | 1359 tok/s | fwd_bwd 5817ms data 0ms clip 20ms optim 111ms step 5953ms mem 1493/3311MB
step 317,990 | loss 2.1791 | lr 1.20e-04 | 1355 tok/s | fwd_bwd 5885ms data 0ms clip 20ms optim 111ms step 6021ms mem 1493/3311MB
step 318,000 | loss 3.7834 | lr 1.20e-04 | 1355 tok/s | fwd_bwd 5891ms data 0ms clip 20ms optim 111ms step 6029ms mem 1493/3311MB
  [eval] step 318000 | val_loss 3.7683 | ppl 43.31
Checkpoint saved: checkpoints/step_318000
  [samples] wrote checkpoints/step_318000/samples.txt
  Pruning old checkpoint: checkpoints/step_316920
step 318,010 | loss 4.0729 | lr 1.20e-04 | 577 tok/s | fwd_bwd 5801ms data 1ms clip 20ms optim 112ms step 5943ms mem 1493/3311MB
step 318,020 | loss 3.5527 | lr 1.20e-04 | 1354 tok/s | fwd_bwd 5893ms data 1ms clip 23ms optim 123ms step 6058ms mem 1493/3311MB
step 318,030 | loss 4.4474 | lr 1.20e-04 | 1312 tok/s | fwd_bwd 5838ms data 0ms clip 20ms optim 112ms step 5978ms mem 1493/3311MB
step 318,040 | loss 4.4277 | lr 1.20e-04 | 1347 tok/s | fwd_bwd 5914ms data 0ms clip 20ms optim 111ms step 6054ms mem 1490/3311MB
step 318,050 | loss 2.5357 | lr 1.20e-04 | 1346 tok/s | fwd_bwd 5929ms data 0ms clip 20ms optim 111ms step 6064ms mem 1493/3311MB
step 318,060 | loss 2.6550 | lr 1.20e-04 | 1344 tok/s | fwd_bwd 5925ms data 0ms clip 20ms optim 111ms step 6065ms mem 1470/3311MB
Checkpoint saved: checkpoints/step_318068
  Pruning old checkpoint: checkpoints/step_317000
step 318,070 | loss 3.9679 | lr 1.20e-04 | 1334 tok/s | fwd_bwd 5915ms data 1ms clip 20ms optim 111ms step 6065ms mem 1470/3311MB
step 318,080 | loss 3.9374 | lr 1.20e-04 | 1350 tok/s | fwd_bwd 5937ms data 1ms clip 23ms optim 119ms step 6099ms mem 1493/3311MB
step 318,090 | loss 3.2373 | lr 1.20e-04 | 1355 tok/s | fwd_bwd 5877ms data 1ms clip 20ms optim 111ms step 6023ms mem 1488/3311MB
step 318,100 | loss 4.9484 | lr 1.20e-04 | 1353 tok/s | fwd_bwd 5908ms data 0ms clip 20ms optim 113ms step 6046ms mem 1493/3311MB
step 318,110 | loss 3.2251 | lr 1.20e-04 | 1354 tok/s | fwd_bwd 5918ms data 0ms clip 20ms optim 112ms step 6056ms mem 1493/3311MB
step 318,120 | loss 3.6409 | lr 1.20e-04 | 1351 tok/s | fwd_bwd 5922ms data 0ms clip 20ms optim 111ms step 6060ms mem 1493/3311MB
step 318,130 | loss 3.9310 | lr 1.20e-04 | 1351 tok/s | fwd_bwd 5896ms data 0ms clip 20ms optim 112ms step 6034ms mem 1493/3311MB
step 318,140 | loss 3.4503 | lr 1.20e-04 | 1355 tok/s | fwd_bwd 5826ms data 0ms clip 20ms optim 111ms step 5964ms mem 1452/3311MB
step 318,150 | loss 3.6802 | lr 1.20e-04 | 1351 tok/s | fwd_bwd 5926ms data 0ms clip 20ms optim 111ms step 6066ms mem 1452/3311MB
step 318,160 | loss 4.1659 | lr 1.20e-04 | 1348 tok/s | fwd_bwd 5840ms data 1ms clip 20ms optim 112ms step 5986ms mem 1489/3311MB
step 318,170 | loss 3.9631 | lr 1.20e-04 | 1353 tok/s | fwd_bwd 5892ms data 0ms clip 20ms optim 111ms step 6031ms mem 1493/3311MB
step 318,180 | loss 4.2330 | lr 1.20e-04 | 1355 tok/s | fwd_bwd 5891ms data 0ms clip 20ms optim 111ms step 6033ms mem 1493/3311MB
step 318,190 | loss 2.5221 | lr 1.20e-04 | 1353 tok/s | fwd_bwd 5814ms data 1ms clip 20ms optim 111ms step 5961ms mem 1493/3311MB
step 318,200 | loss 3.0287 | lr 1.20e-04 | 1355 tok/s | fwd_bwd 5899ms data 0ms clip 20ms optim 112ms step 6037ms mem 1493/3311MB
step 318,210 | loss 4.0005 | lr 1.20e-04 | 1355 tok/s | fwd_bwd 5873ms data 1ms clip 20ms optim 111ms step 6021ms mem 1493/3311MB
step 318,220 | loss 3.8340 | lr 1.20e-04 | 1355 tok/s | fwd_bwd 5888ms data 0ms clip 20ms optim 112ms step 6027ms mem 1452/3311MB
step 318,230 | loss 4.1038 | lr 1.20e-04 | 1354 tok/s | fwd_bwd 5848ms data 1ms clip 20ms optim 112ms step 6000ms mem 1493/3311MB
step 318,240 | loss 3.2446 | lr 1.20e-04 | 1357 tok/s | fwd_bwd 5916ms data 0ms clip 20ms optim 112ms step 6053ms mem 1470/3311MB
step 318,250 | loss 4.0902 | lr 1.20e-04 | 1353 tok/s | fwd_bwd 5853ms data 0ms clip 20ms optim 111ms step 5992ms mem 1493/3311MB
step 318,260 | loss 3.3580 | lr 1.20e-04 | 1352 tok/s | fwd_bwd 5869ms data 0ms clip 20ms optim 111ms step 6004ms mem 1493/3311MB
step 318,270 | loss 3.8431 | lr 1.20e-04 | 1353 tok/s | fwd_bwd 5817ms data 0ms clip 20ms optim 111ms step 5957ms mem 1452/3311MB
step 318,280 | loss 3.8766 | lr 1.20e-04 | 1355 tok/s | fwd_bwd 5899ms data 0ms clip 20ms optim 111ms step 6037ms mem 1470/3311MB
step 318,290 | loss 4.3222 | lr 1.20e-04 | 1353 tok/s | fwd_bwd 5844ms data 0ms clip 20ms optim 111ms step 5982ms mem 1493/3311MB
step 318,300 | loss 3.6018 | lr 1.20e-04 | 1352 tok/s | fwd_bwd 5911ms data 0ms clip 20ms optim 111ms step 6048ms mem 1452/3311MB
step 318,310 | loss 4.4233 | lr 1.20e-04 | 1353 tok/s | fwd_bwd 5839ms data 0ms clip 20ms optim 111ms step 5976ms mem 1493/3311MB
step 318,320 | loss 2.5624 | lr 1.20e-04 | 1359 tok/s | fwd_bwd 5772ms data 1ms clip 20ms optim 111ms step 5917ms mem 1493/3311MB
step 318,330 | loss 4.2833 | lr 1.20e-04 | 1365 tok/s | fwd_bwd 5857ms data 0ms clip 20ms optim 111ms step 5992ms mem 1493/3311MB
step 318,340 | loss 3.2761 | lr 1.20e-04 | 1364 tok/s | fwd_bwd 5856ms data 0ms clip 20ms optim 112ms step 5995ms mem 1493/3311MB
step 318,350 | loss 1.3468 | lr 1.20e-04 | 1359 tok/s | fwd_bwd 5901ms data 0ms clip 20ms optim 111ms step 6036ms mem 1493/3311MB
step 318,360 | loss 2.5661 | lr 1.20e-04 | 1361 tok/s | fwd_bwd 5854ms data 0ms clip 20ms optim 111ms step 5993ms mem 1493/3311MB
step 318,370 | loss 4.2850 | lr 1.20e-04 | 1365 tok/s | fwd_bwd 5834ms data 0ms clip 20ms optim 111ms step 5973ms mem 1451/3311MB
step 318,380 | loss 3.5276 | lr 1.20e-04 | 1368 tok/s | fwd_bwd 5896ms data 1ms clip 23ms optim 119ms step 6058ms mem 1493/3311MB
step 318,390 | loss 1.7319 | lr 1.20e-04 | 1367 tok/s | fwd_bwd 5823ms data 1ms clip 20ms optim 112ms step 5970ms mem 1448/3311MB
step 318,400 | loss 1.4747 | lr 1.20e-04 | 1368 tok/s | fwd_bwd 5843ms data 0ms clip 20ms optim 111ms step 5979ms mem 1493/3311MB
step 318,410 | loss 3.7424 | lr 1.20e-04 | 1368 tok/s | fwd_bwd 5852ms data 0ms clip 20ms optim 111ms step 5989ms mem 1493/3311MB
step 318,420 | loss 4.1420 | lr 1.20e-04 | 1366 tok/s | fwd_bwd 5858ms data 1ms clip 23ms optim 120ms step 6021ms mem 1493/3311MB
step 318,430 | loss 4.0017 | lr 1.20e-04 | 1363 tok/s | fwd_bwd 5840ms data 0ms clip 20ms optim 111ms step 5979ms mem 1448/3311MB
step 318,440 | loss 3.0880 | lr 1.20e-04 | 1367 tok/s | fwd_bwd 5797ms data 0ms clip 24ms optim 119ms step 5948ms mem 1493/3311MB
step 318,450 | loss 3.4392 | lr 1.20e-04 | 1091 tok/s | fwd_bwd 8094ms data 1ms clip 34ms optim 167ms step 8301ms mem 1448/3311MB
step 318,460 | loss 1.0050 | lr 1.20e-04 | 1211 tok/s | fwd_bwd 5882ms data 1ms clip 23ms optim 125ms step 6050ms mem 1493/3311MB
step 318,470 | loss 3.8898 | lr 1.20e-04 | 1357 tok/s | fwd_bwd 5935ms data 1ms clip 23ms optim 125ms step 6103ms mem 1470/3311MB
step 318,480 | loss 3.7319 | lr 1.20e-04 | 1368 tok/s | fwd_bwd 5804ms data 0ms clip 20ms optim 111ms step 5943ms mem 1448/3311MB
step 318,490 | loss 4.1992 | lr 1.20e-04 | 1364 tok/s | fwd_bwd 5773ms data 1ms clip 20ms optim 111ms step 5915ms mem 1448/3311MB
step 318,500 | loss 4.0648 | lr 1.20e-04 | 1357 tok/s | fwd_bwd 5874ms data 1ms clip 20ms optim 111ms step 6016ms mem 1493/3311MB
  [eval] step 318500 | val_loss 3.7116 | ppl 40.92
step 318,510 | loss 3.8248 | lr 1.20e-04 | 762 tok/s | fwd_bwd 5874ms data 0ms clip 20ms optim 111ms step 6011ms mem 1493/3311MB
step 318,520 | loss 2.2570 | lr 1.20e-04 | 1348 tok/s | fwd_bwd 5968ms data 1ms clip 23ms optim 120ms step 6132ms mem 1493/3311MB
step 318,530 | loss 4.0756 | lr 1.20e-04 | 1347 tok/s | fwd_bwd 5933ms data 0ms clip 20ms optim 111ms step 6072ms mem 1452/3311MB
step 318,540 | loss 2.3552 | lr 1.20e-04 | 1343 tok/s | fwd_bwd 5911ms data 0ms clip 20ms optim 111ms step 6050ms mem 1493/3311MB
step 318,550 | loss 1.8684 | lr 1.20e-04 | 1340 tok/s | fwd_bwd 5923ms data 1ms clip 20ms optim 112ms step 6074ms mem 1493/3311MB
step 318,560 | loss 4.4418 | lr 1.20e-04 | 1341 tok/s | fwd_bwd 5952ms data 0ms clip 20ms optim 111ms step 6089ms mem 1452/3311MB
step 318,570 | loss 1.4547 | lr 1.20e-04 | 1341 tok/s | fwd_bwd 5946ms data 0ms clip 20ms optim 111ms step 6088ms mem 1493/3311MB
step 318,580 | loss 3.6662 | lr 1.20e-04 | 1338 tok/s | fwd_bwd 5995ms data 1ms clip 20ms optim 111ms step 6146ms mem 1493/3311MB
step 318,590 | loss 4.4090 | lr 1.20e-04 | 1340 tok/s | fwd_bwd 5963ms data 0ms clip 20ms optim 111ms step 6103ms mem 1493/3311MB
step 318,600 | loss 1.8189 | lr 1.20e-04 | 1335 tok/s | fwd_bwd 5970ms data 0ms clip 20ms optim 112ms step 6107ms mem 1493/3311MB
step 318,610 | loss 3.3494 | lr 1.20e-04 | 1334 tok/s | fwd_bwd 5990ms data 0ms clip 20ms optim 111ms step 6129ms mem 1493/3311MB
step 318,620 | loss 4.1953 | lr 1.20e-04 | 1336 tok/s | fwd_bwd 5978ms data 1ms clip 20ms optim 112ms step 6125ms mem 1493/3311MB
step 318,630 | loss 3.7772 | lr 1.20e-04 | 1336 tok/s | fwd_bwd 5980ms data 0ms clip 20ms optim 112ms step 6120ms mem 1493/3311MB
step 318,640 | loss 4.4171 | lr 1.20e-04 | 1329 tok/s | fwd_bwd 5997ms data 1ms clip 20ms optim 111ms step 6142ms mem 1493/3311MB
step 318,650 | loss 4.1920 | lr 1.20e-04 | 1322 tok/s | fwd_bwd 5988ms data 0ms clip 20ms optim 111ms step 6130ms mem 1493/3311MB
Checkpoint saved: checkpoints/step_318652
  Pruning old checkpoint: checkpoints/step_317498
step 318,660 | loss 1.3761 | lr 1.20e-04 | 1312 tok/s | fwd_bwd 6030ms data 0ms clip 20ms optim 112ms step 6166ms mem 1493/3311MB
step 318,670 | loss 1.0197 | lr 1.20e-04 | 1332 tok/s | fwd_bwd 5984ms data 1ms clip 20ms optim 112ms step 6130ms mem 1493/3311MB
step 318,680 | loss 3.7794 | lr 1.20e-04 | 1339 tok/s | fwd_bwd 5929ms data 0ms clip 20ms optim 111ms step 6070ms mem 1464/3311MB
step 318,690 | loss 3.8416 | lr 1.20e-04 | 1345 tok/s | fwd_bwd 5911ms data 1ms clip 20ms optim 111ms step 6056ms mem 1493/3311MB
step 318,700 | loss 3.5857 | lr 1.20e-04 | 1349 tok/s | fwd_bwd 5887ms data 1ms clip 20ms optim 111ms step 6032ms mem 1493/3311MB
step 318,710 | loss 3.6854 | lr 1.20e-04 | 1352 tok/s | fwd_bwd 5886ms data 0ms clip 20ms optim 111ms step 6028ms mem 1493/3311MB
step 318,720 | loss 3.2388 | lr 1.20e-04 | 1359 tok/s | fwd_bwd 5859ms data 1ms clip 20ms optim 111ms step 6002ms mem 1493/3311MB
step 318,730 | loss 4.4274 | lr 1.20e-04 | 1364 tok/s | fwd_bwd 5842ms data 0ms clip 20ms optim 111ms step 5985ms mem 1493/3311MB
step 318,740 | loss 3.2786 | lr 1.20e-04 | 1367 tok/s | fwd_bwd 5813ms data 0ms clip 20ms optim 112ms step 5953ms mem 1493/3311MB
step 318,750 | loss 3.8301 | lr 1.20e-04 | 1370 tok/s | fwd_bwd 5831ms data 0ms clip 20ms optim 112ms step 5971ms mem 1493/3311MB
step 318,760 | loss 0.9455 | lr 1.20e-04 | 1371 tok/s | fwd_bwd 5818ms data 0ms clip 20ms optim 111ms step 5956ms mem 1448/3311MB
step 318,770 | loss 4.0018 | lr 1.20e-04 | 1372 tok/s | fwd_bwd 5817ms data 0ms clip 20ms optim 112ms step 5957ms mem 1493/3311MB
step 318,780 | loss 4.6922 | lr 1.20e-04 | 1371 tok/s | fwd_bwd 5801ms data 1ms clip 20ms optim 111ms step 5946ms mem 1493/3311MB
step 318,790 | loss 4.2674 | lr 1.20e-04 | 1369 tok/s | fwd_bwd 5842ms data 0ms clip 20ms optim 112ms step 5979ms mem 1448/3311MB
step 318,800 | loss 3.3901 | lr 1.20e-04 | 1370 tok/s | fwd_bwd 5794ms data 0ms clip 20ms optim 111ms step 5935ms mem 1493/3311MB
step 318,810 | loss 4.8966 | lr 1.20e-04 | 1376 tok/s | fwd_bwd 5800ms data 0ms clip 20ms optim 111ms step 5937ms mem 1493/3311MB
step 318,820 | loss 1.3737 | lr 1.20e-04 | 1375 tok/s | fwd_bwd 5833ms data 0ms clip 20ms optim 112ms step 5970ms mem 1448/3311MB
step 318,830 | loss 3.4983 | lr 1.20e-04 | 1368 tok/s | fwd_bwd 5826ms data 0ms clip 20ms optim 111ms step 5967ms mem 1493/3311MB
step 318,840 | loss 4.2160 | lr 1.20e-04 | 1348 tok/s | fwd_bwd 6081ms data 1ms clip 22ms optim 120ms step 6235ms mem 1493/3311MB
step 318,850 | loss 3.6528 | lr 1.20e-04 | 1290 tok/s | fwd_bwd 5900ms data 1ms clip 20ms optim 112ms step 6050ms mem 1451/3311MB
step 318,860 | loss 3.8253 | lr 1.20e-04 | 1350 tok/s | fwd_bwd 5887ms data 0ms clip 20ms optim 111ms step 6025ms mem 1493/3311MB
step 318,870 | loss 3.8794 | lr 1.20e-04 | 1360 tok/s | fwd_bwd 5899ms data 1ms clip 20ms optim 112ms step 6052ms mem 1452/3311MB
step 318,880 | loss 2.1804 | lr 1.20e-04 | 1363 tok/s | fwd_bwd 5796ms data 1ms clip 20ms optim 111ms step 5948ms mem 1493/3311MB
step 318,890 | loss 4.2286 | lr 1.20e-04 | 1364 tok/s | fwd_bwd 5842ms data 0ms clip 20ms optim 112ms step 5981ms mem 1493/3311MB
step 318,900 | loss 1.5583 | lr 1.20e-04 | 1360 tok/s | fwd_bwd 5839ms data 1ms clip 23ms optim 119ms step 6000ms mem 1493/3311MB
step 318,910 | loss 3.5532 | lr 1.20e-04 | 1368 tok/s | fwd_bwd 5829ms data 1ms clip 20ms optim 111ms step 5974ms mem 1448/3311MB
step 318,920 | loss 4.0842 | lr 1.20e-04 | 1364 tok/s | fwd_bwd 5828ms data 1ms clip 20ms optim 111ms step 5973ms mem 1448/3311MB
step 318,930 | loss 4.1526 | lr 1.20e-04 | 1360 tok/s | fwd_bwd 5863ms data 0ms clip 20ms optim 111ms step 5998ms mem 1448/3311MB
step 318,940 | loss 3.5844 | lr 1.20e-04 | 1360 tok/s | fwd_bwd 5854ms data 1ms clip 20ms optim 111ms step 5998ms mem 1448/3311MB
step 318,950 | loss 4.1521 | lr 1.20e-04 | 1358 tok/s | fwd_bwd 5883ms data 1ms clip 20ms optim 112ms step 6032ms mem 1448/3311MB
step 318,960 | loss 1.6245 | lr 1.20e-04 | 1361 tok/s | fwd_bwd 5872ms data 0ms clip 20ms optim 111ms step 6007ms mem 1448/3311MB
step 318,970 | loss 3.9908 | lr 1.20e-04 | 1359 tok/s | fwd_bwd 5856ms data 1ms clip 20ms optim 111ms step 6000ms mem 1448/3311MB
step 318,980 | loss 0.2450 | lr 1.20e-04 | 1356 tok/s | fwd_bwd 5878ms data 0ms clip 20ms optim 111ms step 6016ms mem 1448/3311MB
step 318,990 | loss 0.7579 | lr 1.20e-04 | 1359 tok/s | fwd_bwd 5860ms data 0ms clip 20ms optim 111ms step 5995ms mem 1448/3311MB
step 319,000 | loss 4.0484 | lr 1.20e-04 | 1360 tok/s | fwd_bwd 5908ms data 1ms clip 23ms optim 119ms step 6069ms mem 1448/3311MB
  [eval] step 319000 | val_loss 3.3749 | ppl 29.22
Checkpoint saved: checkpoints/step_319000
  [samples] wrote checkpoints/step_319000/samples.txt
  Pruning old checkpoint: checkpoints/step_318000
step 319,010 | loss 3.1198 | lr 1.20e-04 | 579 tok/s | fwd_bwd 5877ms data 0ms clip 20ms optim 112ms step 6015ms mem 1493/3311MB
Resuming from checkpoint: checkpoints/step_319000
  Resumed at step 319000

============================================================
  Unrealistic 187M — Training
  Parameters: 189,748,992
  Dtype: bfloat16
  Optimizer: AdamW (mlx)
  Micro-batch: 1 × 8 accum
  Effective batch: 8
  Memory: 534 MB
============================================================

step 319,000 | loss 4.4354 | lr 1.20e-04 | 0 tok/s | fwd_bwd 4912ms data 68ms clip 24ms optim 420ms step 5435ms mem 1493/2587MB
  [eval] step 319000 | val_loss 3.3526 | ppl 28.58
Checkpoint saved: checkpoints/step_319000
  [samples] wrote checkpoints/step_319000/samples.txt
step 319,010 | loss 3.7676 | lr 1.20e-04 | 704 tok/s | fwd_bwd 4827ms data 0ms clip 21ms optim 116ms step 4969ms mem 1493/3311MB
step 319,020 | loss 2.8975 | lr 1.20e-04 | 1658 tok/s | fwd_bwd 4758ms data 1ms clip 20ms optim 111ms step 4904ms mem 1493/3311MB
step 319,030 | loss 3.4015 | lr 1.20e-04 | 1650 tok/s | fwd_bwd 4831ms data 1ms clip 20ms optim 111ms step 4970ms mem 1493/3311MB
step 319,040 | loss 3.9427 | lr 1.20e-04 | 1498 tok/s | fwd_bwd 7423ms data 1ms clip 23ms optim 178ms step 7636ms mem 1448/3311MB
step 319,050 | loss 3.1752 | lr 1.20e-04 | 1336 tok/s | fwd_bwd 5563ms data 1ms clip 20ms optim 111ms step 5705ms mem 1493/3311MB
step 319,060 | loss 3.4932 | lr 1.20e-04 | 1417 tok/s | fwd_bwd 5630ms data 1ms clip 20ms optim 113ms step 5776ms mem 1493/3311MB
step 319,070 | loss 3.4170 | lr 1.20e-04 | 1418 tok/s | fwd_bwd 5463ms data 1ms clip 20ms optim 112ms step 5609ms mem 1448/3311MB
step 319,080 | loss 5.0339 | lr 1.20e-04 | 1404 tok/s | fwd_bwd 5641ms data 0ms clip 20ms optim 112ms step 5782ms mem 1493/3311MB
step 319,090 | loss 3.4702 | lr 1.20e-04 | 1389 tok/s | fwd_bwd 5735ms data 0ms clip 20ms optim 111ms step 5874ms mem 1493/3311MB
step 319,100 | loss 3.5386 | lr 1.20e-04 | 1387 tok/s | fwd_bwd 5791ms data 0ms clip 20ms optim 113ms step 5933ms mem 1448/3311MB
step 319,110 | loss 4.4069 | lr 1.20e-04 | 1373 tok/s | fwd_bwd 5971ms data 1ms clip 21ms optim 116ms step 6124ms mem 1493/3311MB
step 319,120 | loss 3.4075 | lr 1.20e-04 | 1353 tok/s | fwd_bwd 5893ms data 0ms clip 20ms optim 111ms step 6028ms mem 1493/3311MB
step 319,130 | loss 3.3790 | lr 1.20e-04 | 1356 tok/s | fwd_bwd 5879ms data 0ms clip 20ms optim 112ms step 6019ms mem 1493/3311MB
step 319,140 | loss 3.5169 | lr 1.20e-04 | 1347 tok/s | fwd_bwd 5929ms data 0ms clip 21ms optim 112ms step 6066ms mem 1493/3311MB
step 319,150 | loss 3.7985 | lr 1.20e-04 | 1344 tok/s | fwd_bwd 5965ms data 1ms clip 20ms optim 111ms step 6112ms mem 1493/3311MB
step 319,160 | loss 3.7539 | lr 1.20e-04 | 1336 tok/s | fwd_bwd 5977ms data 0ms clip 20ms optim 112ms step 6115ms mem 1493/3311MB
step 319,170 | loss 3.8850 | lr 1.20e-04 | 1332 tok/s | fwd_bwd 6014ms data 0ms clip 20ms optim 112ms step 6151ms mem 1493/3311MB
step 319,180 | loss 3.5416 | lr 1.20e-04 | 1319 tok/s | fwd_bwd 6042ms data 0ms clip 20ms optim 112ms step 6181ms mem 1493/3311MB
step 319,190 | loss 3.5348 | lr 1.20e-04 | 1326 tok/s | fwd_bwd 5998ms data 0ms clip 20ms optim 112ms step 6139ms mem 1493/3311MB
step 319,200 | loss 3.9811 | lr 1.20e-04 | 1327 tok/s | fwd_bwd 5937ms data 0ms clip 20ms optim 111ms step 6075ms mem 1493/3311MB
step 319,210 | loss 2.9355 | lr 1.20e-04 | 1328 tok/s | fwd_bwd 5905ms data 1ms clip 20ms optim 112ms step 6052ms mem 1493/3311MB
step 319,220 | loss 4.5058 | lr 1.20e-04 | 1334 tok/s | fwd_bwd 5874ms data 1ms clip 20ms optim 112ms step 6016ms mem 1493/3311MB
step 319,230 | loss 0.7696 | lr 1.20e-04 | 1332 tok/s | fwd_bwd 6007ms data 0ms clip 20ms optim 112ms step 6144ms mem 1451/3311MB
step 319,240 | loss 2.9060 | lr 1.20e-04 | 1321 tok/s | fwd_bwd 6144ms data 1ms clip 24ms optim 124ms step 6310ms mem 1493/3311MB
step 319,250 | loss 3.9409 | lr 1.20e-04 | 1314 tok/s | fwd_bwd 6055ms data 1ms clip 20ms optim 112ms step 6201ms mem 1493/3311MB
step 319,260 | loss 4.0372 | lr 1.20e-04 | 1313 tok/s | fwd_bwd 6105ms data 0ms clip 20ms optim 112ms step 6243ms mem 1493/3311MB
step 319,270 | loss 3.4315 | lr 1.20e-04 | 1311 tok/s | fwd_bwd 6081ms data 1ms clip 20ms optim 112ms step 6222ms mem 1488/3311MB
step 319,280 | loss 3.6962 | lr 1.20e-04 | 1309 tok/s | fwd_bwd 6117ms data 1ms clip 20ms optim 112ms step 6259ms mem 1451/3311MB
step 319,290 | loss 1.5737 | lr 1.20e-04 | 1307 tok/s | fwd_bwd 6112ms data 1ms clip 20ms optim 112ms step 6258ms mem 1493/3311MB
step 319,300 | loss 3.4209 | lr 1.20e-04 | 1295 tok/s | fwd_bwd 6287ms data 1ms clip 20ms optim 114ms step 6432ms mem 1493/3311MB
step 319,310 | loss 3.4324 | lr 1.20e-04 | 1306 tok/s | fwd_bwd 6035ms data 1ms clip 20ms optim 111ms step 6185ms mem 1493/3311MB
step 319,320 | loss 4.1767 | lr 1.20e-04 | 1314 tok/s | fwd_bwd 5915ms data 1ms clip 20ms optim 112ms step 6058ms mem 1452/3311MB
step 319,330 | loss 3.8823 | lr 1.20e-04 | 1313 tok/s | fwd_bwd 6013ms data 0ms clip 20ms optim 113ms step 6150ms mem 1493/3311MB
step 319,340 | loss 3.8342 | lr 1.20e-04 | 1307 tok/s | fwd_bwd 6083ms data 1ms clip 20ms optim 112ms step 6228ms mem 1493/3311MB
step 319,350 | loss 2.2849 | lr 1.20e-04 | 1309 tok/s | fwd_bwd 6096ms data 0ms clip 20ms optim 112ms step 6234ms mem 1493/3311MB
step 319,360 | loss 3.7877 | lr 1.20e-04 | 1310 tok/s | fwd_bwd 6095ms data 0ms clip 20ms optim 112ms step 6235ms mem 1493/3311MB
step 319,370 | loss 4.1872 | lr 1.20e-04 | 1309 tok/s | fwd_bwd 6073ms data 0ms clip 20ms optim 112ms step 6211ms mem 1493/3311MB
step 319,380 | loss 3.9765 | lr 1.20e-04 | 1313 tok/s | fwd_bwd 6075ms data 0ms clip 20ms optim 112ms step 6211ms mem 1493/3311MB
step 319,390 | loss 3.6667 | lr 1.20e-04 | 1310 tok/s | fwd_bwd 6087ms data 1ms clip 20ms optim 112ms step 6232ms mem 1493/3311MB
step 319,400 | loss 3.9110 | lr 1.20e-04 | 1313 tok/s | fwd_bwd 5957ms data 1ms clip 20ms optim 112ms step 6102ms mem 1493/3311MB
step 319,410 | loss 1.6998 | lr 1.20e-04 | 1317 tok/s | fwd_bwd 6036ms data 1ms clip 20ms optim 111ms step 6182ms mem 1493/3311MB
step 319,420 | loss 2.0194 | lr 1.20e-04 | 1315 tok/s | fwd_bwd 6126ms data 1ms clip 23ms optim 121ms step 6290ms mem 1470/3311MB
step 319,430 | loss 3.7211 | lr 1.20e-04 | 1338 tok/s | fwd_bwd 5937ms data 0ms clip 20ms optim 112ms step 6077ms mem 1493/3311MB
step 319,440 | loss 2.6186 | lr 1.20e-04 | 1335 tok/s | fwd_bwd 5911ms data 1ms clip 20ms optim 112ms step 6051ms mem 1493/3311MB
step 319,450 | loss 3.9518 | lr 1.20e-04 | 1317 tok/s | fwd_bwd 6215ms data 1ms clip 22ms optim 113ms step 6371ms mem 1493/3311MB
step 319,460 | loss 3.9060 | lr 1.20e-04 | 1321 tok/s | fwd_bwd 6026ms data 0ms clip 20ms optim 112ms step 6164ms mem 1493/3311MB
step 319,470 | loss 3.2740 | lr 1.20e-04 | 1321 tok/s | fwd_bwd 6030ms data 0ms clip 20ms optim 112ms step 6170ms mem 1493/3311MB
step 319,480 | loss 5.5317 | lr 1.20e-04 | 1319 tok/s | fwd_bwd 6051ms data 1ms clip 20ms optim 111ms step 6193ms mem 1493/3311MB
step 319,490 | loss 3.7784 | lr 1.20e-04 | 1314 tok/s | fwd_bwd 6139ms data 1ms clip 20ms optim 113ms step 6291ms mem 1493/3311MB
step 319,500 | loss 3.6379 | lr 1.20e-04 | 1320 tok/s | fwd_bwd 6055ms data 0ms clip 20ms optim 112ms step 6195ms mem 1493/3311MB
  [eval] step 319500 | val_loss 3.6712 | ppl 39.30
step 319,510 | loss 3.3914 | lr 1.20e-04 | 742 tok/s | fwd_bwd 6039ms data 0ms clip 21ms optim 111ms step 6179ms mem 1493/3311MB
step 319,520 | loss 3.7876 | lr 1.20e-04 | 1318 tok/s | fwd_bwd 6035ms data 0ms clip 20ms optim 112ms step 6176ms mem 1493/3311MB
step 319,530 | loss 3.3654 | lr 1.20e-04 | 1323 tok/s | fwd_bwd 6026ms data 1ms clip 20ms optim 112ms step 6169ms mem 1493/3311MB
step 319,540 | loss 3.0825 | lr 1.20e-04 | 1323 tok/s | fwd_bwd 6020ms data 0ms clip 20ms optim 111ms step 6160ms mem 1493/3311MB
step 319,550 | loss 0.5259 | lr 1.20e-04 | 1326 tok/s | fwd_bwd 6005ms data 1ms clip 20ms optim 116ms step 6152ms mem 1493/3311MB
step 319,560 | loss 3.0111 | lr 1.20e-04 | 1334 tok/s | fwd_bwd 5986ms data 1ms clip 20ms optim 112ms step 6136ms mem 1493/3311MB
step 319,570 | loss 3.6086 | lr 1.20e-04 | 1333 tok/s | fwd_bwd 5873ms data 1ms clip 20ms optim 112ms step 6013ms mem 1493/3311MB
Checkpoint saved: checkpoints/step_319572
  Pruning old checkpoint: checkpoints/step_318068
step 319,580 | loss 4.1024 | lr 1.20e-04 | 1318 tok/s | fwd_bwd 5956ms data 1ms clip 20ms optim 113ms step 6100ms mem 1493/3311MB
step 319,590 | loss 4.0677 | lr 1.20e-04 | 1333 tok/s | fwd_bwd 5983ms data 0ms clip 20ms optim 113ms step 6123ms mem 1493/3311MB
step 319,600 | loss 4.3455 | lr 1.20e-04 | 1327 tok/s | fwd_bwd 6002ms data 0ms clip 20ms optim 112ms step 6139ms mem 1493/3311MB
step 319,610 | loss 4.0097 | lr 1.20e-04 | 1325 tok/s | fwd_bwd 6056ms data 1ms clip 20ms optim 113ms step 6207ms mem 1493/3311MB
step 319,620 | loss 3.4510 | lr 1.20e-04 | 1323 tok/s | fwd_bwd 6025ms data 0ms clip 20ms optim 112ms step 6164ms mem 1493/3311MB
step 319,630 | loss 3.8666 | lr 1.20e-04 | 1329 tok/s | fwd_bwd 6004ms data 0ms clip 20ms optim 111ms step 6142ms mem 1493/3311MB
step 319,640 | loss 4.1810 | lr 1.20e-04 | 1331 tok/s | fwd_bwd 6008ms data 0ms clip 21ms optim 112ms step 6148ms mem 1493/3311MB
step 319,650 | loss 3.7898 | lr 1.20e-04 | 1328 tok/s | fwd_bwd 5996ms data 0ms clip 20ms optim 112ms step 6137ms mem 1493/3311MB
step 319,660 | loss 3.4845 | lr 1.20e-04 | 1322 tok/s | fwd_bwd 6020ms data 1ms clip 20ms optim 112ms step 6168ms mem 1493/3311MB
step 319,670 | loss 4.3851 | lr 1.20e-04 | 1323 tok/s | fwd_bwd 5973ms data 0ms clip 20ms optim 112ms step 6111ms mem 1493/3311MB
step 319,680 | loss 0.4046 | lr 1.20e-04 | 1327 tok/s | fwd_bwd 5999ms data 0ms clip 20ms optim 113ms step 6141ms mem 1493/3311MB
step 319,690 | loss 3.9892 | lr 1.20e-04 | 1324 tok/s | fwd_bwd 6017ms data 0ms clip 20ms optim 112ms step 6153ms mem 1493/3311MB
step 319,700 | loss 4.2817 | lr 1.20e-04 | 1322 tok/s | fwd_bwd 6036ms data 0ms clip 20ms optim 113ms step 6178ms mem 1493/3311MB
step 319,710 | loss 4.4280 | lr 1.20e-04 | 1324 tok/s | fwd_bwd 5878ms data 0ms clip 20ms optim 112ms step 6015ms mem 1493/3311MB
step 319,720 | loss 3.3531 | lr 1.20e-04 | 1326 tok/s | fwd_bwd 6032ms data 0ms clip 20ms optim 114ms step 6175ms mem 1493/3311MB
step 319,730 | loss 4.5456 | lr 1.20e-04 | 1325 tok/s | fwd_bwd 6011ms data 0ms clip 20ms optim 111ms step 6148ms mem 1493/3311MB
step 319,740 | loss 3.7725 | lr 1.20e-04 | 1327 tok/s | fwd_bwd 5991ms data 0ms clip 20ms optim 112ms step 6130ms mem 1493/3311MB
step 319,750 | loss 3.3450 | lr 1.20e-04 | 1327 tok/s | fwd_bwd 5921ms data 1ms clip 20ms optim 112ms step 6063ms mem 1493/3311MB
step 319,760 | loss 4.2886 | lr 1.20e-04 | 1326 tok/s | fwd_bwd 5998ms data 0ms clip 20ms optim 112ms step 6139ms mem 1493/3311MB
step 319,770 | loss 4.0180 | lr 1.20e-04 | 1324 tok/s | fwd_bwd 6022ms data 1ms clip 20ms optim 112ms step 6163ms mem 1493/3311MB
step 319,780 | loss 3.9947 | lr 1.20e-04 | 1325 tok/s | fwd_bwd 6029ms data 0ms clip 21ms optim 113ms step 6167ms mem 1493/3311MB
step 319,790 | loss 3.9340 | lr 1.20e-04 | 1326 tok/s | fwd_bwd 6027ms data 0ms clip 20ms optim 112ms step 6166ms mem 1493/3311MB
step 319,800 | loss 2.7076 | lr 1.20e-04 | 1325 tok/s | fwd_bwd 6012ms data 0ms clip 20ms optim 112ms step 6152ms mem 1493/3311MB
step 319,810 | loss 3.5469 | lr 1.20e-04 | 1325 tok/s | fwd_bwd 6089ms data 1ms clip 20ms optim 112ms step 6239ms mem 1493/3311MB
step 319,820 | loss 1.5332 | lr 1.20e-04 | 1329 tok/s | fwd_bwd 6016ms data 0ms clip 21ms optim 116ms step 6161ms mem 1493/3311MB
step 319,830 | loss 4.2648 | lr 1.20e-04 | 1320 tok/s | fwd_bwd 6090ms data 1ms clip 20ms optim 111ms step 6240ms mem 1493/3311MB
step 319,840 | loss 3.9115 | lr 1.20e-04 | 1321 tok/s | fwd_bwd 6021ms data 0ms clip 20ms optim 112ms step 6160ms mem 1493/3311MB
step 319,850 | loss 4.0940 | lr 1.20e-04 | 1319 tok/s | fwd_bwd 5900ms data 0ms clip 20ms optim 112ms step 6040ms mem 1493/3311MB
step 319,860 | loss 4.1628 | lr 1.20e-04 | 1324 tok/s | fwd_bwd 6039ms data 0ms clip 20ms optim 112ms step 6178ms mem 1493/3311MB
step 319,870 | loss 3.7565 | lr 1.20e-04 | 1319 tok/s | fwd_bwd 6035ms data 1ms clip 20ms optim 113ms step 6178ms mem 1493/3311MB
step 319,880 | loss 4.2897 | lr 1.20e-04 | 1318 tok/s | fwd_bwd 6173ms data 1ms clip 21ms optim 114ms step 6328ms mem 1493/3311MB
step 319,890 | loss 4.0447 | lr 1.20e-04 | 1325 tok/s | fwd_bwd 6023ms data 1ms clip 20ms optim 112ms step 6170ms mem 1493/3311MB
step 319,900 | loss 3.0442 | lr 1.20e-04 | 1320 tok/s | fwd_bwd 6027ms data 0ms clip 20ms optim 112ms step 6164ms mem 1493/3311MB
step 319,910 | loss 3.6740 | lr 1.20e-04 | 1322 tok/s | fwd_bwd 6032ms data 1ms clip 20ms optim 113ms step 6174ms mem 1493/3311MB
step 319,920 | loss 4.3173 | lr 1.20e-04 | 1328 tok/s | fwd_bwd 5988ms data 1ms clip 20ms optim 112ms step 6131ms mem 1493/3311MB
step 319,930 | loss 4.0360 | lr 1.20e-04 | 1328 tok/s | fwd_bwd 5982ms data 0ms clip 20ms optim 112ms step 6120ms mem 1493/3311MB
step 319,940 | loss 1.3194 | lr 1.20e-04 | 1333 tok/s | fwd_bwd 6054ms data 0ms clip 20ms optim 112ms step 6190ms mem 1493/3311MB
step 319,950 | loss 4.1530 | lr 1.20e-04 | 1319 tok/s | fwd_bwd 6070ms data 0ms clip 20ms optim 113ms step 6210ms mem 1493/3311MB
step 319,960 | loss 3.3624 | lr 1.20e-04 | 1315 tok/s | fwd_bwd 6065ms data 0ms clip 21ms optim 112ms step 6204ms mem 1493/3311MB
step 319,970 | loss 3.3331 | lr 1.20e-04 | 1313 tok/s | fwd_bwd 6048ms data 0ms clip 20ms optim 113ms step 6185ms mem 1493/3311MB
step 319,980 | loss 3.8810 | lr 1.20e-04 | 1313 tok/s | fwd_bwd 6068ms data 0ms clip 20ms optim 113ms step 6204ms mem 1493/3311MB
step 319,990 | loss 4.0058 | lr 1.20e-04 | 1312 tok/s | fwd_bwd 6067ms data 0ms clip 20ms optim 113ms step 6204ms mem 1493/3311MB
step 320,000 | loss 4.4122 | lr 1.20e-04 | 1307 tok/s | fwd_bwd 6113ms data 0ms clip 20ms optim 114ms step 6255ms mem 1493/3311MB
  [eval] step 320000 | val_loss 3.7057 | ppl 40.68
Checkpoint saved: checkpoints/step_320000
  [samples] wrote checkpoints/step_320000/samples.txt
  Pruning old checkpoint: checkpoints/step_318652
step 320,010 | loss 3.7827 | lr 1.20e-04 | 563 tok/s | fwd_bwd 6077ms data 0ms clip 20ms optim 113ms step 6217ms mem 1493/3311MB
step 320,020 | loss 3.6097 | lr 1.20e-04 | 1311 tok/s | fwd_bwd 6110ms data 0ms clip 20ms optim 113ms step 6249ms mem 1493/3311MB
step 320,030 | loss 3.1629 | lr 1.20e-04 | 1251 tok/s | fwd_bwd 6589ms data 0ms clip 20ms optim 112ms step 6725ms mem 1493/3311MB
step 320,040 | loss 4.0698 | lr 1.20e-04 | 1205 tok/s | fwd_bwd 6871ms data 1ms clip 21ms optim 112ms step 7014ms mem 1448/3311MB
step 320,050 | loss 4.3312 | lr 1.20e-04 | 1150 tok/s | fwd_bwd 6988ms data 1ms clip 21ms optim 112ms step 7129ms mem 1448/3311MB
step 320,060 | loss 1.9418 | lr 1.20e-04 | 1140 tok/s | fwd_bwd 7348ms data 0ms clip 21ms optim 115ms step 7489ms mem 1448/3311MB
step 320,070 | loss 3.4624 | lr 1.20e-04 | 1093 tok/s | fwd_bwd 7630ms data 0ms clip 20ms optim 111ms step 7765ms mem 1493/3311MB
step 320,080 | loss 3.8517 | lr 1.20e-04 | 1092 tok/s | fwd_bwd 7337ms data 0ms clip 23ms optim 151ms step 7516ms mem 1493/3311MB
step 320,090 | loss 3.8684 | lr 1.20e-04 | 1072 tok/s | fwd_bwd 6824ms data 1ms clip 21ms optim 112ms step 6964ms mem 1448/3311MB
step 320,100 | loss 3.5820 | lr 1.20e-04 | 996 tok/s | fwd_bwd 8562ms data 1ms clip 26ms optim 125ms step 8719ms mem 1493/3311MB
step 320,110 | loss 2.8893 | lr 1.20e-04 | 1164 tok/s | fwd_bwd 6151ms data 0ms clip 20ms optim 112ms step 6290ms mem 1493/3311MB
step 320,120 | loss 3.9633 | lr 1.20e-04 | 1330 tok/s | fwd_bwd 5896ms data 1ms clip 20ms optim 111ms step 6042ms mem 1452/3311MB
Checkpoint saved: checkpoints/step_320125
  Pruning old checkpoint: checkpoints/step_319000
step 320,130 | loss 3.3741 | lr 1.20e-04 | 1336 tok/s | fwd_bwd 5871ms data 0ms clip 20ms optim 112ms step 6010ms mem 1452/3311MB
step 320,140 | loss 3.7408 | lr 1.20e-04 | 1357 tok/s | fwd_bwd 5889ms data 0ms clip 20ms optim 112ms step 6026ms mem 1493/3311MB
step 320,150 | loss 3.6553 | lr 1.20e-04 | 1359 tok/s | fwd_bwd 5875ms data 0ms clip 20ms optim 111ms step 6013ms mem 1493/3311MB
step 320,160 | loss 3.6628 | lr 1.20e-04 | 1360 tok/s | fwd_bwd 5857ms data 1ms clip 20ms optim 112ms step 6003ms mem 1493/3311MB
step 320,170 | loss 4.1267 | lr 1.20e-04 | 1363 tok/s | fwd_bwd 5861ms data 0ms clip 20ms optim 111ms step 5998ms mem 1493/3311MB
step 320,180 | loss 2.4507 | lr 1.20e-04 | 1364 tok/s | fwd_bwd 5852ms data 0ms clip 20ms optim 111ms step 5993ms mem 1452/3311MB
step 320,190 | loss 3.0925 | lr 1.20e-04 | 1366 tok/s | fwd_bwd 5851ms data 0ms clip 20ms optim 112ms step 5988ms mem 1493/3311MB
step 320,200 | loss 3.6893 | lr 1.20e-04 | 1367 tok/s | fwd_bwd 5847ms data 0ms clip 20ms optim 111ms step 5982ms mem 1448/3311MB
step 320,210 | loss 3.7790 | lr 1.20e-04 | 1368 tok/s | fwd_bwd 5833ms data 1ms clip 20ms optim 111ms step 5977ms mem 1452/3311MB
step 320,220 | loss 2.8478 | lr 1.20e-04 | 1365 tok/s | fwd_bwd 5859ms data 0ms clip 20ms optim 111ms step 5994ms mem 1493/3311MB
step 320,230 | loss 4.6325 | lr 1.20e-04 | 1366 tok/s | fwd_bwd 5856ms data 0ms clip 20ms optim 111ms step 5993ms mem 1493/3311MB
step 320,240 | loss 3.5729 | lr 1.20e-04 | 1361 tok/s | fwd_bwd 5859ms data 0ms clip 20ms optim 112ms step 5997ms mem 1493/3311MB
step 320,250 | loss 3.5745 | lr 1.20e-04 | 1360 tok/s | fwd_bwd 5897ms data 0ms clip 20ms optim 111ms step 6031ms mem 1451/3311MB
step 320,260 | loss 4.4626 | lr 1.20e-04 | 1357 tok/s | fwd_bwd 5883ms data 0ms clip 20ms optim 112ms step 6021ms mem 1452/3311MB
step 320,270 | loss 3.5563 | lr 1.20e-04 | 1360 tok/s | fwd_bwd 5779ms data 0ms clip 20ms optim 112ms step 5920ms mem 1493/3311MB
step 320,280 | loss 3.8675 | lr 1.20e-04 | 1362 tok/s | fwd_bwd 5857ms data 0ms clip 20ms optim 112ms step 5997ms mem 1493/3311MB
step 320,290 | loss 3.9460 | lr 1.20e-04 | 1360 tok/s | fwd_bwd 5906ms data 1ms clip 23ms optim 119ms step 6068ms mem 1493/3311MB
step 320,300 | loss 4.2676 | lr 1.20e-04 | 1366 tok/s | fwd_bwd 5849ms data 0ms clip 20ms optim 111ms step 5988ms mem 1493/3311MB
step 320,310 | loss 3.5786 | lr 1.20e-04 | 1363 tok/s | fwd_bwd 5865ms data 0ms clip 20ms optim 111ms step 6001ms mem 1493/3311MB
step 320,320 | loss 3.2650 | lr 1.20e-04 | 1363 tok/s | fwd_bwd 5858ms data 1ms clip 20ms optim 112ms step 6004ms mem 1451/3311MB
step 320,330 | loss 0.7067 | lr 1.20e-04 | 1365 tok/s | fwd_bwd 5849ms data 0ms clip 20ms optim 111ms step 5990ms mem 1448/3311MB
step 320,340 | loss 4.0219 | lr 1.20e-04 | 1360 tok/s | fwd_bwd 5847ms data 1ms clip 20ms optim 112ms step 5993ms mem 1448/3311MB
step 320,350 | loss 3.8217 | lr 1.20e-04 | 1353 tok/s | fwd_bwd 5901ms data 0ms clip 20ms optim 111ms step 6037ms mem 1448/3311MB
step 320,360 | loss 3.5589 | lr 1.20e-04 | 1353 tok/s | fwd_bwd 6052ms data 0ms clip 20ms optim 111ms step 6187ms mem 1448/3311MB
step 320,370 | loss 3.2282 | lr 1.20e-04 | 1359 tok/s | fwd_bwd 5879ms data 0ms clip 20ms optim 112ms step 6020ms mem 1448/3311MB
step 320,380 | loss 3.4182 | lr 1.20e-04 | 1357 tok/s | fwd_bwd 5897ms data 0ms clip 20ms optim 112ms step 6034ms mem 1448/3311MB
step 320,390 | loss 3.5710 | lr 1.20e-04 | 1354 tok/s | fwd_bwd 5901ms data 0ms clip 20ms optim 111ms step 6036ms mem 1448/3311MB
step 320,400 | loss 3.1784 | lr 1.20e-04 | 1355 tok/s | fwd_bwd 5897ms data 0ms clip 20ms optim 111ms step 6034ms mem 1448/3311MB
step 320,410 | loss 2.6731 | lr 1.20e-04 | 1356 tok/s | fwd_bwd 5875ms data 1ms clip 20ms optim 111ms step 6021ms mem 1448/3311MB
step 320,420 | loss 4.1196 | lr 1.20e-04 | 1355 tok/s | fwd_bwd 5893ms data 0ms clip 20ms optim 111ms step 6032ms mem 1448/3311MB
step 320,430 | loss 3.7664 | lr 1.20e-04 | 1357 tok/s | fwd_bwd 5787ms data 0ms clip 20ms optim 111ms step 5926ms mem 1448/3311MB
step 320,440 | loss 3.3810 | lr 1.20e-04 | 1359 tok/s | fwd_bwd 5880ms data 0ms clip 20ms optim 112ms step 6020ms mem 1448/3311MB
step 320,450 | loss 3.7990 | lr 1.20e-04 | 1354 tok/s | fwd_bwd 5873ms data 1ms clip 20ms optim 111ms step 6015ms mem 1448/3311MB
step 320,460 | loss 4.1931 | lr 1.20e-04 | 1357 tok/s | fwd_bwd 5823ms data 1ms clip 20ms optim 111ms step 5971ms mem 1448/3311MB
step 320,470 | loss 3.6707 | lr 1.20e-04 | 1365 tok/s | fwd_bwd 5843ms data 0ms clip 20ms optim 111ms step 5982ms mem 1493/3311MB
step 320,480 | loss 4.1022 | lr 1.19e-04 | 1366 tok/s | fwd_bwd 5837ms data 1ms clip 20ms optim 112ms step 5984ms mem 1493/3311MB
step 320,490 | loss 3.6776 | lr 1.19e-04 | 1362 tok/s | fwd_bwd 5859ms data 0ms clip 20ms optim 112ms step 5999ms mem 1493/3311MB
step 320,500 | loss 3.8242 | lr 1.19e-04 | 1362 tok/s | fwd_bwd 5866ms data 0ms clip 20ms optim 112ms step 6008ms mem 1451/3311MB
  [eval] step 320500 | val_loss 3.4279 | ppl 30.81
step 320,510 | loss 3.6134 | lr 1.19e-04 | 768 tok/s | fwd_bwd 5751ms data 0ms clip 20ms optim 111ms step 5890ms mem 1493/3311MB
step 320,520 | loss 3.7969 | lr 1.19e-04 | 1361 tok/s | fwd_bwd 5880ms data 0ms clip 20ms optim 111ms step 6017ms mem 1493/3311MB
step 320,530 | loss 3.5080 | lr 1.19e-04 | 1359 tok/s | fwd_bwd 5864ms data 0ms clip 20ms optim 112ms step 6002ms mem 1493/3311MB
step 320,540 | loss 4.1246 | lr 1.19e-04 | 1362 tok/s | fwd_bwd 5882ms data 0ms clip 20ms optim 111ms step 6017ms mem 1493/3311MB
step 320,550 | loss 3.1103 | lr 1.19e-04 | 1365 tok/s | fwd_bwd 5841ms data 1ms clip 20ms optim 111ms step 5984ms mem 1493/3311MB
step 320,560 | loss 4.4116 | lr 1.19e-04 | 1364 tok/s | fwd_bwd 5841ms data 0ms clip 20ms optim 111ms step 5978ms mem 1458/3311MB
step 320,570 | loss 4.0080 | lr 1.19e-04 | 1369 tok/s | fwd_bwd 5834ms data 0ms clip 20ms optim 111ms step 5973ms mem 1448/3311MB
step 320,580 | loss 4.1267 | lr 1.19e-04 | 1371 tok/s | fwd_bwd 5801ms data 0ms clip 20ms optim 112ms step 5943ms mem 1452/3311MB
step 320,590 | loss 4.4896 | lr 1.19e-04 | 1372 tok/s | fwd_bwd 5826ms data 0ms clip 20ms optim 112ms step 5964ms mem 1452/3311MB
step 320,600 | loss 3.9170 | lr 1.19e-04 | 1367 tok/s | fwd_bwd 5832ms data 0ms clip 20ms optim 111ms step 5970ms mem 1448/3311MB
step 320,610 | loss 3.1990 | lr 1.19e-04 | 1366 tok/s | fwd_bwd 5845ms data 0ms clip 20ms optim 111ms step 5984ms mem 1493/3311MB
step 320,620 | loss 3.6279 | lr 1.19e-04 | 1368 tok/s | fwd_bwd 5811ms data 0ms clip 20ms optim 111ms step 5946ms mem 1452/3311MB
step 320,630 | loss 2.7106 | lr 1.19e-04 | 1368 tok/s | fwd_bwd 5832ms data 0ms clip 20ms optim 111ms step 5972ms mem 1448/3311MB
step 320,640 | loss 3.6534 | lr 1.19e-04 | 1366 tok/s | fwd_bwd 5853ms data 0ms clip 20ms optim 111ms step 5990ms mem 1493/3311MB
step 320,650 | loss 4.0939 | lr 1.19e-04 | 1369 tok/s | fwd_bwd 5818ms data 0ms clip 20ms optim 111ms step 5957ms mem 1493/3311MB
step 320,660 | loss 4.2727 | lr 1.19e-04 | 1370 tok/s | fwd_bwd 5813ms data 0ms clip 20ms optim 111ms step 5952ms mem 1448/3311MB
step 320,670 | loss 4.1107 | lr 1.19e-04 | 1369 tok/s | fwd_bwd 5864ms data 1ms clip 23ms optim 119ms step 6026ms mem 1493/3311MB
step 320,680 | loss 1.1317 | lr 1.19e-04 | 1369 tok/s | fwd_bwd 5846ms data 1ms clip 20ms optim 111ms step 5994ms mem 1493/3311MB
step 320,690 | loss 4.0040 | lr 1.19e-04 | 1372 tok/s | fwd_bwd 5796ms data 0ms clip 20ms optim 112ms step 5937ms mem 1448/3311MB
step 320,700 | loss 3.7047 | lr 1.19e-04 | 1367 tok/s | fwd_bwd 5856ms data 0ms clip 20ms optim 111ms step 5993ms mem 1493/3311MB
step 320,710 | loss 4.0840 | lr 1.19e-04 | 1358 tok/s | fwd_bwd 5859ms data 0ms clip 20ms optim 112ms step 5998ms mem 1493/3311MB
Checkpoint saved: checkpoints/step_320717
  Pruning old checkpoint: checkpoints/step_319572
step 320,720 | loss 4.3251 | lr 1.19e-04 | 1350 tok/s | fwd_bwd 5861ms data 0ms clip 20ms optim 112ms step 5998ms mem 1493/3311MB
step 320,730 | loss 4.7010 | lr 1.19e-04 | 1359 tok/s | fwd_bwd 5865ms data 0ms clip 20ms optim 111ms step 5999ms mem 1452/3311MB
step 320,740 | loss 3.5741 | lr 1.19e-04 | 1357 tok/s | fwd_bwd 5883ms data 1ms clip 20ms optim 111ms step 6030ms mem 1451/3311MB
step 320,750 | loss 4.1110 | lr 1.19e-04 | 1357 tok/s | fwd_bwd 5902ms data 0ms clip 20ms optim 111ms step 6037ms mem 1493/3311MB
step 320,760 | loss 3.8694 | lr 1.19e-04 | 1359 tok/s | fwd_bwd 5857ms data 0ms clip 20ms optim 111ms step 5996ms mem 1493/3311MB
step 320,770 | loss 3.9416 | lr 1.19e-04 | 1358 tok/s | fwd_bwd 5882ms data 0ms clip 20ms optim 111ms step 6017ms mem 1452/3311MB
step 320,780 | loss 3.7582 | lr 1.19e-04 | 1359 tok/s | fwd_bwd 5876ms data 1ms clip 20ms optim 112ms step 6023ms mem 1493/3311MB
step 320,790 | loss 3.8963 | lr 1.19e-04 | 1360 tok/s | fwd_bwd 5829ms data 1ms clip 20ms optim 111ms step 5973ms mem 1493/3311MB
step 320,800 | loss 2.6983 | lr 1.19e-04 | 1358 tok/s | fwd_bwd 5880ms data 0ms clip 20ms optim 112ms step 6022ms mem 1493/3311MB
step 320,810 | loss 2.8824 | lr 1.19e-04 | 1358 tok/s | fwd_bwd 5872ms data 0ms clip 20ms optim 111ms step 6012ms mem 1452/3311MB
step 320,820 | loss 3.9332 | lr 1.19e-04 | 1360 tok/s | fwd_bwd 5867ms data 0ms clip 20ms optim 111ms step 6006ms mem 1493/3311MB
step 320,830 | loss 2.8232 | lr 1.19e-04 | 1358 tok/s | fwd_bwd 5870ms data 0ms clip 20ms optim 112ms step 6010ms mem 1452/3311MB
step 320,840 | loss 4.0314 | lr 1.19e-04 | 1356 tok/s | fwd_bwd 5887ms data 1ms clip 20ms optim 111ms step 6033ms mem 1493/3311MB
step 320,850 | loss 3.5723 | lr 1.19e-04 | 1353 tok/s | fwd_bwd 5875ms data 0ms clip 20ms optim 111ms step 6016ms mem 1458/3311MB
step 320,860 | loss 2.8240 | lr 1.19e-04 | 1357 tok/s | fwd_bwd 5892ms data 0ms clip 20ms optim 111ms step 6029ms mem 1452/3311MB
step 320,870 | loss 3.8109 | lr 1.19e-04 | 1356 tok/s | fwd_bwd 5885ms data 0ms clip 20ms optim 112ms step 6025ms mem 1452/3311MB
step 320,880 | loss 3.9879 | lr 1.19e-04 | 1355 tok/s | fwd_bwd 5889ms data 1ms clip 20ms optim 112ms step 6032ms mem 1493/3311MB
step 320,890 | loss 3.6865 | lr 1.19e-04 | 1350 tok/s | fwd_bwd 5902ms data 0ms clip 20ms optim 111ms step 6039ms mem 1452/3311MB
step 320,900 | loss 3.8018 | lr 1.19e-04 | 1355 tok/s | fwd_bwd 5879ms data 1ms clip 20ms optim 111ms step 6025ms mem 1452/3311MB
step 320,910 | loss 4.1302 | lr 1.19e-04 | 1354 tok/s | fwd_bwd 5908ms data 0ms clip 20ms optim 111ms step 6044ms mem 1493/3311MB
step 320,920 | loss 2.4387 | lr 1.19e-04 | 1354 tok/s | fwd_bwd 5891ms data 1ms clip 20ms optim 112ms step 6037ms mem 1493/3311MB
step 320,930 | loss 3.7996 | lr 1.19e-04 | 1353 tok/s | fwd_bwd 5916ms data 0ms clip 20ms optim 111ms step 6053ms mem 1452/3311MB
step 320,940 | loss 3.8103 | lr 1.19e-04 | 1352 tok/s | fwd_bwd 5904ms data 0ms clip 20ms optim 111ms step 6039ms mem 1493/3311MB
step 320,950 | loss 3.7334 | lr 1.19e-04 | 1353 tok/s | fwd_bwd 5873ms data 1ms clip 20ms optim 111ms step 6019ms mem 1493/3311MB
step 320,960 | loss 3.7228 | lr 1.19e-04 | 1361 tok/s | fwd_bwd 5838ms data 0ms clip 20ms optim 112ms step 5981ms mem 1493/3311MB
step 320,970 | loss 3.3821 | lr 1.19e-04 | 1369 tok/s | fwd_bwd 5831ms data 0ms clip 20ms optim 112ms step 5967ms mem 1448/3311MB
step 320,980 | loss 3.1110 | lr 1.19e-04 | 1372 tok/s | fwd_bwd 5796ms data 1ms clip 20ms optim 111ms step 5939ms mem 1493/3311MB
step 320,990 | loss 4.0042 | lr 1.19e-04 | 1375 tok/s | fwd_bwd 5801ms data 0ms clip 20ms optim 112ms step 5939ms mem 1452/3311MB
step 321,000 | loss 3.6738 | lr 1.19e-04 | 1379 tok/s | fwd_bwd 5822ms data 1ms clip 22ms optim 118ms step 5981ms mem 1448/3311MB
  [eval] step 321000 | val_loss 3.6936 | ppl 40.19
Checkpoint saved: checkpoints/step_321000
  [samples] wrote checkpoints/step_321000/samples.txt
  Pruning old checkpoint: checkpoints/step_320000
step 321,010 | loss 3.4103 | lr 1.19e-04 | 591 tok/s | fwd_bwd 5752ms data 0ms clip 20ms optim 112ms step 5889ms mem 1493/3311MB
step 321,020 | loss 4.0944 | lr 1.19e-04 | 1390 tok/s | fwd_bwd 5711ms data 1ms clip 20ms optim 111ms step 5856ms mem 1493/3311MB
step 321,030 | loss 3.9340 | lr 1.19e-04 | 1390 tok/s | fwd_bwd 5714ms data 0ms clip 20ms optim 111ms step 5851ms mem 1493/3311MB
step 321,040 | loss 4.2693 | lr 1.19e-04 | 1401 tok/s | fwd_bwd 5667ms data 0ms clip 20ms optim 111ms step 5807ms mem 1452/3311MB
step 321,050 | loss 4.2370 | lr 1.19e-04 | 1402 tok/s | fwd_bwd 5675ms data 0ms clip 20ms optim 111ms step 5815ms mem 1493/3311MB
step 321,060 | loss 3.9549 | lr 1.19e-04 | 1405 tok/s | fwd_bwd 5673ms data 0ms clip 20ms optim 111ms step 5808ms mem 1493/3311MB
step 321,070 | loss 3.1751 | lr 1.19e-04 | 1405 tok/s | fwd_bwd 5665ms data 1ms clip 20ms optim 111ms step 5808ms mem 1493/3311MB
step 321,080 | loss 3.5241 | lr 1.19e-04 | 1400 tok/s | fwd_bwd 5719ms data 0ms clip 20ms optim 111ms step 5859ms mem 1493/3311MB
step 321,090 | loss 4.0139 | lr 1.19e-04 | 1389 tok/s | fwd_bwd 5749ms data 0ms clip 20ms optim 111ms step 5884ms mem 1493/3311MB
step 321,100 | loss 4.4973 | lr 1.19e-04 | 1382 tok/s | fwd_bwd 5797ms data 0ms clip 20ms optim 112ms step 5935ms mem 1493/3311MB
step 321,110 | loss 3.7199 | lr 1.19e-04 | 1375 tok/s | fwd_bwd 5838ms data 1ms clip 20ms optim 111ms step 5988ms mem 1493/3311MB
step 321,120 | loss 4.3346 | lr 1.19e-04 | 1375 tok/s | fwd_bwd 5819ms data 0ms clip 20ms optim 112ms step 5958ms mem 1493/3311MB
step 321,130 | loss 4.4361 | lr 1.19e-04 | 1370 tok/s | fwd_bwd 5822ms data 0ms clip 20ms optim 111ms step 5960ms mem 1493/3311MB
step 321,140 | loss 3.7337 | lr 1.19e-04 | 1368 tok/s | fwd_bwd 5819ms data 0ms clip 20ms optim 111ms step 5961ms mem 1493/3311MB
step 321,150 | loss 3.5665 | lr 1.19e-04 | 1369 tok/s | fwd_bwd 5808ms data 0ms clip 20ms optim 112ms step 5950ms mem 1448/3311MB
step 321,160 | loss 2.9073 | lr 1.19e-04 | 1369 tok/s | fwd_bwd 5843ms data 0ms clip 20ms optim 111ms step 5982ms mem 1493/3311MB
step 321,170 | loss 4.2998 | lr 1.19e-04 | 1359 tok/s | fwd_bwd 5873ms data 0ms clip 20ms optim 111ms step 6012ms mem 1452/3311MB
step 321,180 | loss 3.6502 | lr 1.19e-04 | 1359 tok/s | fwd_bwd 5883ms data 0ms clip 20ms optim 111ms step 6020ms mem 1493/3311MB
step 321,190 | loss 3.7222 | lr 1.19e-04 | 1359 tok/s | fwd_bwd 5871ms data 0ms clip 20ms optim 111ms step 6009ms mem 1493/3311MB
step 321,200 | loss 2.2811 | lr 1.19e-04 | 1359 tok/s | fwd_bwd 5884ms data 0ms clip 20ms optim 112ms step 6022ms mem 1493/3311MB
step 321,210 | loss 3.4326 | lr 1.19e-04 | 1357 tok/s | fwd_bwd 5885ms data 0ms clip 20ms optim 111ms step 6021ms mem 1493/3311MB
step 321,220 | loss 4.2561 | lr 1.19e-04 | 1357 tok/s | fwd_bwd 5878ms data 0ms clip 20ms optim 111ms step 6020ms mem 1493/3311MB
step 321,230 | loss 3.6119 | lr 1.19e-04 | 1354 tok/s | fwd_bwd 5893ms data 0ms clip 20ms optim 111ms step 6033ms mem 1493/3311MB
step 321,240 | loss 3.5783 | lr 1.19e-04 | 1353 tok/s | fwd_bwd 5903ms data 0ms clip 20ms optim 111ms step 6042ms mem 1452/3311MB
step 321,250 | loss 3.6829 | lr 1.19e-04 | 1353 tok/s | fwd_bwd 5901ms data 0ms clip 20ms optim 111ms step 6038ms mem 1493/3311MB
step 321,260 | loss 3.7413 | lr 1.19e-04 | 1355 tok/s | fwd_bwd 5907ms data 0ms clip 20ms optim 111ms step 6046ms mem 1493/3311MB
step 321,270 | loss 2.0458 | lr 1.19e-04 | 1348 tok/s | fwd_bwd 5959ms data 1ms clip 23ms optim 120ms step 6121ms mem 1470/3311MB
step 321,280 | loss 2.6007 | lr 1.19e-04 | 1352 tok/s | fwd_bwd 5925ms data 0ms clip 20ms optim 112ms step 6065ms mem 1493/3311MB
step 321,290 | loss 4.1089 | lr 1.19e-04 | 1345 tok/s | fwd_bwd 5940ms data 1ms clip 20ms optim 111ms step 6088ms mem 1493/3311MB
step 321,300 | loss 3.6339 | lr 1.19e-04 | 1351 tok/s | fwd_bwd 5878ms data 0ms clip 20ms optim 111ms step 6019ms mem 1493/3311MB
Checkpoint saved: checkpoints/step_321304
  Pruning old checkpoint: checkpoints/step_320125
step 321,310 | loss 2.7767 | lr 1.19e-04 | 1342 tok/s | fwd_bwd 5900ms data 0ms clip 20ms optim 111ms step 6041ms mem 1493/3311MB
step 321,320 | loss 4.1495 | lr 1.19e-04 | 1350 tok/s | fwd_bwd 5896ms data 0ms clip 20ms optim 111ms step 6035ms mem 1493/3311MB
step 321,330 | loss 3.8755 | lr 1.19e-04 | 1359 tok/s | fwd_bwd 5847ms data 0ms clip 20ms optim 111ms step 5986ms mem 1452/3311MB
step 321,340 | loss 3.7294 | lr 1.19e-04 | 1376 tok/s | fwd_bwd 5759ms data 0ms clip 20ms optim 112ms step 5898ms mem 1493/3311MB
step 321,350 | loss 3.6207 | lr 1.19e-04 | 1386 tok/s | fwd_bwd 5732ms data 0ms clip 20ms optim 111ms step 5873ms mem 1493/3311MB
step 321,360 | loss 1.5008 | lr 1.19e-04 | 1389 tok/s | fwd_bwd 5738ms data 1ms clip 20ms optim 111ms step 5884ms mem 1493/3311MB
step 321,370 | loss 4.0023 | lr 1.19e-04 | 1390 tok/s | fwd_bwd 5707ms data 1ms clip 20ms optim 111ms step 5851ms mem 1452/3311MB
step 321,380 | loss 3.7338 | lr 1.19e-04 | 1394 tok/s | fwd_bwd 5741ms data 0ms clip 20ms optim 112ms step 5879ms mem 1493/3311MB
step 321,390 | loss 2.8990 | lr 1.19e-04 | 1387 tok/s | fwd_bwd 5747ms data 0ms clip 20ms optim 111ms step 5882ms mem 1493/3311MB
step 321,400 | loss 4.4559 | lr 1.19e-04 | 1392 tok/s | fwd_bwd 5728ms data 0ms clip 20ms optim 112ms step 5866ms mem 1493/3311MB
step 321,410 | loss 3.2941 | lr 1.19e-04 | 1393 tok/s | fwd_bwd 5736ms data 0ms clip 20ms optim 111ms step 5871ms mem 1490/3311MB
step 321,420 | loss 1.4003 | lr 1.19e-04 | 1386 tok/s | fwd_bwd 5785ms data 0ms clip 20ms optim 111ms step 5925ms mem 1452/3311MB
step 321,430 | loss 4.6316 | lr 1.19e-04 | 1373 tok/s | fwd_bwd 5820ms data 1ms clip 20ms optim 111ms step 5966ms mem 1452/3311MB
step 321,440 | loss 3.7586 | lr 1.19e-04 | 1365 tok/s | fwd_bwd 5843ms data 0ms clip 20ms optim 111ms step 5984ms mem 1448/3311MB
step 321,450 | loss 4.1862 | lr 1.19e-04 | 1364 tok/s | fwd_bwd 5862ms data 0ms clip 20ms optim 111ms step 5999ms mem 1448/3311MB
step 321,460 | loss 5.1870 | lr 1.19e-04 | 1367 tok/s | fwd_bwd 5844ms data 0ms clip 20ms optim 111ms step 5983ms mem 1493/3311MB
step 321,470 | loss 4.6257 | lr 1.19e-04 | 1363 tok/s | fwd_bwd 5881ms data 0ms clip 20ms optim 111ms step 6018ms mem 1452/3311MB
step 321,480 | loss 3.2700 | lr 1.19e-04 | 1361 tok/s | fwd_bwd 5879ms data 0ms clip 20ms optim 112ms step 6021ms mem 1451/3311MB
step 321,490 | loss 3.3411 | lr 1.19e-04 | 1359 tok/s | fwd_bwd 5874ms data 0ms clip 20ms optim 111ms step 6013ms mem 1452/3311MB
step 321,500 | loss 3.4319 | lr 1.19e-04 | 1356 tok/s | fwd_bwd 5897ms data 0ms clip 20ms optim 111ms step 6031ms mem 1452/3311MB
  [eval] step 321500 | val_loss 3.7125 | ppl 40.96
step 321,510 | loss 3.6255 | lr 1.19e-04 | 764 tok/s | fwd_bwd 5867ms data 1ms clip 20ms optim 111ms step 6010ms mem 1493/3311MB
step 321,520 | loss 0.1239 | lr 1.19e-04 | 1358 tok/s | fwd_bwd 5855ms data 0ms clip 20ms optim 111ms step 5997ms mem 1452/3311MB
step 321,530 | loss 3.3883 | lr 1.19e-04 | 1361 tok/s | fwd_bwd 5866ms data 0ms clip 20ms optim 111ms step 6004ms mem 1482/3311MB
step 321,540 | loss 4.2498 | lr 1.19e-04 | 1360 tok/s | fwd_bwd 5790ms data 0ms clip 20ms optim 112ms step 5930ms mem 1493/3311MB
step 321,550 | loss 4.2807 | lr 1.19e-04 | 1360 tok/s | fwd_bwd 5884ms data 0ms clip 20ms optim 111ms step 6021ms mem 1493/3311MB
step 321,560 | loss 3.8571 | lr 1.19e-04 | 1358 tok/s | fwd_bwd 5895ms data 0ms clip 20ms optim 111ms step 6031ms mem 1493/3311MB
step 321,570 | loss 3.8427 | lr 1.19e-04 | 1355 tok/s | fwd_bwd 5888ms data 0ms clip 20ms optim 112ms step 6028ms mem 1493/3311MB
step 321,580 | loss 3.3491 | lr 1.19e-04 | 1356 tok/s | fwd_bwd 5877ms data 1ms clip 20ms optim 112ms step 6020ms mem 1451/3311MB
step 321,590 | loss 4.3627 | lr 1.19e-04 | 1355 tok/s | fwd_bwd 5890ms data 0ms clip 20ms optim 111ms step 6028ms mem 1493/3311MB
step 321,600 | loss 2.7751 | lr 1.19e-04 | 1355 tok/s | fwd_bwd 5870ms data 0ms clip 20ms optim 111ms step 6009ms mem 1452/3311MB
step 321,610 | loss 2.7941 | lr 1.19e-04 | 1355 tok/s | fwd_bwd 5901ms data 0ms clip 20ms optim 111ms step 6040ms mem 1493/3311MB
step 321,620 | loss 4.1241 | lr 1.19e-04 | 1347 tok/s | fwd_bwd 5911ms data 1ms clip 20ms optim 112ms step 6055ms mem 1493/3311MB
step 321,630 | loss 3.3718 | lr 1.19e-04 | 1349 tok/s | fwd_bwd 5906ms data 1ms clip 20ms optim 112ms step 6050ms mem 1493/3311MB
step 321,640 | loss 3.4501 | lr 1.19e-04 | 1351 tok/s | fwd_bwd 5919ms data 0ms clip 20ms optim 111ms step 6058ms mem 1493/3311MB
step 321,650 | loss 3.3148 | lr 1.19e-04 | 1349 tok/s | fwd_bwd 5925ms data 0ms clip 20ms optim 111ms step 6063ms mem 1493/3311MB
step 321,660 | loss 3.4951 | lr 1.19e-04 | 1348 tok/s | fwd_bwd 5918ms data 0ms clip 20ms optim 111ms step 6060ms mem 1493/3311MB
step 321,670 | loss 3.9145 | lr 1.19e-04 | 1348 tok/s | fwd_bwd 5931ms data 0ms clip 20ms optim 111ms step 6073ms mem 1452/3311MB
step 321,680 | loss 2.4765 | lr 1.19e-04 | 1346 tok/s | fwd_bwd 5943ms data 1ms clip 20ms optim 111ms step 6087ms mem 1493/3311MB
step 321,690 | loss 3.6294 | lr 1.19e-04 | 1342 tok/s | fwd_bwd 5931ms data 0ms clip 20ms optim 111ms step 6072ms mem 1493/3311MB
step 321,700 | loss 3.6949 | lr 1.19e-04 | 1346 tok/s | fwd_bwd 5929ms data 0ms clip 20ms optim 111ms step 6068ms mem 1452/3311MB
step 321,710 | loss 4.0031 | lr 1.19e-04 | 1347 tok/s | fwd_bwd 5928ms data 0ms clip 20ms optim 112ms step 6071ms mem 1493/3311MB
step 321,720 | loss 3.5722 | lr 1.19e-04 | 1345 tok/s | fwd_bwd 5927ms data 0ms clip 20ms optim 111ms step 6061ms mem 1452/3311MB
step 321,730 | loss 3.3222 | lr 1.19e-04 | 1345 tok/s | fwd_bwd 5934ms data 0ms clip 20ms optim 111ms step 6071ms mem 1452/3311MB
step 321,740 | loss 3.8176 | lr 1.19e-04 | 1348 tok/s | fwd_bwd 5937ms data 0ms clip 20ms optim 111ms step 6077ms mem 1493/3311MB
step 321,750 | loss 3.9663 | lr 1.19e-04 | 1345 tok/s | fwd_bwd 5947ms data 0ms clip 20ms optim 112ms step 6086ms mem 1452/3311MB
step 321,760 | loss 3.7946 | lr 1.19e-04 | 1342 tok/s | fwd_bwd 5958ms data 0ms clip 20ms optim 112ms step 6099ms mem 1493/3311MB
step 321,770 | loss 3.1325 | lr 1.19e-04 | 1345 tok/s | fwd_bwd 5924ms data 0ms clip 20ms optim 112ms step 6064ms mem 1493/3311MB
step 321,780 | loss 3.2441 | lr 1.19e-04 | 1346 tok/s | fwd_bwd 5937ms data 0ms clip 20ms optim 111ms step 6074ms mem 1493/3311MB
step 321,790 | loss 3.2392 | lr 1.19e-04 | 1343 tok/s | fwd_bwd 5945ms data 0ms clip 20ms optim 111ms step 6081ms mem 1493/3311MB
step 321,800 | loss 4.4704 | lr 1.19e-04 | 1344 tok/s | fwd_bwd 5949ms data 0ms clip 20ms optim 112ms step 6088ms mem 1493/3311MB
step 321,810 | loss 4.3198 | lr 1.19e-04 | 1337 tok/s | fwd_bwd 5987ms data 0ms clip 20ms optim 111ms step 6127ms mem 1493/3311MB
step 321,820 | loss 3.7989 | lr 1.19e-04 | 1336 tok/s | fwd_bwd 5972ms data 0ms clip 20ms optim 111ms step 6110ms mem 1493/3311MB
step 321,830 | loss 2.9739 | lr 1.19e-04 | 1341 tok/s | fwd_bwd 5942ms data 0ms clip 20ms optim 111ms step 6081ms mem 1493/3311MB
step 321,840 | loss 3.0740 | lr 1.19e-04 | 1343 tok/s | fwd_bwd 5933ms data 0ms clip 20ms optim 112ms step 6075ms mem 1493/3311MB
step 321,850 | loss 3.8526 | lr 1.19e-04 | 1342 tok/s | fwd_bwd 5955ms data 0ms clip 20ms optim 111ms step 6094ms mem 1493/3311MB
step 321,860 | loss 3.8999 | lr 1.19e-04 | 1342 tok/s | fwd_bwd 5950ms data 0ms clip 20ms optim 112ms step 6090ms mem 1452/3311MB
step 321,870 | loss 4.2050 | lr 1.19e-04 | 1338 tok/s | fwd_bwd 6005ms data 0ms clip 20ms optim 111ms step 6142ms mem 1493/3311MB
step 321,880 | loss 3.3805 | lr 1.19e-04 | 1344 tok/s | fwd_bwd 5950ms data 0ms clip 20ms optim 111ms step 6087ms mem 1493/3311MB
step 321,890 | loss 3.7851 | lr 1.19e-04 | 1335 tok/s | fwd_bwd 5943ms data 0ms clip 20ms optim 112ms step 6081ms mem 1493/3311MB
Checkpoint saved: checkpoints/step_321893
  Pruning old checkpoint: checkpoints/step_320717
step 321,900 | loss 3.8329 | lr 1.19e-04 | 1334 tok/s | fwd_bwd 5928ms data 0ms clip 20ms optim 111ms step 6069ms mem 1493/3311MB
step 321,910 | loss 1.6253 | lr 1.19e-04 | 1342 tok/s | fwd_bwd 5914ms data 0ms clip 20ms optim 111ms step 6051ms mem 1452/3311MB
step 321,920 | loss 4.0609 | lr 1.19e-04 | 1340 tok/s | fwd_bwd 6033ms data 1ms clip 23ms optim 120ms step 6196ms mem 1493/3311MB
step 321,930 | loss 4.3010 | lr 1.19e-04 | 1342 tok/s | fwd_bwd 5965ms data 0ms clip 20ms optim 111ms step 6105ms mem 1493/3311MB
step 321,940 | loss 3.4512 | lr 1.19e-04 | 1338 tok/s | fwd_bwd 5963ms data 0ms clip 20ms optim 111ms step 6103ms mem 1493/3311MB
step 321,950 | loss 3.1956 | lr 1.19e-04 | 1341 tok/s | fwd_bwd 5944ms data 0ms clip 20ms optim 111ms step 6084ms mem 1493/3311MB
step 321,960 | loss 3.9060 | lr 1.19e-04 | 1343 tok/s | fwd_bwd 5948ms data 0ms clip 20ms optim 111ms step 6085ms mem 1493/3311MB
step 321,970 | loss 3.5217 | lr 1.19e-04 | 1347 tok/s | fwd_bwd 5903ms data 1ms clip 20ms optim 111ms step 6049ms mem 1452/3311MB
step 321,980 | loss 4.0993 | lr 1.19e-04 | 1349 tok/s | fwd_bwd 5913ms data 0ms clip 20ms optim 112ms step 6055ms mem 1452/3311MB
step 321,990 | loss 3.9029 | lr 1.19e-04 | 1348 tok/s | fwd_bwd 5908ms data 1ms clip 20ms optim 111ms step 6052ms mem 1493/3311MB
step 322,000 | loss 4.7850 | lr 1.19e-04 | 1345 tok/s | fwd_bwd 5935ms data 0ms clip 20ms optim 111ms step 6074ms mem 1452/3311MB
  [eval] step 322000 | val_loss 3.3417 | ppl 28.27
Checkpoint saved: checkpoints/step_322000
  [samples] wrote checkpoints/step_322000/samples.txt
  Pruning old checkpoint: checkpoints/step_321000
step 322,010 | loss 3.7011 | lr 1.19e-04 | 572 tok/s | fwd_bwd 5953ms data 0ms clip 20ms optim 111ms step 6090ms mem 1493/3311MB
step 322,020 | loss 3.5628 | lr 1.19e-04 | 1342 tok/s | fwd_bwd 5863ms data 0ms clip 20ms optim 111ms step 6003ms mem 1493/3311MB
step 322,030 | loss 3.9363 | lr 1.19e-04 | 1341 tok/s | fwd_bwd 5945ms data 1ms clip 20ms optim 111ms step 6085ms mem 1493/3311MB
step 322,040 | loss 3.7223 | lr 1.19e-04 | 1336 tok/s | fwd_bwd 5951ms data 0ms clip 20ms optim 111ms step 6089ms mem 1493/3311MB
step 322,050 | loss 2.7115 | lr 1.19e-04 | 1341 tok/s | fwd_bwd 5945ms data 0ms clip 20ms optim 111ms step 6082ms mem 1493/3311MB
step 322,060 | loss 4.2948 | lr 1.19e-04 | 1345 tok/s | fwd_bwd 5949ms data 1ms clip 23ms optim 121ms step 6110ms mem 1493/3311MB
step 322,070 | loss 3.6167 | lr 1.19e-04 | 1350 tok/s | fwd_bwd 5920ms data 1ms clip 20ms optim 111ms step 6062ms mem 1493/3311MB
step 322,080 | loss 3.5265 | lr 1.19e-04 | 1344 tok/s | fwd_bwd 5944ms data 0ms clip 20ms optim 111ms step 6083ms mem 1493/3311MB
step 322,090 | loss 1.6311 | lr 1.19e-04 | 1344 tok/s | fwd_bwd 5922ms data 1ms clip 21ms optim 115ms step 6067ms mem 1493/3311MB
step 322,100 | loss 3.0435 | lr 1.19e-04 | 1342 tok/s | fwd_bwd 5942ms data 0ms clip 20ms optim 111ms step 6082ms mem 1493/3311MB
step 322,110 | loss 3.8520 | lr 1.19e-04 | 1342 tok/s | fwd_bwd 5954ms data 0ms clip 20ms optim 111ms step 6094ms mem 1493/3311MB
step 322,120 | loss 3.8448 | lr 1.19e-04 | 1342 tok/s | fwd_bwd 5902ms data 0ms clip 20ms optim 111ms step 6037ms mem 1493/3311MB
step 322,130 | loss 3.0689 | lr 1.19e-04 | 1341 tok/s | fwd_bwd 5967ms data 0ms clip 20ms optim 112ms step 6107ms mem 1452/3311MB
step 322,140 | loss 3.3092 | lr 1.19e-04 | 1342 tok/s | fwd_bwd 5929ms data 0ms clip 20ms optim 112ms step 6066ms mem 1493/3311MB
step 322,150 | loss 4.1302 | lr 1.19e-04 | 1344 tok/s | fwd_bwd 5948ms data 0ms clip 20ms optim 112ms step 6086ms mem 1493/3311MB
step 322,160 | loss 4.0343 | lr 1.19e-04 | 1339 tok/s | fwd_bwd 5967ms data 0ms clip 20ms optim 111ms step 6105ms mem 1493/3311MB
step 322,170 | loss 3.2753 | lr 1.19e-04 | 1341 tok/s | fwd_bwd 5944ms data 0ms clip 20ms optim 111ms step 6082ms mem 1482/3311MB
step 322,180 | loss 3.8670 | lr 1.19e-04 | 1344 tok/s | fwd_bwd 5886ms data 0ms clip 20ms optim 111ms step 6026ms mem 1493/3311MB
step 322,190 | loss 3.9630 | lr 1.19e-04 | 1341 tok/s | fwd_bwd 5944ms data 0ms clip 20ms optim 111ms step 6087ms mem 1452/3311MB
step 322,200 | loss 2.0254 | lr 1.19e-04 | 1321 tok/s | fwd_bwd 6470ms data 0ms clip 22ms optim 121ms step 6620ms mem 1493/3311MB
step 322,210 | loss 3.6400 | lr 1.19e-04 | 1321 tok/s | fwd_bwd 6017ms data 0ms clip 20ms optim 111ms step 6156ms mem 1452/3311MB
step 322,220 | loss 3.8540 | lr 1.19e-04 | 1336 tok/s | fwd_bwd 5956ms data 0ms clip 20ms optim 112ms step 6096ms mem 1452/3311MB
step 322,230 | loss 4.3348 | lr 1.19e-04 | 1345 tok/s | fwd_bwd 5951ms data 0ms clip 20ms optim 112ms step 6089ms mem 1493/3311MB
step 322,240 | loss 4.0571 | lr 1.19e-04 | 1344 tok/s | fwd_bwd 5922ms data 0ms clip 20ms optim 111ms step 6065ms mem 1452/3311MB
step 322,250 | loss 3.8360 | lr 1.19e-04 | 1348 tok/s | fwd_bwd 5918ms data 0ms clip 20ms optim 111ms step 6057ms mem 1493/3311MB
step 322,260 | loss 3.7899 | lr 1.19e-04 | 1345 tok/s | fwd_bwd 5944ms data 0ms clip 20ms optim 111ms step 6081ms mem 1493/3311MB
step 322,270 | loss 4.4269 | lr 1.19e-04 | 1345 tok/s | fwd_bwd 5969ms data 1ms clip 21ms optim 113ms step 6121ms mem 1493/3311MB
step 322,280 | loss 4.1688 | lr 1.19e-04 | 1349 tok/s | fwd_bwd 5923ms data 0ms clip 20ms optim 111ms step 6061ms mem 1493/3311MB
step 322,290 | loss 4.3955 | lr 1.19e-04 | 1344 tok/s | fwd_bwd 5930ms data 0ms clip 20ms optim 112ms step 6068ms mem 1493/3311MB
step 322,300 | loss 3.7827 | lr 1.19e-04 | 1349 tok/s | fwd_bwd 5928ms data 0ms clip 20ms optim 112ms step 6064ms mem 1493/3311MB
step 322,310 | loss 3.5832 | lr 1.19e-04 | 1346 tok/s | fwd_bwd 5877ms data 0ms clip 20ms optim 111ms step 6017ms mem 1493/3311MB
step 322,320 | loss 4.3644 | lr 1.19e-04 | 1346 tok/s | fwd_bwd 5941ms data 0ms clip 20ms optim 112ms step 6080ms mem 1493/3311MB
step 322,330 | loss 3.6791 | lr 1.19e-04 | 1348 tok/s | fwd_bwd 5916ms data 0ms clip 20ms optim 111ms step 6053ms mem 1493/3311MB
step 322,340 | loss 4.3977 | lr 1.19e-04 | 1349 tok/s | fwd_bwd 5929ms data 0ms clip 20ms optim 111ms step 6066ms mem 1476/3311MB
step 322,350 | loss 4.0027 | lr 1.19e-04 | 1350 tok/s | fwd_bwd 5904ms data 1ms clip 20ms optim 111ms step 6047ms mem 1452/3311MB
step 322,360 | loss 3.1763 | lr 1.19e-04 | 1353 tok/s | fwd_bwd 5913ms data 0ms clip 20ms optim 112ms step 6049ms mem 1493/3311MB
step 322,370 | loss 3.0775 | lr 1.19e-04 | 1351 tok/s | fwd_bwd 5907ms data 0ms clip 20ms optim 112ms step 6047ms mem 1452/3311MB
step 322,380 | loss 3.3680 | lr 1.19e-04 | 1350 tok/s | fwd_bwd 5925ms data 1ms clip 20ms optim 111ms step 6073ms mem 1452/3311MB
step 322,390 | loss 3.8973 | lr 1.19e-04 | 1353 tok/s | fwd_bwd 5895ms data 0ms clip 20ms optim 111ms step 6037ms mem 1452/3311MB
step 322,400 | loss 3.7000 | lr 1.19e-04 | 1351 tok/s | fwd_bwd 5907ms data 0ms clip 20ms optim 112ms step 6045ms mem 1493/3311MB
step 322,410 | loss 3.4526 | lr 1.19e-04 | 1353 tok/s | fwd_bwd 5887ms data 0ms clip 20ms optim 112ms step 6030ms mem 1493/3311MB
step 322,420 | loss 3.3421 | lr 1.19e-04 | 1354 tok/s | fwd_bwd 5911ms data 0ms clip 20ms optim 112ms step 6047ms mem 1493/3311MB
step 322,430 | loss 3.8518 | lr 1.19e-04 | 1356 tok/s | fwd_bwd 5885ms data 0ms clip 20ms optim 112ms step 6024ms mem 1493/3311MB
step 322,440 | loss 3.9041 | lr 1.19e-04 | 1359 tok/s | fwd_bwd 5884ms data 0ms clip 20ms optim 112ms step 6023ms mem 1452/3311MB
step 322,450 | loss 4.1786 | lr 1.19e-04 | 1353 tok/s | fwd_bwd 5900ms data 1ms clip 20ms optim 111ms step 6044ms mem 1493/3311MB
step 322,460 | loss 3.1691 | lr 1.19e-04 | 1350 tok/s | fwd_bwd 5854ms data 0ms clip 22ms optim 121ms step 6003ms mem 1493/3311MB
step 322,470 | loss 3.2300 | lr 1.19e-04 | 1345 tok/s | fwd_bwd 5994ms data 0ms clip 24ms optim 120ms step 6145ms mem 1493/3311MB
Checkpoint saved: checkpoints/step_322471
  Pruning old checkpoint: checkpoints/step_321304
step 322,480 | loss 3.6236 | lr 1.19e-04 | 1336 tok/s | fwd_bwd 5941ms data 0ms clip 20ms optim 111ms step 6078ms mem 1451/3311MB
step 322,490 | loss 3.9444 | lr 1.19e-04 | 1340 tok/s | fwd_bwd 5970ms data 0ms clip 20ms optim 111ms step 6110ms mem 1493/3311MB
step 322,500 | loss 2.8758 | lr 1.19e-04 | 1341 tok/s | fwd_bwd 5944ms data 0ms clip 20ms optim 111ms step 6081ms mem 1493/3311MB
  [eval] step 322500 | val_loss 3.3821 | ppl 29.43
step 322,510 | loss 3.2074 | lr 1.19e-04 | 756 tok/s | fwd_bwd 5945ms data 1ms clip 20ms optim 111ms step 6091ms mem 1452/3311MB
step 322,520 | loss 3.8301 | lr 1.19e-04 | 1345 tok/s | fwd_bwd 5948ms data 1ms clip 20ms optim 111ms step 6095ms mem 1493/3311MB
step 322,530 | loss 2.3622 | lr 1.19e-04 | 1336 tok/s | fwd_bwd 5989ms data 0ms clip 20ms optim 112ms step 6131ms mem 1493/3311MB
step 322,540 | loss 3.5898 | lr 1.19e-04 | 1333 tok/s | fwd_bwd 5990ms data 0ms clip 20ms optim 112ms step 6128ms mem 1493/3311MB
step 322,550 | loss 3.7234 | lr 1.19e-04 | 1334 tok/s | fwd_bwd 5966ms data 0ms clip 20ms optim 111ms step 6104ms mem 1452/3311MB
step 322,560 | loss 4.0310 | lr 1.19e-04 | 1339 tok/s | fwd_bwd 5963ms data 0ms clip 20ms optim 111ms step 6103ms mem 1493/3311MB
step 322,570 | loss 3.7755 | lr 1.19e-04 | 1343 tok/s | fwd_bwd 5920ms data 0ms clip 20ms optim 112ms step 6059ms mem 1451/3311MB
step 322,580 | loss 3.5350 | lr 1.19e-04 | 1349 tok/s | fwd_bwd 5930ms data 0ms clip 20ms optim 111ms step 6071ms mem 1452/3311MB
step 322,590 | loss 1.7071 | lr 1.19e-04 | 1347 tok/s | fwd_bwd 5934ms data 0ms clip 20ms optim 111ms step 6069ms mem 1493/3311MB
step 322,600 | loss 3.9008 | lr 1.19e-04 | 1349 tok/s | fwd_bwd 5837ms data 0ms clip 20ms optim 111ms step 5977ms mem 1493/3311MB
step 322,610 | loss 4.3360 | lr 1.19e-04 | 1351 tok/s | fwd_bwd 5903ms data 0ms clip 20ms optim 112ms step 6045ms mem 1493/3311MB
step 322,620 | loss 3.5750 | lr 1.19e-04 | 1350 tok/s | fwd_bwd 5842ms data 1ms clip 20ms optim 111ms step 5984ms mem 1493/3311MB
step 322,630 | loss 2.8970 | lr 1.19e-04 | 1352 tok/s | fwd_bwd 5871ms data 0ms clip 20ms optim 111ms step 6007ms mem 1493/3311MB
step 322,640 | loss 3.8146 | lr 1.19e-04 | 1363 tok/s | fwd_bwd 5846ms data 0ms clip 20ms optim 112ms step 5986ms mem 1493/3311MB
step 322,650 | loss 3.9569 | lr 1.19e-04 | 1363 tok/s | fwd_bwd 5814ms data 0ms clip 20ms optim 111ms step 5954ms mem 1452/3311MB
step 322,660 | loss 4.1714 | lr 1.19e-04 | 1363 tok/s | fwd_bwd 5847ms data 0ms clip 20ms optim 111ms step 5984ms mem 1493/3311MB
step 322,670 | loss 3.4529 | lr 1.19e-04 | 1366 tok/s | fwd_bwd 5847ms data 0ms clip 20ms optim 112ms step 5987ms mem 1493/3311MB
step 322,680 | loss 3.6318 | lr 1.19e-04 | 1367 tok/s | fwd_bwd 5844ms data 0ms clip 20ms optim 112ms step 5982ms mem 1493/3311MB
step 322,690 | loss 4.0181 | lr 1.19e-04 | 1363 tok/s | fwd_bwd 5857ms data 0ms clip 20ms optim 111ms step 5995ms mem 1493/3311MB
step 322,700 | loss 4.0168 | lr 1.19e-04 | 1360 tok/s | fwd_bwd 5889ms data 0ms clip 20ms optim 111ms step 6026ms mem 1493/3311MB
step 322,710 | loss 4.1273 | lr 1.19e-04 | 1358 tok/s | fwd_bwd 5889ms data 0ms clip 20ms optim 112ms step 6027ms mem 1493/3311MB
step 322,720 | loss 3.7884 | lr 1.19e-04 | 1358 tok/s | fwd_bwd 5866ms data 0ms clip 20ms optim 112ms step 6003ms mem 1493/3311MB
step 322,730 | loss 3.9985 | lr 1.19e-04 | 1361 tok/s | fwd_bwd 5845ms data 1ms clip 20ms optim 111ms step 5990ms mem 1452/3311MB
step 322,740 | loss 3.9760 | lr 1.19e-04 | 1364 tok/s | fwd_bwd 5845ms data 0ms clip 20ms optim 111ms step 5985ms mem 1493/3311MB
step 322,750 | loss 4.4495 | lr 1.19e-04 | 1362 tok/s | fwd_bwd 5875ms data 1ms clip 20ms optim 111ms step 6023ms mem 1493/3311MB
step 322,760 | loss 3.8981 | lr 1.19e-04 | 1355 tok/s | fwd_bwd 5872ms data 1ms clip 20ms optim 112ms step 6017ms mem 1482/3311MB
step 322,770 | loss 2.9943 | lr 1.19e-04 | 1356 tok/s | fwd_bwd 5895ms data 0ms clip 20ms optim 111ms step 6031ms mem 1493/3311MB
step 322,780 | loss 4.2364 | lr 1.19e-04 | 1352 tok/s | fwd_bwd 5900ms data 0ms clip 20ms optim 111ms step 6038ms mem 1493/3311MB
step 322,790 | loss 2.9476 | lr 1.19e-04 | 1353 tok/s | fwd_bwd 5884ms data 0ms clip 20ms optim 112ms step 6019ms mem 1452/3311MB
step 322,800 | loss 4.2450 | lr 1.19e-04 | 1359 tok/s | fwd_bwd 5859ms data 1ms clip 20ms optim 112ms step 6006ms mem 1493/3311MB
step 322,810 | loss 3.6301 | lr 1.19e-04 | 1361 tok/s | fwd_bwd 5860ms data 0ms clip 20ms optim 111ms step 6000ms mem 1493/3311MB
step 322,820 | loss 4.3203 | lr 1.19e-04 | 1360 tok/s | fwd_bwd 5888ms data 0ms clip 20ms optim 112ms step 6024ms mem 1493/3311MB
step 322,830 | loss 3.6218 | lr 1.19e-04 | 1360 tok/s | fwd_bwd 5844ms data 0ms clip 20ms optim 111ms step 5984ms mem 1493/3311MB
step 322,840 | loss 3.8526 | lr 1.19e-04 | 1361 tok/s | fwd_bwd 5871ms data 0ms clip 20ms optim 111ms step 6010ms mem 1493/3311MB
step 322,850 | loss 3.8146 | lr 1.19e-04 | 1365 tok/s | fwd_bwd 5846ms data 0ms clip 20ms optim 111ms step 5983ms mem 1493/3311MB
step 322,860 | loss 4.3501 | lr 1.19e-04 | 1366 tok/s | fwd_bwd 5857ms data 0ms clip 20ms optim 112ms step 5997ms mem 1493/3311MB
step 322,870 | loss 0.8153 | lr 1.19e-04 | 1368 tok/s | fwd_bwd 5800ms data 1ms clip 20ms optim 111ms step 5945ms mem 1448/3311MB
step 322,880 | loss 3.3614 | lr 1.19e-04 | 1367 tok/s | fwd_bwd 5888ms data 1ms clip 20ms optim 111ms step 6038ms mem 1493/3311MB
step 322,890 | loss 2.8258 | lr 1.19e-04 | 1369 tok/s | fwd_bwd 5839ms data 0ms clip 20ms optim 112ms step 5977ms mem 1493/3311MB
step 322,900 | loss 3.3851 | lr 1.19e-04 | 1368 tok/s | fwd_bwd 5803ms data 1ms clip 20ms optim 112ms step 5946ms mem 1452/3311MB
step 322,910 | loss 2.6972 | lr 1.19e-04 | 1370 tok/s | fwd_bwd 5837ms data 0ms clip 20ms optim 111ms step 5975ms mem 1493/3311MB
step 322,920 | loss 3.6419 | lr 1.19e-04 | 1366 tok/s | fwd_bwd 5775ms data 0ms clip 20ms optim 111ms step 5913ms mem 1493/3311MB
step 322,930 | loss 4.2105 | lr 1.19e-04 | 1368 tok/s | fwd_bwd 5841ms data 0ms clip 20ms optim 111ms step 5976ms mem 1452/3311MB
step 322,940 | loss 3.6910 | lr 1.19e-04 | 1370 tok/s | fwd_bwd 5819ms data 0ms clip 20ms optim 112ms step 5956ms mem 1493/3311MB
step 322,950 | loss 4.0403 | lr 1.19e-04 | 1372 tok/s | fwd_bwd 5815ms data 0ms clip 20ms optim 111ms step 5957ms mem 1493/3311MB
step 322,960 | loss 1.9322 | lr 1.19e-04 | 1370 tok/s | fwd_bwd 5844ms data 0ms clip 20ms optim 112ms step 5979ms mem 1452/3311MB
step 322,970 | loss 4.1230 | lr 1.19e-04 | 1369 tok/s | fwd_bwd 5841ms data 0ms clip 20ms optim 111ms step 5976ms mem 1493/3311MB
step 322,980 | loss 3.8348 | lr 1.19e-04 | 1370 tok/s | fwd_bwd 5829ms data 0ms clip 20ms optim 112ms step 5967ms mem 1493/3311MB
step 322,990 | loss 3.9059 | lr 1.19e-04 | 1370 tok/s | fwd_bwd 5833ms data 0ms clip 20ms optim 111ms step 5970ms mem 1493/3311MB
step 323,000 | loss 3.9077 | lr 1.19e-04 | 1370 tok/s | fwd_bwd 5827ms data 0ms clip 20ms optim 112ms step 5965ms mem 1493/3311MB
  [eval] step 323000 | val_loss 3.4553 | ppl 31.67
Checkpoint saved: checkpoints/step_323000
  [samples] wrote checkpoints/step_323000/samples.txt
  Pruning old checkpoint: checkpoints/step_321893
step 323,010 | loss 3.9933 | lr 1.19e-04 | 588 tok/s | fwd_bwd 5853ms data 0ms clip 20ms optim 111ms step 5990ms mem 1493/3311MB
step 323,020 | loss 3.8215 | lr 1.19e-04 | 1367 tok/s | fwd_bwd 5847ms data 0ms clip 20ms optim 111ms step 5983ms mem 1493/3311MB
step 323,030 | loss 3.7665 | lr 1.19e-04 | 1367 tok/s | fwd_bwd 5802ms data 1ms clip 20ms optim 111ms step 5950ms mem 1452/3311MB
step 323,040 | loss 3.5452 | lr 1.19e-04 | 1367 tok/s | fwd_bwd 5836ms data 0ms clip 20ms optim 111ms step 5971ms mem 1448/3311MB
Checkpoint saved: checkpoints/step_323047
  Pruning old checkpoint: checkpoints/step_322000
step 323,050 | loss 3.5851 | lr 1.19e-04 | 1355 tok/s | fwd_bwd 5896ms data 1ms clip 20ms optim 111ms step 6046ms mem 1452/3311MB
step 323,060 | loss 3.6874 | lr 1.19e-04 | 1370 tok/s | fwd_bwd 5758ms data 0ms clip 20ms optim 111ms step 5895ms mem 1493/3311MB
step 323,070 | loss 3.6282 | lr 1.19e-04 | 1371 tok/s | fwd_bwd 5796ms data 0ms clip 20ms optim 111ms step 5935ms mem 1493/3311MB
step 323,080 | loss 1.7033 | lr 1.19e-04 | 1373 tok/s | fwd_bwd 5831ms data 0ms clip 20ms optim 111ms step 5970ms mem 1448/3311MB
step 323,090 | loss 3.6144 | lr 1.19e-04 | 1373 tok/s | fwd_bwd 5830ms data 0ms clip 20ms optim 111ms step 5967ms mem 1493/3311MB
step 323,100 | loss 3.3506 | lr 1.19e-04 | 1370 tok/s | fwd_bwd 5814ms data 1ms clip 20ms optim 112ms step 5960ms mem 1493/3311MB
step 323,110 | loss 3.9371 | lr 1.19e-04 | 1369 tok/s | fwd_bwd 5742ms data 0ms clip 20ms optim 111ms step 5882ms mem 1448/3311MB
step 323,120 | loss 4.1950 | lr 1.19e-04 | 1369 tok/s | fwd_bwd 5835ms data 0ms clip 20ms optim 112ms step 5970ms mem 1493/3311MB
step 323,130 | loss 1.7369 | lr 1.19e-04 | 1370 tok/s | fwd_bwd 5840ms data 0ms clip 20ms optim 112ms step 5977ms mem 1493/3311MB
step 323,140 | loss 3.2175 | lr 1.19e-04 | 1369 tok/s | fwd_bwd 5851ms data 1ms clip 20ms optim 111ms step 5998ms mem 1448/3311MB
step 323,150 | loss 3.5666 | lr 1.19e-04 | 1369 tok/s | fwd_bwd 5843ms data 0ms clip 20ms optim 111ms step 5980ms mem 1493/3311MB
step 323,160 | loss 3.9590 | lr 1.19e-04 | 1364 tok/s | fwd_bwd 5787ms data 0ms clip 20ms optim 112ms step 5924ms mem 1493/3311MB
step 323,170 | loss 3.8490 | lr 1.19e-04 | 1367 tok/s | fwd_bwd 5856ms data 0ms clip 20ms optim 112ms step 5991ms mem 1493/3311MB
step 323,180 | loss 3.9444 | lr 1.19e-04 | 1365 tok/s | fwd_bwd 5844ms data 0ms clip 20ms optim 112ms step 5983ms mem 1493/3311MB
step 323,190 | loss 2.0611 | lr 1.19e-04 | 1370 tok/s | fwd_bwd 5808ms data 0ms clip 20ms optim 112ms step 5947ms mem 1448/3311MB
step 323,200 | loss 3.7256 | lr 1.19e-04 | 1374 tok/s | fwd_bwd 5809ms data 1ms clip 20ms optim 111ms step 5955ms mem 1452/3311MB
step 323,210 | loss 3.8228 | lr 1.19e-04 | 1370 tok/s | fwd_bwd 5836ms data 0ms clip 20ms optim 111ms step 5976ms mem 1493/3311MB
step 323,220 | loss 4.1300 | lr 1.19e-04 | 1371 tok/s | fwd_bwd 5799ms data 0ms clip 20ms optim 111ms step 5941ms mem 1448/3311MB
step 323,230 | loss 4.2286 | lr 1.19e-04 | 1371 tok/s | fwd_bwd 5824ms data 0ms clip 20ms optim 111ms step 5960ms mem 1493/3311MB
step 323,240 | loss 4.3857 | lr 1.19e-04 | 1374 tok/s | fwd_bwd 5823ms data 0ms clip 20ms optim 112ms step 5960ms mem 1493/3311MB
step 323,250 | loss 4.1364 | lr 1.19e-04 | 1371 tok/s | fwd_bwd 5816ms data 0ms clip 20ms optim 112ms step 5957ms mem 1448/3311MB
step 323,260 | loss 3.3381 | lr 1.19e-04 | 1373 tok/s | fwd_bwd 5720ms data 0ms clip 20ms optim 111ms step 5862ms mem 1493/3311MB
step 323,270 | loss 3.2038 | lr 1.19e-04 | 1370 tok/s | fwd_bwd 5791ms data 1ms clip 20ms optim 111ms step 5934ms mem 1452/3311MB
step 323,280 | loss 3.1845 | lr 1.19e-04 | 1370 tok/s | fwd_bwd 5818ms data 0ms clip 20ms optim 111ms step 5959ms mem 1448/3311MB
step 323,290 | loss 3.1346 | lr 1.19e-04 | 1370 tok/s | fwd_bwd 5826ms data 0ms clip 20ms optim 111ms step 5965ms mem 1493/3311MB
step 323,300 | loss 3.1383 | lr 1.19e-04 | 1371 tok/s | fwd_bwd 5807ms data 1ms clip 20ms optim 112ms step 5951ms mem 1493/3311MB
step 323,310 | loss 4.2366 | lr 1.19e-04 | 1370 tok/s | fwd_bwd 5812ms data 0ms clip 20ms optim 111ms step 5951ms mem 1448/3311MB
step 323,320 | loss 3.8001 | lr 1.19e-04 | 1374 tok/s | fwd_bwd 5822ms data 1ms clip 20ms optim 112ms step 5970ms mem 1493/3311MB
step 323,330 | loss 3.2580 | lr 1.19e-04 | 1373 tok/s | fwd_bwd 5815ms data 0ms clip 20ms optim 112ms step 5953ms mem 1451/3311MB
step 323,340 | loss 1.2635 | lr 1.19e-04 | 1374 tok/s | fwd_bwd 5800ms data 0ms clip 20ms optim 111ms step 5938ms mem 1448/3311MB
step 323,350 | loss 4.4148 | lr 1.19e-04 | 1376 tok/s | fwd_bwd 5784ms data 1ms clip 20ms optim 111ms step 5930ms mem 1452/3311MB
step 323,360 | loss 3.4748 | lr 1.19e-04 | 1379 tok/s | fwd_bwd 5777ms data 0ms clip 20ms optim 111ms step 5916ms mem 1452/3311MB
step 323,370 | loss 4.1853 | lr 1.19e-04 | 1374 tok/s | fwd_bwd 5791ms data 0ms clip 20ms optim 111ms step 5928ms mem 1448/3311MB
step 323,380 | loss 4.0229 | lr 1.19e-04 | 1378 tok/s | fwd_bwd 5772ms data 1ms clip 20ms optim 111ms step 5916ms mem 1493/3311MB
step 323,390 | loss 3.9243 | lr 1.19e-04 | 1381 tok/s | fwd_bwd 5763ms data 0ms clip 20ms optim 111ms step 5904ms mem 1493/3311MB
step 323,400 | loss 3.8744 | lr 1.19e-04 | 1382 tok/s | fwd_bwd 5777ms data 0ms clip 20ms optim 111ms step 5917ms mem 1448/3311MB
step 323,410 | loss 4.1018 | lr 1.19e-04 | 1386 tok/s | fwd_bwd 5706ms data 0ms clip 20ms optim 111ms step 5847ms mem 1493/3311MB
step 323,420 | loss 3.7970 | lr 1.19e-04 | 1381 tok/s | fwd_bwd 5778ms data 1ms clip 20ms optim 111ms step 5921ms mem 1493/3311MB
step 323,430 | loss 2.8878 | lr 1.19e-04 | 1376 tok/s | fwd_bwd 5778ms data 0ms clip 20ms optim 111ms step 5920ms mem 1448/3311MB
step 323,440 | loss 3.9193 | lr 1.19e-04 | 1375 tok/s | fwd_bwd 5785ms data 0ms clip 20ms optim 112ms step 5923ms mem 1493/3311MB
step 323,450 | loss 4.0319 | lr 1.19e-04 | 1379 tok/s | fwd_bwd 5779ms data 0ms clip 20ms optim 111ms step 5915ms mem 1452/3311MB
step 323,460 | loss 3.6854 | lr 1.19e-04 | 1378 tok/s | fwd_bwd 5745ms data 0ms clip 20ms optim 111ms step 5888ms mem 1448/3311MB
step 323,470 | loss 3.6879 | lr 1.19e-04 | 1387 tok/s | fwd_bwd 5732ms data 0ms clip 20ms optim 111ms step 5869ms mem 1493/3311MB
step 323,480 | loss 3.5532 | lr 1.19e-04 | 1391 tok/s | fwd_bwd 5739ms data 0ms clip 20ms optim 111ms step 5876ms mem 1493/3311MB
step 323,490 | loss 3.4988 | lr 1.19e-04 | 1392 tok/s | fwd_bwd 5719ms data 0ms clip 20ms optim 111ms step 5860ms mem 1448/3311MB
step 323,500 | loss 3.3789 | lr 1.19e-04 | 1392 tok/s | fwd_bwd 5715ms data 0ms clip 20ms optim 112ms step 5859ms mem 1493/3311MB
  [eval] step 323500 | val_loss 3.7271 | ppl 41.56
step 323,510 | loss 4.1282 | lr 1.19e-04 | 784 tok/s | fwd_bwd 5729ms data 0ms clip 20ms optim 112ms step 5865ms mem 1493/3311MB
step 323,520 | loss 3.7826 | lr 1.19e-04 | 1394 tok/s | fwd_bwd 5728ms data 0ms clip 20ms optim 111ms step 5868ms mem 1493/3311MB
step 323,530 | loss 3.5079 | lr 1.19e-04 | 1390 tok/s | fwd_bwd 5745ms data 0ms clip 20ms optim 111ms step 5881ms mem 1493/3311MB
step 323,540 | loss 4.2173 | lr 1.19e-04 | 1391 tok/s | fwd_bwd 5785ms data 1ms clip 23ms optim 119ms step 5946ms mem 1493/3311MB
step 323,550 | loss 3.3712 | lr 1.19e-04 | 1393 tok/s | fwd_bwd 5736ms data 0ms clip 20ms optim 111ms step 5875ms mem 1493/3311MB
step 323,560 | loss 1.7785 | lr 1.19e-04 | 1393 tok/s | fwd_bwd 5759ms data 0ms clip 20ms optim 111ms step 5893ms mem 1493/3311MB
step 323,570 | loss 2.5926 | lr 1.19e-04 | 1392 tok/s | fwd_bwd 5721ms data 0ms clip 20ms optim 112ms step 5861ms mem 1493/3311MB
step 323,580 | loss 3.5814 | lr 1.19e-04 | 1392 tok/s | fwd_bwd 5725ms data 1ms clip 20ms optim 112ms step 5868ms mem 1493/3311MB
step 323,590 | loss 3.6208 | lr 1.19e-04 | 1394 tok/s | fwd_bwd 5711ms data 0ms clip 20ms optim 111ms step 5852ms mem 1493/3311MB
step 323,600 | loss 4.5829 | lr 1.19e-04 | 1394 tok/s | fwd_bwd 5714ms data 0ms clip 20ms optim 111ms step 5855ms mem 1493/3311MB
step 323,610 | loss 4.3573 | lr 1.19e-04 | 1394 tok/s | fwd_bwd 5753ms data 1ms clip 20ms optim 111ms step 5903ms mem 1452/3311MB
step 323,620 | loss 3.2325 | lr 1.19e-04 | 1395 tok/s | fwd_bwd 5727ms data 0ms clip 20ms optim 111ms step 5864ms mem 1490/3311MB
step 323,630 | loss 4.5512 | lr 1.19e-04 | 1393 tok/s | fwd_bwd 5740ms data 0ms clip 20ms optim 112ms step 5881ms mem 1452/3311MB
step 323,640 | loss 2.7825 | lr 1.19e-04 | 1392 tok/s | fwd_bwd 5704ms data 1ms clip 20ms optim 112ms step 5848ms mem 1452/3311MB
Checkpoint saved: checkpoints/step_323646
  Pruning old checkpoint: checkpoints/step_322471
step 323,650 | loss 3.7082 | lr 1.19e-04 | 1384 tok/s | fwd_bwd 5714ms data 0ms clip 20ms optim 111ms step 5856ms mem 1452/3311MB
step 323,660 | loss 4.0958 | lr 1.19e-04 | 1396 tok/s | fwd_bwd 5691ms data 0ms clip 20ms optim 111ms step 5833ms mem 1452/3311MB
step 323,670 | loss 3.3809 | lr 1.19e-04 | 1399 tok/s | fwd_bwd 5689ms data 0ms clip 20ms optim 112ms step 5828ms mem 1452/3311MB
step 323,680 | loss 3.7456 | lr 1.19e-04 | 1400 tok/s | fwd_bwd 5677ms data 1ms clip 20ms optim 111ms step 5823ms mem 1493/3311MB
step 323,690 | loss 3.5702 | lr 1.19e-04 | 1397 tok/s | fwd_bwd 5735ms data 1ms clip 24ms optim 119ms step 5896ms mem 1493/3311MB
step 323,700 | loss 4.1985 | lr 1.19e-04 | 1401 tok/s | fwd_bwd 5695ms data 0ms clip 20ms optim 111ms step 5834ms mem 1452/3311MB
step 323,710 | loss 3.4222 | lr 1.19e-04 | 1400 tok/s | fwd_bwd 5715ms data 0ms clip 20ms optim 111ms step 5852ms mem 1493/3311MB
step 323,720 | loss 3.6002 | lr 1.19e-04 | 1401 tok/s | fwd_bwd 5679ms data 0ms clip 20ms optim 111ms step 5818ms mem 1493/3311MB
step 323,730 | loss 4.1049 | lr 1.19e-04 | 1401 tok/s | fwd_bwd 5694ms data 0ms clip 20ms optim 111ms step 5832ms mem 1493/3311MB
step 323,740 | loss 3.5548 | lr 1.19e-04 | 1401 tok/s | fwd_bwd 5703ms data 0ms clip 20ms optim 111ms step 5840ms mem 1452/3311MB
step 323,750 | loss 3.5723 | lr 1.19e-04 | 1403 tok/s | fwd_bwd 5692ms data 0ms clip 20ms optim 112ms step 5829ms mem 1493/3311MB
step 323,760 | loss 3.9181 | lr 1.19e-04 | 1400 tok/s | fwd_bwd 5681ms data 1ms clip 20ms optim 112ms step 5827ms mem 1452/3311MB
step 323,770 | loss 3.7295 | lr 1.19e-04 | 1404 tok/s | fwd_bwd 5687ms data 0ms clip 20ms optim 111ms step 5823ms mem 1493/3311MB
step 323,780 | loss 3.6364 | lr 1.19e-04 | 1402 tok/s | fwd_bwd 5709ms data 0ms clip 20ms optim 111ms step 5846ms mem 1452/3311MB
step 323,790 | loss 3.9758 | lr 1.19e-04 | 1396 tok/s | fwd_bwd 5685ms data 0ms clip 20ms optim 112ms step 5825ms mem 1493/3311MB
step 323,800 | loss 3.6689 | lr 1.19e-04 | 1397 tok/s | fwd_bwd 5686ms data 0ms clip 20ms optim 111ms step 5824ms mem 1493/3311MB
step 323,810 | loss 3.8360 | lr 1.19e-04 | 1397 tok/s | fwd_bwd 5699ms data 0ms clip 20ms optim 112ms step 5840ms mem 1493/3311MB
step 323,820 | loss 2.4851 | lr 1.19e-04 | 1398 tok/s | fwd_bwd 5696ms data 1ms clip 20ms optim 111ms step 5840ms mem 1493/3311MB
step 323,830 | loss 3.4380 | lr 1.19e-04 | 1402 tok/s | fwd_bwd 5679ms data 0ms clip 20ms optim 112ms step 5820ms mem 1493/3311MB
step 323,840 | loss 4.2073 | lr 1.19e-04 | 1401 tok/s | fwd_bwd 5722ms data 0ms clip 20ms optim 112ms step 5857ms mem 1493/3311MB
step 323,850 | loss 3.2614 | lr 1.19e-04 | 1400 tok/s | fwd_bwd 5703ms data 0ms clip 20ms optim 111ms step 5842ms mem 1452/3311MB
step 323,860 | loss 3.7708 | lr 1.19e-04 | 1398 tok/s | fwd_bwd 5710ms data 1ms clip 20ms optim 111ms step 5857ms mem 1493/3311MB
step 323,870 | loss 4.2664 | lr 1.19e-04 | 1399 tok/s | fwd_bwd 5689ms data 1ms clip 20ms optim 111ms step 5833ms mem 1493/3311MB
step 323,880 | loss 3.9219 | lr 1.19e-04 | 1395 tok/s | fwd_bwd 5717ms data 0ms clip 20ms optim 111ms step 5856ms mem 1493/3311MB
step 323,890 | loss 3.5290 | lr 1.19e-04 | 1399 tok/s | fwd_bwd 5710ms data 1ms clip 20ms optim 111ms step 5857ms mem 1452/3311MB
step 323,900 | loss 3.3502 | lr 1.19e-04 | 1398 tok/s | fwd_bwd 5719ms data 0ms clip 20ms optim 111ms step 5856ms mem 1452/3311MB
step 323,910 | loss 3.9554 | lr 1.19e-04 | 1398 tok/s | fwd_bwd 5694ms data 1ms clip 20ms optim 111ms step 5838ms mem 1493/3311MB
step 323,920 | loss 3.6781 | lr 1.19e-04 | 1402 tok/s | fwd_bwd 5673ms data 0ms clip 20ms optim 111ms step 5814ms mem 1493/3311MB
step 323,930 | loss 4.1119 | lr 1.19e-04 | 1402 tok/s | fwd_bwd 5694ms data 1ms clip 20ms optim 111ms step 5840ms mem 1493/3311MB
step 323,940 | loss 4.4616 | lr 1.19e-04 | 1403 tok/s | fwd_bwd 5681ms data 0ms clip 20ms optim 111ms step 5819ms mem 1493/3311MB
step 323,950 | loss 4.2151 | lr 1.19e-04 | 1406 tok/s | fwd_bwd 5681ms data 0ms clip 20ms optim 111ms step 5817ms mem 1493/3311MB
step 323,960 | loss 3.8750 | lr 1.19e-04 | 1405 tok/s | fwd_bwd 5675ms data 0ms clip 20ms optim 111ms step 5811ms mem 1493/3311MB
step 323,970 | loss 4.1119 | lr 1.19e-04 | 1404 tok/s | fwd_bwd 5677ms data 0ms clip 20ms optim 112ms step 5815ms mem 1493/3311MB
step 323,980 | loss 3.4553 | lr 1.19e-04 | 1408 tok/s | fwd_bwd 5682ms data 0ms clip 20ms optim 112ms step 5820ms mem 1493/3311MB
step 323,990 | loss 2.9335 | lr 1.19e-04 | 1402 tok/s | fwd_bwd 5745ms data 1ms clip 20ms optim 111ms step 5895ms mem 1493/3311MB
step 324,000 | loss 3.9478 | lr 1.19e-04 | 1403 tok/s | fwd_bwd 5681ms data 0ms clip 20ms optim 112ms step 5819ms mem 1493/3311MB
  [eval] step 324000 | val_loss 3.3323 | ppl 28.00
Checkpoint saved: checkpoints/step_324000
  [samples] wrote checkpoints/step_324000/samples.txt
  Pruning old checkpoint: checkpoints/step_323000
step 324,010 | loss 3.5534 | lr 1.19e-04 | 599 tok/s | fwd_bwd 5669ms data 0ms clip 20ms optim 111ms step 5809ms mem 1493/3311MB
step 324,020 | loss 3.8082 | lr 1.19e-04 | 1408 tok/s | fwd_bwd 5640ms data 1ms clip 20ms optim 112ms step 5780ms mem 1493/3311MB
step 324,030 | loss 3.7441 | lr 1.19e-04 | 1411 tok/s | fwd_bwd 5665ms data 0ms clip 20ms optim 112ms step 5803ms mem 1476/3311MB
step 324,040 | loss 3.2333 | lr 1.19e-04 | 1411 tok/s | fwd_bwd 5642ms data 1ms clip 20ms optim 111ms step 5786ms mem 1493/3311MB
step 324,050 | loss 3.8174 | lr 1.19e-04 | 1407 tok/s | fwd_bwd 5697ms data 1ms clip 23ms optim 120ms step 5858ms mem 1448/3311MB
step 324,060 | loss 3.5002 | lr 1.19e-04 | 1407 tok/s | fwd_bwd 5673ms data 0ms clip 20ms optim 112ms step 5810ms mem 1493/3311MB
step 324,070 | loss 3.2306 | lr 1.19e-04 | 1404 tok/s | fwd_bwd 5671ms data 0ms clip 20ms optim 111ms step 5811ms mem 1493/3311MB
step 324,080 | loss 4.5036 | lr 1.19e-04 | 1404 tok/s | fwd_bwd 5640ms data 1ms clip 20ms optim 112ms step 5785ms mem 1493/3311MB
step 324,090 | loss 3.1883 | lr 1.19e-04 | 1407 tok/s | fwd_bwd 5642ms data 0ms clip 20ms optim 112ms step 5783ms mem 1493/3311MB
step 324,100 | loss 3.4052 | lr 1.19e-04 | 1407 tok/s | fwd_bwd 5670ms data 0ms clip 20ms optim 112ms step 5809ms mem 1493/3311MB
step 324,110 | loss 3.6880 | lr 1.19e-04 | 1406 tok/s | fwd_bwd 5652ms data 0ms clip 20ms optim 112ms step 5793ms mem 1464/3311MB
step 324,120 | loss 3.3716 | lr 1.19e-04 | 1407 tok/s | fwd_bwd 5595ms data 1ms clip 20ms optim 111ms step 5738ms mem 1493/3311MB
step 324,130 | loss 3.9534 | lr 1.19e-04 | 1406 tok/s | fwd_bwd 5682ms data 0ms clip 20ms optim 111ms step 5818ms mem 1493/3311MB
step 324,140 | loss 4.3806 | lr 1.19e-04 | 1353 tok/s | fwd_bwd 5686ms data 1ms clip 20ms optim 111ms step 5829ms mem 1493/3311MB
step 324,150 | loss 3.8785 | lr 1.19e-04 | 1402 tok/s | fwd_bwd 5668ms data 0ms clip 20ms optim 111ms step 5807ms mem 1448/3311MB
step 324,160 | loss 3.9054 | lr 1.19e-04 | 1408 tok/s | fwd_bwd 5659ms data 1ms clip 20ms optim 111ms step 5807ms mem 1452/3311MB
step 324,170 | loss 3.6281 | lr 1.19e-04 | 1407 tok/s | fwd_bwd 5671ms data 1ms clip 20ms optim 111ms step 5818ms mem 1452/3311MB
step 324,180 | loss 4.2994 | lr 1.19e-04 | 1413 tok/s | fwd_bwd 5671ms data 1ms clip 20ms optim 111ms step 5818ms mem 1448/3311MB
step 324,190 | loss 4.1657 | lr 1.19e-04 | 1412 tok/s | fwd_bwd 5635ms data 0ms clip 20ms optim 110ms step 5776ms mem 1493/3311MB
step 324,200 | loss 3.4552 | lr 1.19e-04 | 1408 tok/s | fwd_bwd 5646ms data 0ms clip 20ms optim 111ms step 5782ms mem 1452/3311MB
step 324,210 | loss 3.5963 | lr 1.19e-04 | 1408 tok/s | fwd_bwd 5600ms data 0ms clip 20ms optim 111ms step 5740ms mem 1448/3311MB
step 324,220 | loss 3.5777 | lr 1.19e-04 | 1409 tok/s | fwd_bwd 5643ms data 0ms clip 20ms optim 111ms step 5784ms mem 1493/3311MB
step 324,230 | loss 3.3830 | lr 1.19e-04 | 1398 tok/s | fwd_bwd 5660ms data 1ms clip 21ms optim 112ms step 5813ms mem 1452/3311MB
step 324,240 | loss 4.3118 | lr 1.19e-04 | 1402 tok/s | fwd_bwd 5686ms data 1ms clip 23ms optim 119ms step 5845ms mem 1448/3311MB
Checkpoint saved: checkpoints/step_324249
  Pruning old checkpoint: checkpoints/step_323047
step 324,250 | loss 4.7045 | lr 1.19e-04 | 1400 tok/s | fwd_bwd 5435ms data 1ms clip 20ms optim 112ms step 5577ms mem 1452/3311MB
step 324,260 | loss 3.6621 | lr 1.19e-04 | 1408 tok/s | fwd_bwd 5651ms data 0ms clip 20ms optim 111ms step 5790ms mem 1493/3311MB
step 324,270 | loss 4.2656 | lr 1.19e-04 | 1409 tok/s | fwd_bwd 5661ms data 0ms clip 20ms optim 111ms step 5801ms mem 1448/3311MB
step 324,280 | loss 3.7706 | lr 1.19e-04 | 1405 tok/s | fwd_bwd 5742ms data 0ms clip 23ms optim 117ms step 5892ms mem 1493/3311MB
step 324,290 | loss 2.9966 | lr 1.19e-04 | 1410 tok/s | fwd_bwd 5577ms data 1ms clip 20ms optim 111ms step 5721ms mem 1452/3311MB
step 324,300 | loss 3.9874 | lr 1.19e-04 | 1414 tok/s | fwd_bwd 5627ms data 0ms clip 20ms optim 111ms step 5766ms mem 1448/3311MB
step 324,310 | loss 3.6883 | lr 1.19e-04 | 1418 tok/s | fwd_bwd 5609ms data 0ms clip 20ms optim 111ms step 5747ms mem 1493/3311MB
step 324,320 | loss 3.8190 | lr 1.19e-04 | 1420 tok/s | fwd_bwd 5572ms data 0ms clip 20ms optim 111ms step 5710ms mem 1493/3311MB
step 324,330 | loss 3.8544 | lr 1.19e-04 | 1416 tok/s | fwd_bwd 5616ms data 0ms clip 20ms optim 111ms step 5757ms mem 1448/3311MB
step 324,340 | loss 2.5525 | lr 1.19e-04 | 1420 tok/s | fwd_bwd 5650ms data 1ms clip 20ms optim 111ms step 5800ms mem 1493/3311MB
step 324,350 | loss 3.4578 | lr 1.19e-04 | 1415 tok/s | fwd_bwd 5667ms data 1ms clip 23ms optim 123ms step 5832ms mem 1493/3311MB
step 324,360 | loss 2.7482 | lr 1.19e-04 | 1424 tok/s | fwd_bwd 5580ms data 0ms clip 20ms optim 111ms step 5719ms mem 1448/3311MB
step 324,370 | loss 3.5741 | lr 1.19e-04 | 1424 tok/s | fwd_bwd 5614ms data 0ms clip 20ms optim 113ms step 5753ms mem 1493/3311MB
step 324,380 | loss 4.4566 | lr 1.19e-04 | 1422 tok/s | fwd_bwd 5582ms data 0ms clip 20ms optim 111ms step 5720ms mem 1493/3311MB
step 324,390 | loss 3.6039 | lr 1.19e-04 | 1421 tok/s | fwd_bwd 5619ms data 1ms clip 20ms optim 111ms step 5764ms mem 1448/3311MB
step 324,400 | loss 3.9936 | lr 1.19e-04 | 1421 tok/s | fwd_bwd 5610ms data 0ms clip 20ms optim 111ms step 5753ms mem 1493/3311MB
step 324,410 | loss 2.9758 | lr 1.19e-04 | 1413 tok/s | fwd_bwd 5641ms data 0ms clip 20ms optim 111ms step 5780ms mem 1493/3311MB
step 324,420 | loss 3.6017 | lr 1.19e-04 | 1408 tok/s | fwd_bwd 5684ms data 1ms clip 20ms optim 111ms step 5832ms mem 1448/3311MB
step 324,430 | loss 4.1370 | lr 1.19e-04 | 1410 tok/s | fwd_bwd 5654ms data 0ms clip 20ms optim 111ms step 5793ms mem 1493/3311MB
step 324,440 | loss 3.5685 | lr 1.19e-04 | 1411 tok/s | fwd_bwd 5658ms data 0ms clip 20ms optim 111ms step 5795ms mem 1493/3311MB
step 324,450 | loss 3.4559 | lr 1.19e-04 | 1414 tok/s | fwd_bwd 5601ms data 1ms clip 20ms optim 111ms step 5749ms mem 1448/3311MB
step 324,460 | loss 3.3426 | lr 1.19e-04 | 1412 tok/s | fwd_bwd 5660ms data 0ms clip 20ms optim 111ms step 5799ms mem 1493/3311MB
step 324,470 | loss 3.1695 | lr 1.19e-04 | 1407 tok/s | fwd_bwd 5709ms data 1ms clip 23ms optim 119ms step 5869ms mem 1493/3311MB
step 324,480 | loss 4.2891 | lr 1.19e-04 | 1415 tok/s | fwd_bwd 5664ms data 1ms clip 23ms optim 119ms step 5824ms mem 1448/3311MB
step 324,490 | loss 3.5082 | lr 1.19e-04 | 1418 tok/s | fwd_bwd 5609ms data 1ms clip 23ms optim 119ms step 5769ms mem 1493/3311MB
step 324,500 | loss 3.8158 | lr 1.19e-04 | 1416 tok/s | fwd_bwd 5621ms data 1ms clip 20ms optim 111ms step 5766ms mem 1493/3311MB
  [eval] step 324500 | val_loss 3.3414 | ppl 28.26
step 324,510 | loss 4.1038 | lr 1.19e-04 | 688 tok/s | fwd_bwd 6032ms data 0ms clip 22ms optim 117ms step 6177ms mem 1448/3311MB
step 324,520 | loss 3.9623 | lr 1.19e-04 | 1357 tok/s | fwd_bwd 5670ms data 1ms clip 21ms optim 116ms step 5822ms mem 1493/3311MB
step 324,530 | loss 4.0492 | lr 1.19e-04 | 1117 tok/s | fwd_bwd 7301ms data 1ms clip 33ms optim 167ms step 7507ms mem 1448/3311MB
step 324,540 | loss 3.2862 | lr 1.19e-04 | 970 tok/s | fwd_bwd 5899ms data 1ms clip 20ms optim 111ms step 6039ms mem 1493/3311MB
step 324,550 | loss 4.1921 | lr 1.19e-04 | 1373 tok/s | fwd_bwd 5729ms data 1ms clip 20ms optim 111ms step 5870ms mem 1451/3311MB
step 324,560 | loss 4.1368 | lr 1.19e-04 | 1403 tok/s | fwd_bwd 5566ms data 0ms clip 20ms optim 112ms step 5706ms mem 1493/3311MB
step 324,570 | loss 3.0355 | lr 1.19e-04 | 1412 tok/s | fwd_bwd 5568ms data 0ms clip 20ms optim 112ms step 5707ms mem 1452/3311MB
step 324,580 | loss 3.9762 | lr 1.19e-04 | 1370 tok/s | fwd_bwd 5904ms data 1ms clip 22ms optim 130ms step 6065ms mem 1493/3311MB
step 324,590 | loss 3.5721 | lr 1.19e-04 | 1394 tok/s | fwd_bwd 5625ms data 1ms clip 20ms optim 112ms step 5769ms mem 1448/3311MB
step 324,600 | loss 4.0399 | lr 1.19e-04 | 1398 tok/s | fwd_bwd 5684ms data 1ms clip 20ms optim 111ms step 5830ms mem 1493/3311MB
step 324,610 | loss 3.9593 | lr 1.19e-04 | 1400 tok/s | fwd_bwd 5704ms data 0ms clip 20ms optim 112ms step 5844ms mem 1452/3311MB
step 324,620 | loss 4.4045 | lr 1.19e-04 | 1395 tok/s | fwd_bwd 5834ms data 1ms clip 23ms optim 124ms step 6000ms mem 1448/3311MB
step 324,630 | loss 3.6641 | lr 1.19e-04 | 1377 tok/s | fwd_bwd 5709ms data 1ms clip 20ms optim 115ms step 5854ms mem 1493/3311MB
step 324,640 | loss 3.7596 | lr 1.19e-04 | 1396 tok/s | fwd_bwd 5601ms data 0ms clip 20ms optim 111ms step 5740ms mem 1493/3311MB
step 324,650 | loss 1.8801 | lr 1.19e-04 | 1399 tok/s | fwd_bwd 5679ms data 1ms clip 20ms optim 112ms step 5823ms mem 1493/3311MB
step 324,660 | loss 3.4054 | lr 1.19e-04 | 1388 tok/s | fwd_bwd 5730ms data 0ms clip 20ms optim 111ms step 5865ms mem 1493/3311MB
step 324,670 | loss 3.2489 | lr 1.19e-04 | 1392 tok/s | fwd_bwd 5655ms data 0ms clip 20ms optim 111ms step 5795ms mem 1493/3311MB
step 324,680 | loss 3.9424 | lr 1.19e-04 | 1393 tok/s | fwd_bwd 5762ms data 1ms clip 20ms optim 111ms step 5910ms mem 1493/3311MB
step 324,690 | loss 4.0495 | lr 1.19e-04 | 1393 tok/s | fwd_bwd 5736ms data 0ms clip 20ms optim 112ms step 5873ms mem 1493/3311MB
step 324,700 | loss 4.1840 | lr 1.19e-04 | 1391 tok/s | fwd_bwd 5758ms data 1ms clip 23ms optim 120ms step 5919ms mem 1493/3311MB
step 324,710 | loss 3.6668 | lr 1.19e-04 | 1396 tok/s | fwd_bwd 5689ms data 1ms clip 20ms optim 111ms step 5833ms mem 1493/3311MB
step 324,720 | loss 4.7535 | lr 1.19e-04 | 1395 tok/s | fwd_bwd 5769ms data 1ms clip 20ms optim 112ms step 5920ms mem 1493/3311MB
step 324,730 | loss 4.2336 | lr 1.19e-04 | 1372 tok/s | fwd_bwd 5772ms data 1ms clip 23ms optim 120ms step 5933ms mem 1493/3311MB
step 324,740 | loss 3.4215 | lr 1.19e-04 | 1395 tok/s | fwd_bwd 5703ms data 1ms clip 20ms optim 111ms step 5847ms mem 1493/3311MB
step 324,750 | loss 4.0266 | lr 1.19e-04 | 1397 tok/s | fwd_bwd 5690ms data 0ms clip 20ms optim 111ms step 5830ms mem 1448/3311MB
step 324,760 | loss 3.3493 | lr 1.19e-04 | 1397 tok/s | fwd_bwd 5695ms data 1ms clip 20ms optim 112ms step 5841ms mem 1452/3311MB
step 324,770 | loss 3.7108 | lr 1.19e-04 | 1389 tok/s | fwd_bwd 5707ms data 1ms clip 20ms optim 112ms step 5849ms mem 1492/3311MB
step 324,780 | loss 4.2004 | lr 1.19e-04 | 1397 tok/s | fwd_bwd 5689ms data 0ms clip 20ms optim 112ms step 5831ms mem 1448/3311MB
step 324,790 | loss 4.1119 | lr 1.19e-04 | 1399 tok/s | fwd_bwd 5730ms data 1ms clip 20ms optim 111ms step 5880ms mem 1452/3311MB
step 324,800 | loss 4.6170 | lr 1.19e-04 | 1401 tok/s | fwd_bwd 5696ms data 0ms clip 20ms optim 112ms step 5838ms mem 1493/3311MB
step 324,810 | loss 3.7293 | lr 1.19e-04 | 1397 tok/s | fwd_bwd 5698ms data 0ms clip 20ms optim 111ms step 5840ms mem 1448/3311MB
step 324,820 | loss 3.2489 | lr 1.19e-04 | 1398 tok/s | fwd_bwd 5686ms data 1ms clip 20ms optim 112ms step 5837ms mem 1493/3311MB
step 324,830 | loss 3.7868 | lr 1.19e-04 | 1400 tok/s | fwd_bwd 5704ms data 1ms clip 20ms optim 112ms step 5851ms mem 1451/3311MB
step 324,840 | loss 3.6198 | lr 1.19e-04 | 1398 tok/s | fwd_bwd 5729ms data 1ms clip 22ms optim 120ms step 5890ms mem 1448/3311MB
Checkpoint saved: checkpoints/step_324848
  Pruning old checkpoint: checkpoints/step_323646
step 324,850 | loss 0.4523 | lr 1.19e-04 | 1379 tok/s | fwd_bwd 5678ms data 0ms clip 24ms optim 112ms step 5818ms mem 1493/3311MB
step 324,860 | loss 4.2749 | lr 1.19e-04 | 1390 tok/s | fwd_bwd 5770ms data 1ms clip 22ms optim 118ms step 5928ms mem 1493/3311MB
step 324,870 | loss 2.8048 | lr 1.19e-04 | 1398 tok/s | fwd_bwd 5688ms data 1ms clip 20ms optim 111ms step 5828ms mem 1493/3311MB
step 324,880 | loss 4.2748 | lr 1.19e-04 | 1398 tok/s | fwd_bwd 5730ms data 1ms clip 23ms optim 122ms step 5895ms mem 1493/3311MB
step 324,890 | loss 2.9557 | lr 1.19e-04 | 1402 tok/s | fwd_bwd 5667ms data 1ms clip 20ms optim 112ms step 5809ms mem 1493/3311MB
step 324,900 | loss 3.9522 | lr 1.19e-04 | 1397 tok/s | fwd_bwd 5690ms data 1ms clip 20ms optim 112ms step 5832ms mem 1493/3311MB
step 324,910 | loss 2.7561 | lr 1.19e-04 | 1393 tok/s | fwd_bwd 5654ms data 0ms clip 20ms optim 112ms step 5795ms mem 1493/3311MB
step 324,920 | loss 4.2099 | lr 1.19e-04 | 1393 tok/s | fwd_bwd 5749ms data 1ms clip 23ms optim 119ms step 5909ms mem 1493/3311MB
step 324,930 | loss 3.0294 | lr 1.19e-04 | 1395 tok/s | fwd_bwd 5665ms data 1ms clip 20ms optim 112ms step 5809ms mem 1452/3311MB
step 324,940 | loss 3.9302 | lr 1.19e-04 | 1348 tok/s | fwd_bwd 5948ms data 0ms clip 22ms optim 116ms step 6092ms mem 1448/3311MB
step 324,950 | loss 3.5811 | lr 1.19e-04 | 1388 tok/s | fwd_bwd 5686ms data 1ms clip 23ms optim 124ms step 5852ms mem 1493/3311MB
step 324,960 | loss 3.0649 | lr 1.19e-04 | 1398 tok/s | fwd_bwd 5713ms data 0ms clip 20ms optim 112ms step 5851ms mem 1493/3311MB
step 324,970 | loss 3.9525 | lr 1.19e-04 | 1396 tok/s | fwd_bwd 5693ms data 0ms clip 20ms optim 113ms step 5833ms mem 1448/3311MB
step 324,980 | loss 4.5595 | lr 1.19e-04 | 1399 tok/s | fwd_bwd 5677ms data 1ms clip 20ms optim 111ms step 5820ms mem 1493/3311MB
step 324,990 | loss 3.7278 | lr 1.19e-04 | 1396 tok/s | fwd_bwd 5789ms data 1ms clip 25ms optim 119ms step 5951ms mem 1493/3311MB
step 325,000 | loss 3.4837 | lr 1.19e-04 | 1225 tok/s | fwd_bwd 7867ms data 0ms clip 32ms optim 178ms step 8082ms mem 1493/3311MB
  [eval] step 325000 | val_loss 2.7115 | ppl 15.05
Checkpoint saved: checkpoints/step_325000
  [samples] wrote checkpoints/step_325000/samples.txt
  Pruning old checkpoint: checkpoints/step_324000
step 325,010 | loss 3.7612 | lr 1.19e-04 | 456 tok/s | fwd_bwd 6946ms data 1ms clip 21ms optim 125ms step 7099ms mem 1493/3311MB
step 325,020 | loss 3.7139 | lr 1.19e-04 | 1309 tok/s | fwd_bwd 6721ms data 0ms clip 20ms optim 111ms step 6858ms mem 1490/3311MB
step 325,030 | loss 3.5825 | lr 1.19e-04 | 1353 tok/s | fwd_bwd 5705ms data 0ms clip 20ms optim 111ms step 5845ms mem 1448/3311MB
step 325,040 | loss 4.5926 | lr 1.19e-04 | 1369 tok/s | fwd_bwd 5767ms data 1ms clip 20ms optim 112ms step 5912ms mem 1493/3311MB
step 325,050 | loss 4.0467 | lr 1.19e-04 | 1380 tok/s | fwd_bwd 5643ms data 1ms clip 20ms optim 112ms step 5790ms mem 1493/3311MB
step 325,060 | loss 3.1131 | lr 1.19e-04 | 1395 tok/s | fwd_bwd 5692ms data 1ms clip 20ms optim 112ms step 5834ms mem 1493/3311MB
step 325,070 | loss 3.4487 | lr 1.19e-04 | 1398 tok/s | fwd_bwd 5627ms data 1ms clip 20ms optim 111ms step 5768ms mem 1493/3311MB
step 325,080 | loss 3.7657 | lr 1.19e-04 | 1396 tok/s | fwd_bwd 5762ms data 1ms clip 20ms optim 112ms step 5913ms mem 1493/3311MB
step 325,090 | loss 3.7417 | lr 1.19e-04 | 1394 tok/s | fwd_bwd 5752ms data 1ms clip 22ms optim 113ms step 5906ms mem 1493/3311MB
step 325,100 | loss 4.1400 | lr 1.19e-04 | 1399 tok/s | fwd_bwd 5629ms data 1ms clip 20ms optim 111ms step 5775ms mem 1493/3311MB
step 325,110 | loss 2.8637 | lr 1.19e-04 | 1395 tok/s | fwd_bwd 5734ms data 0ms clip 20ms optim 111ms step 5874ms mem 1493/3311MB
step 325,120 | loss 3.3558 | lr 1.19e-04 | 1390 tok/s | fwd_bwd 5706ms data 0ms clip 20ms optim 112ms step 5843ms mem 1493/3311MB
step 325,130 | loss 3.7807 | lr 1.19e-04 | 1398 tok/s | fwd_bwd 5734ms data 1ms clip 20ms optim 111ms step 5882ms mem 1458/3311MB
step 325,140 | loss 4.9410 | lr 1.19e-04 | 1400 tok/s | fwd_bwd 5684ms data 0ms clip 20ms optim 111ms step 5824ms mem 1452/3311MB
step 325,150 | loss 3.7637 | lr 1.19e-04 | 1393 tok/s | fwd_bwd 5710ms data 1ms clip 20ms optim 112ms step 5852ms mem 1493/3311MB
step 325,160 | loss 3.5665 | lr 1.19e-04 | 1394 tok/s | fwd_bwd 5709ms data 1ms clip 20ms optim 112ms step 5855ms mem 1493/3311MB
step 325,170 | loss 3.7100 | lr 1.19e-04 | 1396 tok/s | fwd_bwd 5634ms data 0ms clip 20ms optim 111ms step 5774ms mem 1493/3311MB
step 325,180 | loss 3.4168 | lr 1.19e-04 | 1399 tok/s | fwd_bwd 5637ms data 0ms clip 20ms optim 112ms step 5777ms mem 1493/3311MB
step 325,190 | loss 3.5416 | lr 1.19e-04 | 1400 tok/s | fwd_bwd 5718ms data 1ms clip 20ms optim 111ms step 5866ms mem 1452/3311MB
step 325,200 | loss 4.7304 | lr 1.19e-04 | 1398 tok/s | fwd_bwd 5727ms data 1ms clip 20ms optim 112ms step 5876ms mem 1493/3311MB
step 325,210 | loss 1.4420 | lr 1.19e-04 | 1397 tok/s | fwd_bwd 5749ms data 1ms clip 23ms optim 120ms step 5911ms mem 1493/3311MB
step 325,220 | loss 4.3588 | lr 1.19e-04 | 1395 tok/s | fwd_bwd 5750ms data 1ms clip 23ms optim 120ms step 5912ms mem 1493/3311MB
step 325,230 | loss 4.0470 | lr 1.19e-04 | 1395 tok/s | fwd_bwd 5709ms data 1ms clip 20ms optim 112ms step 5853ms mem 1493/3311MB
step 325,240 | loss 3.9266 | lr 1.19e-04 | 1397 tok/s | fwd_bwd 5688ms data 1ms clip 20ms optim 112ms step 5829ms mem 1452/3311MB
step 325,250 | loss 3.7137 | lr 1.19e-04 | 1397 tok/s | fwd_bwd 5712ms data 1ms clip 20ms optim 111ms step 5856ms mem 1452/3311MB
step 325,260 | loss 3.1907 | lr 1.19e-04 | 1386 tok/s | fwd_bwd 5716ms data 0ms clip 20ms optim 111ms step 5858ms mem 1493/3311MB
step 325,270 | loss 2.0328 | lr 1.19e-04 | 1391 tok/s | fwd_bwd 5727ms data 1ms clip 20ms optim 111ms step 5872ms mem 1470/3311MB
step 325,280 | loss 3.4396 | lr 1.19e-04 | 1391 tok/s | fwd_bwd 5732ms data 0ms clip 20ms optim 112ms step 5874ms mem 1493/3311MB
step 325,290 | loss 3.6713 | lr 1.19e-04 | 1388 tok/s | fwd_bwd 5728ms data 0ms clip 20ms optim 112ms step 5870ms mem 1493/3311MB
step 325,300 | loss 3.5883 | lr 1.19e-04 | 1384 tok/s | fwd_bwd 5776ms data 1ms clip 20ms optim 111ms step 5925ms mem 1493/3311MB
step 325,310 | loss 3.5618 | lr 1.19e-04 | 1387 tok/s | fwd_bwd 5655ms data 1ms clip 20ms optim 111ms step 5800ms mem 1452/3311MB
step 325,320 | loss 4.0815 | lr 1.19e-04 | 1392 tok/s | fwd_bwd 5705ms data 0ms clip 20ms optim 112ms step 5842ms mem 1493/3311MB
step 325,330 | loss 3.1369 | lr 1.19e-04 | 1392 tok/s | fwd_bwd 5716ms data 0ms clip 20ms optim 112ms step 5856ms mem 1493/3311MB
step 325,340 | loss 3.2284 | lr 1.19e-04 | 1390 tok/s | fwd_bwd 5748ms data 1ms clip 20ms optim 112ms step 5896ms mem 1493/3311MB
step 325,350 | loss 3.5234 | lr 1.19e-04 | 1388 tok/s | fwd_bwd 5743ms data 0ms clip 20ms optim 112ms step 5883ms mem 1493/3311MB
step 325,360 | loss 3.0243 | lr 1.19e-04 | 1391 tok/s | fwd_bwd 5652ms data 1ms clip 20ms optim 111ms step 5792ms mem 1493/3311MB
step 325,370 | loss 3.6841 | lr 1.19e-04 | 1392 tok/s | fwd_bwd 5674ms data 1ms clip 20ms optim 112ms step 5816ms mem 1493/3311MB
step 325,380 | loss 4.1022 | lr 1.19e-04 | 1390 tok/s | fwd_bwd 5751ms data 0ms clip 20ms optim 111ms step 5886ms mem 1470/3311MB
step 325,390 | loss 3.6701 | lr 1.19e-04 | 1383 tok/s | fwd_bwd 5736ms data 1ms clip 20ms optim 112ms step 5876ms mem 1493/3311MB
step 325,400 | loss 3.4812 | lr 1.19e-04 | 1388 tok/s | fwd_bwd 5749ms data 0ms clip 20ms optim 112ms step 5891ms mem 1493/3311MB
step 325,410 | loss 3.5558 | lr 1.19e-04 | 1388 tok/s | fwd_bwd 5761ms data 1ms clip 20ms optim 113ms step 5909ms mem 1493/3311MB
step 325,420 | loss 3.9289 | lr 1.19e-04 | 1386 tok/s | fwd_bwd 5730ms data 1ms clip 20ms optim 112ms step 5877ms mem 1493/3311MB
step 325,430 | loss 1.9321 | lr 1.19e-04 | 1379 tok/s | fwd_bwd 5767ms data 0ms clip 20ms optim 112ms step 5907ms mem 1493/3311MB
Checkpoint saved: checkpoints/step_325437
  Pruning old checkpoint: checkpoints/step_324249
step 325,440 | loss 3.4118 | lr 1.19e-04 | 1364 tok/s | fwd_bwd 5750ms data 0ms clip 20ms optim 112ms step 5890ms mem 1452/3311MB
step 325,450 | loss 3.2991 | lr 1.19e-04 | 1384 tok/s | fwd_bwd 5770ms data 0ms clip 20ms optim 112ms step 5907ms mem 1493/3311MB
step 325,460 | loss 1.9491 | lr 1.19e-04 | 1383 tok/s | fwd_bwd 5738ms data 0ms clip 20ms optim 111ms step 5881ms mem 1448/3311MB
step 325,470 | loss 4.3805 | lr 1.19e-04 | 1386 tok/s | fwd_bwd 5704ms data 0ms clip 20ms optim 112ms step 5844ms mem 1493/3311MB
step 325,480 | loss 3.6920 | lr 1.19e-04 | 1387 tok/s | fwd_bwd 5742ms data 0ms clip 20ms optim 111ms step 5884ms mem 1451/3311MB
step 325,490 | loss 3.3173 | lr 1.19e-04 | 1386 tok/s | fwd_bwd 5729ms data 0ms clip 20ms optim 111ms step 5870ms mem 1448/3311MB
step 325,500 | loss 2.3758 | lr 1.19e-04 | 1390 tok/s | fwd_bwd 5732ms data 1ms clip 20ms optim 111ms step 5880ms mem 1493/3311MB
  [eval] step 325500 | val_loss 3.6402 | ppl 38.10
step 325,510 | loss 3.6011 | lr 1.19e-04 | 782 tok/s | fwd_bwd 5750ms data 0ms clip 20ms optim 112ms step 5890ms mem 1452/3311MB
step 325,520 | loss 4.7088 | lr 1.19e-04 | 1385 tok/s | fwd_bwd 5772ms data 0ms clip 20ms optim 111ms step 5909ms mem 1493/3311MB
step 325,530 | loss 4.0054 | lr 1.19e-04 | 1382 tok/s | fwd_bwd 5752ms data 0ms clip 20ms optim 112ms step 5892ms mem 1493/3311MB
step 325,540 | loss 3.4037 | lr 1.19e-04 | 1384 tok/s | fwd_bwd 5772ms data 0ms clip 20ms optim 112ms step 5910ms mem 1452/3311MB
step 325,550 | loss 3.8767 | lr 1.19e-04 | 1389 tok/s | fwd_bwd 5728ms data 0ms clip 20ms optim 112ms step 5868ms mem 1493/3311MB
step 325,560 | loss 3.2155 | lr 1.19e-04 | 1392 tok/s | fwd_bwd 5713ms data 0ms clip 20ms optim 111ms step 5855ms mem 1452/3311MB
step 325,570 | loss 1.4209 | lr 1.19e-04 | 1391 tok/s | fwd_bwd 5726ms data 1ms clip 20ms optim 111ms step 5873ms mem 1493/3311MB
step 325,580 | loss 3.7116 | lr 1.19e-04 | 1388 tok/s | fwd_bwd 5756ms data 0ms clip 20ms optim 112ms step 5894ms mem 1451/3311MB
step 325,590 | loss 3.3292 | lr 1.19e-04 | 1391 tok/s | fwd_bwd 5737ms data 0ms clip 20ms optim 112ms step 5874ms mem 1493/3311MB
step 325,600 | loss 1.7557 | lr 1.19e-04 | 1392 tok/s | fwd_bwd 5661ms data 0ms clip 20ms optim 111ms step 5801ms mem 1493/3311MB
step 325,610 | loss 4.5460 | lr 1.19e-04 | 1369 tok/s | fwd_bwd 5742ms data 1ms clip 20ms optim 112ms step 5887ms mem 1452/3311MB
step 325,620 | loss 3.8211 | lr 1.19e-04 | 1384 tok/s | fwd_bwd 5752ms data 0ms clip 20ms optim 112ms step 5892ms mem 1493/3311MB
step 325,630 | loss 3.0282 | lr 1.19e-04 | 1389 tok/s | fwd_bwd 5737ms data 0ms clip 20ms optim 112ms step 5876ms mem 1493/3311MB
step 325,640 | loss 4.3901 | lr 1.19e-04 | 1391 tok/s | fwd_bwd 5755ms data 1ms clip 20ms optim 111ms step 5902ms mem 1493/3311MB
step 325,650 | loss 4.2350 | lr 1.19e-04 | 1389 tok/s | fwd_bwd 5747ms data 0ms clip 20ms optim 111ms step 5886ms mem 1493/3311MB
step 325,660 | loss 2.9068 | lr 1.19e-04 | 1386 tok/s | fwd_bwd 5749ms data 0ms clip 20ms optim 112ms step 5891ms mem 1493/3311MB
step 325,670 | loss 3.3643 | lr 1.19e-04 | 1388 tok/s | fwd_bwd 5737ms data 0ms clip 20ms optim 112ms step 5876ms mem 1493/3311MB
step 325,680 | loss 4.0848 | lr 1.19e-04 | 1393 tok/s | fwd_bwd 5708ms data 0ms clip 20ms optim 111ms step 5850ms mem 1493/3311MB
step 325,690 | loss 4.4098 | lr 1.19e-04 | 1394 tok/s | fwd_bwd 5717ms data 0ms clip 20ms optim 112ms step 5854ms mem 1493/3311MB
step 325,700 | loss 3.2317 | lr 1.19e-04 | 1397 tok/s | fwd_bwd 5760ms data 1ms clip 23ms optim 120ms step 5922ms mem 1493/3311MB
step 325,710 | loss 3.2333 | lr 1.19e-04 | 1401 tok/s | fwd_bwd 5720ms data 1ms clip 20ms optim 111ms step 5867ms mem 1493/3311MB
step 325,720 | loss 3.4245 | lr 1.19e-04 | 1398 tok/s | fwd_bwd 5699ms data 1ms clip 20ms optim 111ms step 5845ms mem 1470/3311MB
step 325,730 | loss 3.6802 | lr 1.19e-04 | 1397 tok/s | fwd_bwd 5694ms data 1ms clip 20ms optim 112ms step 5836ms mem 1452/3311MB
step 325,740 | loss 4.0016 | lr 1.19e-04 | 1395 tok/s | fwd_bwd 5715ms data 0ms clip 20ms optim 111ms step 5854ms mem 1493/3311MB
step 325,750 | loss 4.2781 | lr 1.19e-04 | 1393 tok/s | fwd_bwd 5782ms data 1ms clip 23ms optim 120ms step 5943ms mem 1493/3311MB
step 325,760 | loss 3.4922 | lr 1.19e-04 | 1396 tok/s | fwd_bwd 5630ms data 0ms clip 20ms optim 112ms step 5770ms mem 1452/3311MB
step 325,770 | loss 4.1023 | lr 1.19e-04 | 1396 tok/s | fwd_bwd 5713ms data 0ms clip 20ms optim 112ms step 5853ms mem 1493/3311MB
step 325,780 | loss 3.9303 | lr 1.19e-04 | 1396 tok/s | fwd_bwd 5715ms data 0ms clip 20ms optim 112ms step 5850ms mem 1452/3311MB
step 325,790 | loss 3.1622 | lr 1.19e-04 | 1400 tok/s | fwd_bwd 5696ms data 0ms clip 20ms optim 112ms step 5832ms mem 1493/3311MB
step 325,800 | loss 3.6844 | lr 1.19e-04 | 1399 tok/s | fwd_bwd 5735ms data 0ms clip 20ms optim 112ms step 5870ms mem 1493/3311MB
step 325,810 | loss 3.1138 | lr 1.19e-04 | 1393 tok/s | fwd_bwd 5720ms data 1ms clip 20ms optim 111ms step 5866ms mem 1451/3311MB
step 325,820 | loss 4.2409 | lr 1.19e-04 | 1394 tok/s | fwd_bwd 5709ms data 0ms clip 20ms optim 111ms step 5849ms mem 1493/3311MB
step 325,830 | loss 3.6075 | lr 1.19e-04 | 1395 tok/s | fwd_bwd 5711ms data 0ms clip 20ms optim 111ms step 5848ms mem 1493/3311MB
step 325,840 | loss 3.2805 | lr 1.19e-04 | 1392 tok/s | fwd_bwd 5755ms data 0ms clip 20ms optim 111ms step 5889ms mem 1493/3311MB
step 325,850 | loss 1.9166 | lr 1.19e-04 | 1387 tok/s | fwd_bwd 5743ms data 0ms clip 20ms optim 111ms step 5880ms mem 1493/3311MB
step 325,860 | loss 3.6494 | lr 1.19e-04 | 1385 tok/s | fwd_bwd 5774ms data 0ms clip 20ms optim 112ms step 5911ms mem 1493/3311MB
step 325,870 | loss 4.1322 | lr 1.19e-04 | 1383 tok/s | fwd_bwd 5751ms data 1ms clip 20ms optim 111ms step 5896ms mem 1493/3311MB
step 325,880 | loss 4.6102 | lr 1.19e-04 | 1385 tok/s | fwd_bwd 5761ms data 0ms clip 20ms optim 111ms step 5898ms mem 1493/3311MB
step 325,890 | loss 3.8977 | lr 1.19e-04 | 1382 tok/s | fwd_bwd 5776ms data 1ms clip 20ms optim 111ms step 5922ms mem 1493/3311MB
step 325,900 | loss 4.8316 | lr 1.19e-04 | 1380 tok/s | fwd_bwd 5790ms data 0ms clip 20ms optim 112ms step 5927ms mem 1493/3311MB
step 325,910 | loss 4.3328 | lr 1.19e-04 | 1379 tok/s | fwd_bwd 5727ms data 1ms clip 20ms optim 112ms step 5876ms mem 1493/3311MB
step 325,920 | loss 3.7158 | lr 1.19e-04 | 1385 tok/s | fwd_bwd 5751ms data 0ms clip 20ms optim 111ms step 5886ms mem 1493/3311MB
step 325,930 | loss 3.3219 | lr 1.19e-04 | 1389 tok/s | fwd_bwd 5734ms data 0ms clip 20ms optim 112ms step 5872ms mem 1493/3311MB
step 325,940 | loss 3.5032 | lr 1.19e-04 | 1395 tok/s | fwd_bwd 5596ms data 1ms clip 20ms optim 111ms step 5738ms mem 1452/3311MB
step 325,950 | loss 4.6106 | lr 1.19e-04 | 1400 tok/s | fwd_bwd 5680ms data 1ms clip 20ms optim 111ms step 5823ms mem 1452/3311MB
step 325,960 | loss 3.7719 | lr 1.19e-04 | 1398 tok/s | fwd_bwd 5672ms data 0ms clip 20ms optim 111ms step 5812ms mem 1493/3311MB
step 325,970 | loss 3.5241 | lr 1.19e-04 | 1395 tok/s | fwd_bwd 5710ms data 0ms clip 20ms optim 112ms step 5848ms mem 1493/3311MB
step 325,980 | loss 3.1492 | lr 1.19e-04 | 1394 tok/s | fwd_bwd 5711ms data 0ms clip 20ms optim 111ms step 5849ms mem 1493/3311MB
step 325,990 | loss 4.5004 | lr 1.19e-04 | 1391 tok/s | fwd_bwd 5737ms data 0ms clip 20ms optim 111ms step 5875ms mem 1493/3311MB
step 326,000 | loss 4.1985 | lr 1.19e-04 | 1386 tok/s | fwd_bwd 5774ms data 1ms clip 23ms optim 119ms step 5935ms mem 1493/3311MB
  [eval] step 326000 | val_loss 3.6132 | ppl 37.09
Checkpoint saved: checkpoints/step_326000
  [samples] wrote checkpoints/step_326000/samples.txt
  Pruning old checkpoint: checkpoints/step_324848
step 326,010 | loss 3.5949 | lr 1.19e-04 | 592 tok/s | fwd_bwd 5693ms data 1ms clip 20ms optim 112ms step 5837ms mem 1493/3311MB
step 326,020 | loss 3.0505 | lr 1.19e-04 | 1376 tok/s | fwd_bwd 5774ms data 8ms clip 20ms optim 113ms step 5920ms mem 1493/3311MB
Checkpoint saved: checkpoints/step_326027
  Pruning old checkpoint: checkpoints/step_325000
step 326,030 | loss 3.4384 | lr 1.19e-04 | 1361 tok/s | fwd_bwd 5862ms data 1ms clip 23ms optim 120ms step 6026ms mem 1448/3311MB
step 326,040 | loss 3.8232 | lr 1.19e-04 | 1382 tok/s | fwd_bwd 5779ms data 0ms clip 20ms optim 111ms step 5918ms mem 1452/3311MB
step 326,050 | loss 3.4462 | lr 1.19e-04 | 1365 tok/s | fwd_bwd 5823ms data 0ms clip 20ms optim 111ms step 5963ms mem 1493/3311MB
step 326,060 | loss 4.0373 | lr 1.19e-04 | 1368 tok/s | fwd_bwd 5862ms data 0ms clip 20ms optim 112ms step 6002ms mem 1493/3311MB
step 326,070 | loss 3.2860 | lr 1.19e-04 | 1385 tok/s | fwd_bwd 5761ms data 0ms clip 20ms optim 112ms step 5898ms mem 1493/3311MB
step 326,080 | loss 3.4096 | lr 1.19e-04 | 1392 tok/s | fwd_bwd 5737ms data 0ms clip 20ms optim 112ms step 5872ms mem 1493/3311MB
step 326,090 | loss 3.9923 | lr 1.19e-04 | 1397 tok/s | fwd_bwd 5707ms data 0ms clip 20ms optim 112ms step 5845ms mem 1493/3311MB
step 326,100 | loss 3.3122 | lr 1.19e-04 | 1394 tok/s | fwd_bwd 5729ms data 0ms clip 20ms optim 112ms step 5871ms mem 1493/3311MB
step 326,110 | loss 3.5303 | lr 1.19e-04 | 1330 tok/s | fwd_bwd 5972ms data 1ms clip 22ms optim 117ms step 6118ms mem 1493/3311MB
step 326,120 | loss 3.7684 | lr 1.19e-04 | 1370 tok/s | fwd_bwd 5708ms data 1ms clip 21ms optim 112ms step 5860ms mem 1493/3311MB
step 326,130 | loss 4.2071 | lr 1.19e-04 | 1389 tok/s | fwd_bwd 5762ms data 1ms clip 23ms optim 119ms step 5921ms mem 1493/3311MB
step 326,140 | loss 4.0149 | lr 1.19e-04 | 1389 tok/s | fwd_bwd 5714ms data 0ms clip 20ms optim 112ms step 5855ms mem 1493/3311MB
step 326,150 | loss 4.2292 | lr 1.19e-04 | 1392 tok/s | fwd_bwd 5728ms data 0ms clip 20ms optim 112ms step 5870ms mem 1493/3311MB
step 326,160 | loss 3.6818 | lr 1.19e-04 | 1391 tok/s | fwd_bwd 5732ms data 0ms clip 20ms optim 112ms step 5870ms mem 1493/3311MB
step 326,170 | loss 3.8930 | lr 1.19e-04 | 1387 tok/s | fwd_bwd 5729ms data 1ms clip 20ms optim 111ms step 5875ms mem 1493/3311MB
step 326,180 | loss 3.8623 | lr 1.19e-04 | 1386 tok/s | fwd_bwd 5807ms data 1ms clip 23ms optim 119ms step 5967ms mem 1493/3311MB
step 326,190 | loss 3.1895 | lr 1.19e-04 | 1384 tok/s | fwd_bwd 5790ms data 0ms clip 20ms optim 112ms step 5926ms mem 1493/3311MB
step 326,200 | loss 3.9155 | lr 1.19e-04 | 1377 tok/s | fwd_bwd 5805ms data 0ms clip 20ms optim 112ms step 5943ms mem 1493/3311MB
step 326,210 | loss 4.0287 | lr 1.19e-04 | 1353 tok/s | fwd_bwd 5839ms data 1ms clip 20ms optim 111ms step 5987ms mem 1493/3311MB
step 326,220 | loss 3.8198 | lr 1.19e-04 | 1377 tok/s | fwd_bwd 5767ms data 1ms clip 20ms optim 111ms step 5909ms mem 1493/3311MB
step 326,230 | loss 3.2846 | lr 1.19e-04 | 1381 tok/s | fwd_bwd 5741ms data 1ms clip 20ms optim 112ms step 5883ms mem 1448/3311MB
step 326,240 | loss 0.8675 | lr 1.19e-04 | 1379 tok/s | fwd_bwd 5818ms data 0ms clip 20ms optim 111ms step 5957ms mem 1493/3311MB
step 326,250 | loss 3.0900 | lr 1.19e-04 | 1374 tok/s | fwd_bwd 5736ms data 1ms clip 20ms optim 111ms step 5878ms mem 1470/3311MB
step 326,260 | loss 4.0765 | lr 1.19e-04 | 1375 tok/s | fwd_bwd 5760ms data 1ms clip 23ms optim 120ms step 5922ms mem 1448/3311MB
step 326,270 | loss 3.5668 | lr 1.19e-04 | 1389 tok/s | fwd_bwd 5736ms data 0ms clip 20ms optim 111ms step 5876ms mem 1493/3311MB
step 326,280 | loss 2.9278 | lr 1.19e-04 | 1388 tok/s | fwd_bwd 5757ms data 0ms clip 20ms optim 112ms step 5893ms mem 1493/3311MB
step 326,290 | loss 4.0887 | lr 1.19e-04 | 1386 tok/s | fwd_bwd 5654ms data 1ms clip 20ms optim 112ms step 5802ms mem 1448/3311MB
step 326,300 | loss 4.1598 | lr 1.19e-04 | 1383 tok/s | fwd_bwd 5762ms data 0ms clip 20ms optim 112ms step 5903ms mem 1493/3311MB
step 326,310 | loss 4.6394 | lr 1.19e-04 | 1383 tok/s | fwd_bwd 5688ms data 1ms clip 20ms optim 111ms step 5834ms mem 1452/3311MB
step 326,320 | loss 4.4687 | lr 1.19e-04 | 1381 tok/s | fwd_bwd 5798ms data 1ms clip 20ms optim 111ms step 5947ms mem 1448/3311MB
step 326,330 | loss 3.2553 | lr 1.19e-04 | 1383 tok/s | fwd_bwd 5801ms data 1ms clip 23ms optim 120ms step 5961ms mem 1490/3311MB
step 326,340 | loss 4.2109 | lr 1.19e-04 | 1382 tok/s | fwd_bwd 5665ms data 1ms clip 20ms optim 112ms step 5809ms mem 1452/3311MB
step 326,350 | loss 3.5572 | lr 1.19e-04 | 1384 tok/s | fwd_bwd 5757ms data 0ms clip 20ms optim 112ms step 5896ms mem 1448/3311MB
step 326,360 | loss 3.6668 | lr 1.19e-04 | 1388 tok/s | fwd_bwd 5648ms data 0ms clip 20ms optim 111ms step 5787ms mem 1493/3311MB
step 326,370 | loss 3.7631 | lr 1.19e-04 | 1391 tok/s | fwd_bwd 5745ms data 0ms clip 20ms optim 111ms step 5882ms mem 1493/3311MB
step 326,380 | loss 2.9816 | lr 1.19e-04 | 1391 tok/s | fwd_bwd 5752ms data 1ms clip 20ms optim 111ms step 5900ms mem 1448/3311MB
step 326,390 | loss 3.6116 | lr 1.19e-04 | 1394 tok/s | fwd_bwd 5698ms data 1ms clip 20ms optim 112ms step 5844ms mem 1493/3311MB
step 326,400 | loss 4.1727 | lr 1.19e-04 | 1394 tok/s | fwd_bwd 5687ms data 0ms clip 20ms optim 111ms step 5828ms mem 1493/3311MB
step 326,410 | loss 4.1483 | lr 1.19e-04 | 1393 tok/s | fwd_bwd 5729ms data 0ms clip 20ms optim 111ms step 5865ms mem 1448/3311MB
step 326,420 | loss 3.7531 | lr 1.19e-04 | 1396 tok/s | fwd_bwd 5689ms data 0ms clip 20ms optim 112ms step 5828ms mem 1493/3311MB
step 326,430 | loss 2.0815 | lr 1.19e-04 | 1392 tok/s | fwd_bwd 5769ms data 1ms clip 20ms optim 112ms step 5918ms mem 1493/3311MB
step 326,440 | loss 3.8953 | lr 1.19e-04 | 1395 tok/s | fwd_bwd 5731ms data 0ms clip 20ms optim 112ms step 5868ms mem 1448/3311MB
step 326,450 | loss 3.7024 | lr 1.19e-04 | 1393 tok/s | fwd_bwd 5729ms data 0ms clip 20ms optim 112ms step 5867ms mem 1493/3311MB
step 326,460 | loss 3.8930 | lr 1.19e-04 | 1393 tok/s | fwd_bwd 5733ms data 0ms clip 20ms optim 111ms step 5870ms mem 1493/3311MB
step 326,470 | loss 3.8685 | lr 1.19e-04 | 1392 tok/s | fwd_bwd 5671ms data 1ms clip 23ms optim 120ms step 5833ms mem 1448/3311MB
step 326,480 | loss 3.9201 | lr 1.19e-04 | 1396 tok/s | fwd_bwd 5706ms data 0ms clip 20ms optim 111ms step 5841ms mem 1452/3311MB
step 326,490 | loss 3.9736 | lr 1.19e-04 | 1394 tok/s | fwd_bwd 5734ms data 1ms clip 20ms optim 111ms step 5881ms mem 1493/3311MB
step 326,500 | loss 4.4970 | lr 1.19e-04 | 1389 tok/s | fwd_bwd 5732ms data 1ms clip 20ms optim 111ms step 5880ms mem 1448/3311MB
  [eval] step 326500 | val_loss 3.2626 | ppl 26.12
step 326,510 | loss 3.5842 | lr 1.19e-04 | 785 tok/s | fwd_bwd 5701ms data 0ms clip 20ms optim 111ms step 5841ms mem 1493/3311MB
step 326,520 | loss 4.0970 | lr 1.19e-04 | 1396 tok/s | fwd_bwd 5704ms data 0ms clip 20ms optim 111ms step 5841ms mem 1452/3311MB
step 326,530 | loss 3.9848 | lr 1.19e-04 | 1396 tok/s | fwd_bwd 5706ms data 1ms clip 20ms optim 112ms step 5852ms mem 1452/3311MB
step 326,540 | loss 4.2513 | lr 1.19e-04 | 1394 tok/s | fwd_bwd 5748ms data 0ms clip 20ms optim 112ms step 5885ms mem 1452/3311MB
step 326,550 | loss 5.0752 | lr 1.19e-04 | 1391 tok/s | fwd_bwd 5739ms data 0ms clip 20ms optim 112ms step 5877ms mem 1452/3311MB
step 326,560 | loss 3.3335 | lr 1.19e-04 | 1392 tok/s | fwd_bwd 5774ms data 1ms clip 22ms optim 116ms step 5931ms mem 1493/3311MB
step 326,570 | loss 4.0264 | lr 1.19e-04 | 1395 tok/s | fwd_bwd 5688ms data 0ms clip 20ms optim 111ms step 5828ms mem 1493/3311MB
step 326,580 | loss 4.2486 | lr 1.19e-04 | 1392 tok/s | fwd_bwd 5741ms data 0ms clip 20ms optim 112ms step 5877ms mem 1493/3311MB
step 326,590 | loss 3.8130 | lr 1.19e-04 | 1389 tok/s | fwd_bwd 5733ms data 0ms clip 20ms optim 112ms step 5872ms mem 1493/3311MB
step 326,600 | loss 2.5764 | lr 1.19e-04 | 1390 tok/s | fwd_bwd 5729ms data 0ms clip 20ms optim 111ms step 5871ms mem 1493/3311MB
step 326,610 | loss 3.4093 | lr 1.19e-04 | 1391 tok/s | fwd_bwd 5666ms data 1ms clip 20ms optim 112ms step 5811ms mem 1493/3311MB
step 326,620 | loss 3.8807 | lr 1.19e-04 | 1395 tok/s | fwd_bwd 5706ms data 0ms clip 20ms optim 111ms step 5841ms mem 1493/3311MB
Checkpoint saved: checkpoints/step_326629
  Pruning old checkpoint: checkpoints/step_325437
step 326,630 | loss 3.7499 | lr 1.19e-04 | 1378 tok/s | fwd_bwd 5460ms data 7ms clip 23ms optim 121ms step 5630ms mem 1493/3311MB
step 326,640 | loss 3.1397 | lr 1.19e-04 | 1392 tok/s | fwd_bwd 5757ms data 1ms clip 23ms optim 119ms step 5918ms mem 1452/3311MB
step 326,650 | loss 3.7911 | lr 1.19e-04 | 1398 tok/s | fwd_bwd 5691ms data 0ms clip 20ms optim 112ms step 5830ms mem 1448/3311MB
step 326,660 | loss 3.5356 | lr 1.19e-04 | 1398 tok/s | fwd_bwd 5675ms data 0ms clip 20ms optim 111ms step 5812ms mem 1493/3311MB
step 326,670 | loss 3.7614 | lr 1.19e-04 | 1401 tok/s | fwd_bwd 5676ms data 1ms clip 20ms optim 112ms step 5820ms mem 1452/3311MB
step 326,680 | loss 4.0098 | lr 1.19e-04 | 1400 tok/s | fwd_bwd 5640ms data 0ms clip 20ms optim 112ms step 5780ms mem 1448/3311MB
step 326,690 | loss 3.6084 | lr 1.19e-04 | 1400 tok/s | fwd_bwd 5691ms data 0ms clip 20ms optim 111ms step 5830ms mem 1493/3311MB
step 326,700 | loss 3.8319 | lr 1.19e-04 | 1397 tok/s | fwd_bwd 5723ms data 1ms clip 20ms optim 111ms step 5871ms mem 1452/3311MB
step 326,710 | loss 3.7310 | lr 1.19e-04 | 1399 tok/s | fwd_bwd 5687ms data 0ms clip 20ms optim 111ms step 5825ms mem 1448/3311MB
step 326,720 | loss 2.9853 | lr 1.19e-04 | 1402 tok/s | fwd_bwd 5685ms data 0ms clip 20ms optim 112ms step 5823ms mem 1493/3311MB
step 326,730 | loss 3.8408 | lr 1.19e-04 | 1399 tok/s | fwd_bwd 5686ms data 0ms clip 20ms optim 111ms step 5825ms mem 1493/3311MB
step 326,740 | loss 1.9209 | lr 1.19e-04 | 1171 tok/s | fwd_bwd 8489ms data 1ms clip 34ms optim 159ms step 8689ms mem 1493/3311MB
step 326,750 | loss 4.3228 | lr 1.19e-04 | 1121 tok/s | fwd_bwd 6627ms data 1ms clip 38ms optim 179ms step 6851ms mem 1493/3311MB
step 326,760 | loss 3.6648 | lr 1.19e-04 | 1054 tok/s | fwd_bwd 5823ms data 1ms clip 21ms optim 113ms step 5975ms mem 1448/3311MB
step 326,770 | loss 4.3966 | lr 1.19e-04 | 1373 tok/s | fwd_bwd 5865ms data 1ms clip 22ms optim 123ms step 6023ms mem 1493/3311MB
step 326,780 | loss 4.0997 | lr 1.19e-04 | 1298 tok/s | fwd_bwd 6185ms data 1ms clip 20ms optim 119ms step 6342ms mem 1448/3311MB
step 326,790 | loss 4.0025 | lr 1.19e-04 | 1271 tok/s | fwd_bwd 6046ms data 1ms clip 22ms optim 119ms step 6203ms mem 1493/3311MB
step 326,800 | loss 3.7070 | lr 1.19e-04 | 1329 tok/s | fwd_bwd 5949ms data 1ms clip 24ms optim 125ms step 6113ms mem 1493/3311MB
step 326,810 | loss 2.5249 | lr 1.19e-04 | 1230 tok/s | fwd_bwd 6591ms data 0ms clip 21ms optim 117ms step 6735ms mem 1493/3311MB
step 326,820 | loss 4.0085 | lr 1.19e-04 | 1209 tok/s | fwd_bwd 6586ms data 0ms clip 22ms optim 122ms step 6736ms mem 1493/3311MB
step 326,830 | loss 1.6535 | lr 1.19e-04 | 1348 tok/s | fwd_bwd 5813ms data 1ms clip 21ms optim 114ms step 5967ms mem 1492/3311MB
step 326,840 | loss 3.9611 | lr 1.19e-04 | 1379 tok/s | fwd_bwd 5821ms data 1ms clip 23ms optim 122ms step 5984ms mem 1448/3311MB
step 326,850 | loss 4.0207 | lr 1.19e-04 | 1388 tok/s | fwd_bwd 5740ms data 1ms clip 23ms optim 121ms step 5904ms mem 1493/3311MB
step 326,860 | loss 2.7958 | lr 1.19e-04 | 1393 tok/s | fwd_bwd 5728ms data 0ms clip 20ms optim 112ms step 5864ms mem 1493/3311MB
step 326,870 | loss 2.6894 | lr 1.19e-04 | 1394 tok/s | fwd_bwd 5747ms data 1ms clip 23ms optim 121ms step 5910ms mem 1448/3311MB
step 326,880 | loss 3.5625 | lr 1.19e-04 | 1394 tok/s | fwd_bwd 5738ms data 0ms clip 20ms optim 111ms step 5873ms mem 1493/3311MB
step 326,890 | loss 3.3115 | lr 1.19e-04 | 1393 tok/s | fwd_bwd 5713ms data 0ms clip 20ms optim 113ms step 5854ms mem 1493/3311MB
step 326,900 | loss 4.1250 | lr 1.19e-04 | 1397 tok/s | fwd_bwd 5687ms data 1ms clip 20ms optim 112ms step 5833ms mem 1448/3311MB
step 326,910 | loss 3.6418 | lr 1.19e-04 | 1379 tok/s | fwd_bwd 5765ms data 1ms clip 23ms optim 119ms step 5926ms mem 1493/3311MB
step 326,920 | loss 2.9435 | lr 1.19e-04 | 1396 tok/s | fwd_bwd 5677ms data 0ms clip 20ms optim 112ms step 5817ms mem 1493/3311MB
step 326,930 | loss 4.6067 | lr 1.19e-04 | 1405 tok/s | fwd_bwd 5663ms data 1ms clip 23ms optim 123ms step 5830ms mem 1493/3311MB
step 326,940 | loss 3.7917 | lr 1.19e-04 | 1418 tok/s | fwd_bwd 5540ms data 1ms clip 20ms optim 111ms step 5683ms mem 1493/3311MB
step 326,950 | loss 3.7348 | lr 1.19e-04 | 1413 tok/s | fwd_bwd 5643ms data 0ms clip 20ms optim 113ms step 5785ms mem 1493/3311MB
step 326,960 | loss 3.5908 | lr 1.19e-04 | 1413 tok/s | fwd_bwd 5615ms data 1ms clip 20ms optim 111ms step 5756ms mem 1493/3311MB
step 326,970 | loss 3.4013 | lr 1.19e-04 | 1413 tok/s | fwd_bwd 5658ms data 0ms clip 20ms optim 111ms step 5793ms mem 1493/3311MB
step 326,980 | loss 4.4606 | lr 1.19e-04 | 1408 tok/s | fwd_bwd 5645ms data 1ms clip 20ms optim 111ms step 5787ms mem 1493/3311MB
step 326,990 | loss 3.6579 | lr 1.19e-04 | 1406 tok/s | fwd_bwd 5641ms data 0ms clip 20ms optim 112ms step 5781ms mem 1493/3311MB
step 327,000 | loss 3.7182 | lr 1.19e-04 | 1409 tok/s | fwd_bwd 5643ms data 0ms clip 20ms optim 111ms step 5780ms mem 1493/3311MB
  [eval] step 327000 | val_loss 3.6187 | ppl 37.29
Checkpoint saved: checkpoints/step_327000
  [samples] wrote checkpoints/step_327000/samples.txt
  Pruning old checkpoint: checkpoints/step_326000
step 327,010 | loss 3.1938 | lr 1.19e-04 | 595 tok/s | fwd_bwd 5551ms data 0ms clip 20ms optim 112ms step 5688ms mem 1493/3311MB
step 327,020 | loss 3.5589 | lr 1.19e-04 | 1415 tok/s | fwd_bwd 5633ms data 0ms clip 20ms optim 111ms step 5769ms mem 1493/3311MB
step 327,030 | loss 4.0025 | lr 1.19e-04 | 1379 tok/s | fwd_bwd 5903ms data 0ms clip 22ms optim 117ms step 6048ms mem 1448/3311MB
step 327,040 | loss 3.7488 | lr 1.19e-04 | 1342 tok/s | fwd_bwd 5611ms data 1ms clip 20ms optim 112ms step 5756ms mem 1448/3311MB
step 327,050 | loss 4.2159 | lr 1.19e-04 | 1412 tok/s | fwd_bwd 5628ms data 1ms clip 20ms optim 111ms step 5775ms mem 1493/3311MB
step 327,060 | loss 3.3513 | lr 1.19e-04 | 1249 tok/s | fwd_bwd 7553ms data 1ms clip 35ms optim 179ms step 7774ms mem 1493/3311MB
step 327,070 | loss 4.2530 | lr 1.19e-04 | 1104 tok/s | fwd_bwd 5972ms data 1ms clip 21ms optim 116ms step 6115ms mem 1448/3311MB
step 327,080 | loss 3.3863 | lr 1.19e-04 | 1381 tok/s | fwd_bwd 5654ms data 1ms clip 21ms optim 112ms step 5796ms mem 1493/3311MB
step 327,090 | loss 3.9251 | lr 1.19e-04 | 1116 tok/s | fwd_bwd 7643ms data 1ms clip 38ms optim 184ms step 7871ms mem 1493/3311MB
step 327,100 | loss 3.3157 | lr 1.19e-04 | 1061 tok/s | fwd_bwd 6097ms data 1ms clip 21ms optim 116ms step 6240ms mem 1451/3311MB
step 327,110 | loss 3.7722 | lr 1.19e-04 | 1373 tok/s | fwd_bwd 5691ms data 1ms clip 20ms optim 111ms step 5841ms mem 1448/3311MB
step 327,120 | loss 4.7021 | lr 1.19e-04 | 1417 tok/s | fwd_bwd 5558ms data 0ms clip 20ms optim 112ms step 5698ms mem 1493/3311MB
step 327,130 | loss 3.7428 | lr 1.19e-04 | 1414 tok/s | fwd_bwd 5629ms data 0ms clip 20ms optim 111ms step 5769ms mem 1493/3311MB
step 327,140 | loss 3.2819 | lr 1.19e-04 | 1408 tok/s | fwd_bwd 5703ms data 1ms clip 23ms optim 122ms step 5868ms mem 1448/3311MB
step 327,150 | loss 2.0827 | lr 1.19e-04 | 1414 tok/s | fwd_bwd 5633ms data 1ms clip 20ms optim 112ms step 5778ms mem 1493/3311MB
step 327,160 | loss 4.3378 | lr 1.19e-04 | 1407 tok/s | fwd_bwd 5633ms data 1ms clip 20ms optim 112ms step 5777ms mem 1493/3311MB
step 327,170 | loss 2.4702 | lr 1.19e-04 | 1397 tok/s | fwd_bwd 5713ms data 0ms clip 20ms optim 111ms step 5850ms mem 1448/3311MB
step 327,180 | loss 4.3930 | lr 1.19e-04 | 1328 tok/s | fwd_bwd 5968ms data 0ms clip 20ms optim 112ms step 6107ms mem 1448/3311MB
step 327,190 | loss 4.3102 | lr 1.19e-04 | 1390 tok/s | fwd_bwd 5733ms data 1ms clip 22ms optim 118ms step 5891ms mem 1493/3311MB
step 327,200 | loss 3.3496 | lr 1.19e-04 | 1403 tok/s | fwd_bwd 5724ms data 1ms clip 20ms optim 111ms step 5872ms mem 1452/3311MB
Checkpoint saved: checkpoints/step_327207
  Pruning old checkpoint: checkpoints/step_326027
step 327,210 | loss 3.3719 | lr 1.19e-04 | 1379 tok/s | fwd_bwd 5717ms data 1ms clip 23ms optim 121ms step 5880ms mem 1493/3311MB
step 327,220 | loss 3.5815 | lr 1.19e-04 | 1398 tok/s | fwd_bwd 5709ms data 0ms clip 20ms optim 111ms step 5851ms mem 1493/3311MB
step 327,230 | loss 3.7091 | lr 1.19e-04 | 1392 tok/s | fwd_bwd 5725ms data 0ms clip 20ms optim 111ms step 5863ms mem 1493/3311MB
step 327,240 | loss 3.8483 | lr 1.19e-04 | 1392 tok/s | fwd_bwd 5730ms data 8ms clip 20ms optim 111ms step 5884ms mem 1451/3311MB
step 327,250 | loss 4.1147 | lr 1.19e-04 | 1395 tok/s | fwd_bwd 5721ms data 0ms clip 20ms optim 111ms step 5860ms mem 1493/3311MB
step 327,260 | loss 3.6300 | lr 1.19e-04 | 1392 tok/s | fwd_bwd 5756ms data 0ms clip 21ms optim 112ms step 5901ms mem 1493/3311MB
step 327,270 | loss 3.7443 | lr 1.19e-04 | 1395 tok/s | fwd_bwd 5645ms data 1ms clip 20ms optim 112ms step 5792ms mem 1493/3311MB
step 327,280 | loss 3.1015 | lr 1.19e-04 | 1394 tok/s | fwd_bwd 5731ms data 1ms clip 20ms optim 111ms step 5876ms mem 1451/3311MB
step 327,290 | loss 4.5846 | lr 1.19e-04 | 1391 tok/s | fwd_bwd 5726ms data 1ms clip 20ms optim 111ms step 5872ms mem 1493/3311MB
step 327,300 | loss 2.4822 | lr 1.19e-04 | 1391 tok/s | fwd_bwd 5725ms data 0ms clip 20ms optim 111ms step 5866ms mem 1493/3311MB
step 327,310 | loss 3.9538 | lr 1.19e-04 | 1392 tok/s | fwd_bwd 5744ms data 1ms clip 23ms optim 119ms step 5906ms mem 1493/3311MB
step 327,320 | loss 2.7167 | lr 1.19e-04 | 1392 tok/s | fwd_bwd 5765ms data 1ms clip 23ms optim 120ms step 5926ms mem 1493/3311MB
step 327,330 | loss 4.1737 | lr 1.19e-04 | 1392 tok/s | fwd_bwd 5698ms data 1ms clip 20ms optim 111ms step 5843ms mem 1493/3311MB
step 327,340 | loss 3.6175 | lr 1.19e-04 | 1391 tok/s | fwd_bwd 5743ms data 0ms clip 20ms optim 111ms step 5881ms mem 1493/3311MB
step 327,350 | loss 2.1785 | lr 1.19e-04 | 1387 tok/s | fwd_bwd 5683ms data 1ms clip 20ms optim 111ms step 5830ms mem 1493/3311MB
step 327,360 | loss 1.4217 | lr 1.19e-04 | 1381 tok/s | fwd_bwd 5764ms data 0ms clip 20ms optim 111ms step 5904ms mem 1493/3311MB
step 327,370 | loss 4.1437 | lr 1.19e-04 | 1384 tok/s | fwd_bwd 5759ms data 0ms clip 20ms optim 111ms step 5898ms mem 1493/3311MB
step 327,380 | loss 4.1084 | lr 1.19e-04 | 1386 tok/s | fwd_bwd 5758ms data 0ms clip 20ms optim 112ms step 5895ms mem 1493/3311MB
step 327,390 | loss 4.6535 | lr 1.19e-04 | 1382 tok/s | fwd_bwd 5771ms data 0ms clip 20ms optim 111ms step 5908ms mem 1493/3311MB
step 327,400 | loss 0.9871 | lr 1.19e-04 | 1382 tok/s | fwd_bwd 5774ms data 1ms clip 23ms optim 119ms step 5935ms mem 1493/3311MB
step 327,410 | loss 0.9606 | lr 1.19e-04 | 1388 tok/s | fwd_bwd 5674ms data 0ms clip 20ms optim 111ms step 5813ms mem 1493/3311MB
step 327,420 | loss 4.4031 | lr 1.19e-04 | 1386 tok/s | fwd_bwd 5696ms data 0ms clip 20ms optim 111ms step 5834ms mem 1464/3311MB
step 327,430 | loss 4.5077 | lr 1.19e-04 | 1384 tok/s | fwd_bwd 5800ms data 1ms clip 23ms optim 119ms step 5960ms mem 1493/3311MB
step 327,440 | loss 3.4959 | lr 1.19e-04 | 1388 tok/s | fwd_bwd 5747ms data 0ms clip 20ms optim 111ms step 5884ms mem 1493/3311MB
step 327,450 | loss 3.5424 | lr 1.19e-04 | 1385 tok/s | fwd_bwd 5752ms data 0ms clip 20ms optim 111ms step 5890ms mem 1493/3311MB
step 327,460 | loss 1.8464 | lr 1.19e-04 | 1386 tok/s | fwd_bwd 5754ms data 0ms clip 20ms optim 111ms step 5890ms mem 1493/3311MB
step 327,470 | loss 0.8203 | lr 1.19e-04 | 1382 tok/s | fwd_bwd 5825ms data 1ms clip 23ms optim 119ms step 5984ms mem 1493/3311MB
step 327,480 | loss 3.7512 | lr 1.19e-04 | 1383 tok/s | fwd_bwd 5818ms data 1ms clip 23ms optim 122ms step 5981ms mem 1488/3311MB
step 327,490 | loss 2.6926 | lr 1.19e-04 | 1379 tok/s | fwd_bwd 5781ms data 0ms clip 20ms optim 111ms step 5924ms mem 1493/3311MB
step 327,500 | loss 3.5671 | lr 1.19e-04 | 1381 tok/s | fwd_bwd 5760ms data 0ms clip 20ms optim 111ms step 5900ms mem 1493/3311MB
  [eval] step 327500 | val_loss 3.3423 | ppl 28.28
step 327,510 | loss 4.4531 | lr 1.19e-04 | 780 tok/s | fwd_bwd 5737ms data 0ms clip 20ms optim 111ms step 5878ms mem 1493/3311MB
step 327,520 | loss 3.1467 | lr 1.19e-04 | 1383 tok/s | fwd_bwd 5793ms data 1ms clip 20ms optim 111ms step 5941ms mem 1493/3311MB
step 327,530 | loss 0.8120 | lr 1.19e-04 | 1382 tok/s | fwd_bwd 5770ms data 0ms clip 20ms optim 111ms step 5912ms mem 1493/3311MB
step 327,540 | loss 4.5487 | lr 1.19e-04 | 1375 tok/s | fwd_bwd 5745ms data 0ms clip 20ms optim 111ms step 5886ms mem 1493/3311MB
step 327,550 | loss 0.9983 | lr 1.19e-04 | 1384 tok/s | fwd_bwd 5736ms data 0ms clip 20ms optim 111ms step 5877ms mem 1452/3311MB
step 327,560 | loss 4.2692 | lr 1.19e-04 | 1384 tok/s | fwd_bwd 5745ms data 0ms clip 20ms optim 111ms step 5884ms mem 1493/3311MB
step 327,570 | loss 3.1787 | lr 1.19e-04 | 1386 tok/s | fwd_bwd 5747ms data 0ms clip 20ms optim 111ms step 5886ms mem 1493/3311MB
step 327,580 | loss 2.1966 | lr 1.19e-04 | 1383 tok/s | fwd_bwd 5770ms data 0ms clip 20ms optim 112ms step 5908ms mem 1493/3311MB
step 327,590 | loss 3.8997 | lr 1.19e-04 | 1388 tok/s | fwd_bwd 5738ms data 1ms clip 20ms optim 111ms step 5881ms mem 1493/3311MB
step 327,600 | loss 3.8675 | lr 1.19e-04 | 1385 tok/s | fwd_bwd 5689ms data 0ms clip 20ms optim 111ms step 5828ms mem 1493/3311MB
step 327,610 | loss 1.4294 | lr 1.19e-04 | 1380 tok/s | fwd_bwd 5770ms data 0ms clip 20ms optim 113ms step 5910ms mem 1452/3311MB
step 327,620 | loss 3.8683 | lr 1.19e-04 | 1380 tok/s | fwd_bwd 5764ms data 0ms clip 20ms optim 112ms step 5902ms mem 1493/3311MB
step 327,630 | loss 4.7629 | lr 1.19e-04 | 1383 tok/s | fwd_bwd 5750ms data 1ms clip 20ms optim 111ms step 5895ms mem 1493/3311MB
step 327,640 | loss 4.3889 | lr 1.19e-04 | 1384 tok/s | fwd_bwd 5753ms data 1ms clip 20ms optim 112ms step 5898ms mem 1493/3311MB
step 327,650 | loss 2.0757 | lr 1.19e-04 | 1382 tok/s | fwd_bwd 5777ms data 0ms clip 20ms optim 111ms step 5919ms mem 1493/3311MB
step 327,660 | loss 0.9264 | lr 1.19e-04 | 1382 tok/s | fwd_bwd 5851ms data 0ms clip 20ms optim 112ms step 5992ms mem 1493/3311MB
step 327,670 | loss 4.1417 | lr 1.19e-04 | 1328 tok/s | fwd_bwd 6069ms data 1ms clip 21ms optim 119ms step 6216ms mem 1493/3311MB
step 327,680 | loss 1.4478 | lr 1.19e-04 | 1215 tok/s | fwd_bwd 6050ms data 0ms clip 20ms optim 114ms step 6189ms mem 1493/3311MB
step 327,690 | loss 3.2856 | lr 1.19e-04 | 1323 tok/s | fwd_bwd 5951ms data 0ms clip 20ms optim 113ms step 6093ms mem 1493/3311MB
step 327,700 | loss 2.9347 | lr 1.19e-04 | 1346 tok/s | fwd_bwd 5865ms data 0ms clip 21ms optim 114ms step 6008ms mem 1451/3311MB
step 327,710 | loss 4.1387 | lr 1.19e-04 | 1350 tok/s | fwd_bwd 5874ms data 1ms clip 20ms optim 113ms step 6027ms mem 1493/3311MB
step 327,720 | loss 2.7656 | lr 1.19e-04 | 1357 tok/s | fwd_bwd 5905ms data 0ms clip 21ms optim 114ms step 6047ms mem 1452/3311MB
step 327,730 | loss 3.6546 | lr 1.19e-04 | 1355 tok/s | fwd_bwd 5876ms data 0ms clip 20ms optim 116ms step 6020ms mem 1493/3311MB
step 327,740 | loss 4.4567 | lr 1.19e-04 | 1353 tok/s | fwd_bwd 5878ms data 0ms clip 21ms optim 114ms step 6020ms mem 1493/3311MB
step 327,750 | loss 3.2019 | lr 1.19e-04 | 1349 tok/s | fwd_bwd 5801ms data 1ms clip 20ms optim 113ms step 5951ms mem 1452/3311MB
step 327,760 | loss 3.8161 | lr 1.19e-04 | 1353 tok/s | fwd_bwd 5925ms data 1ms clip 20ms optim 112ms step 6072ms mem 1493/3311MB
step 327,770 | loss 1.0738 | lr 1.19e-04 | 1352 tok/s | fwd_bwd 5909ms data 0ms clip 20ms optim 114ms step 6048ms mem 1452/3311MB
step 327,780 | loss 2.0572 | lr 1.19e-04 | 1354 tok/s | fwd_bwd 5861ms data 1ms clip 20ms optim 112ms step 6005ms mem 1452/3311MB
step 327,790 | loss 2.9418 | lr 1.19e-04 | 1358 tok/s | fwd_bwd 5669ms data 1ms clip 20ms optim 114ms step 5816ms mem 1493/3311MB
step 327,800 | loss 2.5867 | lr 1.19e-04 | 1362 tok/s | fwd_bwd 5889ms data 0ms clip 21ms optim 114ms step 6029ms mem 1493/3311MB
Checkpoint saved: checkpoints/step_327804
  Pruning old checkpoint: checkpoints/step_326629
step 327,810 | loss 4.0096 | lr 1.19e-04 | 1334 tok/s | fwd_bwd 5885ms data 1ms clip 20ms optim 113ms step 6029ms mem 1493/3311MB
step 327,820 | loss 3.4163 | lr 1.19e-04 | 1324 tok/s | fwd_bwd 6069ms data 1ms clip 21ms optim 118ms step 6215ms mem 1452/3311MB
Resuming from checkpoint: checkpoints/step_327804
  Resumed at step 327804

============================================================
  Unrealistic 187M — Training
  Parameters: 189,748,992
  Dtype: bfloat16
  Optimizer: AdamW (mlx)
  Micro-batch: 1 × 8 accum
  Effective batch: 8
  Memory: 534 MB
============================================================

step 327,810 | loss 3.8625 | lr 1.19e-04 | 1369 tok/s | fwd_bwd 4870ms data 1ms clip 22ms optim 121ms step 5025ms mem 1493/3311MB
step 327,820 | loss 3.9367 | lr 1.19e-04 | 1655 tok/s | fwd_bwd 4757ms data 1ms clip 23ms optim 119ms step 4917ms mem 1493/3311MB
step 327,830 | loss 3.8246 | lr 1.19e-04 | 1656 tok/s | fwd_bwd 4766ms data 1ms clip 20ms optim 110ms step 4912ms mem 1448/3311MB
step 327,840 | loss 2.1144 | lr 1.19e-04 | 1651 tok/s | fwd_bwd 4753ms data 0ms clip 20ms optim 111ms step 4893ms mem 1493/3311MB
step 327,850 | loss 4.0675 | lr 1.19e-04 | 1631 tok/s | fwd_bwd 4929ms data 1ms clip 20ms optim 113ms step 5080ms mem 1448/3311MB
step 327,860 | loss 3.7246 | lr 1.19e-04 | 1518 tok/s | fwd_bwd 6295ms data 1ms clip 25ms optim 132ms step 6464ms mem 1493/3311MB
step 327,870 | loss 3.4837 | lr 1.19e-04 | 1308 tok/s | fwd_bwd 5855ms data 0ms clip 24ms optim 135ms step 6017ms mem 1493/3311MB
step 327,880 | loss 3.9732 | lr 1.19e-04 | 1349 tok/s | fwd_bwd 5837ms data 0ms clip 22ms optim 120ms step 5984ms mem 1493/3311MB
step 327,890 | loss 3.9982 | lr 1.19e-04 | 1321 tok/s | fwd_bwd 6053ms data 1ms clip 22ms optim 124ms step 6220ms mem 1493/3311MB
step 327,900 | loss 3.3829 | lr 1.19e-04 | 1380 tok/s | fwd_bwd 5745ms data 0ms clip 22ms optim 117ms step 5893ms mem 1493/3311MB
step 327,910 | loss 4.2562 | lr 1.19e-04 | 1370 tok/s | fwd_bwd 5991ms data 1ms clip 25ms optim 128ms step 6164ms mem 1448/3311MB
step 327,920 | loss 3.9426 | lr 1.19e-04 | 1284 tok/s | fwd_bwd 6077ms data 0ms clip 23ms optim 120ms step 6224ms mem 1448/3311MB
step 327,930 | loss 4.0180 | lr 1.19e-04 | 1332 tok/s | fwd_bwd 5905ms data 0ms clip 23ms optim 126ms step 6058ms mem 1448/3311MB
step 327,940 | loss 3.9468 | lr 1.19e-04 | 1355 tok/s | fwd_bwd 5938ms data 0ms clip 24ms optim 123ms step 6095ms mem 1448/3311MB
step 327,950 | loss 4.1212 | lr 1.19e-04 | 1356 tok/s | fwd_bwd 6001ms data 0ms clip 24ms optim 124ms step 6154ms mem 1448/3311MB
step 327,960 | loss 3.4217 | lr 1.19e-04 | 1331 tok/s | fwd_bwd 6177ms data 1ms clip 23ms optim 121ms step 6332ms mem 1448/3311MB
step 327,970 | loss 4.0901 | lr 1.19e-04 | 1322 tok/s | fwd_bwd 6025ms data 0ms clip 22ms optim 119ms step 6171ms mem 1448/3311MB
step 327,980 | loss 3.6955 | lr 1.19e-04 | 1325 tok/s | fwd_bwd 5937ms data 1ms clip 22ms optim 117ms step 6090ms mem 1448/3311MB
step 327,990 | loss 3.6721 | lr 1.19e-04 | 1326 tok/s | fwd_bwd 5964ms data 0ms clip 22ms optim 119ms step 6112ms mem 1448/3311MB
step 328,000 | loss 4.3304 | lr 1.19e-04 | 1203 tok/s | fwd_bwd 7532ms data 1ms clip 21ms optim 116ms step 7675ms mem 1448/3311MB
  [eval] step 328000 | val_loss 3.7345 | ppl 41.87
Checkpoint saved: checkpoints/step_328000
  [samples] wrote checkpoints/step_328000/samples.txt
  Pruning old checkpoint: checkpoints/step_327000
step 328,010 | loss 3.3871 | lr 1.19e-04 | 587 tok/s | fwd_bwd 5769ms data 1ms clip 22ms optim 120ms step 5923ms mem 1493/3311MB
step 328,020 | loss 3.3981 | lr 1.19e-04 | 1218 tok/s | fwd_bwd 7392ms data 1ms clip 36ms optim 163ms step 7601ms mem 1589/3311MB
step 328,030 | loss 4.3731 | lr 1.19e-04 | 1242 tok/s | fwd_bwd 5589ms data 1ms clip 20ms optim 112ms step 5732ms mem 1493/3311MB
step 328,040 | loss 3.3299 | lr 1.19e-04 | 1382 tok/s | fwd_bwd 5846ms data 1ms clip 22ms optim 121ms step 6003ms mem 1493/3311MB
step 328,050 | loss 3.6598 | lr 1.19e-04 | 1339 tok/s | fwd_bwd 6863ms data 1ms clip 31ms optim 166ms step 7072ms mem 1493/3311MB
step 328,060 | loss 4.1330 | lr 1.19e-04 | 1053 tok/s | fwd_bwd 7598ms data 1ms clip 31ms optim 164ms step 7804ms mem 1452/3311MB
step 328,070 | loss 3.8398 | lr 1.19e-04 | 1227 tok/s | fwd_bwd 5806ms data 1ms clip 21ms optim 123ms step 5966ms mem 1493/3311MB
step 328,080 | loss 3.8896 | lr 1.19e-04 | 1295 tok/s | fwd_bwd 6057ms data 0ms clip 22ms optim 116ms step 6201ms mem 1493/3311MB
step 328,090 | loss 3.6186 | lr 1.19e-04 | 1255 tok/s | fwd_bwd 6119ms data 1ms clip 25ms optim 120ms step 6285ms mem 1493/3311MB
step 328,100 | loss 4.8559 | lr 1.19e-04 | 1010 tok/s | fwd_bwd 7725ms data 1ms clip 39ms optim 220ms step 8001ms mem 1448/3311MB
step 328,110 | loss 3.7277 | lr 1.19e-04 | 1152 tok/s | fwd_bwd 6090ms data 1ms clip 23ms optim 124ms step 6249ms mem 1452/3311MB
step 328,120 | loss 2.7591 | lr 1.19e-04 | 1304 tok/s | fwd_bwd 5886ms data 0ms clip 20ms optim 112ms step 6024ms mem 1493/3311MB
step 328,130 | loss 3.5992 | lr 1.19e-04 | 1356 tok/s | fwd_bwd 5816ms data 0ms clip 21ms optim 112ms step 5953ms mem 1448/3311MB
step 328,140 | loss 4.4255 | lr 1.19e-04 | 1361 tok/s | fwd_bwd 5776ms data 1ms clip 20ms optim 112ms step 5919ms mem 1493/3311MB
step 328,150 | loss 3.7190 | lr 1.19e-04 | 1404 tok/s | fwd_bwd 5712ms data 1ms clip 21ms optim 114ms step 5866ms mem 1452/3311MB
step 328,160 | loss 3.1334 | lr 1.19e-04 | 1414 tok/s | fwd_bwd 5622ms data 1ms clip 20ms optim 112ms step 5771ms mem 1470/3311MB
step 328,170 | loss 3.7989 | lr 1.19e-04 | 1421 tok/s | fwd_bwd 5595ms data 0ms clip 20ms optim 112ms step 5730ms mem 1493/3311MB
step 328,180 | loss 3.0432 | lr 1.19e-04 | 1423 tok/s | fwd_bwd 5615ms data 1ms clip 22ms optim 119ms step 5776ms mem 1452/3311MB
step 328,190 | loss 3.4017 | lr 1.19e-04 | 1425 tok/s | fwd_bwd 5561ms data 1ms clip 20ms optim 113ms step 5705ms mem 1493/3311MB
step 328,200 | loss 3.5462 | lr 1.19e-04 | 1426 tok/s | fwd_bwd 5619ms data 1ms clip 20ms optim 112ms step 5769ms mem 1452/3311MB
step 328,210 | loss 4.0234 | lr 1.19e-04 | 1431 tok/s | fwd_bwd 5557ms data 0ms clip 20ms optim 111ms step 5697ms mem 1451/3311MB
step 328,220 | loss 3.6084 | lr 1.19e-04 | 1425 tok/s | fwd_bwd 5625ms data 1ms clip 23ms optim 121ms step 5790ms mem 1493/3311MB
step 328,230 | loss 3.9068 | lr 1.19e-04 | 1428 tok/s | fwd_bwd 5561ms data 0ms clip 20ms optim 111ms step 5699ms mem 1493/3311MB
step 328,240 | loss 2.4251 | lr 1.19e-04 | 1431 tok/s | fwd_bwd 5497ms data 1ms clip 20ms optim 112ms step 5639ms mem 1493/3311MB
step 328,250 | loss 3.9438 | lr 1.19e-04 | 1429 tok/s | fwd_bwd 5556ms data 0ms clip 20ms optim 112ms step 5694ms mem 1482/3311MB
step 328,260 | loss 4.2358 | lr 1.19e-04 | 1426 tok/s | fwd_bwd 5594ms data 0ms clip 20ms optim 112ms step 5732ms mem 1452/3311MB
step 328,270 | loss 0.9084 | lr 1.19e-04 | 1425 tok/s | fwd_bwd 5574ms data 0ms clip 20ms optim 112ms step 5713ms mem 1493/3311MB
step 328,280 | loss 3.5280 | lr 1.19e-04 | 1425 tok/s | fwd_bwd 5561ms data 1ms clip 20ms optim 112ms step 5705ms mem 1493/3311MB
step 328,290 | loss 4.1313 | lr 1.19e-04 | 1425 tok/s | fwd_bwd 5564ms data 1ms clip 20ms optim 112ms step 5717ms mem 1489/3311MB
step 328,300 | loss 1.9311 | lr 1.19e-04 | 1431 tok/s | fwd_bwd 5559ms data 1ms clip 20ms optim 111ms step 5707ms mem 1493/3311MB
step 328,310 | loss 2.0860 | lr 1.19e-04 | 1425 tok/s | fwd_bwd 5573ms data 1ms clip 23ms optim 120ms step 5736ms mem 1493/3311MB
step 328,320 | loss 3.6125 | lr 1.19e-04 | 1431 tok/s | fwd_bwd 5524ms data 0ms clip 20ms optim 112ms step 5660ms mem 1493/3311MB
step 328,330 | loss 3.8003 | lr 1.19e-04 | 1427 tok/s | fwd_bwd 5566ms data 0ms clip 20ms optim 112ms step 5706ms mem 1452/3311MB
step 328,340 | loss 3.4593 | lr 1.19e-04 | 1426 tok/s | fwd_bwd 5648ms data 1ms clip 20ms optim 112ms step 5801ms mem 1493/3311MB
step 328,350 | loss 3.9775 | lr 1.19e-04 | 1425 tok/s | fwd_bwd 5550ms data 0ms clip 20ms optim 112ms step 5691ms mem 1493/3311MB
step 328,360 | loss 4.1531 | lr 1.19e-04 | 1425 tok/s | fwd_bwd 5593ms data 0ms clip 20ms optim 113ms step 5735ms mem 1493/3311MB
step 328,370 | loss 3.1040 | lr 1.19e-04 | 1426 tok/s | fwd_bwd 5568ms data 1ms clip 20ms optim 112ms step 5714ms mem 1493/3311MB
step 328,380 | loss 3.6839 | lr 1.19e-04 | 1424 tok/s | fwd_bwd 5576ms data 1ms clip 20ms optim 111ms step 5719ms mem 1452/3311MB
step 328,390 | loss 3.6748 | lr 1.19e-04 | 1350 tok/s | fwd_bwd 7466ms data 1ms clip 21ms optim 113ms step 7609ms mem 1493/3311MB
Checkpoint saved: checkpoints/step_328391
  Pruning old checkpoint: checkpoints/step_327207
step 328,400 | loss 3.8650 | lr 1.19e-04 | 1358 tok/s | fwd_bwd 5680ms data 1ms clip 20ms optim 111ms step 5825ms mem 1493/3311MB
step 328,410 | loss 4.1534 | lr 1.19e-04 | 1413 tok/s | fwd_bwd 5581ms data 1ms clip 20ms optim 111ms step 5729ms mem 1448/3311MB
step 328,420 | loss 3.6339 | lr 1.19e-04 | 1430 tok/s | fwd_bwd 5462ms data 0ms clip 20ms optim 112ms step 5603ms mem 1448/3311MB
step 328,430 | loss 3.3301 | lr 1.19e-04 | 1427 tok/s | fwd_bwd 5573ms data 1ms clip 20ms optim 112ms step 5722ms mem 1452/3311MB
step 328,440 | loss 3.0847 | lr 1.19e-04 | 1422 tok/s | fwd_bwd 5646ms data 1ms clip 23ms optim 124ms step 5813ms mem 1448/3311MB
step 328,450 | loss 2.0276 | lr 1.19e-04 | 1421 tok/s | fwd_bwd 5615ms data 0ms clip 20ms optim 113ms step 5755ms mem 1493/3311MB
step 328,460 | loss 2.2080 | lr 1.19e-04 | 1426 tok/s | fwd_bwd 5541ms data 1ms clip 20ms optim 113ms step 5686ms mem 1493/3311MB
step 328,470 | loss 3.9706 | lr 1.19e-04 | 1423 tok/s | fwd_bwd 5436ms data 0ms clip 20ms optim 112ms step 5573ms mem 1448/3311MB
step 328,480 | loss 4.5848 | lr 1.19e-04 | 1423 tok/s | fwd_bwd 5540ms data 0ms clip 20ms optim 111ms step 5677ms mem 1493/3311MB
step 328,490 | loss 3.6729 | lr 1.19e-04 | 1423 tok/s | fwd_bwd 5577ms data 1ms clip 20ms optim 111ms step 5719ms mem 1493/3311MB
step 328,500 | loss 3.6442 | lr 1.19e-04 | 1418 tok/s | fwd_bwd 5755ms data 0ms clip 20ms optim 111ms step 5892ms mem 1448/3311MB
  [eval] step 328500 | val_loss 3.3351 | ppl 28.08
step 328,510 | loss 3.8522 | lr 1.19e-04 | 783 tok/s | fwd_bwd 5650ms data 1ms clip 20ms optim 115ms step 5796ms mem 1452/3311MB
step 328,520 | loss 4.0076 | lr 1.19e-04 | 1402 tok/s | fwd_bwd 5643ms data 1ms clip 20ms optim 112ms step 5788ms mem 1451/3311MB
step 328,530 | loss 3.8317 | lr 1.19e-04 | 1397 tok/s | fwd_bwd 5579ms data 1ms clip 20ms optim 112ms step 5722ms mem 1448/3311MB
step 328,540 | loss 2.6741 | lr 1.19e-04 | 1408 tok/s | fwd_bwd 5635ms data 0ms clip 20ms optim 112ms step 5770ms mem 1493/3311MB
step 328,550 | loss 4.3932 | lr 1.19e-04 | 1414 tok/s | fwd_bwd 5546ms data 1ms clip 20ms optim 111ms step 5693ms mem 1493/3311MB
step 328,560 | loss 3.3295 | lr 1.19e-04 | 1412 tok/s | fwd_bwd 5505ms data 0ms clip 20ms optim 111ms step 5643ms mem 1448/3311MB
step 328,570 | loss 3.1220 | lr 1.19e-04 | 1412 tok/s | fwd_bwd 5636ms data 1ms clip 23ms optim 122ms step 5800ms mem 1493/3311MB
step 328,580 | loss 4.6056 | lr 1.19e-04 | 1418 tok/s | fwd_bwd 5616ms data 0ms clip 20ms optim 112ms step 5753ms mem 1493/3311MB
step 328,590 | loss 0.6995 | lr 1.19e-04 | 1418 tok/s | fwd_bwd 5608ms data 1ms clip 20ms optim 111ms step 5753ms mem 1448/3311MB
step 328,600 | loss 4.0334 | lr 1.19e-04 | 1420 tok/s | fwd_bwd 5610ms data 0ms clip 20ms optim 112ms step 5750ms mem 1493/3311MB
step 328,610 | loss 3.4261 | lr 1.19e-04 | 1418 tok/s | fwd_bwd 5600ms data 1ms clip 20ms optim 112ms step 5741ms mem 1493/3311MB
step 328,620 | loss 3.8020 | lr 1.19e-04 | 1418 tok/s | fwd_bwd 5587ms data 1ms clip 23ms optim 122ms step 5753ms mem 1448/3311MB
step 328,630 | loss 3.4169 | lr 1.19e-04 | 1421 tok/s | fwd_bwd 5617ms data 0ms clip 20ms optim 111ms step 5753ms mem 1493/3311MB
step 328,640 | loss 4.0448 | lr 1.19e-04 | 1421 tok/s | fwd_bwd 5634ms data 1ms clip 20ms optim 113ms step 5784ms mem 1493/3311MB
step 328,650 | loss 4.3543 | lr 1.19e-04 | 1422 tok/s | fwd_bwd 5630ms data 1ms clip 20ms optim 111ms step 5781ms mem 1448/3311MB
step 328,660 | loss 4.4275 | lr 1.19e-04 | 1427 tok/s | fwd_bwd 5568ms data 0ms clip 20ms optim 112ms step 5706ms mem 1493/3311MB
step 328,670 | loss 3.3112 | lr 1.19e-04 | 1427 tok/s | fwd_bwd 5625ms data 1ms clip 23ms optim 121ms step 5789ms mem 1493/3311MB
step 328,680 | loss 3.8068 | lr 1.19e-04 | 1427 tok/s | fwd_bwd 5571ms data 0ms clip 20ms optim 111ms step 5712ms mem 1448/3311MB
step 328,690 | loss 1.2535 | lr 1.19e-04 | 1422 tok/s | fwd_bwd 5609ms data 1ms clip 20ms optim 112ms step 5757ms mem 1493/3311MB
step 328,700 | loss 3.9254 | lr 1.19e-04 | 1413 tok/s | fwd_bwd 5616ms data 1ms clip 23ms optim 122ms step 5782ms mem 1493/3311MB
step 328,710 | loss 3.9322 | lr 1.19e-04 | 1424 tok/s | fwd_bwd 5583ms data 1ms clip 20ms optim 111ms step 5728ms mem 1448/3311MB
step 328,720 | loss 0.3159 | lr 1.19e-04 | 1426 tok/s | fwd_bwd 5516ms data 0ms clip 20ms optim 112ms step 5657ms mem 1493/3311MB
step 328,730 | loss 3.8509 | lr 1.19e-04 | 1426 tok/s | fwd_bwd 5553ms data 1ms clip 20ms optim 111ms step 5695ms mem 1493/3311MB
step 328,740 | loss 3.2665 | lr 1.19e-04 | 1426 tok/s | fwd_bwd 5578ms data 0ms clip 20ms optim 112ms step 5719ms mem 1448/3311MB
step 328,750 | loss 4.0600 | lr 1.19e-04 | 1422 tok/s | fwd_bwd 5647ms data 1ms clip 23ms optim 121ms step 5812ms mem 1452/3311MB
step 328,760 | loss 3.6877 | lr 1.19e-04 | 1421 tok/s | fwd_bwd 5638ms data 1ms clip 23ms optim 120ms step 5800ms mem 1452/3311MB
step 328,770 | loss 3.3169 | lr 1.19e-04 | 1428 tok/s | fwd_bwd 5565ms data 1ms clip 20ms optim 111ms step 5709ms mem 1448/3311MB
step 328,780 | loss 2.8737 | lr 1.19e-04 | 1426 tok/s | fwd_bwd 5593ms data 0ms clip 20ms optim 112ms step 5734ms mem 1493/3311MB
step 328,790 | loss 4.2281 | lr 1.19e-04 | 1424 tok/s | fwd_bwd 5581ms data 0ms clip 20ms optim 111ms step 5721ms mem 1452/3311MB
step 328,800 | loss 4.0148 | lr 1.19e-04 | 1415 tok/s | fwd_bwd 5687ms data 1ms clip 24ms optim 124ms step 5847ms mem 1448/3311MB
step 328,810 | loss 3.4918 | lr 1.19e-04 | 1355 tok/s | fwd_bwd 6109ms data 1ms clip 41ms optim 166ms step 6325ms mem 1448/3311MB
step 328,820 | loss 3.5777 | lr 1.19e-04 | 1066 tok/s | fwd_bwd 8362ms data 1ms clip 33ms optim 161ms step 8567ms mem 1493/3311MB
step 328,830 | loss 4.1735 | lr 1.19e-04 | 1118 tok/s | fwd_bwd 5739ms data 1ms clip 23ms optim 120ms step 5900ms mem 1476/3311MB
step 328,840 | loss 3.5869 | lr 1.19e-04 | 1405 tok/s | fwd_bwd 5621ms data 1ms clip 20ms optim 111ms step 5763ms mem 1448/3311MB
step 328,850 | loss 3.6281 | lr 1.19e-04 | 1420 tok/s | fwd_bwd 5625ms data 0ms clip 20ms optim 111ms step 5760ms mem 1493/3311MB
step 328,860 | loss 2.6183 | lr 1.19e-04 | 1421 tok/s | fwd_bwd 5593ms data 0ms clip 20ms optim 112ms step 5734ms mem 1476/3311MB
step 328,870 | loss 3.5309 | lr 1.19e-04 | 1423 tok/s | fwd_bwd 5599ms data 0ms clip 20ms optim 112ms step 5739ms mem 1448/3311MB
step 328,880 | loss 3.7319 | lr 1.19e-04 | 1422 tok/s | fwd_bwd 5627ms data 1ms clip 20ms optim 111ms step 5780ms mem 1493/3311MB
step 328,890 | loss 3.9381 | lr 1.19e-04 | 1422 tok/s | fwd_bwd 5605ms data 1ms clip 20ms optim 111ms step 5754ms mem 1448/3311MB
step 328,900 | loss 3.2529 | lr 1.19e-04 | 1422 tok/s | fwd_bwd 5587ms data 1ms clip 20ms optim 112ms step 5731ms mem 1448/3311MB
step 328,910 | loss 3.9844 | lr 1.19e-04 | 1418 tok/s | fwd_bwd 5587ms data 0ms clip 20ms optim 112ms step 5727ms mem 1452/3311MB
step 328,920 | loss 4.4715 | lr 1.19e-04 | 1424 tok/s | fwd_bwd 5590ms data 0ms clip 20ms optim 111ms step 5731ms mem 1493/3311MB
step 328,930 | loss 3.2610 | lr 1.19e-04 | 1421 tok/s | fwd_bwd 5591ms data 1ms clip 20ms optim 112ms step 5731ms mem 1448/3311MB
step 328,940 | loss 4.0016 | lr 1.19e-04 | 1395 tok/s | fwd_bwd 5653ms data 0ms clip 20ms optim 112ms step 5790ms mem 1476/3311MB
step 328,950 | loss 4.0516 | lr 1.19e-04 | 1420 tok/s | fwd_bwd 5590ms data 0ms clip 20ms optim 112ms step 5730ms mem 1493/3311MB
step 328,960 | loss 3.4276 | lr 1.19e-04 | 1423 tok/s | fwd_bwd 5627ms data 0ms clip 20ms optim 112ms step 5763ms mem 1448/3311MB
step 328,970 | loss 4.4231 | lr 1.19e-04 | 1395 tok/s | fwd_bwd 5522ms data 0ms clip 20ms optim 112ms step 5661ms mem 1493/3311MB
step 328,980 | loss 0.9810 | lr 1.19e-04 | 1418 tok/s | fwd_bwd 5558ms data 0ms clip 20ms optim 112ms step 5698ms mem 1452/3311MB
step 328,990 | loss 3.3522 | lr 1.19e-04 | 1423 tok/s | fwd_bwd 5597ms data 1ms clip 20ms optim 112ms step 5747ms mem 1448/3311MB
step 329,000 | loss 2.9330 | lr 1.19e-04 | 1421 tok/s | fwd_bwd 5541ms data 0ms clip 20ms optim 112ms step 5680ms mem 1452/3311MB
  [eval] step 329000 | val_loss 3.5314 | ppl 34.17
Checkpoint saved: checkpoints/step_329000
  [samples] wrote checkpoints/step_329000/samples.txt
  Pruning old checkpoint: checkpoints/step_327804
Checkpoint saved: checkpoints/step_329000
step 329,010 | loss 4.0415 | lr 1.19e-04 | 600 tok/s | fwd_bwd 5644ms data 0ms clip 20ms optim 112ms step 5787ms mem 1452/3311MB
step 329,020 | loss 3.3707 | lr 1.19e-04 | 1407 tok/s | fwd_bwd 5637ms data 1ms clip 20ms optim 111ms step 5782ms mem 1493/3311MB
step 329,030 | loss 1.0802 | lr 1.19e-04 | 1403 tok/s | fwd_bwd 5723ms data 0ms clip 20ms optim 111ms step 5858ms mem 1451/3311MB
step 329,040 | loss 3.9080 | lr 1.19e-04 | 1213 tok/s | fwd_bwd 7364ms data 1ms clip 35ms optim 191ms step 7603ms mem 1448/3311MB
step 329,050 | loss 4.1691 | lr 1.19e-04 | 1228 tok/s | fwd_bwd 6395ms data 1ms clip 22ms optim 116ms step 6549ms mem 1493/3311MB
step 329,060 | loss 3.4256 | lr 1.19e-04 | 1014 tok/s | fwd_bwd 7798ms data 1ms clip 36ms optim 170ms step 8018ms mem 1493/3311MB
step 329,070 | loss 4.0846 | lr 1.19e-04 | 1340 tok/s | fwd_bwd 5967ms data 1ms clip 23ms optim 121ms step 6125ms mem 1452/3311MB
step 329,080 | loss 4.4094 | lr 1.19e-04 | 1344 tok/s | fwd_bwd 5690ms data 1ms clip 20ms optim 112ms step 5834ms mem 1493/3311MB
step 329,090 | loss 4.1442 | lr 1.19e-04 | 1385 tok/s | fwd_bwd 5749ms data 0ms clip 20ms optim 111ms step 5887ms mem 1452/3311MB
step 329,100 | loss 3.1169 | lr 1.19e-04 | 1391 tok/s | fwd_bwd 5714ms data 1ms clip 23ms optim 119ms step 5876ms mem 1493/3311MB
step 329,110 | loss 5.3137 | lr 1.19e-04 | 1374 tok/s | fwd_bwd 5676ms data 1ms clip 20ms optim 112ms step 5820ms mem 1452/3311MB
step 329,120 | loss 2.0192 | lr 1.19e-04 | 1392 tok/s | fwd_bwd 5642ms data 0ms clip 20ms optim 112ms step 5781ms mem 1493/3311MB
step 329,130 | loss 3.9822 | lr 1.19e-04 | 1394 tok/s | fwd_bwd 5606ms data 1ms clip 20ms optim 112ms step 5750ms mem 1448/3311MB
step 329,140 | loss 3.9094 | lr 1.19e-04 | 1394 tok/s | fwd_bwd 5785ms data 1ms clip 23ms optim 120ms step 5949ms mem 1493/3311MB
step 329,150 | loss 3.9273 | lr 1.19e-04 | 1386 tok/s | fwd_bwd 5650ms data 0ms clip 20ms optim 112ms step 5793ms mem 1493/3311MB
step 329,160 | loss 3.1121 | lr 1.19e-04 | 1387 tok/s | fwd_bwd 5784ms data 1ms clip 23ms optim 120ms step 5946ms mem 1448/3311MB
step 329,170 | loss 4.0756 | lr 1.19e-04 | 1384 tok/s | fwd_bwd 5809ms data 1ms clip 20ms optim 111ms step 5960ms mem 1452/3311MB
step 329,180 | loss 4.5415 | lr 1.19e-04 | 1387 tok/s | fwd_bwd 5762ms data 0ms clip 20ms optim 112ms step 5900ms mem 1452/3311MB
step 329,190 | loss 4.1488 | lr 1.19e-04 | 1385 tok/s | fwd_bwd 5760ms data 0ms clip 20ms optim 112ms step 5899ms mem 1448/3311MB
step 329,200 | loss 3.8520 | lr 1.19e-04 | 1378 tok/s | fwd_bwd 5802ms data 0ms clip 20ms optim 111ms step 5940ms mem 1452/3311MB
step 329,210 | loss 4.1278 | lr 1.19e-04 | 1377 tok/s | fwd_bwd 5781ms data 1ms clip 20ms optim 112ms step 5926ms mem 1493/3311MB
step 329,220 | loss 4.0829 | lr 1.19e-04 | 1372 tok/s | fwd_bwd 5849ms data 1ms clip 22ms optim 120ms step 6010ms mem 1448/3311MB
step 329,230 | loss 4.3308 | lr 1.19e-04 | 1350 tok/s | fwd_bwd 5836ms data 1ms clip 20ms optim 111ms step 5981ms mem 1452/3311MB
step 329,240 | loss 3.9519 | lr 1.19e-04 | 1363 tok/s | fwd_bwd 5844ms data 0ms clip 20ms optim 111ms step 5983ms mem 1452/3311MB
step 329,250 | loss 2.9078 | lr 1.19e-04 | 1370 tok/s | fwd_bwd 5812ms data 1ms clip 20ms optim 112ms step 5962ms mem 1493/3311MB
step 329,260 | loss 3.1073 | lr 1.19e-04 | 1372 tok/s | fwd_bwd 5831ms data 0ms clip 20ms optim 111ms step 5966ms mem 1493/3311MB
step 329,270 | loss 3.3976 | lr 1.19e-04 | 1368 tok/s | fwd_bwd 5834ms data 0ms clip 20ms optim 112ms step 5972ms mem 1493/3311MB
step 329,280 | loss 3.6898 | lr 1.19e-04 | 1368 tok/s | fwd_bwd 5827ms data 0ms clip 20ms optim 112ms step 5965ms mem 1493/3311MB
step 329,290 | loss 3.7100 | lr 1.19e-04 | 1363 tok/s | fwd_bwd 5861ms data 0ms clip 20ms optim 112ms step 5997ms mem 1493/3311MB
step 329,300 | loss 3.8598 | lr 1.19e-04 | 1352 tok/s | fwd_bwd 5870ms data 0ms clip 20ms optim 112ms step 6011ms mem 1493/3311MB
step 329,310 | loss 4.0091 | lr 1.19e-04 | 1360 tok/s | fwd_bwd 5817ms data 1ms clip 20ms optim 112ms step 5960ms mem 1493/3311MB
step 329,320 | loss 1.8677 | lr 1.19e-04 | 1365 tok/s | fwd_bwd 5842ms data 1ms clip 20ms optim 111ms step 5992ms mem 1448/3311MB
step 329,330 | loss 3.6464 | lr 1.19e-04 | 1364 tok/s | fwd_bwd 5905ms data 1ms clip 21ms optim 113ms step 6059ms mem 1452/3311MB
step 329,340 | loss 1.3946 | lr 1.19e-04 | 1362 tok/s | fwd_bwd 5860ms data 0ms clip 20ms optim 112ms step 6002ms mem 1452/3311MB
step 329,350 | loss 4.1327 | lr 1.19e-04 | 1365 tok/s | fwd_bwd 5820ms data 0ms clip 20ms optim 111ms step 5960ms mem 1452/3311MB
step 329,360 | loss 3.6195 | lr 1.19e-04 | 1367 tok/s | fwd_bwd 5831ms data 0ms clip 20ms optim 112ms step 5967ms mem 1452/3311MB
step 329,370 | loss 0.3261 | lr 1.19e-04 | 1374 tok/s | fwd_bwd 5708ms data 1ms clip 20ms optim 111ms step 5856ms mem 1448/3311MB
step 329,380 | loss 4.3222 | lr 1.19e-04 | 1375 tok/s | fwd_bwd 5790ms data 0ms clip 20ms optim 111ms step 5932ms mem 1493/3311MB
step 329,390 | loss 3.2628 | lr 1.19e-04 | 1368 tok/s | fwd_bwd 5835ms data 0ms clip 20ms optim 112ms step 5977ms mem 1493/3311MB
step 329,400 | loss 3.7462 | lr 1.19e-04 | 1365 tok/s | fwd_bwd 5773ms data 0ms clip 20ms optim 111ms step 5909ms mem 1493/3311MB
step 329,410 | loss 3.9179 | lr 1.19e-04 | 1371 tok/s | fwd_bwd 5775ms data 1ms clip 20ms optim 112ms step 5920ms mem 1448/3311MB
step 329,420 | loss 4.4455 | lr 1.19e-04 | 1378 tok/s | fwd_bwd 5775ms data 1ms clip 20ms optim 111ms step 5917ms mem 1493/3311MB
step 329,430 | loss 2.7526 | lr 1.19e-04 | 1378 tok/s | fwd_bwd 5777ms data 1ms clip 20ms optim 111ms step 5920ms mem 1452/3311MB
step 329,440 | loss 4.2029 | lr 1.19e-04 | 1377 tok/s | fwd_bwd 5759ms data 1ms clip 20ms optim 111ms step 5901ms mem 1448/3311MB
step 329,450 | loss 3.3646 | lr 1.19e-04 | 1378 tok/s | fwd_bwd 5785ms data 0ms clip 20ms optim 111ms step 5924ms mem 1493/3311MB
step 329,460 | loss 3.5037 | lr 1.19e-04 | 1377 tok/s | fwd_bwd 5694ms data 1ms clip 20ms optim 112ms step 5842ms mem 1493/3311MB
step 329,470 | loss 3.1689 | lr 1.19e-04 | 1375 tok/s | fwd_bwd 5791ms data 1ms clip 20ms optim 111ms step 5940ms mem 1448/3311MB
step 329,480 | loss 4.0407 | lr 1.19e-04 | 1380 tok/s | fwd_bwd 5786ms data 0ms clip 20ms optim 112ms step 5924ms mem 1493/3311MB
step 329,490 | loss 2.4263 | lr 1.19e-04 | 1375 tok/s | fwd_bwd 5828ms data 0ms clip 20ms optim 112ms step 5964ms mem 1452/3311MB
step 329,500 | loss 3.8725 | lr 1.19e-04 | 1370 tok/s | fwd_bwd 5830ms data 0ms clip 20ms optim 112ms step 5969ms mem 1448/3311MB
  [eval] step 329500 | val_loss 3.7387 | ppl 42.04
step 329,510 | loss 4.2699 | lr 1.19e-04 | 772 tok/s | fwd_bwd 5803ms data 1ms clip 20ms optim 111ms step 5949ms mem 1451/3311MB
step 329,520 | loss 4.2822 | lr 1.19e-04 | 1367 tok/s | fwd_bwd 5842ms data 1ms clip 20ms optim 111ms step 5986ms mem 1493/3311MB
step 329,530 | loss 3.7878 | lr 1.19e-04 | 1320 tok/s | fwd_bwd 6218ms data 0ms clip 20ms optim 112ms step 6355ms mem 1493/3311MB
step 329,540 | loss 4.1271 | lr 1.19e-04 | 1347 tok/s | fwd_bwd 5944ms data 0ms clip 20ms optim 112ms step 6082ms mem 1493/3311MB
step 329,550 | loss 3.6714 | lr 1.19e-04 | 1351 tok/s | fwd_bwd 5876ms data 1ms clip 20ms optim 112ms step 6018ms mem 1493/3311MB
step 329,560 | loss 3.8451 | lr 1.19e-04 | 1354 tok/s | fwd_bwd 5749ms data 1ms clip 20ms optim 112ms step 5894ms mem 1492/3311MB
step 329,570 | loss 3.5063 | lr 1.19e-04 | 1364 tok/s | fwd_bwd 5877ms data 1ms clip 23ms optim 120ms step 6040ms mem 1448/3311MB
step 329,580 | loss 3.4083 | lr 1.19e-04 | 1356 tok/s | fwd_bwd 5839ms data 0ms clip 20ms optim 112ms step 5982ms mem 1448/3311MB
Checkpoint saved: checkpoints/step_329589
  Pruning old checkpoint: checkpoints/step_328000
step 329,590 | loss 2.8430 | lr 1.19e-04 | 1333 tok/s | fwd_bwd 5497ms data 0ms clip 20ms optim 112ms step 5636ms mem 1448/3311MB
step 329,600 | loss 3.8322 | lr 1.19e-04 | 1345 tok/s | fwd_bwd 5982ms data 1ms clip 21ms optim 113ms step 6136ms mem 1448/3311MB
step 329,610 | loss 2.5511 | lr 1.19e-04 | 1340 tok/s | fwd_bwd 6111ms data 0ms clip 20ms optim 111ms step 6247ms mem 1448/3311MB
step 329,620 | loss 1.1991 | lr 1.19e-04 | 1343 tok/s | fwd_bwd 5955ms data 0ms clip 20ms optim 112ms step 6096ms mem 1448/3311MB
step 329,630 | loss 3.9580 | lr 1.19e-04 | 1343 tok/s | fwd_bwd 5958ms data 0ms clip 20ms optim 114ms step 6100ms mem 1448/3311MB
step 329,640 | loss 3.9684 | lr 1.19e-04 | 1340 tok/s | fwd_bwd 5924ms data 1ms clip 20ms optim 111ms step 6066ms mem 1448/3311MB
step 329,650 | loss 1.8898 | lr 1.19e-04 | 1339 tok/s | fwd_bwd 5948ms data 1ms clip 20ms optim 112ms step 6094ms mem 1448/3311MB
step 329,660 | loss 3.8225 | lr 1.19e-04 | 1339 tok/s | fwd_bwd 5927ms data 0ms clip 20ms optim 112ms step 6068ms mem 1448/3311MB
step 329,670 | loss 3.9215 | lr 1.19e-04 | 1346 tok/s | fwd_bwd 5834ms data 0ms clip 20ms optim 112ms step 5972ms mem 1448/3311MB
step 329,680 | loss 2.6036 | lr 1.19e-04 | 1352 tok/s | fwd_bwd 5854ms data 0ms clip 20ms optim 112ms step 5995ms mem 1448/3311MB
step 329,690 | loss 3.3555 | lr 1.19e-04 | 1351 tok/s | fwd_bwd 5888ms data 0ms clip 20ms optim 112ms step 6029ms mem 1448/3311MB
step 329,700 | loss 3.7445 | lr 1.19e-04 | 1350 tok/s | fwd_bwd 5873ms data 0ms clip 20ms optim 112ms step 6013ms mem 1448/3311MB
step 329,710 | loss 3.9099 | lr 1.19e-04 | 1348 tok/s | fwd_bwd 5896ms data 1ms clip 20ms optim 112ms step 6040ms mem 1448/3311MB
step 329,720 | loss 3.9665 | lr 1.19e-04 | 1352 tok/s | fwd_bwd 5897ms data 0ms clip 20ms optim 112ms step 6040ms mem 1448/3311MB
step 329,730 | loss 3.8135 | lr 1.19e-04 | 1350 tok/s | fwd_bwd 5862ms data 0ms clip 20ms optim 112ms step 6003ms mem 1448/3311MB
step 329,740 | loss 3.6219 | lr 1.19e-04 | 1352 tok/s | fwd_bwd 5888ms data 0ms clip 20ms optim 112ms step 6027ms mem 1448/3311MB
step 329,750 | loss 3.4636 | lr 1.19e-04 | 1327 tok/s | fwd_bwd 6117ms data 1ms clip 22ms optim 120ms step 6267ms mem 1448/3311MB
step 329,760 | loss 4.1504 | lr 1.19e-04 | 1272 tok/s | fwd_bwd 6135ms data 1ms clip 22ms optim 116ms step 6282ms mem 1448/3311MB
step 329,770 | loss 3.5283 | lr 1.19e-04 | 1257 tok/s | fwd_bwd 6476ms data 0ms clip 21ms optim 120ms step 6625ms mem 1448/3311MB
step 329,780 | loss 4.0303 | lr 1.19e-04 | 1275 tok/s | fwd_bwd 6178ms data 1ms clip 22ms optim 117ms step 6326ms mem 1448/3311MB
step 329,790 | loss 4.0035 | lr 1.19e-04 | 1282 tok/s | fwd_bwd 6219ms data 1ms clip 22ms optim 117ms step 6367ms mem 1448/3311MB
step 329,800 | loss 3.3803 | lr 1.19e-04 | 1292 tok/s | fwd_bwd 6164ms data 0ms clip 22ms optim 116ms step 6308ms mem 1448/3311MB
step 329,810 | loss 3.1891 | lr 1.19e-04 | 1282 tok/s | fwd_bwd 6164ms data 1ms clip 21ms optim 116ms step 6308ms mem 1448/3311MB
step 329,820 | loss 4.4036 | lr 1.19e-04 | 1296 tok/s | fwd_bwd 5940ms data 1ms clip 23ms optim 122ms step 6105ms mem 1448/3311MB
step 329,830 | loss 3.9322 | lr 1.19e-04 | 1354 tok/s | fwd_bwd 5814ms data 1ms clip 20ms optim 112ms step 5958ms mem 1448/3311MB
step 329,840 | loss 3.6341 | lr 1.19e-04 | 1354 tok/s | fwd_bwd 5889ms data 0ms clip 20ms optim 111ms step 6026ms mem 1448/3311MB
step 329,850 | loss 3.4373 | lr 1.19e-04 | 1355 tok/s | fwd_bwd 5935ms data 1ms clip 20ms optim 114ms step 6086ms mem 1448/3311MB
step 329,860 | loss 3.5708 | lr 1.19e-04 | 1365 tok/s | fwd_bwd 5832ms data 0ms clip 20ms optim 111ms step 5974ms mem 1452/3311MB
step 329,870 | loss 3.8680 | lr 1.19e-04 | 1357 tok/s | fwd_bwd 5868ms data 1ms clip 20ms optim 113ms step 6012ms mem 1493/3311MB
step 329,880 | loss 2.8407 | lr 1.19e-04 | 1293 tok/s | fwd_bwd 6287ms data 0ms clip 22ms optim 124ms step 6440ms mem 1493/3311MB
step 329,890 | loss 3.0585 | lr 1.19e-04 | 1304 tok/s | fwd_bwd 5876ms data 0ms clip 24ms optim 113ms step 6018ms mem 1493/3311MB
step 329,900 | loss 4.4258 | lr 1.19e-04 | 1258 tok/s | fwd_bwd 7433ms data 0ms clip 28ms optim 186ms step 7652ms mem 1452/3311MB
step 329,910 | loss 3.3985 | lr 1.19e-04 | 1242 tok/s | fwd_bwd 6634ms data 1ms clip 21ms optim 116ms step 6778ms mem 1452/3311MB
step 329,920 | loss 3.3791 | lr 1.19e-04 | 1209 tok/s | fwd_bwd 6797ms data 1ms clip 22ms optim 119ms step 6946ms mem 1493/3311MB
step 329,930 | loss 4.1034 | lr 1.19e-04 | 1218 tok/s | fwd_bwd 6351ms data 1ms clip 22ms optim 117ms step 6502ms mem 1493/3311MB
step 329,940 | loss 3.7992 | lr 1.19e-04 | 1250 tok/s | fwd_bwd 6638ms data 1ms clip 22ms optim 116ms step 6782ms mem 1493/3311MB
step 329,950 | loss 3.3796 | lr 1.19e-04 | 1260 tok/s | fwd_bwd 6340ms data 0ms clip 23ms optim 126ms step 6495ms mem 1493/3311MB
step 329,960 | loss 3.8028 | lr 1.19e-04 | 1244 tok/s | fwd_bwd 6402ms data 1ms clip 22ms optim 120ms step 6552ms mem 1493/3311MB
step 329,970 | loss 3.9768 | lr 1.19e-04 | 1301 tok/s | fwd_bwd 5869ms data 1ms clip 20ms optim 112ms step 6013ms mem 1451/3311MB
step 329,980 | loss 4.4171 | lr 1.19e-04 | 1359 tok/s | fwd_bwd 5868ms data 0ms clip 20ms optim 111ms step 6006ms mem 1493/3311MB
step 329,990 | loss 3.9817 | lr 1.19e-04 | 1360 tok/s | fwd_bwd 5857ms data 1ms clip 20ms optim 112ms step 6007ms mem 1493/3311MB
step 330,000 | loss 4.4554 | lr 1.19e-04 | 1363 tok/s | fwd_bwd 5794ms data 1ms clip 20ms optim 111ms step 5939ms mem 1488/3311MB
  [eval] step 330000 | val_loss 3.6159 | ppl 37.18
Checkpoint saved: checkpoints/step_330000
  [samples] wrote checkpoints/step_330000/samples.txt
  Pruning old checkpoint: checkpoints/step_328391
step 330,010 | loss 4.2296 | lr 1.19e-04 | 578 tok/s | fwd_bwd 5864ms data 1ms clip 20ms optim 112ms step 6006ms mem 1493/3311MB
step 330,020 | loss 3.7382 | lr 1.19e-04 | 1347 tok/s | fwd_bwd 5890ms data 0ms clip 20ms optim 112ms step 6025ms mem 1451/3311MB
step 330,030 | loss 3.4282 | lr 1.19e-04 | 1357 tok/s | fwd_bwd 5856ms data 0ms clip 20ms optim 112ms step 5995ms mem 1493/3311MB
step 330,040 | loss 3.7964 | lr 1.19e-04 | 1357 tok/s | fwd_bwd 5897ms data 1ms clip 23ms optim 119ms step 6060ms mem 1493/3311MB
step 330,050 | loss 3.5400 | lr 1.19e-04 | 1361 tok/s | fwd_bwd 5780ms data 1ms clip 20ms optim 112ms step 5923ms mem 1492/3311MB
step 330,060 | loss 3.8731 | lr 1.19e-04 | 1355 tok/s | fwd_bwd 5875ms data 0ms clip 20ms optim 112ms step 6015ms mem 1493/3311MB
step 330,070 | loss 2.5645 | lr 1.19e-04 | 1357 tok/s | fwd_bwd 5885ms data 0ms clip 20ms optim 111ms step 6022ms mem 1493/3311MB
step 330,080 | loss 3.7667 | lr 1.19e-04 | 1357 tok/s | fwd_bwd 5965ms data 1ms clip 23ms optim 121ms step 6129ms mem 1493/3311MB
step 330,090 | loss 3.8292 | lr 1.19e-04 | 1361 tok/s | fwd_bwd 5880ms data 0ms clip 20ms optim 111ms step 6017ms mem 1451/3311MB
step 330,100 | loss 2.6911 | lr 1.19e-04 | 1357 tok/s | fwd_bwd 5797ms data 1ms clip 20ms optim 111ms step 5939ms mem 1452/3311MB
step 330,110 | loss 3.5403 | lr 1.19e-04 | 1355 tok/s | fwd_bwd 5864ms data 1ms clip 20ms optim 112ms step 6009ms mem 1493/3311MB
step 330,120 | loss 3.0339 | lr 1.19e-04 | 1360 tok/s | fwd_bwd 5846ms data 0ms clip 20ms optim 112ms step 5989ms mem 1493/3311MB
step 330,130 | loss 3.1705 | lr 1.19e-04 | 1365 tok/s | fwd_bwd 5844ms data 0ms clip 20ms optim 112ms step 5983ms mem 1482/3311MB
step 330,140 | loss 3.0713 | lr 1.19e-04 | 1365 tok/s | fwd_bwd 5922ms data 1ms clip 24ms optim 121ms step 6079ms mem 1493/3311MB
step 330,150 | loss 4.1076 | lr 1.19e-04 | 1359 tok/s | fwd_bwd 5930ms data 1ms clip 21ms optim 113ms step 6079ms mem 1452/3311MB
Checkpoint saved: checkpoints/step_330159
  Pruning old checkpoint: checkpoints/step_329000
step 330,160 | loss 4.1850 | lr 1.19e-04 | 1335 tok/s | fwd_bwd 5802ms data 1ms clip 20ms optim 111ms step 5951ms mem 1493/3311MB
step 330,170 | loss 2.3422 | lr 1.19e-04 | 1369 tok/s | fwd_bwd 5679ms data 1ms clip 20ms optim 111ms step 5826ms mem 1451/3311MB
step 330,180 | loss 3.5969 | lr 1.19e-04 | 1382 tok/s | fwd_bwd 5746ms data 0ms clip 20ms optim 112ms step 5888ms mem 1452/3311MB
step 330,190 | loss 2.8473 | lr 1.19e-04 | 1377 tok/s | fwd_bwd 5820ms data 1ms clip 23ms optim 119ms step 5980ms mem 1493/3311MB
step 330,200 | loss 3.5472 | lr 1.19e-04 | 1375 tok/s | fwd_bwd 5814ms data 0ms clip 20ms optim 112ms step 5952ms mem 1493/3311MB
step 330,210 | loss 3.7823 | lr 1.19e-04 | 1371 tok/s | fwd_bwd 5771ms data 1ms clip 24ms optim 118ms step 5932ms mem 1493/3311MB
step 330,220 | loss 3.0961 | lr 1.19e-04 | 1371 tok/s | fwd_bwd 5857ms data 1ms clip 23ms optim 119ms step 6018ms mem 1493/3311MB
step 330,230 | loss 4.0187 | lr 1.19e-04 | 1371 tok/s | fwd_bwd 5793ms data 1ms clip 20ms optim 112ms step 5941ms mem 1452/3311MB
step 330,240 | loss 4.2651 | lr 1.19e-04 | 1375 tok/s | fwd_bwd 5792ms data 1ms clip 20ms optim 112ms step 5938ms mem 1493/3311MB
step 330,250 | loss 3.8988 | lr 1.19e-04 | 1372 tok/s | fwd_bwd 5829ms data 0ms clip 20ms optim 111ms step 5969ms mem 1493/3311MB
step 330,260 | loss 3.6467 | lr 1.19e-04 | 1361 tok/s | fwd_bwd 5796ms data 1ms clip 20ms optim 112ms step 5946ms mem 1452/3311MB
step 330,270 | loss 3.3373 | lr 1.19e-04 | 1359 tok/s | fwd_bwd 5863ms data 0ms clip 20ms optim 112ms step 6000ms mem 1493/3311MB
step 330,280 | loss 2.0528 | lr 1.19e-04 | 1340 tok/s | fwd_bwd 5872ms data 0ms clip 20ms optim 112ms step 6008ms mem 1489/3311MB
step 330,290 | loss 3.8393 | lr 1.19e-04 | 1354 tok/s | fwd_bwd 5882ms data 1ms clip 20ms optim 112ms step 6025ms mem 1451/3311MB
step 330,300 | loss 3.2552 | lr 1.19e-04 | 1356 tok/s | fwd_bwd 5780ms data 1ms clip 20ms optim 111ms step 5925ms mem 1452/3311MB
step 330,310 | loss 3.2524 | lr 1.19e-04 | 1357 tok/s | fwd_bwd 5882ms data 0ms clip 20ms optim 111ms step 6022ms mem 1493/3311MB
step 330,320 | loss 1.8025 | lr 1.19e-04 | 1359 tok/s | fwd_bwd 5891ms data 1ms clip 20ms optim 111ms step 6040ms mem 1493/3311MB
step 330,330 | loss 3.4360 | lr 1.19e-04 | 1355 tok/s | fwd_bwd 5895ms data 0ms clip 20ms optim 112ms step 6034ms mem 1493/3311MB
step 330,340 | loss 3.9684 | lr 1.19e-04 | 1351 tok/s | fwd_bwd 5848ms data 1ms clip 20ms optim 112ms step 6001ms mem 1493/3311MB
step 330,350 | loss 4.2231 | lr 1.19e-04 | 1353 tok/s | fwd_bwd 5908ms data 0ms clip 20ms optim 111ms step 6045ms mem 1493/3311MB
step 330,360 | loss 4.0611 | lr 1.19e-04 | 1352 tok/s | fwd_bwd 5844ms data 1ms clip 22ms optim 118ms step 6004ms mem 1492/3311MB
step 330,370 | loss 4.0535 | lr 1.19e-04 | 1361 tok/s | fwd_bwd 5885ms data 0ms clip 20ms optim 112ms step 6023ms mem 1493/3311MB
step 330,380 | loss 3.9639 | lr 1.19e-04 | 1334 tok/s | fwd_bwd 5918ms data 0ms clip 20ms optim 111ms step 6058ms mem 1493/3311MB
step 330,390 | loss 4.2830 | lr 1.19e-04 | 1326 tok/s | fwd_bwd 5947ms data 1ms clip 23ms optim 119ms step 6110ms mem 1493/3311MB
step 330,400 | loss 4.3087 | lr 1.19e-04 | 1344 tok/s | fwd_bwd 5988ms data 1ms clip 23ms optim 119ms step 6151ms mem 1458/3311MB
step 330,410 | loss 3.7522 | lr 1.19e-04 | 1343 tok/s | fwd_bwd 5919ms data 1ms clip 20ms optim 111ms step 6064ms mem 1493/3311MB
step 330,420 | loss 2.1570 | lr 1.19e-04 | 1345 tok/s | fwd_bwd 5932ms data 0ms clip 20ms optim 112ms step 6074ms mem 1493/3311MB
step 330,430 | loss 4.0571 | lr 1.19e-04 | 1341 tok/s | fwd_bwd 5868ms data 1ms clip 20ms optim 112ms step 6014ms mem 1493/3311MB
step 330,440 | loss 4.0001 | lr 1.19e-04 | 1338 tok/s | fwd_bwd 5957ms data 0ms clip 20ms optim 111ms step 6099ms mem 1452/3311MB
step 330,450 | loss 3.2451 | lr 1.19e-04 | 1340 tok/s | fwd_bwd 5895ms data 0ms clip 20ms optim 111ms step 6035ms mem 1470/3311MB
step 330,460 | loss 4.1261 | lr 1.18e-04 | 1336 tok/s | fwd_bwd 5946ms data 0ms clip 20ms optim 111ms step 6088ms mem 1451/3311MB
step 330,470 | loss 4.0400 | lr 1.18e-04 | 1342 tok/s | fwd_bwd 5957ms data 0ms clip 20ms optim 112ms step 6097ms mem 1493/3311MB
step 330,480 | loss 4.4496 | lr 1.18e-04 | 1337 tok/s | fwd_bwd 6003ms data 1ms clip 24ms optim 121ms step 6167ms mem 1489/3311MB
step 330,490 | loss 3.6391 | lr 1.18e-04 | 1338 tok/s | fwd_bwd 5964ms data 0ms clip 20ms optim 111ms step 6104ms mem 1493/3311MB
step 330,500 | loss 4.6787 | lr 1.18e-04 | 1337 tok/s | fwd_bwd 5934ms data 0ms clip 20ms optim 112ms step 6070ms mem 1493/3311MB
  [eval] step 330500 | val_loss 3.3863 | ppl 29.56
step 330,510 | loss 3.6317 | lr 1.18e-04 | 759 tok/s | fwd_bwd 5821ms data 1ms clip 20ms optim 112ms step 5967ms mem 1493/3311MB
step 330,520 | loss 4.1255 | lr 1.18e-04 | 1348 tok/s | fwd_bwd 5920ms data 0ms clip 20ms optim 111ms step 6062ms mem 1452/3311MB
step 330,530 | loss 3.5288 | lr 1.18e-04 | 1347 tok/s | fwd_bwd 5925ms data 0ms clip 20ms optim 112ms step 6066ms mem 1493/3311MB
step 330,540 | loss 3.6958 | lr 1.18e-04 | 1346 tok/s | fwd_bwd 5919ms data 0ms clip 20ms optim 112ms step 6059ms mem 1493/3311MB
step 330,550 | loss 0.1548 | lr 1.18e-04 | 1347 tok/s | fwd_bwd 5921ms data 0ms clip 20ms optim 111ms step 6059ms mem 1452/3311MB
step 330,560 | loss 0.1394 | lr 1.18e-04 | 1347 tok/s | fwd_bwd 5921ms data 0ms clip 20ms optim 112ms step 6062ms mem 1452/3311MB
step 330,570 | loss 3.2478 | lr 1.18e-04 | 1323 tok/s | fwd_bwd 6601ms data 0ms clip 20ms optim 112ms step 6737ms mem 1493/3311MB
step 330,580 | loss 3.6725 | lr 1.18e-04 | 1342 tok/s | fwd_bwd 5924ms data 0ms clip 20ms optim 112ms step 6065ms mem 1493/3311MB
step 330,590 | loss 3.3194 | lr 1.18e-04 | 1322 tok/s | fwd_bwd 5916ms data 1ms clip 20ms optim 112ms step 6062ms mem 1493/3311MB
step 330,600 | loss 3.6836 | lr 1.18e-04 | 1343 tok/s | fwd_bwd 5940ms data 0ms clip 20ms optim 112ms step 6075ms mem 1452/3311MB
step 330,610 | loss 3.9087 | lr 1.18e-04 | 1346 tok/s | fwd_bwd 5941ms data 0ms clip 20ms optim 112ms step 6081ms mem 1452/3311MB
step 330,620 | loss 3.7183 | lr 1.18e-04 | 1342 tok/s | fwd_bwd 5962ms data 0ms clip 20ms optim 112ms step 6099ms mem 1493/3311MB
step 330,630 | loss 3.7641 | lr 1.18e-04 | 1327 tok/s | fwd_bwd 6086ms data 1ms clip 23ms optim 120ms step 6250ms mem 1464/3311MB
step 330,640 | loss 3.8969 | lr 1.18e-04 | 1331 tok/s | fwd_bwd 5994ms data 0ms clip 20ms optim 112ms step 6136ms mem 1493/3311MB
step 330,650 | loss 1.9834 | lr 1.18e-04 | 1332 tok/s | fwd_bwd 5992ms data 0ms clip 20ms optim 113ms step 6131ms mem 1493/3311MB
step 330,660 | loss 3.9731 | lr 1.18e-04 | 1330 tok/s | fwd_bwd 6007ms data 0ms clip 20ms optim 111ms step 6150ms mem 1452/3311MB
step 330,670 | loss 4.7921 | lr 1.18e-04 | 1330 tok/s | fwd_bwd 5899ms data 1ms clip 20ms optim 111ms step 6044ms mem 1493/3311MB
step 330,680 | loss 4.0126 | lr 1.18e-04 | 1331 tok/s | fwd_bwd 5991ms data 0ms clip 20ms optim 112ms step 6129ms mem 1493/3311MB
step 330,690 | loss 2.5954 | lr 1.18e-04 | 1310 tok/s | fwd_bwd 6013ms data 0ms clip 20ms optim 112ms step 6151ms mem 1493/3311MB
step 330,700 | loss 3.0812 | lr 1.18e-04 | 1330 tok/s | fwd_bwd 5981ms data 0ms clip 20ms optim 111ms step 6121ms mem 1493/3311MB
step 330,710 | loss 4.2117 | lr 1.18e-04 | 1331 tok/s | fwd_bwd 5996ms data 0ms clip 20ms optim 112ms step 6132ms mem 1493/3311MB
step 330,720 | loss 2.5569 | lr 1.18e-04 | 1331 tok/s | fwd_bwd 6003ms data 0ms clip 20ms optim 112ms step 6142ms mem 1451/3311MB
step 330,730 | loss 4.1161 | lr 1.18e-04 | 1327 tok/s | fwd_bwd 6042ms data 0ms clip 20ms optim 111ms step 6180ms mem 1493/3311MB
step 330,740 | loss 4.3625 | lr 1.18e-04 | 1326 tok/s | fwd_bwd 6014ms data 0ms clip 20ms optim 112ms step 6157ms mem 1452/3311MB
Checkpoint saved: checkpoints/step_330743
  Pruning old checkpoint: checkpoints/step_329589
step 330,750 | loss 3.9195 | lr 1.18e-04 | 1312 tok/s | fwd_bwd 5997ms data 1ms clip 20ms optim 111ms step 6140ms mem 1493/3311MB
step 330,760 | loss 3.7345 | lr 1.18e-04 | 1328 tok/s | fwd_bwd 6035ms data 0ms clip 20ms optim 112ms step 6177ms mem 1452/3311MB
step 330,770 | loss 4.0807 | lr 1.18e-04 | 1333 tok/s | fwd_bwd 5954ms data 0ms clip 20ms optim 111ms step 6092ms mem 1493/3311MB
step 330,780 | loss 3.7173 | lr 1.18e-04 | 1336 tok/s | fwd_bwd 6007ms data 0ms clip 20ms optim 112ms step 6143ms mem 1493/3311MB
step 330,790 | loss 4.1093 | lr 1.18e-04 | 1332 tok/s | fwd_bwd 6002ms data 0ms clip 20ms optim 112ms step 6141ms mem 1493/3311MB
Checkpoint saved: checkpoints/step_330790
  Pruning old checkpoint: checkpoints/step_330000

Training complete at step 330790.
